SDK: 37
PRODUCT_NAME: OnePlus9Pro
DEVICE_NAME: OnePlus9Pro
BOARD_NAME: lahaina
SUPPORTED_ABIS: arm64-v8a, armeabi-v7a, armeabi
MANUFACTURER: OnePlus
BRAND: OnePlus
MODEL: LE2127

1791568488.789 10646 17098 17098 W banktr.ingmobil: type=1400 audit(0.0:134695): avc:  denied  { getattr } for  path="/proc/kallsyms" dev="proc" ino=4026532174 scontext=u:r:untrusted_app_34:s0:c134,c258,c512,c768 tcontext=u:object_r:proc_kallsyms:s0 tclass=file permissive=0 app=com.ingbanktr.ingmobil
1791568488.789 10646 17098 17098 W banktr.ingmobil: type=1400 audit(0.0:134696): avc:  denied  { getattr } for  path="/proc/keys" dev="proc" ino=4026532183 scontext=u:r:untrusted_app_34:s0:c134,c258,c512,c768 tcontext=u:object_r:proc_keys:s0 tclass=file permissive=0 app=com.ingbanktr.ingmobil
1791568488.789 10646 17098 17098 W banktr.ingmobil: type=1400 audit(0.0:134697): avc:  denied  { getattr } for  path="/proc/modules" dev="proc" ino=4026532173 scontext=u:r:untrusted_app_34:s0:c134,c258,c512,c768 tcontext=u:object_r:proc_modules:s0 tclass=file permissive=0 app=com.ingbanktr.ingmobil
1791568488.789 10646 17098 17098 W banktr.ingmobil: type=1400 audit(0.0:134698): avc:  denied  { read } for  name="enforce" dev="selinuxfs" ino=4 scontext=u:r:untrusted_app_34:s0:c134,c258,c512,c768 tcontext=u:object_r:selinuxfs:s0 tclass=file permissive=0 app=com.ingbanktr.ingmobil
1791568489.042 10345  6691  6691 W LocaleConfig: The resource file pointed to by the given resource ID isn't found.
1791568489.054 10444 17773 18064 I NotifySyncService_17773_18064: MSG_NOTIFY_POSTED
1791568489.054 10444 17773 18064 I NotifySyncService_17773_18064: onNotificationPosted Id:0 key:0|com.f0x1d.logfox|0|recording|10761 PackageName:com.f0x1d.logfox IsOngoing:true PostTime:1791568488814 currentDeviceModel.connected: true
1791568489.054 10444 17773 18064 I NotifySyncService_17773_18064: onNotificationPosted Id:0 , appName : LogFox
1791568489.054 10444 17773 18064 I NotifySyncService_17773_18064: isFlagNoClearNotification flag = 131074
1791568489.054 10444 17773 18064 I NotifySyncService_17773_18064:  isOngoing = true isIncomingCall = false
1791568489.054 10444 17858 17858 I susfs   : [10444][17858][susfs_is_inode_sus_path] hiding path with ino '0'
1791568489.054 10444 17858 17858 I susfs   : [10444][17858][susfs_is_inode_sus_path] hiding path with ino '0'
1791568489.055 10444 17858 17858 I susfs   : [10444][17858][susfs_is_inode_sus_path] hiding path with ino '0'
1791568489.055 10444 17858 17858 I susfs   : [10444][17858][susfs_is_inode_sus_path] hiding path with ino '0'
1791568489.055 10444 17858 17858 I susfs   : [10444][17858][susfs_is_inode_sus_path] hiding path with ino '0'
1791568489.055 10444 17858 17858 I susfs   : [10444][17858][susfs_is_inode_sus_path] hiding path with ino '0'
1791568489.055 10444 17858 17858 I susfs   : [10444][17858][susfs_is_inode_sus_path] hiding path with ino '0'
1791568489.055 10444 17858 17858 I susfs   : [10444][17858][susfs_is_inode_sus_path] hiding path with ino '0'
1791568489.055 10444 17858 17858 I susfs   : [10444][17858][susfs_is_inode_sus_path] hiding path with ino '0'
1791568489.055 10444 17858 17858 I susfs   : [10444][17858][susfs_is_inode_sus_path] hiding path with ino '0'
1791568489.055 10444 17858 17858 I susfs   : [10444][17858][susfs_is_inode_sus_path] hiding path with ino '0'
1791568489.055 10444 17858 17858 I susfs   : [10444][17858][susfs_is_inode_sus_path] hiding path with ino '0'
1791568489.055 10444 17858 17858 I susfs   : [10444][17858][susfs_is_inode_sus_path] hiding path with ino '0'
1791568489.055 10444 17858 17858 I susfs   : [10444][17858][susfs_is_inode_sus_path] hiding path with ino '0'
1791568489.055 10444 17858 17858 I susfs   : [10444][17858][susfs_is_inode_sus_path] hiding path with ino '0'
1791568489.055 10444 17858 17858 I susfs   : [10444][17858][susfs_is_inode_sus_path] hiding path with ino '0'
1791568489.055 10444 17858 17858 I susfs   : [10444][17858][susfs_is_inode_sus_path] hiding path with ino '0'
1791568489.055 10444 17858 17858 I susfs   : [10444][17858][susfs_is_inode_sus_path] hiding path with ino '0'
1791568489.055 10444 17858 17858 I susfs   : [10444][17858][susfs_is_inode_sus_path] hiding path with ino '0'
1791568489.055 10444 17858 17858 I susfs   : [10444][17858][susfs_is_inode_sus_path] hiding path with ino '0'
1791568489.055 10444 17858 17858 I susfs   : [10444][17858][susfs_is_inode_sus_path] hiding path with ino '0'
1791568489.055 10444 17858 17858 I susfs   : [10444][17858][susfs_is_inode_sus_path] hiding path with ino '0'
1791568489.055 10444 17858 17858 I susfs   : [10444][17858][susfs_is_inode_sus_path] hiding path with ino '0'
1791568489.055 10444 17858 17858 I susfs   : [10444][17858][susfs_is_inode_sus_path] hiding path with ino '0'
1791568489.055 10444 17858 17858 I susfs   : [10444][17858][susfs_is_inode_sus_path] hiding path with ino '0'
1791568489.055 10444 17858 17858 I susfs   : [10444][17858][susfs_is_inode_sus_path] hiding path with ino '0'
1791568489.056 10444 17858 17858 I susfs   : [10444][17858][susfs_is_inode_sus_path] hiding path with ino '0'
1791568489.056 10444 17858 17858 I susfs   : [10444][17858][susfs_is_inode_sus_path] hiding path with ino '0'
1791568489.056 10444 17858 17858 I susfs   : [10444][17858][susfs_is_inode_sus_path] hiding path with ino '0'
1791568489.056 10444 17858 17858 I susfs   : [10444][17858][susfs_is_inode_sus_path] hiding path with ino '0'
1791568489.056 10444 17858 17858 I susfs   : [10444][17858][susfs_is_inode_sus_path] hiding path with ino '0'
1791568489.056 10444 17858 17858 I susfs   : [10444][17858][susfs_is_inode_sus_path] hiding path with ino '0'
1791568489.056 10444 17858 17858 I susfs   : [10444][17858][susfs_is_inode_sus_path] hiding path with ino '0'
1791568489.056 10444 17858 17858 I susfs   : [10444][17858][susfs_is_inode_sus_path] hiding path with ino '0'
1791568489.056 10444 17858 17858 I susfs   : [10444][17858][susfs_is_inode_sus_path] hiding path with ino '0'
1791568489.056 10444 17858 17858 I susfs   : [10444][17858][susfs_is_inode_sus_path] hiding path with ino '0'
1791568489.056 10444 17858 17858 I susfs   : [10444][17858][susfs_is_inode_sus_path] hiding path with ino '0'
1791568489.056 10444 17858 17858 I susfs   : [10444][17858][susfs_is_inode_sus_path] hiding path with ino '0'
1791568489.056 10444 17858 17858 I susfs   : [10444][17858][susfs_is_inode_sus_path] hiding path with ino '0'
1791568489.056 10444 17858 17858 I susfs   : [10444][17858][susfs_is_inode_sus_path] hiding path with ino '0'
1791568489.056 10444 17858 17858 I susfs   : [10444][17858][susfs_is_inode_sus_path] hiding path with ino '0'
1791568489.056 10444 17858 17858 I susfs   : [10444][17858][susfs_is_inode_sus_path] hiding path with ino '0'
1791568489.056 10444 17858 17858 I susfs   : [10444][17858][susfs_is_inode_sus_path] hiding path with ino '0'
1791568489.056 10444 17858 17858 I susfs   : [10444][17858][susfs_is_inode_sus_path] hiding path with ino '0'
1791568489.056 10444 17858 17858 I susfs   : [10444][17858][susfs_is_inode_sus_path] hiding path with ino '0'
1791568489.056 10444 17858 17858 I susfs   : [10444][17858][susfs_is_inode_sus_path] hiding path with ino '0'
1791568489.056 10444 17858 17858 I susfs   : [10444][17858][susfs_is_inode_sus_path] hiding path with ino '0'
1791568489.056 10444 17858 17858 I susfs   : [10444][17858][susfs_is_inode_sus_path] hiding path with ino '0'
1791568489.056 10444 17858 17858 I susfs   : [10444][17858][susfs_is_inode_sus_path] hiding path with ino '0'
1791568489.056 10444 17858 17858 I susfs   : [10444][17858][susfs_is_inode_sus_path] hiding path with ino '0'
1791568489.056 10444 17858 17858 I susfs   : [10444][17858][susfs_is_inode_sus_path] hiding path with ino '0'
1791568489.056 10444 17858 17858 I susfs   : [10444][17858][susfs_is_inode_sus_path] hiding path with ino '0'
1791568489.056 10444 17858 17858 I susfs   : [10444][17858][susfs_is_inode_sus_path] hiding path with ino '0'
1791568489.056 10444 17858 17858 I susfs   : [10444][17858][susfs_is_inode_sus_path] hiding path with ino '0'
1791568489.056 10444 17858 17858 I susfs   : [10444][17858][susfs_is_inode_sus_path] hiding path with ino '0'
1791568489.056 10444 17858 17858 I susfs   : [10444][17858][susfs_is_inode_sus_path] hiding path with ino '0'
1791568489.056 10444 17858 17858 I susfs   : [10444][17858][susfs_is_inode_sus_path] hiding path with ino '0'
1791568489.056 10444 17858 17858 I susfs   : [10444][17858][susfs_is_inode_sus_path] hiding path with ino '0'
1791568489.056 10444 17858 17858 I susfs   : [10444][17858][susfs_is_inode_sus_path] hiding path with ino '0'
1791568489.056 10444 17858 17858 I susfs   : [10444][17858][susfs_is_inode_sus_path] hiding path with ino '0'
1791568489.056 10444 17858 17858 I susfs   : [10444][17858][susfs_is_inode_sus_path] hiding path with ino '0'
1791568489.056 10444 17858 17858 I susfs   : [10444][17858][susfs_is_inode_sus_path] hiding path with ino '0'
1791568489.057 10444 17858 17858 I susfs   : [10444][17858][susfs_is_inode_sus_path] hiding path with ino '0'
1791568489.057 10444 17858 17858 I susfs   : [10444][17858][susfs_is_inode_sus_path] hiding path with ino '0'
1791568489.057 10444 17858 17858 I susfs   : [10444][17858][susfs_is_inode_sus_path] hiding path with ino '0'
1791568489.057 10444 17858 17858 I susfs   : [10444][17858][susfs_is_inode_sus_path] hiding path with ino '0'
1791568489.057 10444 17858 17858 I susfs   : [10444][17858][susfs_is_inode_sus_path] hiding path with ino '0'
1791568489.057 10444 17858 17858 I susfs   : [10444][17858][susfs_is_inode_sus_path] hiding path with ino '0'
1791568489.057 10444 17858 17858 I susfs   : [10444][17858][susfs_is_inode_sus_path] hiding path with ino '0'
1791568489.057 10444 17858 17858 I susfs   : [10444][17858][susfs_is_inode_sus_path] hiding path with ino '0'
1791568489.057 10444 17858 17858 I susfs   : [10444][17858][susfs_is_inode_sus_path] hiding path with ino '0'
1791568489.057 10444 17858 17858 I susfs   : [10444][17858][susfs_is_inode_sus_path] hiding path with ino '0'
1791568489.057 10444 17858 17858 I susfs   : [10444][17858][susfs_is_inode_sus_path] hiding path with ino '0'
1791568489.057 10444 17858 17858 I susfs   : [10444][17858][susfs_is_inode_sus_path] hiding path with ino '0'
1791568489.057 10444 17858 17858 I susfs   : [10444][17858][susfs_is_inode_sus_path] hiding path with ino '0'
1791568489.057 10444 17858 17858 I susfs   : [10444][17858][susfs_is_inode_sus_path] hiding path with ino '0'
1791568489.057 10444 17858 17858 I susfs   : [10444][17858][susfs_is_inode_sus_path] hiding path with ino '0'
1791568489.057 10444 17858 17858 I susfs   : [10444][17858][susfs_is_inode_sus_path] hiding path with ino '0'
1791568489.055 10444 17773 17858 W System.err: java.io.IOException: No such file or directory
1791568489.055 10444 17773 17858 W System.err: 	at java.io.UnixFileSystem.createFileExclusively0(Native Method)
1791568489.055 10444 17773 17858 W System.err: 	at java.io.UnixFileSystem.createFileExclusively(UnixFileSystem.java:373)
1791568489.055 10444 17773 17858 W System.err: 	at java.io.File.createNewFile(File.java:1022)
1791568489.055 10444 17773 17858 W System.err: 	at epa$e.f(SourceFile:42)
1791568489.055 10444 17773 17858 W System.err: 	at epa.f(SourceFile:66)
1791568489.055 10444 17773 17858 W System.err: 	at epa.b(SourceFile:0)
1791568489.055 10444 17773 17858 W System.err: 	at epa$d.run(SourceFile:20)
1791568489.055 10444 17773 17858 W System.err: 	at java.lang.Thread.run(Thread.java:1572)
1791568489.056 10444 17773 17858 W System.err: java.io.IOException: No such file or directory
1791568489.056 10444 17773 17858 W System.err: 	at java.io.UnixFileSystem.createFileExclusively0(Native Method)
1791568489.056 10444 17773 17858 W System.err: 	at java.io.UnixFileSystem.createFileExclusively(UnixFileSystem.java:373)
1791568489.056 10444 17773 17858 W System.err: 	at java.io.File.createNewFile(File.java:1022)
1791568489.056 10444 17773 17858 W System.err: 	at epa$e.f(SourceFile:42)
1791568489.056 10444 17773 17858 W System.err: 	at epa.f(SourceFile:66)
1791568489.056 10444 17773 17858 W System.err: 	at epa.b(SourceFile:0)
1791568489.056 10444 17773 17858 W System.err: 	at epa$d.run(SourceFile:20)
1791568489.056 10444 17773 17858 W System.err: 	at java.lang.Thread.run(Thread.java:1572)
1791568489.056 10444 17773 17932 I NotifyLogUtils_17773_17932: isIgnoringBatteryOptimizations true
1791568489.057 10444 17773 17858 W System.err: java.io.IOException: No such file or directory
1791568489.057 10444 17773 17858 W System.err: 	at java.io.UnixFileSystem.createFileExclusively0(Native Method)
1791568489.057 10444 17773 17858 W System.err: 	at java.io.UnixFileSystem.createFileExclusively(UnixFileSystem.java:373)
1791568489.057 10444 17773 17858 W System.err: 	at java.io.File.createNewFile(File.java:1022)
1791568489.057 10444 17773 17858 W System.err: 	at epa$e.f(SourceFile:42)
1791568489.057 10444 17773 17858 W System.err: 	at epa.f(SourceFile:66)
1791568489.057 10444 17773 17858 W System.err: 	at epa.b(SourceFile:0)
1791568489.057 10444 17773 17858 W System.err: 	at epa$d.run(SourceFile:20)
1791568489.060 10444 17773 17858 W System.err: 	at java.lang.Thread.run(Thread.java:1572)
1791568489.060 10444 17773 17858 W System.err: java.io.IOException: No such file or directory
1791568489.060 10444 17773 17858 W System.err: 	at java.io.UnixFileSystem.createFileExclusively0(Native Method)
1791568489.060 10444 17773 17858 W System.err: 	at java.io.UnixFileSystem.createFileExclusively(UnixFileSystem.java:373)
1791568489.060 10444 17773 17858 W System.err: 	at java.io.File.createNewFile(File.java:1022)
1791568489.060 10444 17773 17858 W System.err: 	at epa$e.f(SourceFile:42)
1791568489.060 10444 17773 17858 W System.err: 	at epa.f(SourceFile:66)
1791568489.060 10444 17773 17858 W System.err: 	at epa.b(SourceFile:0)
1791568489.060 10444 17773 17858 W System.err: 	at epa$d.run(SourceFile:20)
1791568489.060 10444 17773 17858 W System.err: 	at java.lang.Thread.run(Thread.java:1572)
1791568489.061 10444 17773 17858 W System.err: java.io.IOException: No such file or directory
1791568489.061 10444 17773 17858 W System.err: 	at java.io.UnixFileSystem.createFileExclusively0(Native Method)
1791568489.061 10444 17773 17858 W System.err: 	at java.io.UnixFileSystem.createFileExclusively(UnixFileSystem.java:373)
1791568489.060 10444 17858 17858 I susfs   : [10444][17858][susfs_is_inode_sus_path] hiding path with ino '0'
1791568489.061 10444 17773 17858 W System.err: 	at java.io.File.createNewFile(File.java:1022)
1791568489.060 10444 17858 17858 I susfs   : [10444][17858][susfs_is_inode_sus_path] hiding path with ino '0'
1791568489.060 10444 17858 17858 I susfs   : [10444][17858][susfs_is_inode_sus_path] hiding path with ino '0'
1791568489.060 10444 17858 17858 I susfs   : [10444][17858][susfs_is_inode_sus_path] hiding path with ino '0'
1791568489.060 10444 17858 17858 I susfs   : [10444][17858][susfs_is_inode_sus_path] hiding path with ino '0'
1791568489.060 10444 17858 17858 I susfs   : [10444][17858][susfs_is_inode_sus_path] hiding path with ino '0'
1791568489.060 10444 17858 17858 I susfs   : [10444][17858][susfs_is_inode_sus_path] hiding path with ino '0'
1791568489.060 10444 17858 17858 I susfs   : [10444][17858][susfs_is_inode_sus_path] hiding path with ino '0'
1791568489.060 10444 17858 17858 I susfs   : [10444][17858][susfs_is_inode_sus_path] hiding path with ino '0'
1791568489.060 10444 17858 17858 I susfs   : [10444][17858][susfs_is_inode_sus_path] hiding path with ino '0'
1791568489.060 10444 17858 17858 I susfs   : [10444][17858][susfs_is_inode_sus_path] hiding path with ino '0'
1791568489.060 10444 17858 17858 I susfs   : [10444][17858][susfs_is_inode_sus_path] hiding path with ino '0'
1791568489.060 10444 17858 17858 I susfs   : [10444][17858][susfs_is_inode_sus_path] hiding path with ino '0'
1791568489.060 10444 17858 17858 I susfs   : [10444][17858][susfs_is_inode_sus_path] hiding path with ino '0'
1791568489.061 10444 17773 17858 W System.err: 	at epa$e.f(SourceFile:42)
1791568489.060 10444 17858 17858 I susfs   : [10444][17858][susfs_is_inode_sus_path] hiding path with ino '0'
1791568489.061 10444 17773 17858 W System.err: 	at epa.f(SourceFile:66)
1791568489.061 10444 17773 17858 W System.err: 	at epa.b(SourceFile:0)
1791568489.060 10444 17858 17858 I susfs   : [10444][17858][susfs_is_inode_sus_path] hiding path with ino '0'
1791568489.061 10444 17773 17858 W System.err: 	at epa$d.run(SourceFile:20)
1791568489.060 10444 17858 17858 I susfs   : [10444][17858][susfs_is_inode_sus_path] hiding path with ino '0'
1791568489.061 10444 17773 17858 W System.err: 	at java.lang.Thread.run(Thread.java:1572)
1791568489.061 10444 17773 17858 W System.err: java.io.IOException: No such file or directory
1791568489.060 10444 17858 17858 I susfs   : [10444][17858][susfs_is_inode_sus_path] hiding path with ino '0'
1791568489.062 10444 17773 17858 W System.err: 	at java.io.UnixFileSystem.createFileExclusively0(Native Method)
1791568489.062 10444 17773 17858 W System.err: 	at java.io.UnixFileSystem.createFileExclusively(UnixFileSystem.java:373)
1791568489.060 10444 17858 17858 I susfs   : [10444][17858][susfs_is_inode_sus_path] hiding path with ino '0'
1791568489.062 10444 17773 17858 W System.err: 	at java.io.File.createNewFile(File.java:1022)
1791568489.062 10444 17773 17858 W System.err: 	at epa$e.f(SourceFile:42)
1791568489.060 10444 17858 17858 I susfs   : [10444][17858][susfs_is_inode_sus_path] hiding path with ino '0'
1791568489.062 10303  5894  5894 W LocaleConfig: The resource file pointed to by the given resource ID isn't found.
1791568489.060 10444 17858 17858 I susfs   : [10444][17858][susfs_is_inode_sus_path] hiding path with ino '0'
1791568489.062 10444 17773 17858 W System.err: 	at epa.f(SourceFile:66)
1791568489.062 10444 17773 17858 W System.err: 	at epa.b(SourceFile:0)
1791568489.060 10444 17858 17858 I susfs   : [10444][17858][susfs_is_inode_sus_path] hiding path with ino '0'
1791568489.062 10444 17773 17858 W System.err: 	at epa$d.run(SourceFile:20)
1791568489.060 10444 17858 17858 I susfs   : [10444][17858][susfs_is_inode_sus_path] hiding path with ino '0'
1791568489.062 10444 17773 17858 W System.err: 	at java.lang.Thread.run(Thread.java:1572)
1791568489.068 10303  5894  6482 W AsyncRowInflater: Failed to inflate resource in the background! Retrying on the UI thread
1791568489.068 10303  5894  6482 W AsyncRowInflater: android.view.InflateException: Binary XML file line #19 in com.android.systemui:layout/status_bar_notification_row: should be called from the main thread. sMainLooper.threadName=main Thread.currentThread()=NotifInflation
1791568489.068 10303  5894  6482 W AsyncRowInflater: Caused by: java.lang.IllegalStateException: should be called from the main thread. sMainLooper.threadName=main Thread.currentThread()=NotifInflation
1791568489.068 10303  5894  6482 W AsyncRowInflater: 	at com.android.systemui.util.Assert$$ExternalSyntheticBUOutline0.m(go/retraceme 28439c5fda74c23409abdc1e4f815f97c5b2cc073ab68a9eb796a2cb5693c4b9:20)
1791568489.068 10303  5894  6482 W AsyncRowInflater: 	at com.android.systemui.util.Assert.isMainThread(go/retraceme 28439c5fda74c23409abdc1e4f815f97c5b2cc073ab68a9eb796a2cb5693c4b9:39)
1791568489.068 10303  5894  6482 W AsyncRowInflater: 	at com.android.systemui.statusbar.notification.row.NotificationBackgroundView.setBlurBackgroundEnabled(go/retraceme 28439c5fda74c23409abdc1e4f815f97c5b2cc073ab68a9eb796a2cb5693c4b9:0)
1791568489.068 10303  5894  6482 W AsyncRowInflater: 	at com.android.systemui.statusbar.notification.row.ActivatableNotificationView.onFinishInflate(go/retraceme 28439c5fda74c23409abdc1e4f815f97c5b2cc073ab68a9eb796a2cb5693c4b9:47)
1791568489.068 10303  5894  6482 W AsyncRowInflater: 	at com.android.systemui.statusbar.notification.row.ExpandableNotificationRow.onFinishInflate(go/retraceme 28439c5fda74c23409abdc1e4f815f97c5b2cc073ab68a9eb796a2cb5693c4b9:0)
1791568489.068 10303  5894  6482 W AsyncRowInflater: 	at android.view.LayoutInflater.rInflate(LayoutInflater.java:1069)
1791568489.068 10303  5894  6482 W AsyncRowInflater: 	at android.view.LayoutInflater.rInflateChildren(LayoutInflater.java:1016)
1791568489.068 10303  5894  6482 W AsyncRowInflater: 	at android.view.LayoutInflater.inflate(LayoutInflater.java:601)
1791568489.068 10303  5894  6482 W AsyncRowInflater: 	at android.view.LayoutInflater.inflate(LayoutInflater.java:492)
1791568489.068 10303  5894  6482 W AsyncRowInflater: 	at com.android.systemui.statusbar.notification.row.AsyncRowInflater$inflate$1.invokeSuspend(go/retraceme 28439c5fda74c23409abdc1e4f815f97c5b2cc073ab68a9eb796a2cb5693c4b9:57)
1791568489.068 10303  5894  6482 W AsyncRowInflater: 	at kotlin.coroutines.jvm.internal.BaseContinuationImpl.resumeWith(go/retraceme 28439c5fda74c23409abdc1e4f815f97c5b2cc073ab68a9eb796a2cb5693c4b9:7)
1791568489.068 10303  5894  6482 W AsyncRowInflater: 	at kotlinx.coroutines.DispatchedTask.run(go/retraceme 28439c5fda74c23409abdc1e4f815f97c5b2cc073ab68a9eb796a2cb5693c4b9:111)
1791568489.068 10303  5894  6482 W AsyncRowInflater: 	at android.os.Handler.handleCallback(Handler.java:1095)
1791568489.068 10303  5894  6482 W AsyncRowInflater: 	at android.os.Handler.dispatchMessageImpl(Handler.java:135)
1791568489.068 10303  5894  6482 W AsyncRowInflater: 	at android.os.Handler.dispatchMessage(Handler.java:125)
1791568489.068 10303  5894  6482 W AsyncRowInflater: 	at android.os.Looper.loopOnce(Looper.java:296)
1791568489.068 10303  5894  6482 W AsyncRowInflater: 	at android.os.Looper.loop(Looper.java:397)
1791568489.068 10303  5894  6482 W AsyncRowInflater: 	at android.os.HandlerThread.run(HandlerThread.java:139)
1791568489.060 10444 17858 17858 I susfs   : [10444][17858][susfs_is_inode_sus_path] hiding path with ino '0'
1791568489.060 10444 17858 17858 I susfs   : [10444][17858][susfs_is_inode_sus_path] hiding path with ino '0'
1791568489.060 10444 17858 17858 I susfs   : [10444][17858][susfs_is_inode_sus_path] hiding path with ino '0'
1791568489.060 10444 17858 17858 I susfs   : [10444][17858][susfs_is_inode_sus_path] hiding path with ino '0'
1791568489.060 10444 17858 17858 I susfs   : [10444][17858][susfs_is_inode_sus_path] hiding path with ino '0'
1791568489.060 10444 17858 17858 I susfs   : [10444][17858][susfs_is_inode_sus_path] hiding path with ino '0'
1791568489.060 10444 17858 17858 I susfs   : [10444][17858][susfs_is_inode_sus_path] hiding path with ino '0'
1791568489.060 10444 17858 17858 I susfs   : [10444][17858][susfs_is_inode_sus_path] hiding path with ino '0'
1791568489.060 10444 17858 17858 I susfs   : [10444][17858][susfs_is_inode_sus_path] hiding path with ino '0'
1791568489.060 10444 17858 17858 I susfs   : [10444][17858][susfs_is_inode_sus_path] hiding path with ino '0'
1791568489.060 10444 17858 17858 I susfs   : [10444][17858][susfs_is_inode_sus_path] hiding path with ino '0'
1791568489.060 10444 17858 17858 I susfs   : [10444][17858][susfs_is_inode_sus_path] hiding path with ino '0'
1791568489.061 10444 17858 17858 I susfs   : [10444][17858][susfs_is_inode_sus_path] hiding path with ino '0'
1791568489.061 10444 17858 17858 I susfs   : [10444][17858][susfs_is_inode_sus_path] hiding path with ino '0'
1791568489.061 10444 17858 17858 I susfs   : [10444][17858][susfs_is_inode_sus_path] hiding path with ino '0'
1791568489.061 10444 17858 17858 I susfs   : [10444][17858][susfs_is_inode_sus_path] hiding path with ino '0'
1791568489.061 10444 17858 17858 I susfs   : [10444][17858][susfs_is_inode_sus_path] hiding path with ino '0'
1791568489.061 10444 17858 17858 I susfs   : [10444][17858][susfs_is_inode_sus_path] hiding path with ino '0'
1791568489.061 10444 17858 17858 I susfs   : [10444][17858][susfs_is_inode_sus_path] hiding path with ino '0'
1791568489.061 10444 17858 17858 I susfs   : [10444][17858][susfs_is_inode_sus_path] hiding path with ino '0'
1791568489.061 10444 17858 17858 I susfs   : [10444][17858][susfs_is_inode_sus_path] hiding path with ino '0'
1791568489.061 10444 17858 17858 I susfs   : [10444][17858][susfs_is_inode_sus_path] hiding path with ino '0'
1791568489.061 10444 17858 17858 I susfs   : [10444][17858][susfs_is_inode_sus_path] hiding path with ino '0'
1791568489.061 10444 17858 17858 I susfs   : [10444][17858][susfs_is_inode_sus_path] hiding path with ino '0'
1791568489.061 10444 17858 17858 I susfs   : [10444][17858][susfs_is_inode_sus_path] hiding path with ino '0'
1791568489.061 10444 17858 17858 I susfs   : [10444][17858][susfs_is_inode_sus_path] hiding path with ino '0'
1791568489.061 10444 17858 17858 I susfs   : [10444][17858][susfs_is_inode_sus_path] hiding path with ino '0'
1791568489.061 10444 17858 17858 I susfs   : [10444][17858][susfs_is_inode_sus_path] hiding path with ino '0'
1791568489.061 10444 17858 17858 I susfs   : [10444][17858][susfs_is_inode_sus_path] hiding path with ino '0'
1791568489.061 10444 17858 17858 I susfs   : [10444][17858][susfs_is_inode_sus_path] hiding path with ino '0'
1791568489.061 10444 17858 17858 I susfs   : [10444][17858][susfs_is_inode_sus_path] hiding path with ino '0'
1791568489.061 10444 17858 17858 I susfs   : [10444][17858][susfs_is_inode_sus_path] hiding path with ino '0'
1791568489.061 10444 17858 17858 I susfs   : [10444][17858][susfs_is_inode_sus_path] hiding path with ino '0'
1791568489.061 10444 17858 17858 I susfs   : [10444][17858][susfs_is_inode_sus_path] hiding path with ino '0'
1791568489.061 10444 17858 17858 I susfs   : [10444][17858][susfs_is_inode_sus_path] hiding path with ino '0'
1791568489.061 10444 17858 17858 I susfs   : [10444][17858][susfs_is_inode_sus_path] hiding path with ino '0'
1791568489.061 10444 17858 17858 I susfs   : [10444][17858][susfs_is_inode_sus_path] hiding path with ino '0'
1791568489.061 10444 17858 17858 I susfs   : [10444][17858][susfs_is_inode_sus_path] hiding path with ino '0'
1791568489.061 10444 17858 17858 I susfs   : [10444][17858][susfs_is_inode_sus_path] hiding path with ino '0'
1791568489.061 10444 17858 17858 I susfs   : [10444][17858][susfs_is_inode_sus_path] hiding path with ino '0'
1791568489.061 10444 17858 17858 I susfs   : [10444][17858][susfs_is_inode_sus_path] hiding path with ino '0'
1791568489.061 10444 17858 17858 I susfs   : [10444][17858][susfs_is_inode_sus_path] hiding path with ino '0'
1791568489.061 10444 17858 17858 I susfs   : [10444][17858][susfs_is_inode_sus_path] hiding path with ino '0'
1791568489.061 10444 17858 17858 I susfs   : [10444][17858][susfs_is_inode_sus_path] hiding path with ino '0'
1791568489.061 10444 17858 17858 I susfs   : [10444][17858][susfs_is_inode_sus_path] hiding path with ino '0'
1791568489.061 10444 17858 17858 I susfs   : [10444][17858][susfs_is_inode_sus_path] hiding path with ino '0'
1791568489.061 10444 17858 17858 I susfs   : [10444][17858][susfs_is_inode_sus_path] hiding path with ino '0'
1791568489.061 10444 17858 17858 I susfs   : [10444][17858][susfs_is_inode_sus_path] hiding path with ino '0'
1791568489.061 10444 17858 17858 I susfs   : [10444][17858][susfs_is_inode_sus_path] hiding path with ino '0'
1791568489.061 10444 17858 17858 I susfs   : [10444][17858][susfs_is_inode_sus_path] hiding path with ino '0'
1791568489.061 10444 17858 17858 I susfs   : [10444][17858][susfs_is_inode_sus_path] hiding path with ino '0'
1791568489.061 10444 17858 17858 I susfs   : [10444][17858][susfs_is_inode_sus_path] hiding path with ino '0'
1791568489.061 10444 17858 17858 I susfs   : [10444][17858][susfs_is_inode_sus_path] hiding path with ino '0'
1791568489.061 10444 17858 17858 I susfs   : [10444][17858][susfs_is_inode_sus_path] hiding path with ino '0'
1791568489.061 10444 17858 17858 I susfs   : [10444][17858][susfs_is_inode_sus_path] hiding path with ino '0'
1791568489.072 10303  5894  6482 W LocaleConfig: The resource file pointed to by the given resource ID isn't found.
1791568489.128 10660  9613  9613 D ToastAccService: Not a toast, ignore
1791568489.182  root    36    36 I IRQ 16  : no longer affine to CPU4
1791568489.310  root    43    43 I IRQ 16  : no longer affine to CPU5
1791568489.437  1000  1682  1682 E QTI PowerHAL: Failed to acquire lock.
1791568489.437  1000  1682  1682 E QTI PowerHAL: Failed process_boost for boost_handle
1791568489.443 10312  6415  6415 D OtherActivityInputConsumer: ACTION_DOWN: mIsDeferredDownTarget=false
1791568489.454 10312  6415  6415 D ContextTracker: Registering callback: callback=com.android.quickstep.util.ContextInitListener@6fcfa40, context=com.android.launcher3.uioverrides.QuickstepLauncher@184e2d5, reason=OtherActivityInputConsumer.startTouchTrackingForWindowAnimation
1791568489.455 10312  6415  6415 D RecentsView: onGestureAnimationStart - groupedTaskInfo: Desk ID= -1, Desk Display ID=-1, Tasks=[id=22 winMode=fullscreen visReq=true vis=true excluded=false baseIntent=com.f0x1d.logfox/.presentation.ui.activity.MainActivity], Type=FULLSCREEN, Minimized Task IDs=null
1791568489.455 10312  6415  6415 D RecentsView: updateTaskStackListenerState: true
1791568489.455 10312  6415  6415 D RecentsView: reloadIfNeeded - getTasks: -1
1791568489.457 10312  6415  6415 D RecentsView: showCurrentTask(onGestureAnimationStart) - groupedTaskInfo: Desk ID= -1, Desk Display ID=-1, Tasks=[id=22 winMode=fullscreen visReq=true vis=true excluded=false baseIntent=com.f0x1d.logfox/.presentation.ui.activity.MainActivity], Type=FULLSCREEN, Minimized Task IDs=null
1791568489.457 10312  6415  6415 D TaskView: onBind com.android.launcher3.uioverrides.QuickstepLauncher@184e2d5 com.android.quickstep.LauncherActivityInterface@2ee1929
1791568489.458 10312  6415  6415 D TaskViewModel: bind com.android.quickstep.recents.ui.viewmodel.TaskViewModel@baea83d as SINGLE to taskIds: [22]
1791568489.458 10303  5894  6285 V RecentTasksController: generateList(getRecentTasks)
1791568489.458 10303  5894  6285 V RecentTasksController: initializeDesksMap - allDeskIds: []
1791568489.458 10303  5894  6285 V RecentTasksController: Task 22 is not an active desktop task
1791568489.458 10303  5894  6285 V RecentTasksController: Added fullscreen task: 22
1791568489.458 10303  5894  6285 V RecentTasksController: Task 21 is not an active desktop task
1791568489.459 10303  5894  6285 V RecentTasksController: Added fullscreen task: 21
1791568489.459 10303  5894  6285 V RecentTasksController: Task 15 is not an active desktop task
1791568489.459 10303  5894  6285 V RecentTasksController: Added fullscreen task: 15
1791568489.459 10303  5894  6285 V RecentTasksController: Task 18 is not an active desktop task
1791568489.459 10303  5894  6285 V RecentTasksController: Added fullscreen task: 18
1791568489.459 10303  5894  6285 V RecentTasksController: generateList - complete
1791568489.461 10312  6415  6415 E PagedView: validateNewPage: failed to find a page > mMinScrollX
1791568489.461 10312  6415  6415 E PagedView: validateNewPage: failed to find a page > mMinScrollX
1791568489.461 10312  6415  6473 D RecentTasksList: loadTasksInBackground - isDeviceLocked(0): false
1791568489.461 10312  6415  6473 D RecentTasksList: getTasks - loadTasksInBackground: 106
1791568489.462 10312  6415  6415 D OtherActivityInputConsumer: startTouchTrackingForWindowAnimation: isRecentsAnimationRunning=false
1791568489.462 10312  6415  6415 D TaskAnimationManager: startRecentsAnimation - running TaskAnimationMnaager count: 0
1791568489.463 10303  5894  6285 V ShellRecents: startRecentsTransition
1791568489.463 10303  5894  6285 D WindowManagerShell: PipDesktopState: Recents transition state changed: TRANSITION_STATE_REQUESTED
1791568489.463 10312  6415  6415 D RecentTasksList: getTasks - updating mResultsUi: 106
1791568489.463 10303  5894  6285 V ShellDesktopMode: DesktopTasksController: Recents transition state changed: TRANSITION_STATE_REQUESTED
1791568489.463 10312  6415  6415 D RecentTasksList: getTasks - updating mResultsUi: 106
1791568489.463 10303  5894  6285 V ShellRecents: RecentsTransitionHandler.startRealRecentsTransition(): displayId=0
1791568489.463 10312  6415  6415 D RecentsView: applyLoadPlan - taskGroups: [type=SINGLE task=[id=18 windowingMode=1 user=0 lastActiveTime=487715] null, type=SINGLE task=[id=15 windowingMode=1 user=0 lastActiveTime=506778] null, type=SINGLE task=[id=21 windowingMode=1 user=0 lastActiveTime=535332] null, type=SINGLE task=[id=22 windowingMode=1 user=0 lastActiveTime=537318] null], taskListChangeId: 106
1791568489.463 10303  5894  6285 V WindowManagerShell:  handleRecentsRequest displayId=0 deskActive=false
1791568489.464 10303  5894  6285 V WindowManagerShell: Directly starting a new transition type=START_RECENTS_TRANSITION(FIRST_CUSTOM+21) wct=WindowContainerTransaction { changes= {} hops= [{pendingIntent: options=Bundle[{android.activity.splashScreenStyle=-1, android.activity.sourceInfo=android.app.ActivityOptions$SourceInfo@1d7bc3, android.pendingIntent.backgroundActivityAllowed=3, android.activity.launchDisplayId=0, android:activity.animAbortListener=null, android.activity.transientLaunch=true}]}, {setAnimationDelegate:  caller=android.os.BinderProxy@845e326}] flags= 0 errorCallbackToken=null taskFragmentOrganizer=null } handler=com.android.wm.shell.recents.RecentsTransitionHandler@65b7b67
1791568489.464 10312  6415  6415 D TaskViewModel: unbind com.android.quickstep.recents.ui.viewmodel.TaskViewModel@620fce8
1791568489.464 10312  6415  6415 D TaskViewModel: unbind com.android.quickstep.recents.ui.viewmodel.TaskViewModel@34c660b
1791568489.465 10312  6415  6415 D TaskViewModel: unbind com.android.quickstep.recents.ui.viewmodel.TaskViewModel@33b01da
1791568489.465  1000  5328  6722 V WindowManager: deferTransitionReady deferReadyDepth=1 stack=com.android.server.wm.WindowOrganizerController.applyTransaction:717 com.android.server.wm.WindowOrganizerController.applyTransaction:651 com.android.server.wm.WindowOrganizerController.lambda$startTransition$3:388 com.android.server.wm.WindowOrganizerController.$r8$lambda$PHnU0rj5Bcvaq0dL-Wi7kOJt8bo:0 com.android.server.wm.WindowOrganizerController$$ExternalSyntheticLambda5.onCollectStarted:0
1791568489.465 10312  6415  6415 D TaskViewModel: unbind com.android.quickstep.recents.ui.viewmodel.TaskViewModel@baea83d
1791568489.466 10312  6415  6415 D TaskView: onBind com.android.launcher3.uioverrides.QuickstepLauncher@184e2d5 com.android.quickstep.LauncherActivityInterface@2ee1929
1791568489.466 10312  6415  6415 D TaskViewModel: bind com.android.quickstep.recents.ui.viewmodel.TaskViewModel@2f6d57e as SINGLE to taskIds: [22]
1791568489.467 10312  6415  6415 D TaskView: onBind com.android.launcher3.uioverrides.QuickstepLauncher@184e2d5 com.android.quickstep.LauncherActivityInterface@2ee1929
1791568489.467 10312  6415  6415 D TaskViewModel: bind com.android.quickstep.recents.ui.viewmodel.TaskViewModel@5997adf as SINGLE to taskIds: [21]
1791568489.466  1000  1682  1682 I QTI PowerHAL: Power setMode: 5 to: 1
1791568489.468 10312  6415  6415 D TaskView: onBind com.android.launcher3.uioverrides.QuickstepLauncher@184e2d5 com.android.quickstep.LauncherActivityInterface@2ee1929
1791568489.468 10312  6415  6415 D TaskViewModel: bind com.android.quickstep.recents.ui.viewmodel.TaskViewModel@d43732c as SINGLE to taskIds: [15]
1791568489.469 10312  6415  6415 D TaskView: onBind com.android.launcher3.uioverrides.QuickstepLauncher@184e2d5 com.android.quickstep.LauncherActivityInterface@2ee1929
1791568489.469 10312  6415  6415 D TaskViewModel: bind com.android.quickstep.recents.ui.viewmodel.TaskViewModel@2d7a1f5 as SINGLE to taskIds: [18]
1791568489.471  1000  1682  1682 E QTI PowerHAL: Failed to acquire lock.
1791568489.471  1000  1682  1682 E QTI PowerHAL: Failed process_boost for boost_handle
1791568489.471  1000  1682  1682 E QTI PowerHAL: Failed to perform launch boost
1791568489.472 10312  6415  6415 D TasksRepository: updateTaskRequests to: [21, 15, 18], removed: [], added: [21, 15, 18]
1791568489.472 10312  6415  6415 I TasksRepository: requestTaskData: 21
1791568489.472 10312  6415  6415 I TasksRepository: requestTaskData: 15
1791568489.472 10312  6415  6415 I TasksRepository: requestTaskData: 18
1791568489.472 10312  6415  6415 D RecentTasksList: getTasks - updating mResultsUi: 106
1791568489.473 10312  6415  6415 D TasksRepository: getAllTaskData: oldTasks [18, 15, 21], newTasks: [18, 15, 21, 22]
1791568489.473 10312  6415  6415 D TasksRepository: updateTaskRequests to: [22, 21, 15, 18], removed: [], added: [22]
1791568489.473 10312  6415  6415 I TasksRepository: requestTaskData: 22
1791568489.473  1000  5328  5377 D OomAdjuster: Not killing cached processes
1791568489.474 10383  9433  9433 D VRI[GoogleDiscoverWindow]: visibilityChanged oldVisibility=false newVisibility=true
1791568489.475  1000  5328  6722 V WindowManager: continueTransitionReady deferReadyDepth=0 stack=com.android.server.wm.WindowOrganizerController.applyTransaction:864 com.android.server.wm.WindowOrganizerController.applyTransaction:651 com.android.server.wm.WindowOrganizerController.lambda$startTransition$3:388 com.android.server.wm.WindowOrganizerController.$r8$lambda$PHnU0rj5Bcvaq0dL-Wi7kOJt8bo:0 com.android.server.wm.WindowOrganizerController$$ExternalSyntheticLambda5.onCollectStarted:0
1791568489.476 10303  5894  6607 D WallpaperService: onVisibilityChanged(true): com.android.systemui.wallpapers.ImageWallpaper$CanvasEngine@656c8bb
1791568489.481  1000  5328  6722 W Transition: #%d: Condition met too late, already in state=2: {start WCT appliedIGNORED}
1791568489.481 10303  5894  6285 V ShellRecents: [63776633] RecentsController.setTransition: id=android.os.BinderProxy@4154c40
1791568489.481  1000  5328  5374 V WindowManager: Sent Transition (#54) createdAt=10-09 20:54:49.464
1791568489.481 10303  5894  6285 V RecentTasksController: Notify recent tasks changed
1791568489.481  1000  5328  5374 V WindowManager:     startWCT=WindowContainerTransaction { changes= {} hops= [{pendingIntent: options=Bundle[{android.activity.splashScreenStyle=-1, android.activity.sourceInfo=android.app.ActivityOptions$SourceInfo@c2fe73f, android.pendingIntent.backgroundActivityAllowed=3, android.activity.launchDisplayId=0, android:activity.animAbortListener=null, android.activity.transientLaunch=true}]}, {setAnimationDelegate:  caller=android.os.BinderProxy@74db413}] flags= 0 errorCallbackToken=null taskFragmentOrganizer=null }
1791568489.482  1000  5328  5374 V WindowManager:     info={id=54 t=FIRST_CUSTOM+21 f=0x80 trk=0 r=[0@Point(0, 0)] c=[
1791568489.482  1000  5328  5374 V WindowManager:         {WCT{RemoteToken{b89a0a4 Task{4848b70 #1 type=home}}} m=TO_FRONT f=SHOW_WALLPAPER|MOVE_TO_TOP|FLAG_CHANGED_INTERACTIVE leash=Surface(name=Task=1#35)/@0x38a3836 sb=Rect(0, 0 - 1440, 3216) eb=Rect(0, 0 - 1440, 3216) epz=Point(1440, 3216) d=0 taskParent=-1 winMode=1 userId=0},
1791568489.482  1000  5328  5374 V WindowManager:         {WCT{RemoteToken{4929d52 Task{514f88f #22 type=standard A=10761:com.f0x1d.logfox}}} m=TO_BACK f=FLAG_CHANGED_INTERACTIVE leash=Surface(name=Task=22#806)/@0x8a1adb4 sb=Rect(0, 0 - 1440, 3216) eb=Rect(0, 0 - 1440, 3216) epz=Point(1440, 3216) d=0 taskParent=-1 winMode=1 userId=0},
1791568489.482  1000  5328  5374 V WindowManager:         {m=TO_FRONT f=IS_WALLPAPER leash=Surface(name=WallpaperWindowToken{9a739ed}#76)/@0x1aeaae6 sb=Rect(0, 0 - 1440, 3216) eb=Rect(0, 0 - 1440, 3216) epz=Point(1440, 3216) d=0}
1791568489.482  1000  5328  5374 V WindowManager:     ]}
1791568489.483 10312  6415  6473 D b/417220811: Current thumbnail: null, replacing with android.graphics.Bitmap@9b6ee23
1791568489.485 10312  6415  6473 D b/417220811: Current thumbnail: null, replacing with android.graphics.Bitmap@ab71bb4
1791568489.490  root   768   768 E [TP]touchpanel: touchpanel0: Touchpanel id 0 :Down[1068 2995    0]
1791568489.487  1000  5328  6308 D WindowManager: setClientSurface Surface(name=VRI-GoogleDiscoverWindow#831)/@0x294d80c for c188051 GoogleDiscoverWindow
1791568489.488 10303  5894  6505 V WindowManagerShell: onTransitionReady(transaction=22883585760926)
1791568489.488 10303  5894  6285 V WindowManagerShell: onTransitionReady (#54) android.os.BinderProxy@4154c40: {id=54 t=FIRST_CUSTOM+21 f=0x80 trk=0 r=[0@Point(0, 0)] c=[
1791568489.488 10303  5894  6285 V WindowManagerShell:         {m=TO_FRONT f=SHOW_WALLPAPER|MOVE_TO_TOP|FLAG_CHANGED_INTERACTIVE leash=Surface(name=Task=1#35)/@0xf6dcbe sb=Rect(0, 0 - 1440, 3216) eb=Rect(0, 0 - 1440, 3216) epz=Point(1440, 3216) d=0 taskParent=-1 winMode=1 userId=0},
1791568489.488 10303  5894  6285 V WindowManagerShell:         {m=TO_BACK f=FLAG_CHANGED_INTERACTIVE leash=Surface(name=Task=22#806)/@0x952111f sb=Rect(0, 0 - 1440, 3216) eb=Rect(0, 0 - 1440, 3216) epz=Point(1440, 3216) d=0 taskParent=-1 winMode=1 userId=0},
1791568489.488 10303  5894  6285 V WindowManagerShell:         {m=TO_FRONT f=IS_WALLPAPER leash=Surface(name=WallpaperWindowToken{9a739ed}#76)/@0x622ec6c sb=Rect(0, 0 - 1440, 3216) eb=Rect(0, 0 - 1440, 3216) epz=Point(1440, 3216) d=0}
1791568489.488 10303  5894  6285 V WindowManagerShell:     ]}
1791568489.489 10303  5894  6285 V WindowManagerShell: Playing animation for (#54) android.os.BinderProxy@4154c40@0
1791568489.490 10303  5894  6285 V WindowManagerShell:  try firstHandler com.android.wm.shell.recents.RecentsTransitionHandler@65b7b67
1791568489.490 10303  5894  6285 V ShellRecents: [63776633] RecentsController.start
1791568489.493 10303  5894  6285 V ShellRecents:   hiding home taskId=1
1791568489.495 10312  6415  6415 D Current state display 0: newValue: Background
1791568489.496 10383  9433  9433 I Surface : Creating surface for consumer unnamed-9433-15 with slotExpansion=1 for 64 slots
1791568489.496 10312  6415  6415 D AllAppsTransitionController: shouldProtectHeader: false skipScrim: false state: Background stateManager.getState(): Background
1791568489.496 10312  6415  6415 D BaseDepthController: mSurface is null and mCurrentBlur is: 30
1791568489.497 10383  9433  9433 I Surface : Creating surface for consumer VRI[GoogleDiscoverWindow]#15(BLAST Consumer)15 with slotExpansion=1 for 64 slots
1791568489.497 10312  6415  6415 D AlphabeticalAppsList: Clearing FastScrollerSections.
1791568489.497 10312  6415  6415 D AlphabeticalAppsList: Adding FastScrollSection for work edu card.
1791568489.497 10312  6415  6415 D AlphabeticalAppsList: Adding apps with sections. HasPrivateApps: false
1791568489.497 10312  6415  6415 D AlphabeticalAppsList: addAppsWithSections: adding sectionName: … with appInfoTitle: 20 Minutes Till Dawn
1791568489.497 10312  6415  6415 D AlphabeticalAppsList: addAppsWithSections: adding sectionName: A with appInfoTitle: Activity Manager
1791568489.497 10312  6415  6415 D AlphabeticalAppsList: addAppsWithSections: adding sectionName: B with appInfoTitle: BCR
1791568489.497 10312  6415  6415 D AlphabeticalAppsList: addAppsWithSections: adding sectionName: C with appInfoTitle: CalibRaw
1791568489.497 10312  6415  6415 D AlphabeticalAppsList: addAppsWithSections: adding sectionName: Ç with appInfoTitle: Çeviri
1791568489.497 10312  6415  6415 D AlphabeticalAppsList: addAppsWithSections: adding sectionName: D with appInfoTitle: DeepL
1791568489.497 10312  6415  6415 D AlphabeticalAppsList: addAppsWithSections: adding sectionName: E with appInfoTitle: E-Bilet
1791568489.497 10312  6415  6415 D AlphabeticalAppsList: addAppsWithSections: adding sectionName: F with appInfoTitle: F-Droid
1791568489.497 10312  6415  6415 D AlphabeticalAppsList: addAppsWithSections: adding sectionName: G with appInfoTitle: Galeri
1791568489.497 10312  6415  6415 D AlphabeticalAppsList: addAppsWithSections: adding sectionName: H with appInfoTitle: Habit Tracker
1791568489.497 10312  6415  6415 D AlphabeticalAppsList: addAppsWithSections: adding sectionName: I with appInfoTitle: Iceraven
1791568489.497 10312  6415  6415 D AlphabeticalAppsList: addAppsWithSections: adding sectionName: İ with appInfoTitle: idefix
1791568489.497 10312  6415  6415 D AlphabeticalAppsList: addAppsWithSections: adding sectionName: K with appInfoTitle: Kaboom Metal
1791568489.497 10312  6415  6415 D AlphabeticalAppsList: addAppsWithSections: adding sectionName: L with appInfoTitle: LCW
1791568489.497 10312  6415  6415 D AlphabeticalAppsList: addAppsWithSections: adding sectionName: M with appInfoTitle: Magic Cubes
1791568489.497 10312  6415  6415 D AlphabeticalAppsList: addAppsWithSections: adding sectionName: N with appInfoTitle: n11
1791568489.497 10312  6415  6415 D AlphabeticalAppsList: addAppsWithSections: adding sectionName: O with appInfoTitle: obilet
1791568489.497 10312  6415  6415 D AlphabeticalAppsList: addAppsWithSections: adding sectionName: Ö with appInfoTitle: Ödüller
1791568489.497 10312  6415  6415 D AlphabeticalAppsList: addAppsWithSections: adding sectionName: P with appInfoTitle: PAC-MAN
1791568489.497 10312  6415  6415 D AlphabeticalAppsList: addAppsWithSections: adding sectionName: R with appInfoTitle: Re:X
1791568489.497 10312  6415  6415 D AlphabeticalAppsList: addAppsWithSections: adding sectionName: S with appInfoTitle: Saat
1791568489.497 10312  6415  6415 D AlphabeticalAppsList: addAppsWithSections: adding sectionName: Ş with appInfoTitle: Şifreler
1791568489.498 10312  6415  6415 D AlphabeticalAppsList: addAppsWithSections: adding sectionName: T with appInfoTitle: Tack
1791568489.498 10312  6415  6415 D AlphabeticalAppsList: addAppsWithSections: adding sectionName: U with appInfoTitle: Ucuzabilet
1791568489.498 10312  6415  6415 D AlphabeticalAppsList: addAppsWithSections: adding sectionName: V with appInfoTitle: VD Google
1791568489.498 10312  6415  6415 D AlphabeticalAppsList: addAppsWithSections: adding sectionName: W with appInfoTitle: WA Business
1791568489.498 10312  6415  6415 D AlphabeticalAppsList: addAppsWithSections: adding sectionName: X with appInfoTitle: X
1791568489.498 10312  6415  6415 D AlphabeticalAppsList: addAppsWithSections: adding sectionName: Y with appInfoTitle: Yandex Maps
1791568489.498 10312  6415  6415 D AlphabeticalAppsList: addAppsWithSections: adding sectionName: Z with appInfoTitle: Zank Remote
1791568489.498 10312  6415  6415 D AlphabeticalAppsList: addAppsWithSections: adding sectionName: … with appInfoTitle: @string/four_ones
1791568489.498 10312  6415  6415 D AlphabeticalAppsList: Adding FastScrollSection duplicate to scroll to the bottom.
1791568489.500 10312  6415  6415 D StatsLog: LAUNCHER_ALLAPPS_EXIT
1791568489.501 10312  6415  6415 D AlphabeticalAppsList: Clearing FastScrollerSections.
1791568489.501 10312  6415  6415 D AlphabeticalAppsList: Adding FastScrollSection for work edu card.
1791568489.501 10312  6415  6415 D AlphabeticalAppsList: Adding apps with sections. HasPrivateApps: false
1791568489.501 10312  6415  6415 D AlphabeticalAppsList: addAppsWithSections: adding sectionName: … with appInfoTitle: 20 Minutes Till Dawn
1791568489.501 10312  6415  6415 D AlphabeticalAppsList: addAppsWithSections: adding sectionName: A with appInfoTitle: Activity Manager
1791568489.501 10312  6415  6415 D AlphabeticalAppsList: addAppsWithSections: adding sectionName: B with appInfoTitle: BCR
1791568489.501 10312  6415  6415 D AlphabeticalAppsList: addAppsWithSections: adding sectionName: C with appInfoTitle: CalibRaw
1791568489.501 10312  6415  6415 D AlphabeticalAppsList: addAppsWithSections: adding sectionName: Ç with appInfoTitle: Çeviri
1791568489.501 10312  6415  6415 D AlphabeticalAppsList: addAppsWithSections: adding sectionName: D with appInfoTitle: DeepL
1791568489.501 10312  6415  6415 D AlphabeticalAppsList: addAppsWithSections: adding sectionName: E with appInfoTitle: E-Bilet
1791568489.501 10312  6415  6415 D AlphabeticalAppsList: addAppsWithSections: adding sectionName: F with appInfoTitle: F-Droid
1791568489.501 10312  6415  6415 D AlphabeticalAppsList: addAppsWithSections: adding sectionName: G with appInfoTitle: Galeri
1791568489.501 10312  6415  6415 D AlphabeticalAppsList: addAppsWithSections: adding sectionName: H with appInfoTitle: Habit Tracker
1791568489.501 10312  6415  6415 D AlphabeticalAppsList: addAppsWithSections: adding sectionName: I with appInfoTitle: Iceraven
1791568489.501 10312  6415  6415 D AlphabeticalAppsList: addAppsWithSections: adding sectionName: İ with appInfoTitle: idefix
1791568489.501 10312  6415  6415 D AlphabeticalAppsList: addAppsWithSections: adding sectionName: K with appInfoTitle: Kaboom Metal
1791568489.501 10312  6415  6415 D AlphabeticalAppsList: addAppsWithSections: adding sectionName: L with appInfoTitle: LCW
1791568489.501 10312  6415  6415 D AlphabeticalAppsList: addAppsWithSections: adding sectionName: M with appInfoTitle: Magic Cubes
1791568489.501 10312  6415  6415 D AlphabeticalAppsList: addAppsWithSections: adding sectionName: N with appInfoTitle: n11
1791568489.501 10312  6415  6415 D AlphabeticalAppsList: addAppsWithSections: adding sectionName: O with appInfoTitle: obilet
1791568489.501 10312  6415  6415 D AlphabeticalAppsList: addAppsWithSections: adding sectionName: Ö with appInfoTitle: Ödüller
1791568489.501 10312  6415  6415 D AlphabeticalAppsList: addAppsWithSections: adding sectionName: P with appInfoTitle: PAC-MAN
1791568489.501 10312  6415  6415 D AlphabeticalAppsList: addAppsWithSections: adding sectionName: R with appInfoTitle: Re:X
1791568489.501 10312  6415  6415 D AlphabeticalAppsList: addAppsWithSections: adding sectionName: S with appInfoTitle: Saat
1791568489.501 10312  6415  6415 D AlphabeticalAppsList: addAppsWithSections: adding sectionName: Ş with appInfoTitle: Şifreler
1791568489.501 10312  6415  6415 D AlphabeticalAppsList: addAppsWithSections: adding sectionName: T with appInfoTitle: Tack
1791568489.501 10312  6415  6415 D AlphabeticalAppsList: addAppsWithSections: adding sectionName: U with appInfoTitle: Ucuzabilet
1791568489.501 10312  6415  6415 D AlphabeticalAppsList: addAppsWithSections: adding sectionName: V with appInfoTitle: VD Google
1791568489.501 10312  6415  6415 D AlphabeticalAppsList: addAppsWithSections: adding sectionName: W with appInfoTitle: WA Business
1791568489.501 10312  6415  6415 D AlphabeticalAppsList: addAppsWithSections: adding sectionName: X with appInfoTitle: X
1791568489.501 10312  6415  6415 D AlphabeticalAppsList: addAppsWithSections: adding sectionName: Y with appInfoTitle: Yandex Maps
1791568489.501 10312  6415  6415 D AlphabeticalAppsList: addAppsWithSections: adding sectionName: Z with appInfoTitle: Zank Remote
1791568489.501 10312  6415  6415 D AlphabeticalAppsList: addAppsWithSections: adding sectionName: … with appInfoTitle: @string/four_ones
1791568489.501 10312  6415  6415 D AlphabeticalAppsList: Adding FastScrollSection duplicate to scroll to the bottom.
1791568489.503  1000  5328  7172 D ConnectivityService: requestNetwork for uid/pid:10303/5894 asUid: 10312 activeRequest: null callbackRequest: 721 [NetworkRequest [ REQUEST id=722, [ Capabilities: INTERNET&NOT_RESTRICTED&TRUSTED&NOT_VCN_MANAGED&NOT_BANDWIDTH_CONSTRAINED Uid: 10312 RequestorUid: 10303 RequestorPkg: com.android.systemui UnderlyingNetworks: Null] ]] callback flags: 0 order: 2147483647 isUidTracked: false declaredMethods: AVAIL|BLK
1791568489.506 10312  6415  6415 D RecentsView: onGestureAnimationStart - groupedTaskInfo: Desk ID= -1, Desk Display ID=-1, Tasks=[id=22 winMode=fullscreen visReq=false vis=false excluded=false baseIntent=com.f0x1d.logfox/.presentation.ui.activity.MainActivity], Type=FULLSCREEN, Minimized Task IDs=null
1791568489.506 10312  6415  6415 D RecentsView: showCurrentTask(onGestureAnimationStart) - groupedTaskInfo: Desk ID= -1, Desk Display ID=-1, Tasks=[id=22 winMode=fullscreen visReq=false vis=false excluded=false baseIntent=com.f0x1d.logfox/.presentation.ui.activity.MainActivity], Type=FULLSCREEN, Minimized Task IDs=null
1791568489.507 10303  5894  6285 V ShellRecents:   adding pausing leaf taskId=22 at layer=8
1791568489.508 10303  5894  6285 V ShellRecents: Applying transaction=22883585760926
1791568489.509 10312  6415  6415 I Surface : Creating surface for consumer unnamed-6415-30 with slotExpansion=1 for 64 slots
1791568489.510 10312  6415  6415 I Surface : Creating surface for consumer VRI[QuickstepLauncher]#17(BLAST Consumer)17 with slotExpansion=1 for 64 slots
1791568489.510  1000  5328  7388 D WindowManager: setClientSurface Surface(name=VRI-com.android.launcher3/com.android.launcher3.uioverrides.QuickstepLauncher#835)/@0xb7171d1 for 31d9dbb com.android.launcher3/com.android.launcher3.uioverrides.QuickstepLauncher
1791568489.511  1000  5328  6722 D InputManagerService: pilferPointers
1791568489.511 10312  6415  6415 D OverviewActionsView: updateForGroupedTask() called with: isGroupedTask = [false], canSaveAppPair = [false]
1791568489.511 10312  6415  6415 D OverviewActionsView: updateActionButtonsVisibility() called: showSingleTaskActions = [true], showGroupActions = [false]
1791568489.511  1000  5328  6722 I InputDispatcher: Channel [Gesture Monitor] swipe-up is stealing input gesture for device 3 from [a8ff4c com.f0x1d.logfox/com.f0x1d.logfox.presentation.ui.activity.MainActivity, [Gesture Monitor] edge-swipe]
1791568489.511 10312  6415  6415 D TasksRepository: updateTaskRequests to: [22, 21, 15], removed: [18], added: []
1791568489.511 10312  6415  6415 I TasksRepository: removeTasks: [18]
1791568489.511 10312  6415  6415 D OverviewActionsView: updateForGroupedTask() called with: isGroupedTask = [false], canSaveAppPair = [false]
1791568489.512 10312  6415  6415 D OverviewActionsView: updateActionButtonsVisibility() called: showSingleTaskActions = [true], showGroupActions = [false]
1791568489.512 10312  6415  6415 D BaseDepthController: setSurface:
1791568489.512 10312  6415  6415 D BaseDepthController: 	mWaitingOnSurfaceValidity: false
1791568489.512 10312  6415  6415 D BaseDepthController: 	mBaseSurface: Surface(name=VRI-com.android.launcher3/com.android.launcher3.uioverrides.QuickstepLauncher#835)/@0xe3dda70
1791568489.512 10312  6415  6415 V BaseDepthController: Applying blur: 30 to Surface(name=VRI-com.android.launcher3/com.android.launcher3.uioverrides.QuickstepLauncher#835)/@0xe3dda70 applyImmediately: false
1791568489.512 10312  6415  6415 D BaseDepthController: shouldBlurWorkspace: false targetState: Background currentStableState: Background mCurrentBlur: 30 mLauncher.getDepthBlurTargets(): [com.android.launcher3.Workspace{772015b V.ED..... .......D 0,0-1440,3216 #7f0a054d app:id/workspace aid=1073741834}, com.android.launcher3.Hotseat{6171410 I.ED..... .......D 0,2667-1440,3216 #7f0a0241 app:id/hotseat aid=1073741897}]
1791568489.520 10312  6415  6473 D b/417220811: Current thumbnail: null, replacing with null
1791568489.520  1000  1682  1682 E QTI PowerHAL: Failed to acquire lock.
1791568489.521  1000  1682  1682 E QTI PowerHAL: Failed process_boost for boost_handle
1791568489.522 10383  9433  9433 I csde    : onStart
1791568489.520 10303  5894  6285 V ShellRecents: No matching remote found to takeover (#54)
1791568489.522 10303  5894  6285 V ShellSplitScreen: getSplitBoundsForTaskId: expected split bounds for taskId=22 but not found
1791568489.522 10303  5894  6285 V ShellRecents: [63776633] RecentsController.start: calling onAnimationStart with 2 apps
1791568489.522 10303  5894  6285 D WindowManagerShell: PipDesktopState: Recents transition state changed: TRANSITION_STATE_ANIMATING
1791568489.522 10303  5894  6285 V ShellDesktopMode: DesktopTasksController: Recents transition state changed: TRANSITION_STATE_ANIMATING
1791568489.522 10383  9433  9433 I cruv    : onStart
1791568489.523 10303  5894  6285 V WindowManagerShell:  animated by firstHandler
1791568489.524 10383  9433  9433 I cprk    : (REDACTED) [%s] onStart()
1791568489.524 10383  9433  9433 I cpty    : Reloading theme data
1791568489.526 10383  9433  9433 E NetworkErrorMessage: (REDACTED) Invalid connectivity state: %s
1791568489.526  1000  5328  5564 D WifiNetworkFactory: got request NetworkRequest [ REQUEST id=722, [ Capabilities: INTERNET&NOT_RESTRICTED&TRUSTED&NOT_VCN_MANAGED&NOT_BANDWIDTH_CONSTRAINED Uid: 10312 RequestorUid: 10303 RequestorPkg: com.android.systemui UnderlyingNetworks: Null] ]
1791568489.526 10383  9433  9433 I csde    : onResume
1791568489.526 10383  9433  9433 W elap    : missing event name
1791568489.526 10383  9433  9433 I cruv    : onResume
1791568489.528 10312  6415  6415 D OtherActivityInputConsumer: finishTouchTracking: mPassedWindowMoveSlop=true
1791568489.528 10312  6415  6415 D OtherActivityInputConsumer: finishTouchTracking: mInteractionHandler=com.android.quickstep.LauncherSwipeHandlerV2@2d6e700
1791568489.529 10312  6415  6415 D OtherActivityInputConsumer: finishTouchTracking: ev=MotionEvent { action=ACTION_UP, actionButton=0, id[0]=0, x[0]=1082.0, y[0]=2817.0, toolType[0]=TOOL_TYPE_FINGER, buttonState=0, classification=NONE, metaState=0, flags=0x0, edgeFlags=0x0, pointerCount=1, historySize=0, eventTime=540189, downTime=540109, deviceId=3, source=0x1002, displayId=0, eventId=732229199 }
1791568489.529 10312  6415  6415 D RecentTasksList: invalidateLoadedTasks - previous requestLoadId: 106
1791568489.529 10312  6415  6415 D TaskThumbnailView: [TaskThumbnailView@ad1b7df] taskId: 21 - uiState changed from: Uninitialized to: SnapshotSplash(snapshot=Snapshot(bitmap=android.graphics.Bitmap@9b6ee23, thumbnailRotation=0, backgroundColor=-1), splash=com.android.launcher3.icons.FastBitmapDrawable@2f1e538)
1791568489.530  1000  5328  5564 D UntrustedWifiNetworkFactory: got request NetworkRequest [ REQUEST id=722, [ Capabilities: INTERNET&NOT_RESTRICTED&TRUSTED&NOT_VCN_MANAGED&NOT_BANDWIDTH_CONSTRAINED Uid: 10312 RequestorUid: 10303 RequestorPkg: com.android.systemui UnderlyingNetworks: Null] ]
1791568489.530 10312  6415  6415 D TaskThumbnailView: [TaskThumbnailView@4b2f6d7] taskId: 15 - uiState changed from: Uninitialized to: SnapshotSplash(snapshot=Snapshot(bitmap=android.graphics.Bitmap@ab71bb4, thumbnailRotation=0, backgroundColor=-14211289), splash=com.android.launcher3.icons.FastBitmapDrawable@625d911)
1791568489.531 10312  6415  6415 D ActivityAllAppsContainerView: rebindAdapters: force: false
1791568489.531  1000  5328  5572 D ConnectivityService: NetReassign [722 : null → 100] [c 1] [a 9] [i 17]
1791568489.531 10312  6415  6415 D ActivityAllAppsContainerView: rebindAdapters: force: false
1791568489.531  1000  5328  5564 D OemPaidWifiNetworkFactory: got request NetworkRequest [ REQUEST id=722, [ Capabilities: INTERNET&NOT_RESTRICTED&TRUSTED&NOT_VCN_MANAGED&NOT_BANDWIDTH_CONSTRAINED Uid: 10312 RequestorUid: 10303 RequestorPkg: com.android.systemui UnderlyingNetworks: Null] ]
1791568489.531 10312  6415  6415 D KeyboardStateManager: hideKeyboard
1791568489.531 10312  6415  6415 D KeyboardStateManager: isImeShown: true
1791568489.531 10312  6415  6415 D KeyboardStateManager: hideKeyboard: calling wic.hide() because isImeShown is true
1791568489.531 10312  6415  6415 D InsetsController: hide(ime())
1791568489.531  1000  5328  5564 D MultiInternetWifiNetworkFactory: got request NetworkRequest [ REQUEST id=722, [ Capabilities: INTERNET&NOT_RESTRICTED&TRUSTED&NOT_VCN_MANAGED&NOT_BANDWIDTH_CONSTRAINED Uid: 10312 RequestorUid: 10303 RequestorPkg: com.android.systemui UnderlyingNetworks: Null] ]
1791568489.531 10312  6415  6415 I ImeTracker: com.android.launcher3:ed08c011: onRequestHide at ORIGIN_CLIENT reason HIDE_SOFT_INPUT_BY_INSETS_API fromUser false userId 0 displayId 0
1791568489.531 10312  6415  6415 I ImeTracker: com.android.launcher3:ed08c011: onCancelled at PHASE_CLIENT_ALREADY_HIDDEN
1791568489.531 10312  6415  6415 D StatsLog: LAUNCHER_ALLAPPS_KEYBOARD_CLOSED
1791568489.531 10312  6415  6415 D ActivityAllAppsContainerView: rebindAdapters: force: false
1791568489.531 10312  6415  6415 D KeyboardStateManager: hideKeyboard
1791568489.531 10312  6415  6415 D KeyboardStateManager: isImeShown: true
1791568489.531 10312  6415  6415 D KeyboardStateManager: hideKeyboard: calling wic.hide() because isImeShown is true
1791568489.531 10312  6415  6415 D InsetsController: hide(ime())
1791568489.531 10312  6415  6415 I ImeTracker: com.android.launcher3:e2b572bd: onRequestHide at ORIGIN_CLIENT reason HIDE_SOFT_INPUT_BY_INSETS_API fromUser false userId 0 displayId 0
1791568489.531 10312  6415  6415 I ImeTracker: com.android.launcher3:e2b572bd: onCancelled at PHASE_CLIENT_ALREADY_HIDDEN
1791568489.531 10312  6415  6415 D StatsLog: LAUNCHER_ALLAPPS_KEYBOARD_CLOSED
1791568489.531 10312  6415  6415 D b/417220811: Task id: 18, thumbnailData: null, isLocked: false
1791568489.531 10312  6415  6415 D TaskThumbnailView: [TaskThumbnailView@9c3f2fb] taskId: 18 - uiState changed from: Uninitialized to: BackgroundOnly(backgroundColor=-15790321)
1791568489.532 10312  6415  6415 D b/417220811: Task id: 18, thumbnailData: null, isLocked: false
1791568489.532 10312  6415  6415 D ActivityAllAppsContainerView: rebindAdapters: force: false
1791568489.532 10312  6415  6415 D ActivityAllAppsContainerView: rebindAdapters: Not needed.
1791568489.532 10312  6415  6415 D AlphabeticalAppsList: Clearing FastScrollerSections.
1791568489.532 10312  6415  6415 D AlphabeticalAppsList: Adding apps with sections. HasPrivateApps: false
1791568489.533 10312  6415  6415 D RemoteTargetGluer: containsSplitTargets? false handleLength: 10 appsLength: 1
1791568489.533 10312  6415  6415 D RemoteTargetGluer: appCount: 1 handleLength: 10
1791568489.533 10312  6415  6415 D RemoteTargetGluer: Reduce handles, count: 1
1791568489.533 10312  6415  6415 D RecentsView: setRecentsAnimationTargets - recentsAnimationController: com.android.quickstep.RecentsAnimationController@bba4d67, recentsAnimationTargets: com.android.quickstep.RecentsAnimationTargets@6928714
1791568489.534 10312  6415  6415 D RemoteTargetGluer: containsSplitTargets? false handleLength: 1 appsLength: 1
1791568489.534 10312  6415  6415 D RemoteTargetGluer: appCount: 1 handleLength: 1
1791568489.535 10312  6415  6415 D StatsLog: LAUNCHER_ONRESUME
1791568489.535 10312  6415  6415 D Current state display 0: newValue: Normal
1791568489.535  1000  5328  5544 E HandwritingModeController: Cannot get requestId: Handwriting was not initialized.
1791568489.535 10312  6415  6415 D AllAppsTransitionController: shouldProtectHeader: false skipScrim: true state: Normal stateManager.getState(): Normal
1791568489.535 10303  5894  6285 D WindowManagerShell: setLauncherKeepClearAreaHeight: visible=true, height=549
1791568489.535 10312  6415  6415 D KeyboardStateManager: hideKeyboard
1791568489.535 10312  6415  6415 D KeyboardStateManager: isImeShown: true
1791568489.535 10312  6415  6415 D KeyboardStateManager: hideKeyboard: calling wic.hide() because isImeShown is true
1791568489.535 10312  6415  6415 D InsetsController: hide(ime())
1791568489.535 10312  6415  6415 I ImeTracker: com.android.launcher3:6096dd6e: onRequestHide at ORIGIN_CLIENT reason HIDE_SOFT_INPUT_BY_INSETS_API fromUser false userId 0 displayId 0
1791568489.535 10312  6415  6415 I ImeTracker: com.android.launcher3:6096dd6e: onCancelled at PHASE_CLIENT_ALREADY_HIDDEN
1791568489.536 10312  6415  6415 D StatsLog: LAUNCHER_ALLAPPS_KEYBOARD_CLOSED
1791568489.536 10312  6415  6475 D QuickstepModelDelegate: notifyAppTargetEvent action=1 launchLocation=workspace/0/[-1,-1]/[1,1]
1791568489.536 10312  6415  6415 V BaseDepthController: Applying blur: 0 to Surface(name=VRI-com.android.launcher3/com.android.launcher3.uioverrides.QuickstepLauncher#835)/@0xe3dda70 applyImmediately: false
1791568489.537 10312  6415  6415 D BaseDepthController: shouldBlurWorkspace: false targetState: Normal currentStableState: Background mCurrentBlur: 0 mLauncher.getDepthBlurTargets(): [com.android.launcher3.Workspace{772015b V.ED..... ......ID 0,0-1440,3216 #7f0a054d app:id/workspace aid=1073741834}, com.android.launcher3.Hotseat{6171410 V.ED..... ......ID 0,2667-1440,3216 #7f0a0241 app:id/hotseat aid=1073741897}]
1791568489.537 10312  6415  6415 V BaseDepthController: Applying blur: 0 to Surface(name=VRI-com.android.launcher3/com.android.launcher3.uioverrides.QuickstepLauncher#835)/@0xe3dda70 applyImmediately: false
1791568489.537 10312  6415  6415 D BaseDepthController: shouldBlurWorkspace: false targetState: Normal currentStableState: Background mCurrentBlur: 0 mLauncher.getDepthBlurTargets(): [com.android.launcher3.Workspace{772015b V.ED..... ......ID 0,0-1440,3216 #7f0a054d app:id/workspace aid=1073741834}, com.android.launcher3.Hotseat{6171410 V.ED..... ......ID 0,2667-1440,3216 #7f0a0241 app:id/hotseat aid=1073741897}]
1791568489.537 10312  6415  6415 D RecentsView: onPrepareGestureEndAnimation - endTarget: HOME
1791568489.538 10303  5894  6285 V RecentTasksController: generateList(getRecentTasks)
1791568489.538 10303  5894  6285 V RecentTasksController: initializeDesksMap - allDeskIds: []
1791568489.538 10303  5894  6285 V RecentTasksController: Task 22 is not an active desktop task
1791568489.538 10303  5894  6285 V RecentTasksController: Added fullscreen task: 22
1791568489.538 10303  5894  6285 V RecentTasksController: Task 21 is not an active desktop task
1791568489.538 10303  5894  6285 V RecentTasksController: Added fullscreen task: 21
1791568489.538 10303  5894  6285 V RecentTasksController: Task 15 is not an active desktop task
1791568489.538 10303  5894  6285 V RecentTasksController: Added fullscreen task: 15
1791568489.538 10303  5894  6285 V RecentTasksController: generateList - complete
1791568489.539 10312  6415  6473 D PreloadThumbnailUseCase: Preloading thumbnails for task ids: [[id=15 windowingMode=1 user=0 lastActiveTime=506778] null, [id=21 windowingMode=1 user=0 lastActiveTime=535332] null, [id=22 windowingMode=1 user=0 lastActiveTime=537318] null]
1791568489.540 10303  5894  6285 V ShellRecents: [63776633] RecentsController.setInputConsumerEnabled: set focus to recents
1791568489.541  1000  1633  1773 E minksocket: MinkIPC_QRTR_Service: client with node 1 port 4781 went down
1791568489.542  1000  1633  1773 E minksocket: MinkIPC_QRTR_Service: client with node 1 port 4785 went down
1791568489.549 10312  6415  6415 V BaseDepthController: Applying blur: 0 to Surface(name=VRI-com.android.launcher3/com.android.launcher3.uioverrides.QuickstepLauncher#835)/@0xe3dda70 applyImmediately: false
1791568489.549 10312  6415  6415 D BaseDepthController: shouldBlurWorkspace: false targetState: Normal currentStableState: Background mCurrentBlur: 0 mLauncher.getDepthBlurTargets(): [com.android.launcher3.Workspace{772015b V.ED..... ........ 0,0-1440,3216 #7f0a054d app:id/workspace aid=1073741834}, com.android.launcher3.Hotseat{6171410 V.ED..... ........ 0,2667-1440,3216 #7f0a0241 app:id/hotseat aid=1073741897}]
1791568489.551 10312  6415  6415 D TaskThumbnailView: [TaskThumbnailView@9e29e99] taskId: 22 - uiState changed from: Uninitialized to: LiveTile
1791568489.557  root 12980 25607 W adbd    : timed out while waiting for FUNCTIONFS_BIND, trying again
1791568489.557  root 12980 25607 I adbd    : UsbFfs: connection terminated: monitor thread finished
1791568489.557 10312  6415  6415 V BaseDepthController: Applying blur: 0 to Surface(name=VRI-com.android.launcher3/com.android.launcher3.uioverrides.QuickstepLauncher#835)/@0xe3dda70 applyImmediately: false
1791568489.558 10312  6415  6415 D BaseDepthController: shouldBlurWorkspace: false targetState: Normal currentStableState: Background mCurrentBlur: 0 mLauncher.getDepthBlurTargets(): [com.android.launcher3.Workspace{772015b V.ED..... ........ 0,0-1440,3216 #7f0a054d app:id/workspace aid=1073741834}, com.android.launcher3.Hotseat{6171410 V.ED..... ........ 0,2667-1440,3216 #7f0a0241 app:id/hotseat aid=1073741897}]
1791568489.566 10312  6415  6415 V BaseDepthController: Applying blur: 0 to Surface(name=VRI-com.android.launcher3/com.android.launcher3.uioverrides.QuickstepLauncher#835)/@0xe3dda70 applyImmediately: false
1791568489.566 10312  6415  6415 D BaseDepthController: shouldBlurWorkspace: false targetState: Normal currentStableState: Background mCurrentBlur: 0 mLauncher.getDepthBlurTargets(): [com.android.launcher3.Workspace{772015b V.ED..... ........ 0,0-1440,3216 #7f0a054d app:id/workspace aid=1073741834}, com.android.launcher3.Hotseat{6171410 V.ED..... ........ 0,2667-1440,3216 #7f0a0241 app:id/hotseat aid=1073741897}]
1791568489.567 10312  6415  6415 D VRI[QuickstepLauncher]: WindowInsets changed: ime:null
1791568489.576  1000  5328  5477 W ApplicationInfo: Large ApplicationInfo parcel: size=24372 package=com.zhiliaoapp.musically splits=69 sharedLibs=8 resDirs=6 overlayPaths=6
1791568489.577 10312  6415  6415 V BaseDepthController: Applying blur: 0 to Surface(name=VRI-com.android.launcher3/com.android.launcher3.uioverrides.QuickstepLauncher#835)/@0xe3dda70 applyImmediately: false
1791568489.577 10312  6415  6415 D BaseDepthController: shouldBlurWorkspace: false targetState: Normal currentStableState: Background mCurrentBlur: 0 mLauncher.getDepthBlurTargets(): [com.android.launcher3.Workspace{772015b V.ED..... ........ 0,0-1440,3216 #7f0a054d app:id/workspace aid=1073741834}, com.android.launcher3.Hotseat{6171410 V.ED..... ........ 0,2667-1440,3216 #7f0a0241 app:id/hotseat aid=1073741897}]
1791568489.583 10312  6415  6415 V BaseDepthController: Applying blur: 0 to Surface(name=VRI-com.android.launcher3/com.android.launcher3.uioverrides.QuickstepLauncher#835)/@0xe3dda70 applyImmediately: false
1791568489.583 10312  6415  6415 D BaseDepthController: shouldBlurWorkspace: false targetState: Normal currentStableState: Background mCurrentBlur: 0 mLauncher.getDepthBlurTargets(): [com.android.launcher3.Workspace{772015b V.ED..... ........ 0,0-1440,3216 #7f0a054d app:id/workspace aid=1073741834}, com.android.launcher3.Hotseat{6171410 V.ED..... ........ 0,2667-1440,3216 #7f0a0241 app:id/hotseat aid=1073741897}]
1791568489.591 10312  6415  6415 V BaseDepthController: Applying blur: 0 to Surface(name=VRI-com.android.launcher3/com.android.launcher3.uioverrides.QuickstepLauncher#835)/@0xe3dda70 applyImmediately: false
1791568489.591 10312  6415  6415 D BaseDepthController: shouldBlurWorkspace: false targetState: Normal currentStableState: Background mCurrentBlur: 0 mLauncher.getDepthBlurTargets(): [com.android.launcher3.Workspace{772015b V.ED..... ........ 0,0-1440,3216 #7f0a054d app:id/workspace aid=1073741834}, com.android.launcher3.Hotseat{6171410 V.ED..... ........ 0,2667-1440,3216 #7f0a0241 app:id/hotseat aid=1073741897}]
1791568489.598  root  7802  9835 V BinderSender: Uid 99004 already starts
1791568489.599 10312  6415  6415 V BaseDepthController: Applying blur: 0 to Surface(name=VRI-com.android.launcher3/com.android.launcher3.uioverrides.QuickstepLauncher#835)/@0xe3dda70 applyImmediately: false
1791568489.599 10312  6415  6415 D BaseDepthController: shouldBlurWorkspace: false targetState: Normal currentStableState: Background mCurrentBlur: 0 mLauncher.getDepthBlurTargets(): [com.android.launcher3.Workspace{772015b V.ED..... ........ 0,0-1440,3216 #7f0a054d app:id/workspace aid=1073741834}, com.android.launcher3.Hotseat{6171410 V.ED..... ........ 0,2667-1440,3216 #7f0a0241 app:id/hotseat aid=1073741897}]
1791568489.608 10312  6415  6415 V BaseDepthController: Applying blur: 0 to Surface(name=VRI-com.android.launcher3/com.android.launcher3.uioverrides.QuickstepLauncher#835)/@0xe3dda70 applyImmediately: false
1791568489.608 10312  6415  6415 D BaseDepthController: shouldBlurWorkspace: false targetState: Normal currentStableState: Background mCurrentBlur: 0 mLauncher.getDepthBlurTargets(): [com.android.launcher3.Workspace{772015b V.ED..... ........ 0,0-1440,3216 #7f0a054d app:id/workspace aid=1073741834}, com.android.launcher3.Hotseat{6171410 V.ED..... ........ 0,2667-1440,3216 #7f0a0241 app:id/hotseat aid=1073741897}]
1791568489.616 10312  6415  6415 V BaseDepthController: Applying blur: 0 to Surface(name=VRI-com.android.launcher3/com.android.launcher3.uioverrides.QuickstepLauncher#835)/@0xe3dda70 applyImmediately: false
1791568489.616 10312  6415  6415 D BaseDepthController: shouldBlurWorkspace: false targetState: Normal currentStableState: Background mCurrentBlur: 0 mLauncher.getDepthBlurTargets(): [com.android.launcher3.Workspace{772015b V.ED..... ........ 0,0-1440,3216 #7f0a054d app:id/workspace aid=1073741834}, com.android.launcher3.Hotseat{6171410 V.ED..... ........ 0,2667-1440,3216 #7f0a0241 app:id/hotseat aid=1073741897}]
1791568489.628  root 12980 12998 I adbd    : opening control endpoint /dev/usb-ffs/adb/ep0
1791568489.629  1000  5328  5477 W ApplicationInfo: Large ApplicationInfo parcel: size=24372 package=com.zhiliaoapp.musically splits=69 sharedLibs=8 resDirs=6 overlayPaths=6
1791568489.628  root 12998 12998 I         : read descriptors
1791568489.628  root 12998 12998 I         : read strings
1791568489.631 10312  6415  6415 V BaseDepthController: Applying blur: 0 to Surface(name=VRI-com.android.launcher3/com.android.launcher3.uioverrides.QuickstepLauncher#835)/@0xe3dda70 applyImmediately: false
1791568489.631 10312  6415  6415 D BaseDepthController: shouldBlurWorkspace: false targetState: Normal currentStableState: Background mCurrentBlur: 0 mLauncher.getDepthBlurTargets(): [com.android.launcher3.Workspace{772015b V.ED..... ........ 0,0-1440,3216 #7f0a054d app:id/workspace aid=1073741834}, com.android.launcher3.Hotseat{6171410 V.ED..... ........ 0,2667-1440,3216 #7f0a0241 app:id/hotseat aid=1073741897}]
1791568489.632 10312  6415  6415 V BaseDepthController: Applying blur: 0 to Surface(name=VRI-com.android.launcher3/com.android.launcher3.uioverrides.QuickstepLauncher#835)/@0xe3dda70 applyImmediately: false
1791568489.632 10312  6415  6415 D BaseDepthController: shouldBlurWorkspace: false targetState: Normal currentStableState: Background mCurrentBlur: 0 mLauncher.getDepthBlurTargets(): [com.android.launcher3.Workspace{772015b V.ED..... ........ 0,0-1440,3216 #7f0a054d app:id/workspace aid=1073741834}, com.android.launcher3.Hotseat{6171410 V.ED..... ........ 0,2667-1440,3216 #7f0a0241 app:id/hotseat aid=1073741897}]
1791568489.639  1000  1633  1773 E minksocket: MinkIPC_QRTR_Service: client with node 1 port 4786 went down
1791568489.641 10312  6415  6415 V BaseDepthController: Applying blur: 0 to Surface(name=VRI-com.android.launcher3/com.android.launcher3.uioverrides.QuickstepLauncher#835)/@0xe3dda70 applyImmediately: false
1791568489.641 10312  6415  6415 D BaseDepthController: setEarlyWakeup: true
1791568489.641 10312  6415  6415 D BaseDepthController: shouldBlurWorkspace: false targetState: Normal currentStableState: Background mCurrentBlur: 0 mLauncher.getDepthBlurTargets(): [com.android.launcher3.Workspace{772015b V.ED..... ........ 0,0-1440,3216 #7f0a054d app:id/workspace aid=1073741834}, com.android.launcher3.Hotseat{6171410 V.ED..... ........ 0,2667-1440,3216 #7f0a0241 app:id/hotseat aid=1073741897}]
1791568489.641  1000  1633  1773 E minksocket: MinkIPC_QRTR_Service: client with node 1 port 4787 went down
1791568489.643  1000  1633  1773 E minksocket: MinkIPC_QRTR_Service: client with node 1 port 4788 went down
1791568489.649 10312  6415  6415 V BaseDepthController: Applying blur: 0 to Surface(name=VRI-com.android.launcher3/com.android.launcher3.uioverrides.QuickstepLauncher#835)/@0xe3dda70 applyImmediately: false
1791568489.649 10312  6415  6415 D BaseDepthController: shouldBlurWorkspace: false targetState: Normal currentStableState: Background mCurrentBlur: 0 mLauncher.getDepthBlurTargets(): [com.android.launcher3.Workspace{772015b V.ED..... ........ 0,0-1440,3216 #7f0a054d app:id/workspace aid=1073741834}, com.android.launcher3.Hotseat{6171410 V.ED..... ........ 0,2667-1440,3216 #7f0a0241 app:id/hotseat aid=1073741897}]
1791568489.652  1000  1633  1773 E minksocket: MinkIPC_QRTR_Service: client with node 1 port 478a went down
1791568489.653  1000  1633  1773 E minksocket: MinkIPC_QRTR_Service: client with node 1 port 478b went down
1791568489.654  1000  1633  1773 E minksocket: MinkIPC_QRTR_Service: client with node 1 port 478c went down
1791568489.658 10312  6415  6415 V BaseDepthController: Applying blur: 0 to Surface(name=VRI-com.android.launcher3/com.android.launcher3.uioverrides.QuickstepLauncher#835)/@0xe3dda70 applyImmediately: false
1791568489.658 10312  6415  6415 D BaseDepthController: shouldBlurWorkspace: false targetState: Normal currentStableState: Background mCurrentBlur: 0 mLauncher.getDepthBlurTargets(): [com.android.launcher3.Workspace{772015b V.ED..... ........ 0,0-1440,3216 #7f0a054d app:id/workspace aid=1073741834}, com.android.launcher3.Hotseat{6171410 V.ED..... ........ 0,2667-1440,3216 #7f0a0241 app:id/hotseat aid=1073741897}]
1791568489.665 10312  6415  6415 V BaseDepthController: Applying blur: 0 to Surface(name=VRI-com.android.launcher3/com.android.launcher3.uioverrides.QuickstepLauncher#835)/@0xe3dda70 applyImmediately: false
1791568489.666 10312  6415  6415 D BaseDepthController: shouldBlurWorkspace: false targetState: Normal currentStableState: Background mCurrentBlur: 0 mLauncher.getDepthBlurTargets(): [com.android.launcher3.Workspace{772015b V.ED..... ........ 0,0-1440,3216 #7f0a054d app:id/workspace aid=1073741834}, com.android.launcher3.Hotseat{6171410 V.ED..... ........ 0,2667-1440,3216 #7f0a0241 app:id/hotseat aid=1073741897}]
1791568489.675 10312  6415  6415 V BaseDepthController: Applying blur: 0 to Surface(name=VRI-com.android.launcher3/com.android.launcher3.uioverrides.QuickstepLauncher#835)/@0xe3dda70 applyImmediately: false
1791568489.675 10312  6415  6415 D BaseDepthController: shouldBlurWorkspace: false targetState: Normal currentStableState: Background mCurrentBlur: 0 mLauncher.getDepthBlurTargets(): [com.android.launcher3.Workspace{772015b V.ED..... ........ 0,0-1440,3216 #7f0a054d app:id/workspace aid=1073741834}, com.android.launcher3.Hotseat{6171410 V.ED..... ........ 0,2667-1440,3216 #7f0a0241 app:id/hotseat aid=1073741897}]
1791568489.682 10312  6415  6415 V BaseDepthController: Applying blur: 0 to Surface(name=VRI-com.android.launcher3/com.android.launcher3.uioverrides.QuickstepLauncher#835)/@0xe3dda70 applyImmediately: false
1791568489.682 10312  6415  6415 D BaseDepthController: shouldBlurWorkspace: false targetState: Normal currentStableState: Background mCurrentBlur: 0 mLauncher.getDepthBlurTargets(): [com.android.launcher3.Workspace{772015b V.ED..... ........ 0,0-1440,3216 #7f0a054d app:id/workspace aid=1073741834}, com.android.launcher3.Hotseat{6171410 V.ED..... ........ 0,2667-1440,3216 #7f0a0241 app:id/hotseat aid=1073741897}]
1791568489.690 10312  6415  6415 V BaseDepthController: Applying blur: 0 to Surface(name=VRI-com.android.launcher3/com.android.launcher3.uioverrides.QuickstepLauncher#835)/@0xe3dda70 applyImmediately: false
1791568489.690 10312  6415  6415 D BaseDepthController: shouldBlurWorkspace: false targetState: Normal currentStableState: Background mCurrentBlur: 0 mLauncher.getDepthBlurTargets(): [com.android.launcher3.Workspace{772015b V.ED..... ........ 0,0-1440,3216 #7f0a054d app:id/workspace aid=1073741834}, com.android.launcher3.Hotseat{6171410 V.ED..... ........ 0,2667-1440,3216 #7f0a0241 app:id/hotseat aid=1073741897}]
1791568489.699 10312  6415  6415 V BaseDepthController: Applying blur: 0 to Surface(name=VRI-com.android.launcher3/com.android.launcher3.uioverrides.QuickstepLauncher#835)/@0xe3dda70 applyImmediately: false
1791568489.700 10312  6415  6415 D BaseDepthController: shouldBlurWorkspace: false targetState: Normal currentStableState: Background mCurrentBlur: 0 mLauncher.getDepthBlurTargets(): [com.android.launcher3.Workspace{772015b V.ED..... ........ 0,0-1440,3216 #7f0a054d app:id/workspace aid=1073741834}, com.android.launcher3.Hotseat{6171410 V.ED..... ........ 0,2667-1440,3216 #7f0a0241 app:id/hotseat aid=1073741897}]
1791568489.707 10312  6415  6415 V BaseDepthController: Applying blur: 0 to Surface(name=VRI-com.android.launcher3/com.android.launcher3.uioverrides.QuickstepLauncher#835)/@0xe3dda70 applyImmediately: false
1791568489.707 10312  6415  6415 D BaseDepthController: shouldBlurWorkspace: false targetState: Normal currentStableState: Background mCurrentBlur: 0 mLauncher.getDepthBlurTargets(): [com.android.launcher3.Workspace{772015b V.ED..... ........ 0,0-1440,3216 #7f0a054d app:id/workspace aid=1073741834}, com.android.launcher3.Hotseat{6171410 V.ED..... ........ 0,2667-1440,3216 #7f0a0241 app:id/hotseat aid=1073741897}]
1791568489.710 10383  7960 10159 I floq    : (REDACTED) HDM. appOpsListener %s %s
1791568489.710 10383  7960 10159 I floq    : (REDACTED) HDM. Ignoring irrelevant audio permission changes for package %s
1791568489.715 10312  6415  6415 V BaseDepthController: Applying blur: 0 to Surface(name=VRI-com.android.launcher3/com.android.launcher3.uioverrides.QuickstepLauncher#835)/@0xe3dda70 applyImmediately: false
1791568489.716 10312  6415  6415 D BaseDepthController: shouldBlurWorkspace: false targetState: Normal currentStableState: Background mCurrentBlur: 0 mLauncher.getDepthBlurTargets(): [com.android.launcher3.Workspace{772015b V.ED..... ........ 0,0-1440,3216 #7f0a054d app:id/workspace aid=1073741834}, com.android.launcher3.Hotseat{6171410 V.ED..... ........ 0,2667-1440,3216 #7f0a0241 app:id/hotseat aid=1073741897}]
1791568489.725  1000  5328  5477 W ApplicationInfo: Large ApplicationInfo parcel: size=24372 package=com.zhiliaoapp.musically splits=69 sharedLibs=8 resDirs=6 overlayPaths=6
1791568489.726 10312  6415  6415 V BaseDepthController: Applying blur: 0 to Surface(name=VRI-com.android.launcher3/com.android.launcher3.uioverrides.QuickstepLauncher#835)/@0xe3dda70 applyImmediately: false
1791568489.726 10312  6415  6415 D BaseDepthController: shouldBlurWorkspace: false targetState: Normal currentStableState: Background mCurrentBlur: 0 mLauncher.getDepthBlurTargets(): [com.android.launcher3.Workspace{772015b V.ED..... ........ 0,0-1440,3216 #7f0a054d app:id/workspace aid=1073741834}, com.android.launcher3.Hotseat{6171410 V.ED..... ........ 0,2667-1440,3216 #7f0a0241 app:id/hotseat aid=1073741897}]
1791568489.732 10312  6415  6415 V BaseDepthController: Applying blur: 0 to Surface(name=VRI-com.android.launcher3/com.android.launcher3.uioverrides.QuickstepLauncher#835)/@0xe3dda70 applyImmediately: false
1791568489.732 10312  6415  6415 D BaseDepthController: shouldBlurWorkspace: false targetState: Normal currentStableState: Background mCurrentBlur: 0 mLauncher.getDepthBlurTargets(): [com.android.launcher3.Workspace{772015b V.ED..... ........ 0,0-1440,3216 #7f0a054d app:id/workspace aid=1073741834}, com.android.launcher3.Hotseat{6171410 V.ED..... ........ 0,2667-1440,3216 #7f0a0241 app:id/hotseat aid=1073741897}]
1791568489.741 10312  6415  6415 V BaseDepthController: Applying blur: 0 to Surface(name=VRI-com.android.launcher3/com.android.launcher3.uioverrides.QuickstepLauncher#835)/@0xe3dda70 applyImmediately: false
1791568489.741 10312  6415  6415 D BaseDepthController: shouldBlurWorkspace: false targetState: Normal currentStableState: Background mCurrentBlur: 0 mLauncher.getDepthBlurTargets(): [com.android.launcher3.Workspace{772015b V.ED..... ........ 0,0-1440,3216 #7f0a054d app:id/workspace aid=1073741834}, com.android.launcher3.Hotseat{6171410 V.ED..... ........ 0,2667-1440,3216 #7f0a0241 app:id/hotseat aid=1073741897}]
1791568489.749 10312  6415  6415 V BaseDepthController: Applying blur: 0 to Surface(name=VRI-com.android.launcher3/com.android.launcher3.uioverrides.QuickstepLauncher#835)/@0xe3dda70 applyImmediately: false
1791568489.749 10312  6415  6415 D BaseDepthController: shouldBlurWorkspace: false targetState: Normal currentStableState: Background mCurrentBlur: 0 mLauncher.getDepthBlurTargets(): [com.android.launcher3.Workspace{772015b V.ED..... ........ 0,0-1440,3216 #7f0a054d app:id/workspace aid=1073741834}, com.android.launcher3.Hotseat{6171410 V.ED..... ........ 0,2667-1440,3216 #7f0a0241 app:id/hotseat aid=1073741897}]
1791568489.761 10312  6415  6415 V BaseDepthController: Applying blur: 0 to Surface(name=VRI-com.android.launcher3/com.android.launcher3.uioverrides.QuickstepLauncher#835)/@0xe3dda70 applyImmediately: false
1791568489.761 10312  6415  6415 D BaseDepthController: shouldBlurWorkspace: false targetState: Normal currentStableState: Background mCurrentBlur: 0 mLauncher.getDepthBlurTargets(): [com.android.launcher3.Workspace{772015b V.ED..... ........ 0,0-1440,3216 #7f0a054d app:id/workspace aid=1073741834}, com.android.launcher3.Hotseat{6171410 V.ED..... ........ 0,2667-1440,3216 #7f0a0241 app:id/hotseat aid=1073741897}]
1791568489.766 10312  6415  6415 V BaseDepthController: Applying blur: 0 to Surface(name=VRI-com.android.launcher3/com.android.launcher3.uioverrides.QuickstepLauncher#835)/@0xe3dda70 applyImmediately: false
1791568489.767 10312  6415  6415 D BaseDepthController: shouldBlurWorkspace: false targetState: Normal currentStableState: Background mCurrentBlur: 0 mLauncher.getDepthBlurTargets(): [com.android.launcher3.Workspace{772015b V.ED..... ........ 0,0-1440,3216 #7f0a054d app:id/workspace aid=1073741834}, com.android.launcher3.Hotseat{6171410 V.ED..... ........ 0,2667-1440,3216 #7f0a0241 app:id/hotseat aid=1073741897}]
1791568489.774 10312  6415  6415 V BaseDepthController: Applying blur: 0 to Surface(name=VRI-com.android.launcher3/com.android.launcher3.uioverrides.QuickstepLauncher#835)/@0xe3dda70 applyImmediately: false
1791568489.774 10312  6415  6415 D BaseDepthController: shouldBlurWorkspace: false targetState: Normal currentStableState: Background mCurrentBlur: 0 mLauncher.getDepthBlurTargets(): [com.android.launcher3.Workspace{772015b V.ED..... ........ 0,0-1440,3216 #7f0a054d app:id/workspace aid=1073741834}, com.android.launcher3.Hotseat{6171410 V.ED..... ........ 0,2667-1440,3216 #7f0a0241 app:id/hotseat aid=1073741897}]
1791568489.791 10312  6415  6415 V BaseDepthController: Applying blur: 0 to Surface(name=VRI-com.android.launcher3/com.android.launcher3.uioverrides.QuickstepLauncher#835)/@0xe3dda70 applyImmediately: false
1791568489.791 10312  6415  6415 D BaseDepthController: shouldBlurWorkspace: false targetState: Normal currentStableState: Background mCurrentBlur: 0 mLauncher.getDepthBlurTargets(): [com.android.launcher3.Workspace{772015b V.ED..... ........ 0,0-1440,3216 #7f0a054d app:id/workspace aid=1073741834}, com.android.launcher3.Hotseat{6171410 V.ED..... ........ 0,2667-1440,3216 #7f0a0241 app:id/hotseat aid=1073741897}]
1791568489.799 10312  6415  6415 D b/417220811: Current thumbnail: null, replacing with android.graphics.Bitmap@288dfca
1791568489.800 10312  6415  6415 V BaseDepthController: Applying blur: 0 to Surface(name=VRI-com.android.launcher3/com.android.launcher3.uioverrides.QuickstepLauncher#835)/@0xe3dda70 applyImmediately: false
1791568489.800 10312  6415  6415 D BaseDepthController: shouldBlurWorkspace: false targetState: Normal currentStableState: Background mCurrentBlur: 0 mLauncher.getDepthBlurTargets(): [com.android.launcher3.Workspace{772015b V.ED..... ........ 0,0-1440,3216 #7f0a054d app:id/workspace aid=1073741834}, com.android.launcher3.Hotseat{6171410 V.ED..... ........ 0,2667-1440,3216 #7f0a0241 app:id/hotseat aid=1073741897}]
1791568489.800 10312  6415  6415 D RecentsView: cleanupRemoteTargets - mRemoteTargetHandles: [com.android.quickstep.RemoteTargetGluer$RemoteTargetHandle@8b3053b]
1791568489.801 10312  6415  6415 D StatsLog: LAUNCHER_HOME_GESTURE
1791568489.801 10303  5894  6285 V ShellRecents: [63776633] RecentsController.finishInner: toHome=true userLeave=true willFinishToHome=true state=0 hasPausingTasks=true reason=requested
1791568489.801 10303  5894  6285 V ShellRecents:   normal finish
1791568489.801 10303  5894  6285 V ShellRecents: [63776633] RecentsController.finishInner: Completing finish
1791568489.801 10303  5894  6285 V ShellRecents: [63776633] RecentsController.cleanup
1791568489.802 10303  5894  6285 D WindowManagerShell: PipDesktopState: Recents transition state changed: TRANSITION_STATE_NOT_RUNNING
1791568489.802 10312  6415  6415 D RecentsView: setRecentsAnimationTargets - recentsAnimationController: null, recentsAnimationTargets: null
1791568489.802 10303  5894  6285 V ShellDesktopMode: DesktopTasksController: Recents transition state changed: TRANSITION_STATE_NOT_RUNNING
1791568489.802 10303  5894  6285 V WindowManagerShell: Transition animation finished (aborted=false), notifying core (#54) android.os.BinderProxy@4154c40@0
1791568489.807 10312  6415  6415 V BaseDepthController: Applying blur: 0 to Surface(name=VRI-com.android.launcher3/com.android.launcher3.uioverrides.QuickstepLauncher#835)/@0xe3dda70 applyImmediately: false
1791568489.807 10312  6415  6415 D BaseDepthController: shouldBlurWorkspace: false targetState: Normal currentStableState: Background mCurrentBlur: 0 mLauncher.getDepthBlurTargets(): [com.android.launcher3.Workspace{772015b V.ED..... ........ 0,0-1440,3216 #7f0a054d app:id/workspace aid=1073741834}, com.android.launcher3.Hotseat{6171410 V.ED..... ........ 0,2667-1440,3216 #7f0a0241 app:id/hotseat aid=1073741897}]
1791568489.814  1000  5328  5374 V WindowManager: Finish Transition (#54): created at 10-09 20:54:49.464 collect-started=0.224ms started=0.28ms ready=10.675ms sent=15.087ms commit=43.879ms finished=347.31ms
1791568489.815 10312  6415  6415 V BaseDepthController: Applying blur: 0 to Surface(name=VRI-com.android.launcher3/com.android.launcher3.uioverrides.QuickstepLauncher#835)/@0xe3dda70 applyImmediately: false
1791568489.815 10312  6415  6415 D BaseDepthController: shouldBlurWorkspace: false targetState: Normal currentStableState: Background mCurrentBlur: 0 mLauncher.getDepthBlurTargets(): [com.android.launcher3.Workspace{772015b V.ED..... ........ 0,0-1440,3216 #7f0a054d app:id/workspace aid=1073741834}, com.android.launcher3.Hotseat{6171410 V.ED..... ........ 0,2667-1440,3216 #7f0a0241 app:id/hotseat aid=1073741897}]
1791568489.819  1000  1682  1682 I QTI PowerHAL: Power setMode: 5 to: 0
1791568489.821 10303  5894  6285 V WindowManagerShell: Track 0 became idle
1791568489.821 10303  5894  6285 V WindowManagerShell: All active transition animations finished
1791568489.821 10303  5894  6285 V ShellRecents: [63776633] RecentsController.finishInner: calling finish callback
1791568489.822 10312  6415  6415 D ContextTracker: Unregistering callback: com.android.quickstep.util.ContextInitListener@6fcfa40, reason=AbsSwipeUpHandler.invalidateHandler
1791568489.822 10312  6415  6415 D RecentsView: updateTaskStackListenerState: false
1791568489.823 10312  6415  6415 D OverviewActionsView: updateForGroupedTask() called with: isGroupedTask = [false], canSaveAppPair = [false]
1791568489.823 10312  6415  6415 D OverviewActionsView: updateActionButtonsVisibility() called: showSingleTaskActions = [true], showGroupActions = [false]
1791568489.823 10312  6415  6415 D OverviewActionsView: updateForGroupedTask() called with: isGroupedTask = [false], canSaveAppPair = [false]
1791568489.823 10312  6415  6415 D OverviewActionsView: updateActionButtonsVisibility() called: showSingleTaskActions = [true], showGroupActions = [false]
1791568489.823 10312  6415  6415 D RecentsView: onGestureAnimationEnd - mEnableDrawingLiveTile: false
1791568489.825 10312  6415  6415 V BaseDepthController: Applying blur: 0 to Surface(name=VRI-com.android.launcher3/com.android.launcher3.uioverrides.QuickstepLauncher#835)/@0xe3dda70 applyImmediately: false
1791568489.825 10312  6415  6415 D BaseDepthController: shouldBlurWorkspace: false targetState: Normal currentStableState: Background mCurrentBlur: 0 mLauncher.getDepthBlurTargets(): [com.android.launcher3.Workspace{772015b V.ED..... ........ 0,0-1440,3216 #7f0a054d app:id/workspace aid=1073741834}, com.android.launcher3.Hotseat{6171410 V.ED..... ........ 0,2667-1440,3216 #7f0a0241 app:id/hotseat aid=1073741897}]
1791568489.826 10312  6415  6415 D TaskThumbnailView: [TaskThumbnailView@9e29e99] taskId: 22 - uiState changed from: LiveTile to: SnapshotSplash(snapshot=Snapshot(bitmap=android.graphics.Bitmap@288dfca, thumbnailRotation=0, backgroundColor=-15134196), splash=com.android.launcher3.icons.FastBitmapDrawable@b48ad3c)
1791568489.832 10312  6415  6415 V BaseDepthController: Applying blur: 0 to Surface(name=VRI-com.android.launcher3/com.android.launcher3.uioverrides.QuickstepLauncher#835)/@0xe3dda70 applyImmediately: false
1791568489.832 10312  6415  6415 D BaseDepthController: shouldBlurWorkspace: false targetState: Normal currentStableState: Background mCurrentBlur: 0 mLauncher.getDepthBlurTargets(): [com.android.launcher3.Workspace{772015b V.ED..... ........ 0,0-1440,3216 #7f0a054d app:id/workspace aid=1073741834}, com.android.launcher3.Hotseat{6171410 V.ED..... ........ 0,2667-1440,3216 #7f0a0241 app:id/hotseat aid=1073741897}]
1791568489.835 10761 23794 23794 D VRI[MainActivity]: visibilityChanged oldVisibility=true newVisibility=false
1791568489.838  1000  5328  5377 V WindowManager: Unknown focus tokens, dropping reportFocusChanged
1791568489.840 10312  6415  6415 V BaseDepthController: Applying blur: 0 to Surface(name=VRI-com.android.launcher3/com.android.launcher3.uioverrides.QuickstepLauncher#835)/@0xe3dda70 applyImmediately: false
1791568489.840 10312  6415  6415 D BaseDepthController: shouldBlurWorkspace: false targetState: Normal currentStableState: Background mCurrentBlur: 0 mLauncher.getDepthBlurTargets(): [com.android.launcher3.Workspace{772015b V.ED..... ........ 0,0-1440,3216 #7f0a054d app:id/workspace aid=1073741834}, com.android.launcher3.Hotseat{6171410 V.ED..... ........ 0,2667-1440,3216 #7f0a0241 app:id/hotseat aid=1073741897}]
1791568489.842 10761 23794 23794 D WindowOnBackDispatcher: setTopOnBackInvokedCallback (unwrapped): android.app.Activity$$ExternalSyntheticLambda0@eb8deb4
1791568489.842  1000  5328  5515 D CoreBackPreview: Window{a8ff4c u0 com.f0x1d.logfox/com.f0x1d.logfox.presentation.ui.activity.MainActivity}: Setting back callback OnBackInvokedCallbackInfo{mCallback=android.window.IOnBackInvokedCallback$Stub$Proxy@dd90028, mPriority=-1, mIsAnimationCallback=false, mOverrideBehavior=0}
1791568489.844 10312  6415  6415 W ImeBackCallbackProxy: Ime callback not found. Ignoring unregisterReceivedCallback. callbackId: 145705455 remaining callbacks: 0
1791568489.846  1000  5328  5544 I ImeTracker: com.android.launcher3:581ec94f: onRequestHide at ORIGIN_SERVER reason HIDE_UNSPECIFIED_WINDOW fromUser false userId 0 displayId 0
1791568489.848 10384  8017  8017 I SubtypeOperator: SubtypeOperator$1.onUnbindInput():43
1791568489.849 10312  6415  6415 V BaseDepthController: Applying blur: 0 to Surface(name=VRI-com.android.launcher3/com.android.launcher3.uioverrides.QuickstepLauncher#835)/@0xe3dda70 applyImmediately: false
1791568489.849 10312  6415  6415 D BaseDepthController: shouldBlurWorkspace: false targetState: Normal currentStableState: Background mCurrentBlur: 0 mLauncher.getDepthBlurTargets(): [com.android.launcher3.Workspace{772015b V.ED..... .......D 0,0-1440,3216 #7f0a054d app:id/workspace aid=1073741834}, com.android.launcher3.Hotseat{6171410 V.ED..... .......D 0,2667-1440,3216 #7f0a0241 app:id/hotseat aid=1073741897}]
1791568489.850  1000  5328  5544 W InputChannel-JNI: Channel already disposed.
1791568489.851 10384  8017  8017 I SubtypeOperator: SubtypeOperator$1.onBindInput():33
1791568489.853 10312  6415  6415 D InsetsController: hide(ime())
1791568489.853 10312  6415  6415 I ImeTracker: com.android.launcher3:581ec94f: onCancelled at PHASE_CLIENT_ALREADY_HIDDEN
1791568489.857 10384  8017  8017 I GoogleInputMethodService: GoogleInputMethodService.onFinishInput():2404
1791568489.857 10312  6415  6415 V BaseDepthController: Applying blur: 0 to Surface(name=VRI-com.android.launcher3/com.android.launcher3.uioverrides.QuickstepLauncher#835)/@0xe3dda70 applyImmediately: false
1791568489.857  1000  5328  7388 I ImeTracker: system_server:876ef66e: onRequestHide at ORIGIN_SERVER reason IME_REQUESTED_CHANGED_LISTENER fromUser false displayId 0
1791568489.857 10312  6415  6415 D BaseDepthController: shouldBlurWorkspace: false targetState: Normal currentStableState: Background mCurrentBlur: 0 mLauncher.getDepthBlurTargets(): [com.android.launcher3.Workspace{772015b V.ED..... ........ 0,0-1440,3216 #7f0a054d app:id/workspace aid=1073741834}, com.android.launcher3.Hotseat{6171410 V.ED..... .......D 0,2667-1440,3216 #7f0a0241 app:id/hotseat aid=1073741897}]
1791568489.858  1000  5328  5377 I ImeTracker: system_server:876ef66e: onCancelled at PHASE_SERVER_SHOULD_HIDE
1791568489.859 10384  8017  8017 I GoogleInputMethodService: GoogleInputMethodService.onStartInput():1552 onStartInput(EditorInfo{EditorInfo{packageName=com.android.launcher3, inputType=0, inputTypeString=NULL, enableLearning=false, autoCorrection=false, autoComplete=false, imeOptions=0, privateImeOptions=null, actionName=UNSPECIFIED, actionLabel=null, initialSelStart=-1, initialSelEnd=-1, initialCapsMode=0, label=null, fieldId=0, fieldName=null, extras=null, hintText=null, hintLocales=[]}}, false)
1791568489.859 10384  8017  8725 I Module  : DeviceLockedStatusModuleProvider$Module.updateDeviceLockedStatusInternal():119 repeatCheckTimes = 0, locked = false
1791568489.860 10384  8017  8017 I LatinInputMethodServiceBase: LatinInputMethodServiceBase.updateInputViewCoverNavigation():360 Update input view padding, isNavbarOverInputWindow=true, bottom inset=134
1791568489.864  1000  5328  7172 W PackageConfigPersister: App-specific configuration not found for packageName: com.android.launcher3 and userId: 0
1791568489.866 10384  8017  8575 I Module  : DeviceLockedStatusModuleProvider$Module.updateDeviceLockedStatusInternal():119 repeatCheckTimes = 1, locked = false
1791568489.874 10312  6415  6415 V BaseDepthController: Applying blur: 0 to Surface(name=VRI-com.android.launcher3/com.android.launcher3.uioverrides.QuickstepLauncher#835)/@0xe3dda70 applyImmediately: false
1791568489.874 10312  6415  6415 D BaseDepthController: shouldBlurWorkspace: false targetState: Normal currentStableState: Background mCurrentBlur: 0 mLauncher.getDepthBlurTargets(): [com.android.launcher3.Workspace{772015b V.ED..... ........ 0,0-1440,3216 #7f0a054d app:id/workspace aid=1073741834}, com.android.launcher3.Hotseat{6171410 V.ED..... ........ 0,2667-1440,3216 #7f0a0241 app:id/hotseat aid=1073741897}]
1791568489.882 10312  6415  6415 V BaseDepthController: Applying blur: 0 to Surface(name=VRI-com.android.launcher3/com.android.launcher3.uioverrides.QuickstepLauncher#835)/@0xe3dda70 applyImmediately: false
1791568489.882 10312  6415  6415 D BaseDepthController: shouldBlurWorkspace: false targetState: Normal currentStableState: Background mCurrentBlur: 0 mLauncher.getDepthBlurTargets(): [com.android.launcher3.Workspace{772015b V.ED..... ........ 0,0-1440,3216 #7f0a054d app:id/workspace aid=1073741834}, com.android.launcher3.Hotseat{6171410 V.ED..... ........ 0,2667-1440,3216 #7f0a0241 app:id/hotseat aid=1073741897}]
1791568489.884  1000  5328  6308 W ApplicationInfo: Large ApplicationInfo parcel: size=24372 package=com.zhiliaoapp.musically splits=69 sharedLibs=8 resDirs=6 overlayPaths=6
1791568489.887 10312  6415  6435 W System  : A resource failed to call release.
1791568489.887 10312  6415  6435 W System  : A resource failed to call release.
1791568489.887 10312  6415  6435 W System  : A resource failed to call release.
1791568489.887 10312  6415  6435 W System  : A resource failed to call release.
1791568489.889 10312  6415  6435 W System  : A resource failed to call release.
1791568489.889 10312  6415  6435 W System  : A resource failed to call release.
1791568489.889 10312  6415  6435 W System  : A resource failed to call release.
1791568489.889 10312  6415  6435 W System  : A resource failed to call release.
1791568489.889 10312  6415  6435 W System  : A resource failed to call HardwareBuffer.close.
1791568489.898 10312  6415  6415 V BaseDepthController: Applying blur: 0 to Surface(name=VRI-com.android.launcher3/com.android.launcher3.uioverrides.QuickstepLauncher#835)/@0xe3dda70 applyImmediately: false
1791568489.899 10312  6415  6415 D BaseDepthController: shouldBlurWorkspace: false targetState: Normal currentStableState: Background mCurrentBlur: 0 mLauncher.getDepthBlurTargets(): [com.android.launcher3.Workspace{772015b V.ED..... ........ 0,0-1440,3216 #7f0a054d app:id/workspace aid=1073741834}, com.android.launcher3.Hotseat{6171410 V.ED..... ........ 0,2667-1440,3216 #7f0a0241 app:id/hotseat aid=1073741897}]
1791568489.915 10312  6415  6415 V BaseDepthController: Applying blur: 0 to Surface(name=VRI-com.android.launcher3/com.android.launcher3.uioverrides.QuickstepLauncher#835)/@0xe3dda70 applyImmediately: false
1791568489.915 10312  6415  6415 D BaseDepthController: shouldBlurWorkspace: false targetState: Normal currentStableState: Background mCurrentBlur: 0 mLauncher.getDepthBlurTargets(): [com.android.launcher3.Workspace{772015b V.ED..... ........ 0,0-1440,3216 #7f0a054d app:id/workspace aid=1073741834}, com.android.launcher3.Hotseat{6171410 V.ED..... ........ 0,2667-1440,3216 #7f0a0241 app:id/hotseat aid=1073741897}]
1791568489.916 10303  5894  6285 V RecentTasksController: Notify recent tasks changed
1791568489.917 10312  6415  6415 D RecentTasksList: invalidateLoadedTasks - previous requestLoadId: -1
1791568489.924 10303  5894  6285 V RecentTasksController: generateList(getRecentTasks)
1791568489.924 10303  5894  6285 V RecentTasksController: initializeDesksMap - allDeskIds: []
1791568489.924 10303  5894  6285 V RecentTasksController: Task 22 is not an active desktop task
1791568489.924 10303  5894  6285 V RecentTasksController: Added fullscreen task: 22
1791568489.924 10303  5894  6285 V RecentTasksController: Task 21 is not an active desktop task
1791568489.924 10303  5894  6285 V RecentTasksController: Added fullscreen task: 21
1791568489.924 10303  5894  6285 V RecentTasksController: Task 15 is not an active desktop task
1791568489.924 10303  5894  6285 V RecentTasksController: Added fullscreen task: 15
1791568489.924 10303  5894  6285 V RecentTasksController: generateList - complete
1791568489.926 10312  6415  6473 D PreloadThumbnailUseCase: Preloading thumbnails for task ids: [[id=15 windowingMode=1 user=0 lastActiveTime=506778] null, [id=21 windowingMode=1 user=0 lastActiveTime=535332] null, [id=22 windowingMode=1 user=0 lastActiveTime=540487] null]
1791568489.935  1000  5328  5651 I Surface : Creating surface for consumer unnamed-5328-18 with slotExpansion=1 for 64 slots
1791568489.935  1000  5328  5651 I Surface : Creating surface for consumer ImageReader-1440x3216f1m1-5328-17 with slotExpansion=1 for 64 slots
1791568489.935  1000  5328  5651 W ImageReader_JNI: Unable to acquire a buffer item, very likely client tried to acquire more than maxImages buffers
1791568489.944  1000  5328  5477 W ApplicationInfo: Large ApplicationInfo parcel: size=24372 package=com.zhiliaoapp.musically splits=69 sharedLibs=8 resDirs=6 overlayPaths=6
1791568489.947 10312  6415  6415 V BaseDepthController: Applying blur: 0 to Surface(name=VRI-com.android.launcher3/com.android.launcher3.uioverrides.QuickstepLauncher#835)/@0xe3dda70 applyImmediately: false
1791568489.947 10312  6415  6415 D BaseDepthController: shouldBlurWorkspace: false targetState: Normal currentStableState: Background mCurrentBlur: 0 mLauncher.getDepthBlurTargets(): [com.android.launcher3.Workspace{772015b V.ED..... ........ 0,0-1440,3216 #7f0a054d app:id/workspace aid=1073741834}, com.android.launcher3.Hotseat{6171410 V.ED..... ........ 0,2667-1440,3216 #7f0a0241 app:id/hotseat aid=1073741897}]
1791568489.971  1000  5328  5651 E ConsumerBase: [ImageReader-1440x3216f1m1-5328-17] abandonLocked: ConsumerBase is abandoned!
1791568489.974 10312  6415  6415 V BaseDepthController: Applying blur: 0 to Surface(name=VRI-com.android.launcher3/com.android.launcher3.uioverrides.QuickstepLauncher#835)/@0xe3dda70 applyImmediately: false
1791568489.974 10312  6415  6415 D BaseDepthController: setEarlyWakeup: false
1791568489.974 10312  6415  6415 D BaseDepthController: shouldBlurWorkspace: false targetState: Normal currentStableState: Background mCurrentBlur: 0 mLauncher.getDepthBlurTargets(): [com.android.launcher3.Workspace{772015b V.ED..... ........ 0,0-1440,3216 #7f0a054d app:id/workspace aid=1073741834}, com.android.launcher3.Hotseat{6171410 V.ED..... ........ 0,2667-1440,3216 #7f0a0241 app:id/hotseat aid=1073741897}]
1791568490.002  1000  5328  5328 W AccessibilityManagerService:  wait for adding window timeout: 13
1791568490.018  1000  5328  6308 W ApplicationInfo: Large ApplicationInfo parcel: size=24372 package=com.zhiliaoapp.musically splits=69 sharedLibs=8 resDirs=6 overlayPaths=6
1791568490.058 10312  6415  6415 D ScalingWorkspaceRevealAnim: onAnimationEnd, workspace and hotseat are visible
1791568490.058 10312  6415  6415 V BaseDepthController: Applying blur: 0 to Surface(name=VRI-com.android.launcher3/com.android.launcher3.uioverrides.QuickstepLauncher#835)/@0xe3dda70 applyImmediately: false
1791568490.059 10312  6415  6415 D BaseDepthController: shouldBlurWorkspace: false targetState: Normal currentStableState: Background mCurrentBlur: 0 mLauncher.getDepthBlurTargets(): [com.android.launcher3.Workspace{772015b V.ED..... ......ID 0,0-1440,3216 #7f0a054d app:id/workspace aid=1073741834}, com.android.launcher3.Hotseat{6171410 V.ED..... ......ID 0,2667-1440,3216 #7f0a0241 app:id/hotseat aid=1073741897}]
1791568490.060 10312  6415  6415 D RecentsView: reset - mEnableDrawingLiveTile: false, mRecentsAnimationController: null
1791568490.060 10312  6415  6415 D TaskThumbnailView: [TaskThumbnailView@9e29e99] taskId: null - uiState changed from: SnapshotSplash(snapshot=Snapshot(bitmap=android.graphics.Bitmap@288dfca, thumbnailRotation=0, backgroundColor=-15134196), splash=com.android.launcher3.icons.FastBitmapDrawable@b48ad3c) to: Uninitialized
1791568490.060 10312  6415  6415 D TaskThumbnailView: [TaskThumbnailView@ad1b7df] taskId: null - uiState changed from: SnapshotSplash(snapshot=Snapshot(bitmap=android.graphics.Bitmap@9b6ee23, thumbnailRotation=0, backgroundColor=-1), splash=com.android.launcher3.icons.FastBitmapDrawable@2f1e538) to: Uninitialized
1791568490.061 10312  6415  6415 D TaskThumbnailView: [TaskThumbnailView@4b2f6d7] taskId: null - uiState changed from: SnapshotSplash(snapshot=Snapshot(bitmap=android.graphics.Bitmap@ab71bb4, thumbnailRotation=0, backgroundColor=-14211289), splash=com.android.launcher3.icons.FastBitmapDrawable@625d911) to: Uninitialized
1791568490.061 10312  6415  6415 D TaskThumbnailView: [TaskThumbnailView@9c3f2fb] taskId: null - uiState changed from: BackgroundOnly(backgroundColor=-15790321) to: Uninitialized
1791568490.063 10312  6415  6415 D OverviewActionsView: updateForGroupedTask() called with: isGroupedTask = [false], canSaveAppPair = [false]
1791568490.063 10312  6415  6415 D OverviewActionsView: updateActionButtonsVisibility() called: showSingleTaskActions = [true], showGroupActions = [false]
1791568490.063 10312  6415  6415 D TasksRepository: updateTaskRequests to: [], removed: [21, 22, 15], added: []
1791568490.063 10312  6415  6415 I TasksRepository: removeTasks: [21, 22, 15]
1791568490.081 10312  6415  6415 D CellLayout: Adding view to ShortcutsAndWidgetsContainer: com.android.launcher3.BubbleTextView{66fb04b VFED..CL. ......ID 0,0-171,221 #47}
1791568490.081 10312  6415  6415 D CellLayout: Adding view to ShortcutsAndWidgetsContainer: com.android.launcher3.BubbleTextView{a471a28 VFED..CL. ......ID 216,0-387,221 #1b}
1791568490.081 10312  6415  6415 D CellLayout: Adding view to ShortcutsAndWidgetsContainer: com.android.launcher3.BubbleTextView{d2e8341 VFED..CL. ......ID 432,0-603,221 #127}
1791568490.081 10312  6415  6415 D CellLayout: Adding view to ShortcutsAndWidgetsContainer: com.android.launcher3.BubbleTextView{e74645c VFED..CL. ......ID 648,0-819,221 #13e}
1791568490.085 10312  6415  6415 D b/383526431: animateOpen: content child count before: 4
1791568490.085 10312  6415  6415 D b/383526431: animateOpen: content child count after pending page changes: 4
1791568490.085 10312  6415  6415 D b/383526431: animateOpen: content child count after cancelling animation: 4
1791568490.086 10312  6415  6415 V BaseDepthController: Applying blur: 0 to Surface(name=VRI-com.android.launcher3/com.android.launcher3.uioverrides.QuickstepLauncher#835)/@0xe3dda70 applyImmediately: false
1791568490.086 10312  6415  6415 D BaseDepthController: shouldBlurWorkspace: false targetState: Normal currentStableState: Normal mCurrentBlur: 0 mLauncher.getDepthBlurTargets(): [com.android.launcher3.Workspace{772015b V.ED..... ........ 0,0-1440,3216 #7f0a054d app:id/workspace aid=1073741834}, com.android.launcher3.Hotseat{6171410 V.ED..... .......D 0,2667-1440,3216 #7f0a0241 app:id/hotseat aid=1073741897}]
1791568490.086 10312  6415  6415 D b/311077782: Folder.animateOpen
1791568490.086 10312  6415  6415 V BaseDepthController: Applying blur: 0 to Surface(name=VRI-com.android.launcher3/com.android.launcher3.uioverrides.QuickstepLauncher#835)/@0xe3dda70 applyImmediately: false
1791568490.086 10312  6415  6415 D BaseDepthController: shouldBlurWorkspace: false targetState: Normal currentStableState: Normal mCurrentBlur: 0 mLauncher.getDepthBlurTargets(): [com.android.launcher3.Workspace{772015b V.ED..... .......D 0,0-1440,3216 #7f0a054d app:id/workspace aid=1073741834}, com.android.launcher3.Hotseat{6171410 V.ED..... ......ID 0,2667-1440,3216 #7f0a0241 app:id/hotseat aid=1073741897}]
1791568490.087 10312  6415  6415 V BaseDepthController: Applying blur: 0 to Surface(name=VRI-com.android.launcher3/com.android.launcher3.uioverrides.QuickstepLauncher#835)/@0xe3dda70 applyImmediately: false
1791568490.087 10312  6415  6415 D BaseDepthController: shouldBlurWorkspace: false targetState: Normal currentStableState: Normal mCurrentBlur: 0 mLauncher.getDepthBlurTargets(): [com.android.launcher3.Workspace{772015b V.ED..... .......D 0,0-1440,3216 #7f0a054d app:id/workspace aid=1073741834}, com.android.launcher3.Hotseat{6171410 V.ED..... ......ID 0,2667-1440,3216 #7f0a0241 app:id/hotseat aid=1073741897}]
1791568490.087 10312  6415  6415 V BaseDepthController: Applying blur: 0 to Surface(name=VRI-com.android.launcher3/com.android.launcher3.uioverrides.QuickstepLauncher#835)/@0xe3dda70 applyImmediately: false
1791568490.087 10312  6415  6415 D BaseDepthController: shouldBlurWorkspace: false targetState: Normal currentStableState: Normal mCurrentBlur: 0 mLauncher.getDepthBlurTargets(): [com.android.launcher3.Workspace{772015b V.ED..... .......D 0,0-1440,3216 #7f0a054d app:id/workspace aid=1073741834}, com.android.launcher3.Hotseat{6171410 V.ED..... ......ID 0,2667-1440,3216 #7f0a0241 app:id/hotseat aid=1073741897}]
1791568490.087 10312  6415  6415 V BaseDepthController: Applying blur: 0 to Surface(name=VRI-com.android.launcher3/com.android.launcher3.uioverrides.QuickstepLauncher#835)/@0xe3dda70 applyImmediately: false
1791568490.087 10312  6415  6415 D BaseDepthController: shouldBlurWorkspace: false targetState: Normal currentStableState: Normal mCurrentBlur: 0 mLauncher.getDepthBlurTargets(): [com.android.launcher3.Workspace{772015b V.ED..... .......D 0,0-1440,3216 #7f0a054d app:id/workspace aid=1073741834}, com.android.launcher3.Hotseat{6171410 V.ED..... ......ID 0,2667-1440,3216 #7f0a0241 app:id/hotseat aid=1073741897}]
1791568490.087 10312  6415  6415 V BaseDepthController: Applying blur: 0 to Surface(name=VRI-com.android.launcher3/com.android.launcher3.uioverrides.QuickstepLauncher#835)/@0xe3dda70 applyImmediately: false
1791568490.087 10312  6415  6415 D BaseDepthController: shouldBlurWorkspace: false targetState: Normal currentStableState: Normal mCurrentBlur: 0 mLauncher.getDepthBlurTargets(): [com.android.launcher3.Workspace{772015b V.ED..... .......D 0,0-1440,3216 #7f0a054d app:id/workspace aid=1073741834}, com.android.launcher3.Hotseat{6171410 V.ED..... ......ID 0,2667-1440,3216 #7f0a0241 app:id/hotseat aid=1073741897}]
1791568490.087 10312  6415  6415 D StatsLog: LAUNCHER_FOLDER_OPEN
1791568490.090 10312  6415  6415 V BaseDepthController: Applying blur: 0 to Surface(name=VRI-com.android.launcher3/com.android.launcher3.uioverrides.QuickstepLauncher#835)/@0xe3dda70 applyImmediately: false
1791568490.090 10312  6415  6415 D BaseDepthController: shouldBlurWorkspace: false targetState: Normal currentStableState: Normal mCurrentBlur: 0 mLauncher.getDepthBlurTargets(): [com.android.launcher3.Workspace{772015b V.ED..... ........ 0,0-1440,3216 #7f0a054d app:id/workspace aid=1073741834}, com.android.launcher3.Hotseat{6171410 V.ED..... ........ 0,2667-1440,3216 #7f0a0241 app:id/hotseat aid=1073741897}]
1791568490.097  1000  5328  5544 W InputChannel-JNI: Channel already disposed.
1791568490.097 10384  8017  8017 I GoogleInputMethodService: GoogleInputMethodService.onFinishInput():2404
1791568490.098 10384  8017  8017 I GoogleInputMethodService: GoogleInputMethodService.onStartInput():1552 onStartInput(EditorInfo{EditorInfo{packageName=com.android.launcher3, inputType=0, inputTypeString=NULL, enableLearning=false, autoCorrection=false, autoComplete=false, imeOptions=0, privateImeOptions=null, actionName=UNSPECIFIED, actionLabel=null, initialSelStart=-1, initialSelEnd=-1, initialCapsMode=0, label=null, fieldId=0, fieldName=null, extras=null, hintText=null, hintLocales=[]}}, false)
1791568490.098 10384  8017  8017 I LatinInputMethodServiceBase: LatinInputMethodServiceBase.updateInputViewCoverNavigation():360 Update input view padding, isNavbarOverInputWindow=true, bottom inset=134
1791568490.098 10312  6415  6415 V BaseDepthController: Applying blur: 0 to Surface(name=VRI-com.android.launcher3/com.android.launcher3.uioverrides.QuickstepLauncher#835)/@0xe3dda70 applyImmediately: false
1791568490.098 10312  6415  6415 D BaseDepthController: shouldBlurWorkspace: false targetState: Normal currentStableState: Normal mCurrentBlur: 0 mLauncher.getDepthBlurTargets(): [com.android.launcher3.Workspace{772015b V.ED..... ........ 0,0-1440,3216 #7f0a054d app:id/workspace aid=1073741834}, com.android.launcher3.Hotseat{6171410 V.ED..... ........ 0,2667-1440,3216 #7f0a0241 app:id/hotseat aid=1073741897}]
1791568490.099 10384  8017  8708 I Module  : DeviceLockedStatusModuleProvider$Module.updateDeviceLockedStatusInternal():119 repeatCheckTimes = 0, locked = false
1791568490.100 10384  8017  8708 I Module  : DeviceLockedStatusModuleProvider$Module.updateDeviceLockedStatusInternal():119 repeatCheckTimes = 1, locked = false
1791568490.104  1000  5328  5477 W PackageConfigPersister: App-specific configuration not found for packageName: com.android.launcher3 and userId: 0
1791568490.106 10312  6415  6415 V BaseDepthController: Applying blur: 0 to Surface(name=VRI-com.android.launcher3/com.android.launcher3.uioverrides.QuickstepLauncher#835)/@0xe3dda70 applyImmediately: false
1791568490.106 10312  6415  6415 D BaseDepthController: shouldBlurWorkspace: false targetState: Normal currentStableState: Normal mCurrentBlur: 0 mLauncher.getDepthBlurTargets(): [com.android.launcher3.Workspace{772015b V.ED..... ........ 0,0-1440,3216 #7f0a054d app:id/workspace aid=1073741834}, com.android.launcher3.Hotseat{6171410 V.ED..... ........ 0,2667-1440,3216 #7f0a0241 app:id/hotseat aid=1073741897}]
1791568490.115 10312  6415  6415 V BaseDepthController: Applying blur: 0 to Surface(name=VRI-com.android.launcher3/com.android.launcher3.uioverrides.QuickstepLauncher#835)/@0xe3dda70 applyImmediately: false
1791568490.116 10312  6415  6415 D BaseDepthController: shouldBlurWorkspace: false targetState: Normal currentStableState: Normal mCurrentBlur: 0 mLauncher.getDepthBlurTargets(): [com.android.launcher3.Workspace{772015b V.ED..... ........ 0,0-1440,3216 #7f0a054d app:id/workspace aid=1073741834}, com.android.launcher3.Hotseat{6171410 V.ED..... ........ 0,2667-1440,3216 #7f0a0241 app:id/hotseat aid=1073741897}]
1791568490.123 10312  6415  6415 V BaseDepthController: Applying blur: 0 to Surface(name=VRI-com.android.launcher3/com.android.launcher3.uioverrides.QuickstepLauncher#835)/@0xe3dda70 applyImmediately: false
1791568490.123 10312  6415  6415 D BaseDepthController: shouldBlurWorkspace: false targetState: Normal currentStableState: Normal mCurrentBlur: 0 mLauncher.getDepthBlurTargets(): [com.android.launcher3.Workspace{772015b V.ED..... ........ 0,0-1440,3216 #7f0a054d app:id/workspace aid=1073741834}, com.android.launcher3.Hotseat{6171410 V.ED..... ........ 0,2667-1440,3216 #7f0a0241 app:id/hotseat aid=1073741897}]
1791568490.132 10312  6415  6415 V BaseDepthController: Applying blur: 0 to Surface(name=VRI-com.android.launcher3/com.android.launcher3.uioverrides.QuickstepLauncher#835)/@0xe3dda70 applyImmediately: false
1791568490.132 10312  6415  6415 D BaseDepthController: shouldBlurWorkspace: false targetState: Normal currentStableState: Normal mCurrentBlur: 0 mLauncher.getDepthBlurTargets(): [com.android.launcher3.Workspace{772015b V.ED..... ........ 0,0-1440,3216 #7f0a054d app:id/workspace aid=1073741834}, com.android.launcher3.Hotseat{6171410 V.ED..... ........ 0,2667-1440,3216 #7f0a0241 app:id/hotseat aid=1073741897}]
1791568490.140 10312  6415  6415 V BaseDepthController: Applying blur: 0 to Surface(name=VRI-com.android.launcher3/com.android.launcher3.uioverrides.QuickstepLauncher#835)/@0xe3dda70 applyImmediately: false
1791568490.140 10312  6415  6415 D BaseDepthController: shouldBlurWorkspace: false targetState: Normal currentStableState: Normal mCurrentBlur: 0 mLauncher.getDepthBlurTargets(): [com.android.launcher3.Workspace{772015b V.ED..... ........ 0,0-1440,3216 #7f0a054d app:id/workspace aid=1073741834}, com.android.launcher3.Hotseat{6171410 V.ED..... ........ 0,2667-1440,3216 #7f0a0241 app:id/hotseat aid=1073741897}]
1791568490.148 10312  6415  6415 V BaseDepthController: Applying blur: 0 to Surface(name=VRI-com.android.launcher3/com.android.launcher3.uioverrides.QuickstepLauncher#835)/@0xe3dda70 applyImmediately: false
1791568490.148 10312  6415  6415 D BaseDepthController: shouldBlurWorkspace: false targetState: Normal currentStableState: Normal mCurrentBlur: 0 mLauncher.getDepthBlurTargets(): [com.android.launcher3.Workspace{772015b V.ED..... ........ 0,0-1440,3216 #7f0a054d app:id/workspace aid=1073741834}, com.android.launcher3.Hotseat{6171410 V.ED..... ........ 0,2667-1440,3216 #7f0a0241 app:id/hotseat aid=1073741897}]
1791568490.157 10312  6415  6415 V BaseDepthController: Applying blur: 0 to Surface(name=VRI-com.android.launcher3/com.android.launcher3.uioverrides.QuickstepLauncher#835)/@0xe3dda70 applyImmediately: false
1791568490.157 10312  6415  6415 D BaseDepthController: shouldBlurWorkspace: false targetState: Normal currentStableState: Normal mCurrentBlur: 0 mLauncher.getDepthBlurTargets(): [com.android.launcher3.Workspace{772015b V.ED..... ........ 0,0-1440,3216 #7f0a054d app:id/workspace aid=1073741834}, com.android.launcher3.Hotseat{6171410 V.ED..... ........ 0,2667-1440,3216 #7f0a0241 app:id/hotseat aid=1073741897}]
1791568490.165 10312  6415  6415 V BaseDepthController: Applying blur: 0 to Surface(name=VRI-com.android.launcher3/com.android.launcher3.uioverrides.QuickstepLauncher#835)/@0xe3dda70 applyImmediately: false
1791568490.165 10312  6415  6415 D BaseDepthController: shouldBlurWorkspace: false targetState: Normal currentStableState: Normal mCurrentBlur: 0 mLauncher.getDepthBlurTargets(): [com.android.launcher3.Workspace{772015b V.ED..... ........ 0,0-1440,3216 #7f0a054d app:id/workspace aid=1073741834}, com.android.launcher3.Hotseat{6171410 V.ED..... ........ 0,2667-1440,3216 #7f0a0241 app:id/hotseat aid=1073741897}]
1791568490.173 10312  6415  6415 V BaseDepthController: Applying blur: 0 to Surface(name=VRI-com.android.launcher3/com.android.launcher3.uioverrides.QuickstepLauncher#835)/@0xe3dda70 applyImmediately: false
1791568490.173 10312  6415  6415 D BaseDepthController: shouldBlurWorkspace: false targetState: Normal currentStableState: Normal mCurrentBlur: 0 mLauncher.getDepthBlurTargets(): [com.android.launcher3.Workspace{772015b V.ED..... ........ 0,0-1440,3216 #7f0a054d app:id/workspace aid=1073741834}, com.android.launcher3.Hotseat{6171410 V.ED..... ........ 0,2667-1440,3216 #7f0a0241 app:id/hotseat aid=1073741897}]
1791568490.182 10312  6415  6415 V BaseDepthController: Applying blur: 0 to Surface(name=VRI-com.android.launcher3/com.android.launcher3.uioverrides.QuickstepLauncher#835)/@0xe3dda70 applyImmediately: false
1791568490.182 10312  6415  6415 D BaseDepthController: shouldBlurWorkspace: false targetState: Normal currentStableState: Normal mCurrentBlur: 0 mLauncher.getDepthBlurTargets(): [com.android.launcher3.Workspace{772015b V.ED..... ........ 0,0-1440,3216 #7f0a054d app:id/workspace aid=1073741834}, com.android.launcher3.Hotseat{6171410 V.ED..... ........ 0,2667-1440,3216 #7f0a0241 app:id/hotseat aid=1073741897}]
1791568490.182 10312  6415  6415 V BaseDepthController: Applying blur: 0 to Surface(name=VRI-com.android.launcher3/com.android.launcher3.uioverrides.QuickstepLauncher#835)/@0xe3dda70 applyImmediately: false
1791568490.182 10312  6415  6415 D BaseDepthController: shouldBlurWorkspace: false targetState: Normal currentStableState: Normal mCurrentBlur: 0 mLauncher.getDepthBlurTargets(): [com.android.launcher3.Workspace{772015b V.ED..... ........ 0,0-1440,3216 #7f0a054d app:id/workspace aid=1073741834}, com.android.launcher3.Hotseat{6171410 V.ED..... ........ 0,2667-1440,3216 #7f0a0241 app:id/hotseat aid=1073741897}]
1791568490.196 10719  9660 10916 I ContinuousSensorEventListener: [onSensorChanged] 5 minutes elapsed
1791568490.222  root    36    36 I IRQ 16  : no longer affine to CPU4
1791568490.545  1000  1682  1682 E QTI PowerHAL: Failed to acquire lock.
1791568490.545  1000  1682  1682 E QTI PowerHAL: Failed process_boost for boost_handle
1791568490.595  1000  5328  5515 V GrammaticalInflectionUtils: AttributionSource: android.content.AttributionSource@385813eb does not have READ_SYSTEM_GRAMMATICAL_GENDER permission.
1791568490.598  1000  1682  1682 I QTI PowerHAL: Power setMode: 5 to: 1
1791568490.599  1000  1682  1682 E QTI PowerHAL: Failed to acquire lock.
1791568490.599  1000  1682  1682 E QTI PowerHAL: Failed process_boost for boost_handle
1791568490.599  1000  1682  1682 E QTI PowerHAL: Failed to perform launch boost
1791568490.611  1000  5328  5515 V ActivityTaskManager: TaskLaunchParamsModifier: phase=3 task=Task{5dae517 #23 type=standard A=10371:com.oplus.camera} activity=ActivityRecord{197076374 u0 com.oplus.camera/.Camera t-1} display-from-option=0 display-id=0 task-display-area-windowing-mode=1 suggested-display-area=DefaultTaskDisplayArea@176847111 inherit-from-source=fullscreen non-freeform-task-display-area display-area=DefaultTaskDisplayArea@176847111 skip-bounds-fullscreen
1791568490.611  1000  5328  5515 I ActivityTaskManager: START u0 {act=android.intent.action.MAIN cat=[android.intent.category.LAUNCHER] flg=0x10200000 xflg=0x4 cmp=com.oplus.camera/.Camera bnds=[1004,2125][1175,2346]} with LAUNCH_SINGLE_TOP from uid 10312 (com.android.launcher3) (sr=98245132) (BAL_ALLOW_VISIBLE_WINDOW) result code=0
1791568490.613 10312  6415  6415 D StatsLog: LAUNCHER_APP_LAUNCH_TAP
1791568490.614 10312  6415  6475 D QuickstepModelDelegate: notifyAppTargetEvent action=1 launchLocation=folder/hotseat/3/[3,0]/[1,1]
1791568490.614 10312  6415  6415 D RecentsView: onTaskDisplayChanged: 23, new displayId = 0
1791568490.616  1000  5328  5377 V GrammaticalInflectionUtils: AttributionSource: android.content.AttributionSource@385813eb does not have READ_SYSTEM_GRAMMATICAL_GENDER permission.
1791568490.618 10312  6415  6415 W SplitSelectStateCtor: Missing session instanceIds
1791568490.618 10312  6415  6415 D StatsLog: LAUNCHER_SPLIT_SELECTION_EXIT_INTERRUPTED
1791568490.621  root  5171  5171 W Zygote  : Resorting to Java fork code; multipleOK = false
1791568490.622  1000  5328  5477 W TransitionChain: Combining kgOccludeChg into #55(OPEN|R|0x0) from startAct
1791568490.622 10303  5894  6285 D WindowManagerShell: setLauncherKeepClearAreaHeight: visible=false, height=549
1791568490.622 10303  5894  6285 V WindowManagerShell: Transition requested (#55): android.os.BinderProxy@7f1f16e TransitionRequestInfo { type = OPEN, triggerTask = TaskInfo{userId=0 taskId=23 effectiveUid=10371 displayId=0 isRunning=true baseIntent=Intent { act=android.intent.action.MAIN cat=[android.intent.category.LAUNCHER] flg=0x10200000 cmp=com.oplus.camera/.Camera } baseActivity=ComponentInfo{com.oplus.camera/com.oplus.camera.Camera} topActivity=ComponentInfo{com.oplus.camera/com.oplus.camera.Camera} origActivity=null realActivity=ComponentInfo{com.oplus.camera/com.oplus.camera.Camera} realActivityIsAppLockEnabled=false numActivities=1 lastActiveTime=541282 supportsMultiWindow=true supportsMultiWindowWithoutConstraints=true resizeMode=0 isResizeable=true minWidth=-1 minHeight=-1 defaultMinSize=220 token=WCT{android.os.BinderProxy@2a7800f} topActivityType=1 pictureInPictureParams=null shouldDockBigOverlays=false launchIntoPipHostTaskId=-1 lastParentTaskIdBeforePip=-1 displayCutoutSafeInsets=Rect(0, 126 - 0, 0) topActivityInfo=ActivityInfo{4f0489c com.oplus.camera.Camera} launchCookies=[android.os.BinderProxy@516a2a5] positionInParent=Point(0, 0) parentTaskId=-1 isFocused=false isInteractive=false isVisible=false isVisibleRequested=false isTopActivityNoDisplay=false isSleeping=false locusId=null displayAreaFeatureId=1 isTopActivityTransparent=false isActivityStackTransparent=false lastNonFullscreenBounds=null leafTaskBoundsFromOptions= false capturedLink=null capturedLinkTimestamp=0 requestedVisibleTypes=503 topActivityRequestOpenInBrowserEducationTimestamp=0 appCompatTaskInfo=AppCompatTaskInfo { topActivityInSizeCompat=false isLeafTask= true eligibleForLetterboxEducation= false isLetterboxEducationEnabled= false isLetterboxDoubleTapEnabled= false eligibleForUserAspectRatioButton= false topActivityBoundsLetterboxed= false isFromLetterboxDoubleTap= false topActivityLetterboxVerticalPosition= -1 topActivityLetterboxHorizontalPosition= -1 topActivityLetterboxWidth=-1 topActivityLetterboxHeight=-1 topActivityAppBounds=Rect(0, 0 - 1440, 3216) isUserFullscreenOverrideEnabled=false isSystemFullscreenOverrideEnabled=false hasMinAspectRatioOverride=false topActivityLetterboxBounds=null topNonResizableActivityAspectRatio=-1.0} topActivityMainWindowFrame=null isAppBubble=false isTopAppLocked=false}, pipChange = null, remoteTransitionInfo = RemoteTransitionInfo { remoteTransition = android.window.IRemoteTransition$Stub$Proxy@cfb67a, debugName = QuickstepLaunch, filter = null }, displayChanges = null, requestedLocation = null, userChange = null, windowingLayerChange = null, fullscreenRequestChange = null, flags = 0, debugId = 55 }
1791568490.622 10303  5894  6285 W DisconnectHandler: No disconnect change found in the transition, not handling request.
1791568490.622 10303  5894  6285 W DisconnectHandler: No disconnect change found in the transition, not handling request.
1791568490.622 10303  5894  6285 V ShellDesktopMode: DesktopTasksController: skipping handleRequest reason=triggerTask's display doesn't support desktop mode
1791568490.623 10303  5894  6285 D ShellSplitScreen: logExit: no-op, mLoggerSessionId is null
1791568490.623 10303  5894  6285 V WindowManagerShell: RemoteTransition directly requested for (#55) android.os.BinderProxy@7f1f16e: RemoteTransition { remoteTransition = android.window.IRemoteTransition$Stub$Proxy@cfb67a, appThread = null, debugName = QuickstepLaunch, filter = null }
1791568490.623 10303  5894  6285 V WindowManagerShell: Transition (#55): request handled by DefaultMixedHandler
1791568490.630  root 12980 25616 W adbd    : timed out while waiting for FUNCTIONFS_BIND, trying again
1791568490.630  root 12980 25616 I adbd    : UsbFfs: connection terminated: monitor thread finished
1791568490.633 10303  5894  6285 D WindowManagerShell: onKeyguardOccludingTaskChanged displayId=0 taskId=23
1791568490.634 10303  5894  6285 V RecentTasksController: Notify recent tasks changed
1791568490.634 10312  6415  6415 D RecentTasksList: invalidateLoadedTasks - previous requestLoadId: -1
1791568490.634  root  5171  5171 D Zygote  : Forked child process 25620
1791568490.636  1000  5328  5384 I ActivityManager: Start proc 25620:com.oplus.camera/u0a371 for next-top-activity {com.oplus.camera/com.oplus.camera.Camera}
1791568490.640  1000  5328  5477 W InputChannel-JNI: Channel already disposed.
1791568490.643 10303  5894  6349 D WindowOnBackDispatcher: setTopOnBackInvokedCallback (unwrapped): android.view.ViewRootImpl$$ExternalSyntheticLambda14@bb1c6f6
1791568490.643  1000  5328  5477 D CoreBackPreview: Window{3b8a570 u0 Splash Screen com.oplus.camera}: Setting back callback OnBackInvokedCallbackInfo{mCallback=android.window.IOnBackInvokedCallback$Stub$Proxy@5aa89c, mPriority=0, mIsAnimationCallback=false, mOverrideBehavior=0}
1791568490.644  1000  5328  7172 D WindowManager: setClientSurface Surface(name=VRI-Splash Screen com.oplus.camera#844)/@0xaa182a5 for 3b8a570 Splash Screen com.oplus.camera
1791568490.645  root 25620 25620 I libprocessgroup: Created cgroup /sys/fs/cgroup/apps/uid_10371/pid_25620
1791568490.646 10303  5894  6349 I Surface : Creating surface for consumer unnamed-5894-68 with slotExpansion=1 for 64 slots
1791568490.646 10371 25620 25620 I KernelSU: handle_setresuid from 0 to 10371
1791568490.646 10371 25620 25620 I KernelSU: handle umount for uid: 10371, pid: 25620
1791568490.646 10371 25620 25620 I KernelSU: umount_tw_func: unmounting: /apex/com.android.art/bin/dex2oat flags: 0x2
1791568490.646 10371 25620 25620 I KernelSU: umount_tw_func: unmounting: /system/apex/com.android.art/bin/dex2oat64 flags: 0x2
1791568490.646 10371 25620 25620 I KernelSU: umount_tw_func: unmounting: /system/apex/com.android.art/bin/dex2oat32 flags: 0x2
1791568490.646 10371 25620 25620 I KernelSU: umount_tw_func: unmounting: /system/apex/com.android.art/bin/dex2oat flags: 0x2
1791568490.646 10371 25620 25620 I KernelSU: umount_tw_func: unmounting: /apex/com.android.art/bin/dex2oat32 flags: 0x2
1791568490.646 10371 25620 25620 I KernelSU: umount_tw_func: unmounting: /apex/com.android.art/bin/dex2oat64 flags: 0x2
1791568490.646 10371 25620 25620 I KernelSU: umount_tw_func: unmounting: /system/etc/hosts flags: 0x2
1791568490.646 10371 25620 25620 I KernelSU: umount_tw_func: unmounting: /vendor/etc/media_profiles_vendor.xml flags: 0x2
1791568490.646 10371 25620 25620 I KernelSU: umount_tw_func: unmounting: /odm/lib64 flags: 0x2
1791568490.646 10371 25620 25620 I KernelSU: umount_tw_func: unmounting: /odm/lib/rfsa/adsp flags: 0x2
1791568490.646 10371 25620 25620 I KernelSU: umount_tw_func: unmounting: /odm/etc/camera flags: 0x2
1791568490.646 10371 25620 25620 I KernelSU: umount_tw_func: unmounting: /system_ext/framework flags: 0x2
1791568490.646 10371 25620 25620 I KernelSU: umount_tw_func: unmounting: /system_ext/etc/permissions flags: 0x2
1791568490.646 10371 25620 25620 I KernelSU: umount_tw_func: unmounting: /system_ext/etc/default-permissions flags: 0x2
1791568490.646 10371 25620 25620 I KernelSU: umount_tw_func: unmounting: /system/framework flags: 0x2
1791568490.646 10371 25620 25620 I KernelSU: umount_tw_func: unmounting: /mnt/ooscamera flags: 0x2
1791568490.646  root 17724 17724 I susfs   : [0][17724][susfs_run_sus_path_loop] re-flag AS_FLAGS_SUS_PATH on path '/sdcard/Android/data/zed.rainxch.githubstore', fi->inode.i_ino: '0', fi->inode.i_state: 0x200000000
1791568490.646  root 17724 17724 I susfs   : [0][17724][susfs_run_sus_path_loop] re-flag AS_FLAGS_SUS_PATH on path '/sdcard/Android/data/com.reddit.frontpage', fi->inode.i_ino: '0', fi->inode.i_state: 0x200000000
1791568490.646  root 17724 17724 I susfs   : [0][17724][susfs_run_sus_path_loop] re-flag AS_FLAGS_SUS_PATH on path '/sdcard/Android/data/net.streamdek.mobile', fi->inode.i_ino: '0', fi->inode.i_state: 0x200000000
1791568490.646  root 17724 17724 I susfs   : [0][17724][susfs_run_sus_path_loop] re-flag AS_FLAGS_SUS_PATH on path '/sdcard/Android/data/com.deniscerri.ytdl', fi->inode.i_ino: '0', fi->inode.i_state: 0x200000000
1791568490.646  root 17724 17724 I susfs   : [0][17724][susfs_run_sus_path_loop] re-flag AS_FLAGS_SUS_PATH on path '/sdcard/Android/data/com.twitter.android', fi->inode.i_ino: '0', fi->inode.i_state: 0x200000000
1791568490.646  root 17724 17724 I susfs   : [0][17724][susfs_run_sus_path_loop] re-flag AS_FLAGS_SUS_PATH on path '/sdcard/Android/data/com.vega', fi->inode.i_ino: '0', fi->inode.i_state: 0x200000000
1791568490.646 10303  5894  6349 I Surface : Creating surface for consumer VRI[camera]#63(BLAST Consumer)63 with slotExpansion=1 for 64 slots
1791568490.647  root 17724 17724 I susfs   : [0][17724][susfs_run_sus_path_loop] re-flag AS_FLAGS_SUS_PATH on path '/sdcard/Android/data/com.microsoft.office.outlook', fi->inode.i_ino: '0', fi->inode.i_state: 0x200000000
1791568490.647  root 17724 17724 I susfs   : [0][17724][susfs_run_sus_path_loop] re-flag AS_FLAGS_SUS_PATH on path '/sdcard/Android/data/com.google.android.apps.docs.editors.slides', fi->inode.i_ino: '0', fi->inode.i_state: 0x200000000
1791568490.647  root 17724 17724 I susfs   : [0][17724][susfs_run_sus_path_loop] re-flag AS_FLAGS_SUS_PATH on path '/sdcard/Android/data/ru.yandex.yandexmaps', fi->inode.i_ino: '0', fi->inode.i_state: 0x200000000
1791568490.647  root 17724 17724 I susfs   : [0][17724][susfs_run_sus_path_loop] re-flag AS_FLAGS_SUS_PATH on path '/sdcard/Android/data/com.iett.otobusumnerede', fi->inode.i_ino: '0', fi->inode.i_state: 0x200000000
1791568490.647  root 17724 17724 I susfs   : [0][17724][susfs_run_sus_path_loop] re-flag AS_FLAGS_SUS_PATH on path '/sdcard/Android/data/com.OyunErbabi.XGamepadTester', fi->inode.i_ino: '0', fi->inode.i_state: 0x200000000
1791568490.647  root 17724 17724 I susfs   : [0][17724][susfs_run_sus_path_loop] re-flag AS_FLAGS_SUS_PATH on path '/sdcard/Android/data/com.abtnprojects.ambatana', fi->inode.i_ino: '0', fi->inode.i_state: 0x200000000
1791568490.647  root 17724 17724 I susfs   : [0][17724][susfs_run_sus_path_loop] re-flag AS_FLAGS_SUS_PATH on path '/sdcard/Android/data/com.dv.adm', fi->inode.i_ino: '0', fi->inode.i_state: 0x200000000
1791568490.647  root 17724 17724 I susfs   : [0][17724][susfs_run_sus_path_loop] re-flag AS_FLAGS_SUS_PATH on path '/sdcard/Android/data/net.zedge.android', fi->inode.i_ino: '0', fi->inode.i_state: 0x200000000
1791568490.647  root 17724 17724 I susfs   : [0][17724][susfs_run_sus_path_loop] re-flag AS_FLAGS_SUS_PATH on path '/sdcard/Android/data/org.swiftapps.swiftbackup', fi->inode.i_ino: '0', fi->inode.i_state: 0x200000000
1791568490.647  root 17724 17724 I susfs   : [0][17724][susfs_run_sus_path_loop] re-flag AS_FLAGS_SUS_PATH on path '/sdcard/Android/data/com.mxtech.videoplayer.pro', fi->inode.i_ino: '0', fi->inode.i_state: 0x200000000
1791568490.647  root 17724 17724 I susfs   : [0][17724][susfs_run_sus_path_loop] re-flag AS_FLAGS_SUS_PATH on path '/sdcard/Android/data/org.forkclient.messenger.beta', fi->inode.i_ino: '0', fi->inode.i_state: 0x200000000
1791568490.648  root 17724 17724 I susfs   : [0][17724][susfs_run_sus_path_loop] re-flag AS_FLAGS_SUS_PATH on path '/sdcard/Android/data/org.proninyaroslav.libretorrent', fi->inode.i_ino: '0', fi->inode.i_state: 0x200000000
1791568490.648  root 17724 17724 I susfs   : [0][17724][susfs_run_sus_path_loop] re-flag AS_FLAGS_SUS_PATH on path '/sdcard/Android/data/com.donanimhaber.dhandroid', fi->inode.i_ino: '0', fi->inode.i_state: 0x200000000
1791568490.648  root 17724 17724 I susfs   : [0][17724][susfs_run_sus_path_loop] re-flag AS_FLAGS_SUS_PATH on path '/sdcard/Android/data/com.snowcorp.stickerly.android', fi->inode.i_ino: '0', fi->inode.i_state: 0x200000000
1791568490.648  root 17724 17724 I susfs   : [0][17724][susfs_run_sus_path_loop] re-flag AS_FLAGS_SUS_PATH on path '/sdcard/Android/data/ru.yandex.metro', fi->inode.i_ino: '0', fi->inode.i_state: 0x200000000
1791568490.648  root 17724 17724 I susfs   : [0][17724][susfs_run_sus_path_loop] re-flag AS_FLAGS_SUS_PATH on path '/sdcard/Android/data/com.istomgames.tappynyan', fi->inode.i_ino: '0', fi->inode.i_state: 0x200000000
1791568490.648  root 17724 17724 I susfs   : [0][17724][susfs_run_sus_path_loop] re-flag AS_FLAGS_SUS_PATH on path '/sdcard/Android/data/com.mi.earphone', fi->inode.i_ino: '0', fi->inode.i_state: 0x200000000
1791568490.649  root 17724 17724 I susfs   : [0][17724][susfs_run_sus_path_loop] re-flag AS_FLAGS_SUS_PATH on path '/sdcard/Android/data/com.orion.store', fi->inode.i_ino: '0', fi->inode.i_state: 0x200000000
1791568490.649  root 17724 17724 I susfs   : [0][17724][susfs_run_sus_path_loop] re-flag AS_FLAGS_SUS_PATH on path '/sdcard/Android/data/com.trendyol.go', fi->inode.i_ino: '0', fi->inode.i_state: 0x200000000
1791568490.649  root 17724 17724 I susfs   : [0][17724][susfs_run_sus_path_loop] re-flag AS_FLAGS_SUS_PATH on path '/sdcard/Android/data/com.instagram.android', fi->inode.i_ino: '0', fi->inode.i_state: 0x200000000
1791568490.649  root 17724 17724 I susfs   : [0][17724][susfs_run_sus_path_loop] re-flag AS_FLAGS_SUS_PATH on path '/sdcard/Android/data/io.github.jqssun.helium', fi->inode.i_ino: '0', fi->inode.i_state: 0x200000000
1791568490.649  root 17724 17724 I susfs   : [0][17724][susfs_run_sus_path_loop] re-flag AS_FLAGS_SUS_PATH on path '/sdcard/Android/data/com.inovel.app.yemeksepeti', fi->inode.i_ino: '0', fi->inode.i_state: 0x200000000
1791568490.649  root 17724 17724 I susfs   : [0][17724][susfs_run_sus_path_loop] re-flag AS_FLAGS_SUS_PATH on path '/sdcard/Android/data/com.fugo.wowzen', fi->inode.i_ino: '0', fi->inode.i_state: 0x200000000
1791568490.649  root 17724 17724 I susfs   : [0][17724][susfs_run_sus_path_loop] re-flag AS_FLAGS_SUS_PATH on path '/sdcard/Android/data/com.teknotakipultraclient.android', fi->inode.i_ino: '0', fi->inode.i_state: 0x200000000
1791568490.649  root 17724 17724 I susfs   : [0][17724][susfs_run_sus_path_loop] re-flag AS_FLAGS_SUS_PATH on path '/sdcard/Android/data/com.jndapp.adaptive.material.you.iconpack', fi->inode.i_ino: '0', fi->inode.i_state: 0x200000000
1791568490.649  root 17724 17724 I susfs   : [0][17724][susfs_run_sus_path_loop] re-flag AS_FLAGS_SUS_PATH on path '/sdcard/Android/data/com.bigcube.magiccubes', fi->inode.i_ino: '0', fi->inode.i_state: 0x200000000
1791568490.649  root 17724 17724 I susfs   : [0][17724][susfs_run_sus_path_loop] re-flag AS_FLAGS_SUS_PATH on path '/sdcard/Android/data/com.google.android.apps.photos', fi->inode.i_ino: '0', fi->inode.i_state: 0x200000000
1791568490.649  root 17724 17724 I susfs   : [0][17724][susfs_run_sus_path_loop] re-flag AS_FLAGS_SUS_PATH on path '/sdcard/Android/data/com.facebook.stella', fi->inode.i_ino: '0', fi->inode.i_state: 0x200000000
1791568490.649  root 17724 17724 I susfs   : [0][17724][susfs_run_sus_path_loop] re-flag AS_FLAGS_SUS_PATH on path '/sdcard/Android/data/com.rosan.installer.x.revived', fi->inode.i_ino: '346460', fi->inode.i_state: 0x200000000
1791568490.649  root 17724 17724 I susfs   : [0][17724][susfs_run_sus_path_loop] re-flag AS_FLAGS_SUS_PATH on path '/sdcard/Android/data/com.bitaksi.musteri', fi->inode.i_ino: '345835', fi->inode.i_state: 0x200000000
1791568490.649  root 17724 17724 I susfs   : [0][17724][susfs_run_sus_path_loop] re-flag AS_FLAGS_SUS_PATH on path '/sdcard/Android/data/me.zhanghai.android.files', fi->inode.i_ino: '345814', fi->inode.i_state: 0x200000000
1791568490.649  root 17724 17724 I susfs   : [0][17724][susfs_run_sus_path_loop] re-flag AS_FLAGS_SUS_PATH on path '/sdcard/Android/data/dev.imranr.obtainium', fi->inode.i_ino: '346370', fi->inode.i_state: 0x200000000
1791568490.665 10371 25620 25620 I Zygote  : Process 25620 created for com.oplus.camera
1791568490.666 10371 25620 25620 I om.oplus.camera: Using generational CollectorTypeCMC GC.
1791568490.676 10303  5894  8502 V WindowManagerShell: onTransitionReady(transaction=22883585761124)
1791568490.677 10303  5894  6285 V WindowManagerShell: onTransitionReady (#55) android.os.BinderProxy@7f1f16e: {id=55 t=OPEN f=0x0 trk=0 r=[0@Point(0, 0)] c=[
1791568490.677 10303  5894  6285 V WindowManagerShell:         {m=OPEN f=MOVE_TO_TOP|FLAG_CHANGED_INTERACTIVE leash=Surface(name=Task=23#841)/@0xf03f9da sb=Rect(0, 0 - 1440, 3216) eb=Rect(0, 0 - 1440, 3216) epz=Point(1440, 3216) d=0 taskParent=-1 winMode=1 userId=0},
1791568490.677 10303  5894  6285 V WindowManagerShell:         {m=TO_BACK f=SHOW_WALLPAPER|FLAG_CHANGED_INTERACTIVE leash=Surface(name=Task=1#35)/@0x36dfe0b sb=Rect(0, 0 - 1440, 3216) eb=Rect(0, 0 - 1440, 3216) epz=Point(1440, 3216) d=0 taskParent=-1 winMode=1 userId=0},
1791568490.677 10303  5894  6285 V WindowManagerShell:         {m=TO_BACK f=IS_WALLPAPER leash=Surface(name=WallpaperWindowToken{9a739ed}#76)/@0xbeb4e8 sb=Rect(0, 0 - 1440, 3216) eb=Rect(0, 0 - 1440, 3216) epz=Point(1440, 3216) d=0}
1791568490.677 10303  5894  6285 V WindowManagerShell:     ]}
1791568490.677  1000  5328  5374 V WindowManager: Sent Transition (#55) createdAt=10-09 20:54:50.597 via request=TransitionRequestInfo { type = OPEN, triggerTask = TaskInfo{userId=0 taskId=23 effectiveUid=10371 displayId=0 isRunning=true baseIntent=Intent { act=android.intent.action.MAIN cat=[android.intent.category.LAUNCHER] flg=0x10200000 cmp=com.oplus.camera/.Camera } baseActivity=ComponentInfo{com.oplus.camera/com.oplus.camera.Camera} topActivity=ComponentInfo{com.oplus.camera/com.oplus.camera.Camera} origActivity=null realActivity=ComponentInfo{com.oplus.camera/com.oplus.camera.Camera} realActivityIsAppLockEnabled=false numActivities=1 lastActiveTime=541282 supportsMultiWindow=true supportsMultiWindowWithoutConstraints=true resizeMode=0 isResizeable=true minWidth=-1 minHeight=-1 defaultMinSize=220 token=WCT{RemoteToken{1b7b288 Task{5dae517 #23 type=standard A=10371:com.oplus.camera}}} topActivityType=1 pictureInPictureParams=null shouldDockBigOverlays=false launchIntoPipHostTaskId=-1 lastParentTaskIdBeforePip=-1 displayCutoutSafeInsets=Rect(0, 126 - 0, 0) topActivityInfo=ActivityInfo{cca421 com.oplus.camera.Camera} launchCookies=[android.os.BinderProxy@3aa2046] positionInParent=Point(0, 0) parentTaskId=-1 isFocused=false isInteractive=false isVisible=false isVisibleRequested=false isTopActivityNoDisplay=false isSleeping=false locusId=null displayAreaFeatureId=1 isTopActivityTransparent=false isActivityStackTransparent=false lastNonFullscreenBounds=null leafTaskBoundsFromOptions= false capturedLink=null capturedLinkTimestamp=0 requestedVisibleTypes=503 topActivityRequestOpenInBrowserEducationTimestamp=0 appCompatTaskInfo=AppCompatTaskInfo { topActivityInSizeCompat=false isLeafTask= true eligibleForLetterboxEducation= false isLetterboxEducationEnabled= false isLetterboxDoubleTapEnabled= false eligibleForUserAspectRatioButton= false topActivityBoundsLetterboxed= false isFromLetterboxDoubleTap= false topActivityLetterboxVerticalPosition= -1 topActivityLetterboxHorizontalPosition= -1 topActivityLetterboxWidth=-1 topActivityLetterboxHeight=-1 topActivityAppBounds=Rect(0, 0 - 1440, 3216) isUserFullscreenOverrideEnabled=false isSystemFullscreenOverrideEnabled=false hasMinAspectRatioOverride=false topActivityLetterboxBounds=null topNonResizableActivityAspectRatio=-1.0} topActivityMainWindowFrame=null isAppBubble=false isTopAppLocked=false}, pipChange = null, remoteTransitionInfo = RemoteTransitionInfo { remoteTransition = android.window.IRemoteTransition$Stub$Proxy@1694207, debugName = QuickstepLaunch, filter = null }, displayChanges = null, requestedLocation = null, userChange = null, windowingLayerChange = null, fullscreenRequestChange = null, flags = 0, debugId = 55 }
1791568490.677  1000  5328  5374 V WindowManager:     startWCT=WindowContainerTransaction { changes= {} hops= [] flags= 0 errorCallbackToken=null taskFragmentOrganizer=null }
1791568490.677 10303  5894  6285 V WindowManagerShell: Playing animation for (#55) android.os.BinderProxy@7f1f16e@0
1791568490.677 10303  5894  6285 V WindowManagerShell:  try firstHandler com.android.wm.shell.transition.DefaultMixedHandler@95f4c18
1791568490.677 10303  5894  6285 V WindowManagerShell: Mixed transition for opening an intent with a remote transition and PIP or Desktop #55
1791568490.677 10303  5894  6285 V WindowManagerShell: tryAnimateOpenIntentWithRemoteAndPipOrDesktop
1791568490.677  1000  5328  5374 V WindowManager:     info={id=55 t=OPEN f=0x0 trk=0 r=[0@Point(0, 0)] c=[
1791568490.677  1000  5328  5374 V WindowManager:         {WCT{RemoteToken{1b7b288 Task{5dae517 #23 type=standard A=10371:com.oplus.camera}}} m=OPEN f=MOVE_TO_TOP|FLAG_CHANGED_INTERACTIVE leash=Surface(name=Task=23#841)/@0xd31167a sb=Rect(0, 0 - 1440, 3216) eb=Rect(0, 0 - 1440, 3216) epz=Point(1440, 3216) d=0 taskParent=-1 winMode=1 userId=0},
1791568490.677  1000  5328  5374 V WindowManager:         {WCT{RemoteToken{b89a0a4 Task{4848b70 #1 type=home}}} m=TO_BACK f=SHOW_WALLPAPER|FLAG_CHANGED_INTERACTIVE leash=Surface(name=Task=1#35)/@0x38a3836 sb=Rect(0, 0 - 1440, 3216) eb=Rect(0, 0 - 1440, 3216) epz=Point(1440, 3216) d=0 taskParent=-1 winMode=1 userId=0},
1791568490.677  1000  5328  5374 V WindowManager:         {m=TO_BACK f=IS_WALLPAPER leash=Surface(name=WallpaperWindowToken{9a739ed}#76)/@0x1aeaae6 sb=Rect(0, 0 - 1440, 3216) eb=Rect(0, 0 - 1440, 3216) epz=Point(1440, 3216) d=0}
1791568490.677  1000  5328  5374 V WindowManager:     ]}
1791568490.677 10303  5894  6285 V WindowManagerShell:  Delegate animation for (#55) to RemoteTransition { remoteTransition = android.window.IRemoteTransition$Stub$Proxy@cfb67a, appThread = null, debugName = QuickstepLaunch, filter = null }
1791568490.678 10371 25620 25620 D nativeloader: Load libframework-connectivity-tiramisu-jni.so using APEX ns com_android_tethering for caller /apex/com.android.tethering/javalib/framework-connectivity-t.jar: ok
1791568490.678 10303  5894  6285 V WindowManagerShell:  animated by firstHandler
1791568490.682 10303  5894  6285 V ShellTaskOrganizer: Task appeared taskId=23 listener=FullscreenTaskListener
1791568490.682 10303  5894  6285 V ShellTaskOrganizer: Fullscreen Task Appeared: #23
1791568490.682 10303  5894  6285 D ShellPackageUpdate: PackageUpdateController: Setting handlePackageUpdate for task: 23
1791568490.682  1000  5328  6308 E TransitionChain: Can't collect into a chain with no transition
1791568490.683  root 12980 12998 I adbd    : opening control endpoint /dev/usb-ffs/adb/ep0
1791568490.683 10303  5894  6285 V RecentTasksController: Notify recent tasks changed
1791568490.649  root 17724 17724 I susfs   : [0][17724][susfs_run_sus_path_loop] re-flag AS_FLAGS_SUS_PATH on path '/sdcard/Android/data/ch.protonvpn.android', fi->inode.i_ino: '344131', fi->inode.i_state: 0x200000000
1791568490.649  root 17724 17724 I susfs   : [0][17724][susfs_run_sus_path_loop] re-flag AS_FLAGS_SUS_PATH on path '/sdcard/Android/data/com.opera.mini.native', fi->inode.i_ino: '344582', fi->inode.i_state: 0x200000000
1791568490.649  root 17724 17724 I susfs   : [0][17724][susfs_run_sus_path_loop] re-flag AS_FLAGS_SUS_PATH on path '/sdcard/Android/data/com.apk.editor', fi->inode.i_ino: '345787', fi->inode.i_state: 0x200000000
1791568490.649  root 17724 17724 I susfs   : [0][17724][susfs_run_sus_path_loop] re-flag AS_FLAGS_SUS_PATH on path '/sdcard/Android/data/com.linkedin.android', fi->inode.i_ino: '345401', fi->inode.i_state: 0x200000000
1791568490.649  root 17724 17724 I susfs   : [0][17724][susfs_run_sus_path_loop] re-flag AS_FLAGS_SUS_PATH on path '/sdcard/Android/data/com.mobilatolye.android.enuygun', fi->inode.i_ino: '345865', fi->inode.i_state: 0x200000000
1791568490.649  root 17724 17724 I susfs   : [0][17724][susfs_run_sus_path_loop] re-flag AS_FLAGS_SUS_PATH on path '/sdcard/Android/data/com.instafel.android', fi->inode.i_ino: '346135', fi->inode.i_state: 0x200000000
1791568490.649  root 17724 17724 I susfs   : [0][17724][susfs_run_sus_path_loop] re-flag AS_FLAGS_SUS_PATH on path '/sdcard/Android/data/com.amazon.mShop.android.shopping', fi->inode.i_ino: '343925', fi->inode.i_state: 0x200000000
1791568490.649  root 17724 17724 I susfs   : [0][17724][susfs_run_sus_path_loop] re-flag AS_FLAGS_SUS_PATH on path '/sdcard/Android/data/com.bp.box', fi->inode.i_ino: '346195', fi->inode.i_state: 0x200000000
1791568490.650  root 17724 17724 I susfs   : [0][17724][susfs_run_sus_path_loop] re-flag AS_FLAGS_SUS_PATH on path '/sdcard/Android/data/io.github.forkmaintainers.iceraven', fi->inode.i_ino: '259045', fi->inode.i_state: 0x200000000
1791568490.650  root 17724 17724 I susfs   : [0][17724][susfs_run_sus_path_loop] re-flag AS_FLAGS_SUS_PATH on path '/sdcard/Android/data/com.lima.doodlejump', fi->inode.i_ino: '233337', fi->inode.i_state: 0x200000000
1791568490.650  root 17724 17724 I susfs   : [0][17724][susfs_run_sus_path_loop] re-flag AS_FLAGS_SUS_PATH on path '/sdcard/Android/data/de.duecki.calibraw', fi->inode.i_ino: '345400', fi->inode.i_state: 0x200000000
1791568490.685 10312  6415  6415 D RecentTasksList: invalidateLoadedTasks - previous requestLoadId: -1
1791568490.650  root 17724 17724 I susfs   : [0][17724][susfs_run_sus_path_loop] re-flag AS_FLAGS_SUS_PATH on path '/sdcard/Android/data/ru.zdevs.zarchiver', fi->inode.i_ino: '346254', fi->inode.i_state: 0x200000000
1791568490.650  root 17724 17724 I susfs   : [0][17724][susfs_run_sus_path_loop] re-flag AS_FLAGS_SUS_PATH on path '/sdcard/Android/data/com.skgames.trafficrider', fi->inode.i_ino: '345835', fi->inode.i_state: 0x200000000
1791568490.650  root 17724 17724 I susfs   : [0][17724][susfs_run_sus_path_loop] re-flag AS_FLAGS_SUS_PATH on path '/sdcard/Android/data/com.carriez.flutter_hbb', fi->inode.i_ino: '345814', fi->inode.i_state: 0x200000000
1791568490.650  root 17724 17724 I susfs   : [0][17724][susfs_run_sus_path_loop] re-flag AS_FLAGS_SUS_PATH on path '/sdcard/Android/data/com.tools.netgel.netx', fi->inode.i_ino: '346486', fi->inode.i_state: 0x200000000
1791568490.650  root 17724 17724 I susfs   : [0][17724][susfs_run_sus_path_loop] re-flag AS_FLAGS_SUS_PATH on path '/sdcard/Android/data/de.felixnuesse.disky', fi->inode.i_ino: '344131', fi->inode.i_state: 0x200000000
1791568490.650  root 17724 17724 I susfs   : [0][17724][susfs_run_sus_path_loop] re-flag AS_FLAGS_SUS_PATH on path '/sdcard/Android/data/com.youmusic.magictiles', fi->inode.i_ino: '346370', fi->inode.i_state: 0x200000000
1791568490.650  root 17724 17724 I susfs   : [0][17724][susfs_run_sus_path_loop] re-flag AS_FLAGS_SUS_PATH on path '/sdcard/Android/data/com.chess', fi->inode.i_ino: '344582', fi->inode.i_state: 0x200000000
1791568490.650  root 17724 17724 I susfs   : [0][17724][susfs_run_sus_path_loop] re-flag AS_FLAGS_SUS_PATH on path '/sdcard/Android/data/com.zhiliaoapp.musically', fi->inode.i_ino: '345401', fi->inode.i_state: 0x200000000
1791568490.650  root 17724 17724 I susfs   : [0][17724][susfs_run_sus_path_loop] re-flag AS_FLAGS_SUS_PATH on path '/sdcard/Android/data/com.inomera.sm', fi->inode.i_ino: '346135', fi->inode.i_state: 0x200000000
1791568490.650  root 17724 17724 I susfs   : [0][17724][susfs_run_sus_path_loop] re-flag AS_FLAGS_SUS_PATH on path '/sdcard/Android/data/com.lcwaikiki.android', fi->inode.i_ino: '345787', fi->inode.i_state: 0x200000000
1791568490.650  root 17724 17724 I susfs   : [0][17724][susfs_run_sus_path_loop] re-flag AS_FLAGS_SUS_PATH on path '/sdcard/Android/data/com.minar.birday', fi->inode.i_ino: '343925', fi->inode.i_state: 0x200000000
1791568490.650  root 17724 17724 I susfs   : [0][17724][susfs_run_sus_path_loop] re-flag AS_FLAGS_SUS_PATH on path '/sdcard/Android/data/com.whatsapp.w4b', fi->inode.i_ino: '346195', fi->inode.i_state: 0x200000000
1791568490.650  root 17724 17724 I susfs   : [0][17724][susfs_run_sus_path_loop] re-flag AS_FLAGS_SUS_PATH on path '/sdcard/Android/data/com.tranzmate', fi->inode.i_ino: '346460', fi->inode.i_state: 0x200000000
1791568490.650  root 17724 17724 I susfs   : [0][17724][susfs_run_sus_path_loop] re-flag AS_FLAGS_SUS_PATH on path '/sdcard/Android/data/com.google.android.apps.docs.editors.sheets', fi->inode.i_ino: '259045', fi->inode.i_state: 0x200000000
1791568490.650  root 17724 17724 I susfs   : [0][17724][susfs_run_sus_path_loop] re-flag AS_FLAGS_SUS_PATH on path '/sdcard/Android/data/app.morphe.android.youtube', fi->inode.i_ino: '233337', fi->inode.i_state: 0x200000000
1791568490.650  root 17724 17724 I susfs   : [0][17724][susfs_run_sus_path_loop] re-flag AS_FLAGS_SUS_PATH on path '/sdcard/Android/data/tr.com.dominos', fi->inode.i_ino: '345865', fi->inode.i_state: 0x200000000
1791568490.650  root 17724 17724 I susfs   : [0][17724][susfs_run_sus_path_loop] re-flag AS_FLAGS_SUS_PATH on path '/sdcard/Android/data/com.xiaomi.wearable', fi->inode.i_ino: '0', fi->inode.i_state: 0x200000000
1791568490.650  root 17724 17724 I susfs   : [0][17724][susfs_run_sus_path_loop] re-flag AS_FLAGS_SUS_PATH on path '/sdcard/Android/data/dev.narikdesign.nothingadaptive', fi->inode.i_ino: '345400', fi->inode.i_state: 0x200000000
1791568490.650  root 17724 17724 I susfs   : [0][17724][susfs_run_sus_path_loop] re-flag AS_FLAGS_SUS_PATH on path '/sdcard/Android/data/dev.mamii.instafel.updater', fi->inode.i_ino: '0', fi->inode.i_state: 0x200000000
1791568490.650  root 17724 17724 I susfs   : [0][17724][susfs_run_sus_path_loop] re-flag AS_FLAGS_SUS_PATH on path '/sdcard/Android/data/org.codeaurora.snapcam', fi->inode.i_ino: '338828', fi->inode.i_state: 0x200000000
1791568490.650  root 17724 17724 I susfs   : [0][17724][susfs_run_sus_path_loop] re-flag AS_FLAGS_SUS_PATH on path '/sdcard/Android/data/app.comaps', fi->inode.i_ino: '0', fi->inode.i_state: 0x200000000
1791568490.650  root 17724 17724 I susfs   : [0][17724][susfs_run_sus_path_loop] re-flag AS_FLAGS_SUS_PATH on path '/sdcard/Android/data/com.sahibinden', fi->inode.i_ino: '51599', fi->inode.i_state: 0x200000000
1791568490.650  root 17724 17724 I susfs   : [0][17724][susfs_run_sus_path_loop] re-flag AS_FLAGS_SUS_PATH on path '/sdcard/Android/data/com.tencent.mm', fi->inode.i_ino: '51454', fi->inode.i_state: 0x200000000
1791568490.650  root 17724 17724 I susfs   : [0][17724][susfs_run_sus_path_loop] re-flag AS_FLAGS_SUS_PATH on path '/sdcard/Android/data/com.kmplayer', fi->inode.i_ino: '0', fi->inode.i_state: 0x200000000
1791568490.651  root 17724 17724 I susfs   : [0][17724][susfs_run_sus_path_loop] re-flag AS_FLAGS_SUS_PATH on path '/sdcard/Android/data/com.harmonicear', fi->inode.i_ino: '0', fi->inode.i_state: 0x200000000
1791568490.651  root 17724 17724 I susfs   : [0][17724][susfs_run_sus_path_loop] re-flag AS_FLAGS_SUS_PATH on path '/sdcard/Android/data/com.google.android.videos', fi->inode.i_ino: '0', fi->inode.i_state: 0x200000000
1791568490.651  root 17724 17724 I susfs   : [0][17724][susfs_run_sus_path_loop] re-flag AS_FLAGS_SUS_PATH on path '/sdcard/Android/data/com.android.chrome', fi->inode.i_ino: '0', fi->inode.i_state: 0x200000000
1791568490.651  root 17724 17724 I susfs   : [0][17724][susfs_run_sus_path_loop] re-flag AS_FLAGS_SUS_PATH on path '/sdcard/Android/data/com.google.android.apps.maps', fi->inode.i_ino: '0', fi->inode.i_state: 0x200000000
1791568490.651  root 17724 17724 I susfs   : [0][17724][susfs_run_sus_path_loop] re-flag AS_FLAGS_SUS_PATH on path '/sdcard/Android/data/com.dolap.android', fi->inode.i_ino: '0', fi->inode.i_state: 0x200000000
1791568490.692  root  7802 14991 V BinderSender: Uid 10371 starts
1791568490.651  root 17724 17724 I susfs   : [0][17724][susfs_run_sus_path_loop] re-flag AS_FLAGS_SUS_PATH on path '/sdcard/Android/data/com.google.android.apps.docs', fi->inode.i_ino: '0', fi->inode.i_state: 0x200000000
1791568490.651  root 17724 17724 I susfs   : [0][17724][susfs_run_sus_path_loop] re-flag AS_FLAGS_SUS_PATH on path '/sdcard/Android/data/com.reveny.devicecheck', fi->inode.i_ino: '0', fi->inode.i_state: 0x200000000
1791568490.651  root 17724 17724 I susfs   : [0][17724][susfs_run_sus_path_loop] re-flag AS_FLAGS_SUS_PATH on path '/sdcard/Android/data/com.pozitron.hepsiburada', fi->inode.i_ino: '0', fi->inode.i_state: 0x200000000
1791568490.651  root 17724 17724 I susfs   : [0][17724][susfs_run_sus_path_loop] re-flag AS_FLAGS_SUS_PATH on path '/sdcard/Android/data/com.eltavine.duckdetector', fi->inode.i_ino: '0', fi->inode.i_state: 0x200000000
1791568490.651  root 17724 17724 I susfs   : [0][17724][susfs_run_sus_path_loop] re-flag AS_FLAGS_SUS_PATH on path '/sdcard/Android/data/com.belbim.istanbulkart', fi->inode.i_ino: '0', fi->inode.i_state: 0x200000000
1791568490.651  root 17724 17724 I susfs   : [0][17724][susfs_run_sus_path_loop] re-flag AS_FLAGS_SUS_PATH on path '/sdcard/Android/data/com.gmail.heagoo.apkeditor.pro', fi->inode.i_ino: '0', fi->inode.i_state: 0x200000000
1791568490.651  root 17724 17724 I susfs   : [0][17724][susfs_run_sus_path_loop] re-flag AS_FLAGS_SUS_PATH on path '/sdcard/Android/data/com.instagram.barcelona', fi->inode.i_ino: '0', fi->inode.i_state: 0x200000000
1791568490.651  root 17724 17724 I susfs   : [0][17724][susfs_run_sus_path_loop] re-flag AS_FLAGS_SUS_PATH on path '/sdcard/Android/data/com.facebook.orca', fi->inode.i_ino: '346591', fi->inode.i_state: 0x200000000
1791568490.651  root 17724 17724 I susfs   : [0][17724][susfs_run_sus_path_loop] re-flag AS_FLAGS_SUS_PATH on path '/sdcard/Android/data/com.gpiktv.app', fi->inode.i_ino: '0', fi->inode.i_state: 0x200000000
1791568490.651  root 17724 17724 I susfs   : [0][17724][susfs_run_sus_path_loop] re-flag AS_FLAGS_SUS_PATH on path '/sdcard/Android/data/com.google.android.apps.docs.editors.docs', fi->inode.i_ino: '0', fi->inode.i_state: 0x200000000
1791568490.651  root 17724 17724 I susfs   : [0][17724][susfs_run_sus_path_loop] re-flag AS_FLAGS_SUS_PATH on path '/sdcard/Android/data/com.valvesoftware.android.steam.community', fi->inode.i_ino: '0', fi->inode.i_state: 0x200000000
1791568490.651  root 17724 17724 I susfs   : [0][17724][susfs_run_sus_path_loop] re-flag AS_FLAGS_SUS_PATH on path '/sdcard/Android/data/com.microsoft.xboxone.smartglass', fi->inode.i_ino: '0', fi->inode.i_state: 0x200000000
1791568490.651  root 17724 17724 I susfs   : [0][17724][susfs_run_sus_path_loop] re-flag AS_FLAGS_SUS_PATH on path '/sdcard/Android/data/com.akylas.documentscanner', fi->inode.i_ino: '0', fi->inode.i_state: 0x200000000
1791568490.651  root 17724 17724 I susfs   : [0][17724][susfs_run_sus_path_loop] re-flag AS_FLAGS_SUS_PATH on path '/sdcard/Android/data/com.nothing.icon.pro', fi->inode.i_ino: '0', fi->inode.i_state: 0x200000000
1791568490.651  root 17724 17724 I susfs   : [0][17724][susfs_run_sus_path_loop] re-flag AS_FLAGS_SUS_PATH on path '/sdcard/Android/data/eu.darken.sdmse', fi->inode.i_ino: '67635', fi->inode.i_state: 0x200000000
1791568490.651  root 17724 17724 I susfs   : [0][17724][susfs_run_sus_path_loop] re-flag AS_FLAGS_SUS_PATH on path '/sdcard/Android/data/com.facebook.katana', fi->inode.i_ino: '0', fi->inode.i_state: 0x200000000
1791568490.651  root 17724 17724 I susfs   : [0][17724][susfs_run_sus_path_loop] re-flag AS_FLAGS_SUS_PATH on path '/sdcard/Android/data/com.alensw.PicFolder', fi->inode.i_ino: '0', fi->inode.i_state: 0x200000000
1791568490.651  root 17724 17724 I susfs   : [0][17724][susfs_run_sus_path_loop] re-flag AS_FLAGS_SUS_PATH on path '/sdcard/Android/data/com.google.android.apps.adm', fi->inode.i_ino: '0', fi->inode.i_state: 0x200000000
1791568490.660 10371 25620 25620 I KernelSU: umount_tw_func: unmounting: /system/priv-app flags: 0x2
1791568490.660 10371 25620 25620 I KernelSU: umount_tw_func: unmounting: /system/etc/sysconfig flags: 0x2
1791568490.660 10371 25620 25620 I KernelSU: umount_tw_func: unmounting: /system/etc flags: 0x2
1791568490.660 10371 25620 25620 I KernelSU: umount_tw_func: unmounting: /product/media flags: 0x2
1791568490.683  root 12998 12998 I         : read descriptors
1791568490.683  root 12998 12998 I         : read strings
1791568490.699 10371 25620 25620 D ApplicationLoaders: Returning zygote-cached class loader: /system/framework/org.apache.http.legacy.jar
1791568490.699 10371 25620 25620 W System  : ClassLoader referenced unknown path: /system/framework/oplus-support-wrapper.jar
1791568490.700 10371 25620 25620 D nativeloader: Configuring clns-9 for other apk /system/framework/oplus-support-wrapper.jar. target_sdk_version=35, uses_libraries=ALL, library_path=/data/app/~~4CaUyn7mziADjPxmHYnTyw==/com.oplus.camera-RmsgmZeLC1bbCpsGZgkKrQ==/lib/arm64:/data/app/~~4CaUyn7mziADjPxmHYnTyw==/com.oplus.camera-RmsgmZeLC1bbCpsGZgkKrQ==/base.apk!/lib/arm64-v8a, permitted_path=/data:/mnt/expand:/data/user/0/com.oplus.camera
1791568490.700 10371 25620 25620 W System  : ClassLoader referenced unknown path: /system_ext/framework/com.oplus.camera.unit.sdk.jar
1791568490.701 10371 25620 25620 D nativeloader: Configuring clns-10 for other apk /system_ext/framework/com.oplus.camera.unit.sdk.jar. target_sdk_version=35, uses_libraries=ALL, library_path=/data/app/~~4CaUyn7mziADjPxmHYnTyw==/com.oplus.camera-RmsgmZeLC1bbCpsGZgkKrQ==/lib/arm64:/data/app/~~4CaUyn7mziADjPxmHYnTyw==/com.oplus.camera-RmsgmZeLC1bbCpsGZgkKrQ==/base.apk!/lib/arm64-v8a, permitted_path=/data:/mnt/expand:/data/user/0/com.oplus.camera
1791568490.701 10371 25620 25620 D ApplicationLoaders: Returning zygote-cached class loader: /system_ext/framework/androidx.window.extensions.jar
1791568490.701 10371 25620 25620 D ApplicationLoaders: Returning zygote-cached class loader: /system_ext/framework/androidx.window.sidecar.jar
1791568490.703 10371 25620 25620 W om.oplus.camera: ClassLoaderContext classpath size mismatch. expected=1, found=0 (PCL[]{PCL[/system/framework/org.apache.http.legacy.jar*580748007]#PCL[/system_ext/framework/com.oplus.camera.unit.sdk.jar*752694207]{PCL[/system/framework/oplus-support-wrapper.jar*1092214211]}#PCL[/system_ext/framework/androidx.window.extensions.jar*3132238753]#PCL[/system_ext/framework/androidx.window.sidecar.jar*2544549972]} | PCL[]{PCL[/system/framework/org.apache.http.legacy.jar*580748007]#PCL[]{PCL[]}#PCL[/system_ext/framework/androidx.window.extensions.jar*3132238753]#PCL[/system_ext/framework/androidx.window.sidecar.jar*2544549972]})
1791568490.703  root  7802 14991 V BinderSender: Uid 10371 already starts
1791568490.705 10371 25620 25620 D nativeloader: Configuring clns-11 for other apk /data/app/~~4CaUyn7mziADjPxmHYnTyw==/com.oplus.camera-RmsgmZeLC1bbCpsGZgkKrQ==/base.apk. target_sdk_version=35, uses_libraries=, library_path=/data/app/~~4CaUyn7mziADjPxmHYnTyw==/com.oplus.camera-RmsgmZeLC1bbCpsGZgkKrQ==/lib/arm64:/data/app/~~4CaUyn7mziADjPxmHYnTyw==/com.oplus.camera-RmsgmZeLC1bbCpsGZgkKrQ==/base.apk!/lib/arm64-v8a, permitted_path=/data:/mnt/expand:/data/user/0/com.oplus.camera
1791568490.706 10371 25620 25620 D CompatChangeReporter: Compat change id reported: 202956589; UID 10371; state: ENABLED
1791568490.710 10371 25620 25620 I GameProps: Game props config loaded, games=1, enabled=false
1791568490.713 10371 25620 25620 V GraphicsEnvironment: Currently set values for:
1791568490.713 10371 25620 25620 V GraphicsEnvironment:   angle_gl_driver_selection_pkgs=[]
1791568490.713 10371 25620 25620 V GraphicsEnvironment:   angle_gl_driver_selection_values=[]
1791568490.713 10371 25620 25620 V GraphicsEnvironment: com.oplus.camera is not listed in per-application setting
1791568490.713 10371 25620 25620 V GraphicsEnvironment: No special selections for ANGLE, returning default driver choice
1791568490.713 10371 25620 25620 V GraphicsEnvironment: Neither updatable production driver nor prerelease driver is supported.
1791568490.718 10383  9433  9433 I csde    : onPause
1791568490.720 10371 25620 25620 V OCAM_MyApplication: attachBaseContext, E
1791568490.720 10371 25620 25620 V OCAM_MyApplication: attachBaseContext, sbPreBindApplication: false
1791568490.720 10371 25620 25620 V OCAM_OppoCamera_TRACE: traceBeginSection, msg: CameraStartupPerformance.attachBaseContext
1791568490.721 10383  9433  9433 I cruv    : onPause
1791568490.721 10383  9433  9433 W elap    : measuring already stopped.
1791568490.722 10371 25620 25647 D OCAM_ThreadManager: setUxThreadValue: pid is: 25620, tid is 25647 value is 130, keyThreadTag: TaskBusThread
1791568490.722 10371 25620 25647 E OCAM_AppOsenseResClientHelper: init, sbKeyThreadFeatureOpen: false
1791568490.722 10371 25620 25645 D OCAM_ThreadManager: setUxThreadValue: pid is: 25620, tid is 25645 value is 130, keyThreadTag: TaskBusThread
1791568490.722 10371 25620 25644 D OCAM_ThreadManager: setUxThreadValue: pid is: 25620, tid is 25644 value is 130, keyThreadTag: TaskBusThread
1791568490.723 10303  5894  6285 V RecentTasksController: Notify recent tasks changed
1791568490.723 10371 25620 25646 D OCAM_ThreadManager: setUxThreadValue: pid is: 25620, tid is 25646 value is 130, keyThreadTag: TaskBusThread
1791568490.724 10312  6415  6415 D RecentTasksList: invalidateLoadedTasks - previous requestLoadId: -1
1791568490.725 10371 25620 25620 V OCAM_OppoCamera_TRACE: traceBeginSection, msg: CameraStartupPerformance.preloadClassForDlOpen
1791568490.726 10303  5894  6285 V RecentTasksController: generateList(getRecentTasks)
1791568490.726 10303  5894  6285 V RecentTasksController: initializeDesksMap - allDeskIds: []
1791568490.726 10303  5894  6285 V RecentTasksController: Task 23 is not an active desktop task
1791568490.726 10303  5894  6285 V RecentTasksController: Added fullscreen task: 23
1791568490.726 10303  5894  6285 V RecentTasksController: Task 22 is not an active desktop task
1791568490.726 10303  5894  6285 V RecentTasksController: Added fullscreen task: 22
1791568490.726 10303  5894  6285 V RecentTasksController: Task 21 is not an active desktop task
1791568490.726 10303  5894  6285 V RecentTasksController: Added fullscreen task: 21
1791568490.726 10303  5894  6285 V RecentTasksController: generateList - complete
1791568490.726 10371 25620 25620 E OCAM_MyApplication: load class error
1791568490.726 10371 25620 25620 E OCAM_MyApplication: java.lang.ClassNotFoundException: android.graphics.OplusBaseRenderNode
1791568490.726 10371 25620 25620 E OCAM_MyApplication: 	at java.lang.Class.classForName(Native Method)
1791568490.726 10371 25620 25620 E OCAM_MyApplication: 	at java.lang.Class.forName(Class.java:591)
1791568490.726 10371 25620 25620 E OCAM_MyApplication: 	at java.lang.Class.forName(Class.java:496)
1791568490.726 10371 25620 25620 E OCAM_MyApplication: 	at com.oplus.camera.MyApplication.l(MyApplication.java:11)
1791568490.726 10371 25620 25620 E OCAM_MyApplication: 	at com.oplus.camera.MyApplication.attachBaseContext(MyApplication.java:80)
1791568490.726 10371 25620 25620 E OCAM_MyApplication: 	at android.app.Application.attach(Application.java:356)
1791568490.726 10371 25620 25620 E OCAM_MyApplication: 	at android.app.Instrumentation.newApplication(Instrumentation.java:1363)
1791568490.726 10371 25620 25620 E OCAM_MyApplication: 	at android.app.LoadedApk.makeApplicationInner(LoadedApk.java:1658)
1791568490.726 10371 25620 25620 E OCAM_MyApplication: 	at android.app.LoadedApk.makeApplicationInner(LoadedApk.java:1590)
1791568490.726 10371 25620 25620 E OCAM_MyApplication: 	at android.app.ActivityThread.handleBindApplication(ActivityThread.java:8304)
1791568490.726 10371 25620 25620 E OCAM_MyApplication: 	at android.app.ActivityThread.-$$Nest$mhandleBindApplication(ActivityThread.java:0)
1791568490.726 10371 25620 25620 E OCAM_MyApplication: 	at android.app.ActivityThread$H.handleMessage(ActivityThread.java:2765)
1791568490.726 10371 25620 25620 E OCAM_MyApplication: 	at android.os.Handler.dispatchMessageImpl(Handler.java:142)
1791568490.726 10371 25620 25620 E OCAM_MyApplication: 	at android.os.Handler.dispatchMessage(Handler.java:125)
1791568490.726 10371 25620 25620 E OCAM_MyApplication: 	at android.os.Looper.loopOnce(Looper.java:296)
1791568490.726 10371 25620 25620 E OCAM_MyApplication: 	at android.os.Looper.loop(Looper.java:397)
1791568490.726 10371 25620 25620 E OCAM_MyApplication: 	at android.app.ActivityThread.main(ActivityThread.java:9581)
1791568490.726 10371 25620 25620 E OCAM_MyApplication: 	at java.lang.reflect.Method.invoke(Native Method)
1791568490.726 10371 25620 25620 E OCAM_MyApplication: 	at com.android.internal.os.RuntimeInit$MethodAndArgsCaller.run(RuntimeInit.java:578)
1791568490.726 10371 25620 25620 E OCAM_MyApplication: 	at com.android.internal.os.ZygoteInit.main(ZygoteInit.java:939)
1791568490.726 10371 25620 25620 E OCAM_MyApplication: Caused by: java.lang.ClassNotFoundException: android.graphics.OplusBaseRenderNode
1791568490.726 10371 25620 25620 E OCAM_MyApplication: 	... 20 more
1791568490.726 10371 25620 25620 V OCAM_OppoCamera_TRACE: traceEndSection, msg: CameraStartupPerformance.preloadClassForDlOpen
1791568490.726 10371 25620 25647 V OCAM_OppoCamera_TRACE: traceBeginSection, msg: initCoreThread
1791568490.726 10371 25620 25647 V OCAM_OppoCamera_TRACE: traceEndSection, msg: initCoreThread
1791568490.726 10371 25620 25646 V OCAM_OppoCamera_TRACE: traceBeginSection, msg: initCoreThread
1791568490.726 10371 25620 25646 V OCAM_OppoCamera_TRACE: traceEndSection, msg: initCoreThread
1791568490.726 10371 25620 25645 V OCAM_OppoCamera_TRACE: traceBeginSection, msg: initCoreThread
1791568490.726 10371 25620 25645 V OCAM_OppoCamera_TRACE: traceEndSection, msg: initCoreThread
1791568490.726 10371 25620 25644 V OCAM_OppoCamera_TRACE: traceBeginSection, msg: initCoreThread
1791568490.726 10371 25620 25644 V OCAM_OppoCamera_TRACE: traceEndSection, msg: initCoreThread
1791568490.726 10312  6415  6473 D PreloadThumbnailUseCase: Preloading thumbnails for task ids: [[id=21 windowingMode=1 user=0 lastActiveTime=535332] null, [id=22 windowingMode=1 user=0 lastActiveTime=540487] null, [id=23 windowingMode=1 user=0 lastActiveTime=541282] null]
1791568490.727 10371 25620 25620 V OCAM_OppoCamera_TRACE: traceBeginSection, msg: CameraStartupPerformance.preloadSharedPreferences
1791568490.728 10371 25620 25620 V OCAM_OppoCamera_TRACE: traceEndSection, msg: CameraStartupPerformance.preloadSharedPreferences
1791568490.731 10371 25620 25620 D nativeloader: Load /data/app/~~4CaUyn7mziADjPxmHYnTyw==/com.oplus.camera-RmsgmZeLC1bbCpsGZgkKrQ==/lib/arm64/libpreview_show.so using class loader ns clns-11 (caller=/data/app/~~4CaUyn7mziADjPxmHYnTyw==/com.oplus.camera-RmsgmZeLC1bbCpsGZgkKrQ==/base.apk!classes12.dex): ok
1791568490.731 10371 25620 25620 V OCAM_Util: attachBaseContext, context: android.app.ContextImpl@1369329
1791568490.731 10371 25620 25620 V OCAM_CommonUtil: attachBaseContext, context: android.app.ContextImpl@1369329
1791568490.731 10371 25620 25620 E OCAM_OplusCameraSceneCollector: get gcSupression err java.lang.NoSuchMethodException: dalvik.system.VMRuntime.SupressionGC [int, int]
1791568490.732 10371 25620 25620 I MMKV    : Disable checkProcessMode()
1791568490.734 10371 25620 25620 D nativeloader: Load /data/app/~~4CaUyn7mziADjPxmHYnTyw==/com.oplus.camera-RmsgmZeLC1bbCpsGZgkKrQ==/lib/arm64/libmmkv.so using class loader ns clns-11 (caller=/data/app/~~4CaUyn7mziADjPxmHYnTyw==/com.oplus.camera-RmsgmZeLC1bbCpsGZgkKrQ==/base.apk!classes22.dex): ok
1791568490.735 10371 25620 25620 I MMKV    : <native-bridge.cpp:104::JNI_OnLoad> current API level = 37, libc++_shared=0
1791568490.735 10371 25620 25620 I MMKV    : <MMKV.cpp:156::initialize> version v1.2.10, page size 4096, arch arm64-v8a
1791568490.735 10371 25620 25620 I MMKV    : <MMKV.cpp:167::initialize> armv8 AES instructions is supported
1791568490.735 10371 25620 25620 I MMKV    : <MMKV.cpp:175::initialize> armv8 CRC32 instructions is supported
1791568490.735 10371 25620 25620 I MMKV    : <MMKV.cpp:198::initializeMMKV> root dir: /data/user/0/com.oplus.camera/files/mmkv
1791568490.735 10371 25620 25620 W OCAM_TaskBus: init sContext: com.oplus.camera.MyApplication@1b14fdc
1791568490.735 10371 25620 25620 V OCAM_MyApplication: initCameraUnit
1791568490.735 10371 25620 25620 V OCAM_OppoCamera_TRACE: traceBeginSection, msg: CameraStartupPerformance.initCameraUnit
1791568490.736 10371 25620 25647 V OCAM_OppoCamera_TRACE: traceBeginSection, msg: InitCameraUnitTask
1791568490.736 10371 25620 25620 V OCAM_OppoCamera_TRACE: traceEndSection, msg: CameraStartupPerformance.initCameraUnit
1791568490.736 10371 25620 25620 V OCAM_OppoCamera_TRACE: traceEndSection, msg: CameraStartupPerformance.attachBaseContext
1791568490.736 10371 25620 25647 D OCAM_CameraUnitProxy: initCameraUnit
1791568490.736 10371 25620 25620 V OCAM_MyApplication: attachBaseContext X, config parse ver2: false
1791568490.736 10371 25620 25647 D OCAM_CameraUnitProxy: checkCameraPermission, permissionGranted: false
1791568490.736 10371 25620 25647 E OCAM_CameraUnitProxy: initCameraUnit, without camera permission, init CameraUnit failed!
1791568490.736 10371 25620 25647 V OCAM_CameraCharacteristicsUtil: initialize
1791568490.736 10371 25620 25647 W OCAM_CameraCharacteristicsUtil: initialize, no cameraUnitClient, initialize later
1791568490.736 10371 25620 25647 V OCAM_CameraCharacteristicsUtil: initialize, X
1791568490.736 10371 25620 25647 V OCAM_OppoCamera_TRACE: traceEndSection, msg: InitCameraUnitTask
1791568490.739 10371 25620 25620 D DesktopExperienceFlags: Toggle override initialized to: false
1791568490.740 10371 25620 25620 D CompatChangeReporter: Compat change id reported: 312399441; UID 10371; state: ENABLED
1791568490.740 10371 25620 25620 D OCAM_CameraInfoProvider: onCreate
1791568490.747 10371 25620 25620 D CardWidget.Utils: Utils sIsDebug sync ret: false
1791568490.747 10371 25620 25620 I Utils   : Utils sIsDebug sync ret: false
1791568490.747 10371 25620 25620 E CardWidget.Compatibility.AssistantScreenSelector: queryAssistantMetaData get ast metaData err! com.coloros.assistantscreen
1791568490.748 10371 25620 25620 E CardWidget.Compatibility.AssistantScreenSelector: getSmartEngineApkVersionCode getPackageInfo err! com.oplus.smartengine
1791568490.748 10371 25620 25620 D CardWidget.Compatibility.AssistantScreenSelector: get SmartEngine versionCode: 0
1791568490.750 10371 25620 25620 V OCAM_MyApplication: onCreate, E
1791568490.750 10371 25620 25620 V OCAM_OppoCamera_TRACE: traceBeginSection, msg: CameraStartupPerformance.onCameraApplicationCreated
1791568490.750 10371 25620 25620 D OCAM_MyApplication: monitorActivityLifeCycle E
1791568490.751 10371 25620 25620 D OCAM_MyApplication: monitorActivityLifeCycle X
1791568490.752 10371 25620 25620 I OCAM_CameraSingleton: single instance created, current obj: ng.i$a@43faca4
1791568490.753 10371 25620 25620 V OCAM_LocationManager: registerLocationListener, listener: ng.a@8eaa0d
1791568490.753 10371 25620 25620 I MMKV    : Disable checkProcessMode()
1791568490.753 10371 25620 25620 I MMKV    : <MMKV.cpp:198::initializeMMKV> root dir: /data/user/0/com.oplus.camera/files/mmkv
1791568490.754 10371 25620 25620 D OCAM_SPDataBuffer: SPDataBuffer: create SPDataBuffer at com.oplus.camera_preferences
1791568490.754 10371 25620 25620 V OCAM_MyApplication: startTaskBus
1791568490.754 10371 25620 25620 V OCAM_OppoCamera_TRACE: traceBeginSection, msg: CameraStartupPerformance.startTaskBus
1791568490.755 10371 25620 25620 E OCAM_CameraThreadExector: thread name is null
1791568490.755 10371 25620 25620 V OCAM_OppoCamera_TRACE: traceEndSection, msg: CameraStartupPerformance.startTaskBus
1791568490.755 10371 25620 25656 D OCAM_ThreadManager: setUxThreadValue: pid is: 25620, tid is 25656 value is 130, keyThreadTag: TaskBusThread
1791568490.755 10371 25620 25658 D OCAM_ThreadManager: setUxThreadValue: pid is: 25620, tid is 25658 value is 130, keyThreadTag: TaskBusThread
1791568490.755 10371 25620 25657 D OCAM_ThreadManager: setUxThreadValue: pid is: 25620, tid is 25657 value is 130, keyThreadTag: TaskBusThread
1791568490.755 10371 25620 25655 D OCAM_ThreadManager: setUxThreadValue: pid is: 25620, tid is 25655 value is 130, keyThreadTag: TaskBusThread
1791568490.755 10371 25620 25657 I OCAM_TaskBusRunnable: TaskBusRunable.run setUx for 25657
1791568490.755 10371 25620 25656 I OCAM_TaskBusRunnable: TaskBusRunable.run setUx for 25656
1791568490.755 10371 25620 25657 V OCAM_OppoCamera_TRACE: traceBeginSection, msg: initStoragePathTask
1791568490.755 10371 25620 25656 V OCAM_OppoCamera_TRACE: traceBeginSection, msg: InitCameraConfigTask
1791568490.755 10371 25620 25620 I OCAM_CameraSingleton: single instance created, current obj: y6.e$b@c103e4b
1791568490.756 10371 25620 25657 D OCAM_Storage: initializeStoragePath()
1791568490.756 10371 25620 25620 D OCAM_OplusDeviceStateManager_OplusDeviceStateManager: init default
1791568490.756 10371 25620 25656 V OCAM_CameraConfig: initialize, sbInit: false
1791568490.756 10371 25620 25620 W OCAM_OplusDeviceStateManagerCompat: OplusDeviceStateManager init failed due to: can't find system class.
1791568490.756 10371 25620 25656 V OCAM_OppoCamera_TRACE: traceBeginSection, msg: InitAlgoListModelTask
1791568490.757 10371 25620 25655 I OCAM_TaskBusRunnable: TaskBusRunable.run setUx for 25655
1791568490.757 10371 25620 25655 V OCAM_OppoCamera_TRACE: traceBeginSection, msg: InitDcsTask
1791568490.757 10371 25620 25658 I OCAM_TaskBusRunnable: TaskBusRunable.run setUx for 25658
1791568490.757 10371 25620 25658 V OCAM_OppoCamera_TRACE: traceBeginSection, msg: InitThreadMonitorTask
1791568490.758 10371 25620 25658 W OCAM_ThreadMonitor: prepare()
1791568490.758 10371 25620 25659 W OCAM_ThreadMonitor: ***** Monitor thread start *****
1791568490.758 10371 25620 25657 D OCAM_SPDataBuffer: SPDataBuffer: create SPDataBuffer at com.oplus.camera_preferences_0
1791568490.758 10371 25620 25657 E OCAM_Storage: initializeCachedDeletedMediaIds, sCachedMediaIds: []
1791568490.758 10371 25620 25655 D OCAM_DcsReporter: init app context
1791568490.758 10371 25620 25656 V OCAM_OppoCamera_TRACE: traceEndSection, msg: InitAlgoListModelTask
1791568490.758 10371 25620 25656 D OCAM_TaskBusRunnable: TaskBusRunable.run executeTask: InitAlgoListModelTask, cost time: 2ms.
1791568490.759 10371 25620 25656 D OCAM_TaskBus: needDisableUx: false corePoolSize: 4 mDoneTasks: 1 mAllTasksCls: 12 this:yh.c@6de46e6
1791568490.759 10371 25620 25656 V OCAM_OppoCamera_TRACE: traceEndSection, msg: InitAlgoListModelTask
1791568490.759 10371 25620 25656 V OCAM_OppoCamera_TRACE: traceBeginSection, msg: InitActivityContextUtil
1791568490.759 10371 25620 25656 V OCAM_OppoCamera_TRACE: traceEndSection, msg: InitActivityContextUtil
1791568490.759 10371 25620 25656 D OCAM_TaskBusRunnable: TaskBusRunable.run executeTask: InitActivityContextUtil, cost time: 0ms.
1791568490.759 10371 25620 25656 D OCAM_TaskBus: needDisableUx: false corePoolSize: 4 mDoneTasks: 2 mAllTasksCls: 12 this:yh.c@6de46e6
1791568490.759 10371 25620 25656 V OCAM_OppoCamera_TRACE: traceEndSection, msg: InitActivityContextUtil
1791568490.759 10371 25620 25656 V OCAM_OppoCamera_TRACE: traceBeginSection, msg: InitCameraConfigHeavyTask
1791568490.759 10371 25620 25658 V OCAM_OppoCamera_TRACE: traceEndSection, msg: InitThreadMonitorTask
1791568490.759 10371 25620 25658 D OCAM_TaskBusRunnable: TaskBusRunable.run executeTask: InitThreadMonitorTask, cost time: 2ms.
1791568490.759 10371 25620 25658 D OCAM_TaskBus: needDisableUx: false corePoolSize: 4 mDoneTasks: 3 mAllTasksCls: 12 this:yh.c@6de46e6
1791568490.759 10371 25620 25658 V OCAM_OppoCamera_TRACE: traceEndSection, msg: InitThreadMonitorTask
1791568490.759 10371 25620 25658 V OCAM_OppoCamera_TRACE: traceBeginSection, msg: InitCameraConfigAsyncTask
1791568490.759 10371 25620 25658 I OCAM_Task: initCameraConfig
1791568490.760 10371 25620 25658 V OCAM_CameraThreadExector: thread name: feature_init
1791568490.760 10371 25620 25658 V OCAM_CameraThreadExector: thread name: Camera Initialize
1791568490.760 10371 25620 25658 V OCAM_CameraThreadExector: thread name: init MyRegionAdapter
1791568490.760 10371 25620 25658 V OCAM_OppoCamera_TRACE: traceEndSection, msg: InitCameraConfigAsyncTask
1791568490.760 10371 25620 25658 D OCAM_TaskBusRunnable: TaskBusRunable.run executeTask: InitCameraConfigAsyncTask, cost time: 1ms.
1791568490.760 10371 25620 25658 D OCAM_TaskBus: needDisableUx: false corePoolSize: 4 mDoneTasks: 4 mAllTasksCls: 12 this:yh.c@6de46e6
1791568490.760 10371 25620 25658 V OCAM_OppoCamera_TRACE: traceEndSection, msg: InitCameraConfigAsyncTask
1791568490.760 10371 25620 25658 V OCAM_OppoCamera_TRACE: traceBeginSection, msg: InitActivityUtilTask
1791568490.760 10371 25620 25658 V OCAM_OppoCamera_TRACE: traceEndSection, msg: InitActivityUtilTask
1791568490.760 10371 25620 25658 D OCAM_TaskBusRunnable: TaskBusRunable.run executeTask: InitActivityUtilTask, cost time: 0ms.
1791568490.760 10371 25620 25658 D OCAM_TaskBus: needDisableUx: false corePoolSize: 4 mDoneTasks: 5 mAllTasksCls: 12 this:yh.c@6de46e6
1791568490.760 10371 25620 25658 V OCAM_OppoCamera_TRACE: traceEndSection, msg: InitActivityUtilTask
1791568490.760 10371 25620 25658 V OCAM_OppoCamera_TRACE: traceBeginSection, msg: InitVibrateManagerTask
1791568490.760 10371 25620 25658 V OCAM_OppoCamera_TRACE: traceEndSection, msg: InitVibrateManagerTask
1791568490.761 10371 25620 25658 D OCAM_TaskBusRunnable: TaskBusRunable.run executeTask: InitVibrateManagerTask, cost time: 0ms.
1791568490.761 10371 25620 25658 D OCAM_TaskBus: needDisableUx: false corePoolSize: 4 mDoneTasks: 6 mAllTasksCls: 12 this:yh.c@6de46e6
1791568490.761 10371 25620 25658 V OCAM_OppoCamera_TRACE: traceEndSection, msg: InitVibrateManagerTask
1791568490.769 10371 25620 25655 D OplusTrack-OplusTrack: packageName:com.oplus.camera,isDebug:true
1791568490.769 10371 25620 25655 D OplusTrack-OplusTrack: setSession timeout is 10
1791568490.769 10371 25620 25655 V OCAM_OppoCamera_TRACE: traceEndSection, msg: InitDcsTask
1791568490.769 10371 25620 25655 D OCAM_TaskBusRunnable: TaskBusRunable.run executeTask: InitDcsTask, cost time: 12ms.
1791568490.769 10371 25620 25655 D OCAM_TaskBus: needDisableUx: false corePoolSize: 4 mDoneTasks: 7 mAllTasksCls: 12 this:yh.c@6de46e6
1791568490.769 10371 25620 25655 V OCAM_OppoCamera_TRACE: traceEndSection, msg: InitDcsTask
1791568490.770 10371 25620 25657 W ContextImpl: Failed to ensure /storage/emulated/0/Android/data/com.oplus.camera/cache
1791568490.770 10371 25620 25657 W ContextImpl: java.lang.IllegalStateException: Failed to prepare /storage/emulated/0/Android/data/com.oplus.camera/cache
1791568490.770 10371 25620 25657 W ContextImpl: 	at android.os.Parcel.createExceptionOrNull(Parcel.java:3400)
1791568490.770 10371 25620 25657 W ContextImpl: 	at android.os.Parcel.createException(Parcel.java:3376)
1791568490.770 10371 25620 25657 W ContextImpl: 	at android.os.Parcel.readException(Parcel.java:3359)
1791568490.770 10371 25620 25657 W ContextImpl: 	at android.os.Parcel.readException(Parcel.java:3301)
1791568490.770 10371 25620 25657 W ContextImpl: 	at android.os.storage.IStorageManager$Stub$Proxy.mkdirs(IStorageManager.java:1300)
1791568490.770 10371 25620 25657 W ContextImpl: 	at android.os.storage.StorageManager.mkdirs(StorageManager.java:1421)
1791568490.770 10371 25620 25657 W ContextImpl: 	at android.app.ContextImpl.ensureExternalDirsExistOrFilter(ContextImpl.java:4003)
1791568490.770 10371 25620 25657 W ContextImpl: 	at android.app.ContextImpl.getExternalCacheDirs(ContextImpl.java:1016)
1791568490.770 10371 25620 25657 W ContextImpl: 	at android.app.ContextImpl.getExternalCacheDir(ContextImpl.java:1005)
1791568490.770 10371 25620 25657 W ContextImpl: 	at android.content.ContextWrapper.getExternalCacheDir(ContextWrapper.java:338)
1791568490.770 10371 25620 25657 W ContextImpl: 	at com.oplus.camera.util.Util.v(Util.java:1)
1791568490.770 10371 25620 25657 W ContextImpl: 	at z4.ye.a(TaskSet.java:142)
1791568490.770 10371 25620 25657 W ContextImpl: 	at yh.e.run(TaskBusRunnable.java:105)
1791568490.770 10371 25620 25657 W ContextImpl: 	at java.util.concurrent.Executors$RunnableAdapter.call(Executors.java:520)
1791568490.770 10371 25620 25657 W ContextImpl: 	at java.util.concurrent.FutureTask.run(FutureTask.java:328)
1791568490.770 10371 25620 25657 W ContextImpl: 	at java.util.concurrent.ThreadPoolExecutor.runWorker(ThreadPoolExecutor.java:1100)
1791568490.770 10371 25620 25657 W ContextImpl: 	at java.util.concurrent.ThreadPoolExecutor$Worker.run(ThreadPoolExecutor.java:624)
1791568490.770 10371 25620 25657 W ContextImpl: 	at java.lang.Thread.run(Thread.java:1572)
1791568490.770 10371 25620 25657 W ContextImpl: Caused by: android.os.RemoteException: Remote stack trace:
1791568490.770 10371 25620 25657 W ContextImpl: 	at com.android.server.SystemConfig$$ExternalSyntheticBUOutline2.m(R8$$SyntheticClass:0)
1791568490.770 10371 25620 25657 W ContextImpl: 	at com.android.server.StorageManagerService.mkdirs(StorageManagerService.java:3831)
1791568490.770 10371 25620 25657 W ContextImpl: 	at android.os.storage.IStorageManager$Stub.onTransact(IStorageManager.java:643)
1791568490.770 10371 25620 25657 W ContextImpl: 	at android.os.Binder.execTransactInternal(Binder.java:1364)
1791568490.770 10371 25620 25657 W ContextImpl: 	at android.os.Binder.execTransact(Binder.java:1323)
1791568490.772 10371 25620 25657 V OCAM_OppoCamera_TRACE: traceEndSection, msg: initStoragePathTask
1791568490.772 10371 25620 25657 D OCAM_TaskBusRunnable: TaskBusRunable.run executeTask: initStoragePathTask, cost time: 16ms.
1791568490.772 10371 25620 25657 D OCAM_TaskBus: needDisableUx: false corePoolSize: 4 mDoneTasks: 8 mAllTasksCls: 12 this:yh.c@6de46e6
1791568490.772 10371 25620 25657 V OCAM_OppoCamera_TRACE: traceEndSection, msg: initStoragePathTask
1791568490.772 10371 25620 25657 D OCAM_ThreadManager: setUxThreadValue: pid is: 25620, tid is 25657 value is 130, keyThreadTag: TemporaryThread
1791568490.772 10371 25620 25655 V OCAM_OppoCamera_TRACE: traceBeginSection, msg: InitCaptureDeferTask
1791568490.773 10371 25620 25657 E AndroidRuntime: FATAL EXCEPTION: CameraThreadExector
1791568490.773 10371 25620 25657 E AndroidRuntime: Process: com.oplus.camera, PID: 25620
1791568490.773 10371 25620 25657 E AndroidRuntime: java.lang.NoClassDefFoundError: Failed resolution of: Lcom/oplus/ocs/camera/configure/CameraConfigure;
1791568490.773 10371 25620 25657 E AndroidRuntime: 	at com.oplus.ocs.camera.config.FeatureApi.initialize(FeatureApi.java:2)
1791568490.773 10371 25620 25657 E AndroidRuntime: 	at z4.b9.run(R8$$SyntheticClass:384)
1791568490.773 10371 25620 25657 E AndroidRuntime: 	at java.util.concurrent.ThreadPoolExecutor.runWorker(ThreadPoolExecutor.java:1100)
1791568490.773 10371 25620 25657 E AndroidRuntime: 	at java.util.concurrent.ThreadPoolExecutor$Worker.run(ThreadPoolExecutor.java:624)
1791568490.773 10371 25620 25657 E AndroidRuntime: 	at java.lang.Thread.run(Thread.java:1572)
1791568490.773 10371 25620 25657 E AndroidRuntime: Caused by: java.lang.ClassNotFoundException: com.oplus.ocs.camera.configure.CameraConfigure
1791568490.773 10371 25620 25657 E AndroidRuntime: 	... 5 more
1791568490.773 10371 25620 25657 D OplusTrack-StatisticsExceptionHand: StatisticsExceptionHandler: get the uncaughtException.
1791568490.774 10371 25620 25655 V OCAM_CameraThreadExector: thread name: Capture Defer Init
1791568490.774 10371 25620 25655 V OCAM_OppoCamera_TRACE: traceEndSection, msg: InitCaptureDeferTask
1791568490.774 10371 25620 25655 D OCAM_TaskBusRunnable: TaskBusRunable.run executeTask: InitCaptureDeferTask, cost time: 2ms.
1791568490.774 10371 25620 25655 D OCAM_TaskBus: needDisableUx: true corePoolSize: 4 mDoneTasks: 9 mAllTasksCls: 12 this:yh.c@6de46e6
1791568490.774 10371 25620 25655 V OCAM_OppoCamera_TRACE: traceBeginSection, msg: disableKeyThreadValue_25655
1791568490.774 10371 25620 25655 V OCAM_OppoCamera_TRACE: traceEndSection, msg: disableKeyThreadValue_25655
1791568490.774 10371 25620 25655 V OCAM_OppoCamera_TRACE: traceEndSection, msg: InitCaptureDeferTask
1791568490.776 10371 25620 25660 E ActivityThread: Failed to find provider info for com.oplus.statistics.provider
1791568490.777 10371 25620 25660 D OplusTrack-ContentProviderRecorder: get provider client failed.
1791568490.777 10371 25620 25660 W OplusTrack-ContentProviderRecorder: not support content provider
1791568490.778  1000  5328  6308 W ActivityManager: Unable to start service Intent { xflg=0x4 cmp=com.nearme.statistics.rom/.service.ReceiverService (has extras) } U=0: not found
1791568490.778 10371 25620 25655 E ActivityThread: Failed to find provider info for com.oplus.customize.coreapp.configmanager.configprovider.AppFeatureProvider
1791568490.779 10371 25620 25655 E OCAM_CaptureDeferTaskUtils: some thing has error!
1791568490.779 10371 25620 25655 E OCAM_CaptureDeferTaskUtils: java.lang.NoClassDefFoundError: Failed resolution of: Lcom/oplus/ocs/camera/appinterface/adapter/CameraAlgoSwitchConfig;
1791568490.779 10371 25620 25655 E OCAM_CaptureDeferTaskUtils: 	at com.oplus.ocs.camera.appinterface.adapter.CameraUnitAlgoSwitchConfig.checkConfigCondition(CameraUnitAlgoSwitchConfig.java:1)
1791568490.779 10371 25620 25655 E OCAM_CaptureDeferTaskUtils: 	at androidx.activity.h.run(R8$$SyntheticClass:1204)
1791568490.779 10371 25620 25655 E OCAM_CaptureDeferTaskUtils: 	at java.util.concurrent.ThreadPoolExecutor.runWorker(ThreadPoolExecutor.java:1100)
1791568490.779 10371 25620 25655 E OCAM_CaptureDeferTaskUtils: 	at java.util.concurrent.ThreadPoolExecutor$Worker.run(ThreadPoolExecutor.java:624)
1791568490.779 10371 25620 25655 E OCAM_CaptureDeferTaskUtils: 	at java.lang.Thread.run(Thread.java:1572)
1791568490.779 10371 25620 25655 E OCAM_CaptureDeferTaskUtils: Caused by: java.lang.ClassNotFoundException: com.oplus.ocs.camera.appinterface.adapter.CameraAlgoSwitchConfig
1791568490.779 10371 25620 25655 E OCAM_CaptureDeferTaskUtils: 	... 5 more
1791568490.779 10371 25620 25620 D OCAM_OplusDeviceStateManagerCompat: onDeviceStateChanged, getSoftwareFoldingMode: -1
1791568490.779 10371 25620 25655 E AndroidRuntime: FATAL EXCEPTION: CameraThreadExector
1791568490.779 10371 25620 25655 E AndroidRuntime: Process: com.oplus.camera, PID: 25620
1791568490.779 10371 25620 25655 E AndroidRuntime: java.lang.NoClassDefFoundError: Failed resolution of: Lcom/oplus/ocs/camera/appinterface/adapter/CameraAlgoSwitchConfig;
1791568490.779 10371 25620 25655 E AndroidRuntime: 	at com.oplus.ocs.camera.appinterface.adapter.CameraUnitAlgoSwitchConfig.getApsVersion(CameraUnitAlgoSwitchConfig.java:1)
1791568490.779 10371 25620 25655 E AndroidRuntime: 	at ja.y.m(CaptureDeferUtils.java:62)
1791568490.779 10371 25620 25655 E AndroidRuntime: 	at androidx.activity.h.run(R8$$SyntheticClass:1214)
1791568490.779 10371 25620 25655 E AndroidRuntime: 	at java.util.concurrent.ThreadPoolExecutor.runWorker(ThreadPoolExecutor.java:1100)
1791568490.779 10371 25620 25655 E AndroidRuntime: 	at java.util.concurrent.ThreadPoolExecutor$Worker.run(ThreadPoolExecutor.java:624)
1791568490.779 10371 25620 25655 E AndroidRuntime: 	at java.lang.Thread.run(Thread.java:1572)
1791568490.779 10371 25620 25655 E AndroidRuntime: Caused by: java.lang.ClassNotFoundException: com.oplus.ocs.camera.appinterface.adapter.CameraAlgoSwitchConfig
1791568490.779 10371 25620 25655 E AndroidRuntime: 	... 6 more
1791568490.779 10371 25620 25655 D OplusTrack-StatisticsExceptionHand: StatisticsExceptionHandler: get the uncaughtException.
1791568490.779 10371 25620 25620 D OCAM_OplusDeviceStateManagerCompat: onDeviceStateChanged, getFolderAngle: -1
1791568490.779 10371 25620 25620 D OCAM_OplusDeviceStateManagerCompat: onDeviceStateChanged, sFoldAngle: -1
1791568490.779  1000  5328  5477 W ActivityManager: Unable to start service Intent { xflg=0x4 cmp=com.nearme.statistics.rom/.service.ReceiverService (has extras) } U=0: not found
1791568490.780 10371 25620 25657 E ActivityThread: Failed to find provider info for com.oplus.statistics.provider
1791568490.780 10371 25620 25657 D OplusTrack-ContentProviderRecorder: get provider client failed.
1791568490.780 10371 25620 25657 W OplusTrack-ContentProviderRecorder: not support content provider
1791568490.780  1000  5328  5477 W ActivityManager: Unable to start service Intent { xflg=0x4 cmp=com.nearme.statistics.rom/.service.ReceiverService (has extras) } U=0: not found
1791568490.780 10371 25620 25620 D OCAM_OplusDeviceStateManagerCompat: onDeviceStateChanged, getFoldStateBySystem: -1
1791568490.780 10371 25620 25620 D OCAM_OplusDeviceStateManagerCompat: onDeviceStateChanged, mLastCachedDeviceState: -1, state: 0
1791568490.780 10371 25620 25620 V OCAM_OppoCamera_TRACE: traceEndSection, msg: CameraStartupPerformance.onCameraApplicationCreated
1791568490.780 10371 25620 25620 D OCAM_LottieUtil: hookThreadPool success
1791568490.780 10371 25620 25620 V OCAM_MyApplication: onCreate, X
1791568490.784  1000  5328  5477 D CorePackageUpdate: Couldn't find a persistent state for task= 23
1791568490.786 10371 25620 25655 I Process : Sending signal. PID: 25620 SIG: 9
1791568490.789 10646 17098 17098 W banktr.ingmobil: type=1400 audit(0.0:134699): avc:  denied  { getattr } for  path="/proc/kallsyms" dev="proc" ino=4026532174 scontext=u:r:untrusted_app_34:s0:c134,c258,c512,c768 tcontext=u:object_r:proc_kallsyms:s0 tclass=file permissive=0 app=com.ingbanktr.ingmobil
1791568490.789 10646 17098 17098 W banktr.ingmobil: type=1400 audit(0.0:134700): avc:  denied  { getattr } for  path="/proc/keys" dev="proc" ino=4026532183 scontext=u:r:untrusted_app_34:s0:c134,c258,c512,c768 tcontext=u:object_r:proc_keys:s0 tclass=file permissive=0 app=com.ingbanktr.ingmobil
1791568490.789 10646 17098 17098 W banktr.ingmobil: type=1400 audit(0.0:134701): avc:  denied  { getattr } for  path="/proc/modules" dev="proc" ino=4026532173 scontext=u:r:untrusted_app_34:s0:c134,c258,c512,c768 tcontext=u:object_r:proc_modules:s0 tclass=file permissive=0 app=com.ingbanktr.ingmobil
1791568490.789 10646 17098 17098 W banktr.ingmobil: type=1400 audit(0.0:134702): avc:  denied  { read } for  name="enforce" dev="selinuxfs" ino=4 scontext=u:r:untrusted_app_34:s0:c134,c258,c512,c768 tcontext=u:object_r:selinuxfs:s0 tclass=file permissive=0 app=com.ingbanktr.ingmobil
1791568490.800  1000  5328  6308 W ActivityTaskManager:   Force finishing activity com.oplus.camera/.Camera
1791568490.800  1000  5328  6308 W TransitionChain: Combining AR.finish-force-crash into #56(CLOSE|R|0x10) from finishTopCrash
1791568490.801 10303  5894  6285 V WindowManagerShell: Transition requested (#56): android.os.BinderProxy@a77ea32 TransitionRequestInfo { type = CLOSE, triggerTask = TaskInfo{userId=0 taskId=23 effectiveUid=10371 displayId=0 isRunning=true baseIntent=Intent { act=android.intent.action.MAIN cat=[android.intent.category.LAUNCHER] flg=0x10200000 cmp=com.oplus.camera/.Camera } baseActivity=ComponentInfo{com.oplus.camera/com.oplus.camera.Camera} topActivity=ComponentInfo{com.oplus.camera/com.oplus.camera.Camera} origActivity=null realActivity=ComponentInfo{com.oplus.camera/com.oplus.camera.Camera} realActivityIsAppLockEnabled=false numActivities=1 lastActiveTime=541459 supportsMultiWindow=true supportsMultiWindowWithoutConstraints=true resizeMode=0 isResizeable=true minWidth=-1 minHeight=-1 defaultMinSize=220 token=WCT{android.os.BinderProxy@2a7800f} topActivityType=1 pictureInPictureParams=null shouldDockBigOverlays=false launchIntoPipHostTaskId=-1 lastParentTaskIdBeforePip=-1 displayCutoutSafeInsets=Rect(0, 0 - 0, 0) topActivityInfo=ActivityInfo{3162383 com.oplus.camera.Camera} launchCookies=[android.os.BinderProxy@516a2a5] positionInParent=Point(0, 0) parentTaskId=-1 isFocused=true isInteractive=true isVisible=true isVisibleRequested=true isTopActivityNoDisplay=false isSleeping=false locusId=null displayAreaFeatureId=1 isTopActivityTransparent=false isActivityStackTransparent=false lastNonFullscreenBounds=null leafTaskBoundsFromOptions= false capturedLink=null capturedLinkTimestamp=0 requestedVisibleTypes=503 topActivityRequestOpenInBrowserEducationTimestamp=0 appCompatTaskInfo=AppCompatTaskInfo { topActivityInSizeCompat=false isLeafTask= true eligibleForLetterboxEducation= false isLetterboxEducationEnabled= false isLetterboxDoubleTapEnabled= false eligibleForUserAspectRatioButton= false topActivityBoundsLetterboxed= false isFromLetterboxDoubleTap= false topActivityLetterboxVerticalPosition= -1 topActivityLetterboxHorizontalPosition= -1 topActivityLetterboxWidth=-1 topActivityLetterboxHeight=-1 topActivityAppBounds=Rect(0, 0 - 1440, 3216) isUserFullscreenOverrideEnabled=false isSystemFullscreenOverrideEnabled=false hasMinAspectRatioOverride=false topActivityLetterboxBounds=null topNonResizableActivityAspectRatio=-1.0} topActivityMainWindowFrame=null isAppBubble=false isTopAppLocked=false}, pipChange = null, remoteTransitionInfo = null, displayChanges = null, requestedLocation = null, userChange = null, windowingLayerChange = null, fullscreenRequestChange = null, flags = 16, debugId = 56 }
1791568490.801 10303  5894  6285 W DisconnectHandler: No disconnect change found in the transition, not handling request.
1791568490.801 10303  5894  6285 V ShellDesktopMode: DesktopTasksController: skipping handleRequest reason=triggerTask's display doesn't support desktop mode
1791568490.809  1000  5328  6308 W TransitionChain: Combining kgOccludeChg into #56(CLOSE|R|0x10) from finishTopCrash
1791568490.811  root 17656 17656 I binder  : undelivered TRANSACTION_COMPLETE
1791568490.811  root 17656 17656 I binder  : undelivered transaction 1054691, process died.
1791568490.811  root 17656 17656 I binder  : undelivered transaction 1054672, process died.
1791568490.811  root 17656 17656 I binder  : release 25620:25657 transaction 1054671 out, still active
1791568490.811  root 17656 17656 I binder  : undelivered TRANSACTION_COMPLETE
1791568490.811  root 17656 17656 I binder  : undelivered transaction 1054689, process died.
1791568490.812  root  5171  5171 I Zygote  : Process 25620 exited due to signal 9 (Killed)
1791568490.814  1000  5328  6308 W ActivityManager: pid 5328 system sent binder code 55 with flags 1 and got error -32
1791568490.814  1000  5328  6308 W ClientLifecycleManager: Failed to deliver transaction for ProcessRecord{7400522 25620:com.oplus.camera/u0a371}
1791568490.814  1000  5328  6308 W ClientLifecycleManager: transaction=com.android.server.wm.ClientLifecycleManager@b439bd0
1791568490.814  1000  5328  6308 W ClientLifecycleManager: android.os.DeadObjectException
1791568490.814  1000  5328  6308 W ClientLifecycleManager: 	at android.os.BinderProxy.transactNative(Native Method)
1791568490.814  1000  5328  6308 W ClientLifecycleManager: 	at android.os.BinderProxy.transact(BinderProxy.java:626)
1791568490.814  1000  5328  6308 W ClientLifecycleManager: 	at android.app.IApplicationThread$Stub$Proxy.scheduleTransaction(IApplicationThread.java:2370)
1791568490.814  1000  5328  6308 W ClientLifecycleManager: 	at android.app.IApplicationThread$Delegator.scheduleTransaction(IApplicationThread.java:449)
1791568490.814  1000  5328  6308 W ClientLifecycleManager: 	at android.app.servertransaction.ClientTransaction.schedule(ClientTransaction.java:245)
1791568490.814  1000  5328  6308 W ClientLifecycleManager: 	at com.android.server.wm.ClientLifecycleManager.scheduleTransaction(ClientLifecycleManager.java:74)
1791568490.814  1000  5328  6308 W ClientLifecycleManager: 	at com.android.server.wm.ClientLifecycleManager.dispatchPendingTransactions(ClientLifecycleManager.java:168)
1791568490.814  1000  5328  6308 W ClientLifecycleManager: 	at com.android.server.wm.RootWindowContainer.performSurfacePlacement(RootWindowContainer.java:779)
1791568490.814  1000  5328  6308 W ClientLifecycleManager: 	at com.android.server.wm.WindowSurfacePlacer.performSurfacePlacementLoop(WindowSurfacePlacer.java:176)
1791568490.814  1000  5328  6308 W ClientLifecycleManager: 	at com.android.server.wm.WindowSurfacePlacer.performSurfacePlacement(WindowSurfacePlacer.java:124)
1791568490.814  1000  5328  6308 W ClientLifecycleManager: 	at com.android.server.wm.WindowSurfacePlacer.performSurfacePlacement(WindowSurfacePlacer.java:113)
1791568490.814  1000  5328  6308 W ClientLifecycleManager: 	at com.android.server.wm.WindowSurfacePlacer.continueLayout(WindowSurfacePlacer.java:95)
1791568490.814  1000  5328  6308 W ClientLifecycleManager: 	at com.android.server.wm.ActivityTaskManagerService.continueWindowLayout(ActivityTaskManagerService.java:5581)
1791568490.814  1000  5328  6308 W ClientLifecycleManager: 	at com.android.server.wm.ActivityTaskManagerService$LocalService.finishTopCrashedActivities(ActivityTaskManagerService.java:8051)
1791568490.814  1000  5328  6308 W ClientLifecycleManager: 	at com.android.server.am.AppErrors.handleAppCrashLSPB(AppErrors.java:1003)
1791568490.814  1000  5328  6308 W ClientLifecycleManager: 	at com.android.server.am.AppErrors.makeAppCrashingLocked(AppErrors.java:833)
1791568490.814  1000  5328  6308 W ClientLifecycleManager: 	at com.android.server.am.AppErrors.crashApplicationInner(AppErrors.java:702)
1791568490.814  1000  5328  6308 W ClientLifecycleManager: 	at com.android.server.am.AppErrors.crashApplication(AppErrors.java:629)
1791568490.814  1000  5328  6308 W ClientLifecycleManager: 	at com.android.server.am.ActivityManagerService.handleApplicationCrashInner(ActivityManagerService.java:10155)
1791568490.814  1000  5328  6308 W ClientLifecycleManager: 	at com.android.server.am.ActivityManagerService.handleApplicationCrash(ActivityManagerService.java:10019)
1791568490.814  1000  5328  6308 W ClientLifecycleManager: 	at android.app.IActivityManager$Stub.onTransact(IActivityManager.java:3108)
1791568490.814  1000  5328  6308 W ClientLifecycleManager: 	at com.android.server.am.ActivityManagerService.onTransact(ActivityManagerService.java:3298)
1791568490.814  1000  5328  6308 W ClientLifecycleManager: 	at android.os.Binder.execTransactInternal(Binder.java:1364)
1791568490.814  1000  5328  6308 W ClientLifecycleManager: 	at android.os.Binder.execTransact(Binder.java:1323)
1791568490.816 10303  5894  6285 D WindowManagerShell: onKeyguardOccludingTaskChanged displayId=0 taskId=-1
1791568490.818  1000  5328  5375 I ActivityManager: Showing crash dialog for package com.oplus.camera u0
1791568490.821  1000  5328  6722 I ActivityManager: Process com.oplus.camera (pid 25620) has died: fg  TOP
1791568490.823  1000  5328  5385 I libprocessgroup: Removed cgroup /sys/fs/cgroup/apps/uid_10371/pid_25620
1791568490.825  1000  5328  6722 W TransitionChain: Combining appDied into #56(CLOSE|R|0x10) from finishTopCrash
1791568490.840 10303  5894  6508 V WindowManagerShell: onTransitionReady(transaction=22883585761151)
1791568490.840 10303  5894  6285 V WindowManagerShell: onTransitionReady (#56) android.os.BinderProxy@a77ea32: {id=56 t=CLOSE f=0x10 trk=0 r=[0@Point(0, 0)] c=[
1791568490.840 10303  5894  6285 V WindowManagerShell:         {m=CLOSE f=FLAG_CHANGED_INTERACTIVE leash=Surface(name=Task=23#841)/@0x9913900 sb=Rect(0, 0 - 1440, 3216) eb=Rect(0, 0 - 1440, 3216) epz=Point(1440, 3216) d=0 taskParent=-1 winMode=1 userId=0},
1791568490.840 10303  5894  6285 V WindowManagerShell:         {m=TO_FRONT f=SHOW_WALLPAPER|MOVE_TO_TOP|FLAG_CHANGED_INTERACTIVE leash=Surface(name=Task=1#35)/@0x8337539 sb=Rect(0, 0 - 1440, 3216) eb=Rect(0, 0 - 1440, 3216) epz=Point(1440, 3216) d=0 taskParent=-1 winMode=1 userId=0},
1791568490.840 10303  5894  6285 V WindowManagerShell:         {m=TO_FRONT f=IS_WALLPAPER leash=Surface(name=WallpaperWindowToken{9a739ed}#76)/@0xeb6777e sb=Rect(0, 0 - 1440, 3216) eb=Rect(0, 0 - 1440, 3216) epz=Point(1440, 3216) d=0}
1791568490.840 10303  5894  6285 V WindowManagerShell:     ]}
1791568490.840 10303  5894  6285 V WindowManagerShell: Transition (#56) android.os.BinderProxy@a77ea32@0 ready while (#55) android.os.BinderProxy@7f1f16e@0 is still animating. Notify the animating transition in case they can be merged
1791568490.840 10303  5894  6285 V WindowManagerShell:    Requesting merge (#56) into remote: RemoteTransition { remoteTransition = android.window.IRemoteTransition$Stub$Proxy@cfb67a, appThread = null, debugName = QuickstepLaunch, filter = null }
1791568490.842 10303  5894  6508 V WindowManagerShell: Received remote transition finished callback for (#55)
1791568490.843 10303  5894  6285 V WindowManagerShell: Transition animation finished (aborted=false), notifying core (#55) android.os.BinderProxy@7f1f16e@0
1791568490.847 10383  9433  9433 I csde    : onResume
1791568490.847 10383  9433  9433 W elap    : missing event name
1791568490.848 10383  9433  9433 I cruv    : onResume
1791568490.859  1000  5328  5365 I system_server: Background young concurrent mark compact GC freed 88MB AllocSpace bytes, 60(1260KB) LOS objects, 45% free, 108MB/197MB, paused 1.312ms,4.966ms total 146.592ms
1791568490.860 10303  5894  6285 V WindowManagerShell: Playing animation for (#56) android.os.BinderProxy@a77ea32@0
1791568490.860 10303  5894  6285 D ShellSplitScreen: startAnimation: transition=56 isSplitActive=false
1791568490.860 10303  5894  6285 V ShellRecents: RecentsTransitionHandler.startAnimation: no controller found
1791568490.860 10303  5894  6285 V ShellDesktopMode: DesktopMixedTransitionHandler: No pending desktop transition
1791568490.861 10303  5894  6285 V WindowManagerShell: Transition doesn't have explicit remote, search filters for match for {id=56 t=CLOSE f=0x10 trk=0 r=[0@Point(0, 0)] c=[{m=CLOSE f=FLAG_CHANGED_INTERACTIVE leash=Surface(name=Task=23#841)/@0x9913900 sb=Rect(0, 0 - 1440, 3216) eb=Rect(0, 0 - 1440, 3216) epz=Point(1440, 3216) d=0 taskParent=-1 winMode=1 userId=0},{m=TO_FRONT f=SHOW_WALLPAPER|MOVE_TO_TOP|FLAG_CHANGED_INTERACTIVE leash=Surface(name=Task=1#35)/@0x8337539 sb=Rect(0, 0 - 1440, 3216) eb=Rect(0, 0 - 1440, 3216) epz=Point(1440, 3216) d=0 taskParent=-1 winMode=1 userId=0},{m=TO_FRONT f=IS_WALLPAPER leash=Surface(name=WallpaperWindowToken{9a739ed}#76)/@0xeb6777e sb=Rect(0, 0 - 1440, 3216) eb=Rect(0, 0 - 1440, 3216) epz=Point(1440, 3216) d=0}]}
1791568490.861 10303  5894  6285 V WindowManagerShell:  Checking filter Pair{{types=[] flags=0x0 notFlags=0x0 checks=[{atype=standard independent=false modes=[CHANGE] flags=NONE mustBeTask=true order=ANY topActivity=null launchCookie=null windowingMode=undefined isCrossDisplayMove=true}]} RemoteTransition { remoteTransition = android.window.IRemoteTransition$Stub$Proxy@8624ced, appThread = android.app.IApplicationThread$Stub$Proxy@1992722, debugName = QuickstepDisplayMove, filter = {types=[] flags=0x0 notFlags=0x0 checks=[{atype=standard independent=false modes=[CHANGE] flags=NONE mustBeTask=true order=ANY topActivity=null launchCookie=null windowingMode=undefined isCrossDisplayMove=true}]} }}
1791568490.861 10303  5894  6285 V WindowManagerShell:  Checking filter Pair{{types=[] flags=0x0 notFlags=0x100 checks=[{atype=home independent=true modes=[OPEN,TO_FRONT] flags=NONE mustBeTask=false order=ANY topActivity=ComponentInfo{com.android.launcher3/com.android.launcher3.uioverrides.QuickstepLauncher} launchCookie=null windowingMode=undefined isCrossDisplayMove=false},{atype=standard independent=true modes=[CLOSE,TO_BACK] flags=NONE mustBeTask=false order=ANY topActivity=null launchCookie=null windowingMode=undefined isCrossDisplayMove=false},{NOT atype=undefined independent=true modes=[] flags=NONE mustBeTask=true order=ANY topActivity=null launchCookie=null customAnim=true windowingMode=undefined isCrossDisplayMove=false}]} RemoteTransition { remoteTransition = android.window.IRemoteTransition$Stub$Proxy@e6e35b3, appThread = android.app.IApplicationThread$Stub$Proxy@4bb9770, debugName = QuickstepLaunchHome, filter = {types=[] flags=0x0 notFlags=0x100 checks=[{atype=home independent=true modes=[OPEN,TO_FRONT] flags=NONE mustBeTask=false order=ANY topActivity=ComponentInfo{com.android.launcher3/com.android.launcher3.uioverrides.QuickstepLauncher} launchCookie=null windowingMode=undefined isCrossDisplayMove=false},{atype=standard independent=true modes=[CLOSE,TO_BACK] flags=NONE mustBeTask=false order=ANY topActivity=null launchCookie=null windowingMode=undefined isCrossDisplayMove=false},{NOT atype=undefined independent=true modes=[] flags=NONE mustBeTask=true order=ANY topActivity=null launchCookie=null customAnim=true windowingMode=undefined isCrossDisplayMove=false}]} }}
1791568490.861 10303  5894  6285 D RemoteTransitionHandler: Found filterPair{{types=[] flags=0x0 notFlags=0x100 checks=[{atype=home independent=true modes=[OPEN,TO_FRONT] flags=NONE mustBeTask=false order=ANY topActivity=ComponentInfo{com.android.launcher3/com.android.launcher3.uioverrides.QuickstepLauncher} launchCookie=null windowingMode=undefined isCrossDisplayMove=false},{atype=standard independent=true modes=[CLOSE,TO_BACK] flags=NONE mustBeTask=false order=ANY topActivity=null launchCookie=null windowingMode=undefined isCrossDisplayMove=false},{NOT atype=undefined independent=true modes=[] flags=NONE mustBeTask=true order=ANY topActivity=null launchCookie=null customAnim=true windowingMode=undefined isCrossDisplayMove=false}]} RemoteTransition { remoteTransition = android.window.IRemoteTransition$Stub$Proxy@e6e35b3, appThread = android.app.IApplicationThread$Stub$Proxy@4bb9770, debugName = QuickstepLaunchHome, filter = {types=[] flags=0x0 notFlags=0x100 checks=[{atype=home independent=true modes=[OPEN,TO_FRONT] flags=NONE mustBeTask=false order=ANY topActivity=ComponentInfo{com.android.launcher3/com.android.launcher3.uioverrides.QuickstepLauncher} launchCookie=null windowingMode=undefined isCrossDisplayMove=false},{atype=standard independent=true modes=[CLOSE,TO_BACK] flags=NONE mustBeTask=false order=ANY topActivity=null launchCookie=null windowingMode=undefined isCrossDisplayMove=false},{NOT atype=undefined independent=true modes=[] flags=NONE mustBeTask=true order=ANY topActivity=null launchCookie=null customAnim=true windowingMode=undefined isCrossDisplayMove=false}]} }}
1791568490.861 10303  5894  6285 V WindowManagerShell:  Delegate animation for (#56) to RemoteTransition { remoteTransition = android.window.IRemoteTransition$Stub$Proxy@e6e35b3, appThread = android.app.IApplicationThread$Stub$Proxy@4bb9770, debugName = QuickstepLaunchHome, filter = {types=[] flags=0x0 notFlags=0x100 checks=[{atype=home independent=true modes=[OPEN,TO_FRONT] flags=NONE mustBeTask=false order=ANY topActivity=ComponentInfo{com.android.launcher3/com.android.launcher3.uioverrides.QuickstepLauncher} launchCookie=null windowingMode=undefined isCrossDisplayMove=false},{atype=standard independent=true modes=[CLOSE,TO_BACK] flags=NONE mustBeTask=false order=ANY topActivity=null launchCookie=null windowingMode=undefined isCrossDisplayMove=false},{NOT atype=undefined independent=true modes=[] flags=NONE mustBeTask=true order=ANY topActivity=null launchCookie=null customAnim=true windowingMode=undefined isCrossDisplayMove=false}]} }
1791568490.861  1000  5328  6722 W ActivityTaskManager: setRunningRemoteTransition: no process for null
1791568490.861 10303  5894  6285 V WindowManagerShell:  animated by com.android.wm.shell.transition.RemoteTransitionHandler@bbd887e
1791568490.861 10303  5894  6285 D WindowManagerShell: setLauncherKeepClearAreaHeight: visible=true, height=549
1791568490.863  root  7802  9835 V BinderSender: Uid 10371 already starts
1791568490.863  root  7802  9835 V BinderSender: Uid 10371 dead
1791568490.864 10303  5894  6285 V RecentTasksController: Notify recent tasks changed
1791568490.865 10312  6415  6415 D StatsLog: LAUNCHER_ONRESUME
1791568490.865  1000  5328  6308 W ActivityManager: Ignoring remove of inactive process: ProcessRecord{7400522 0:com.oplus.camera/u0a371}
1791568490.866 10383  7960 10159 I floq    : (REDACTED) HDM. appOpsListener %s %s
1791568490.866  1000  5328  5374 V WindowManager: Sent Transition (#56) createdAt=10-09 20:54:50.800 via request=TransitionRequestInfo { type = CLOSE, triggerTask = TaskInfo{userId=0 taskId=23 effectiveUid=10371 displayId=0 isRunning=true baseIntent=Intent { act=android.intent.action.MAIN cat=[android.intent.category.LAUNCHER] flg=0x10200000 cmp=com.oplus.camera/.Camera } baseActivity=ComponentInfo{com.oplus.camera/com.oplus.camera.Camera} topActivity=ComponentInfo{com.oplus.camera/com.oplus.camera.Camera} origActivity=null realActivity=ComponentInfo{com.oplus.camera/com.oplus.camera.Camera} realActivityIsAppLockEnabled=false numActivities=1 lastActiveTime=541459 supportsMultiWindow=true supportsMultiWindowWithoutConstraints=true resizeMode=0 isResizeable=true minWidth=-1 minHeight=-1 defaultMinSize=220 token=WCT{RemoteToken{1b7b288 Task{5dae517 #23 type=standard A=10371:com.oplus.camera}}} topActivityType=1 pictureInPictureParams=null shouldDockBigOverlays=false launchIntoPipHostTaskId=-1 lastParentTaskIdBeforePip=-1 displayCutoutSafeInsets=Rect(0, 0 - 0, 0) topActivityInfo=ActivityInfo{cca421 com.oplus.camera.Camera} launchCookies=[android.os.BinderProxy@3aa2046] positionInParent=Point(0, 0) parentTaskId=-1 isFocused=true isInteractive=true isVisible=true isVisibleRequested=true isTopActivityNoDisplay=false isSleeping=false locusId=null displayAreaFeatureId=1 isTopActivityTransparent=false isActivityStackTransparent=false lastNonFullscreenBounds=null leafTaskBoundsFromOptions= false capturedLink=null capturedLinkTimestamp=0 requestedVisibleTypes=503 topActivityRequestOpenInBrowserEducationTimestamp=0 appCompatTaskInfo=AppCompatTaskInfo { topActivityInSizeCompat=false isLeafTask= true eligibleForLetterboxEducation= false isLetterboxEducationEnabled= false isLetterboxDoubleTapEnabled= false eligibleForUserAspectRatioButton= false topActivityBoundsLetterboxed= false isFromLetterboxDoubleTap= false topActivityLetterboxVerticalPosition= -1 topActivityLetterboxHorizontalPosition= -1 topActivityLetterboxWidth=-1 topActivityLetterboxHeight=-1 topActivityAppBounds=Rect(0, 0 - 1440, 3216) isUserFullscreenOverrideEnabled=false isSystemFullscreenOverrideEnabled=false hasMinAspectRatioOverride=false topActivityLetterboxBounds=null topNonResizableActivityAspectRatio=-1.0} topActivityMainWindowFrame=null isAppBubble=false isTopAppLocked=false}, pipChange = null, remoteTransitionInfo = null, displayChanges = null, requestedLocation = null, userChange = null, windowingLayerChange = null, fullscreenRequestChange = null, flags = 16, debugId = 56 }
1791568490.866  1000  5328  5374 V WindowManager:     startWCT=WindowContainerTransaction { changes= {} hops= [] flags= 0 errorCallbackToken=null taskFragmentOrganizer=null }
1791568490.866 10383  7960 10159 I floq    : (REDACTED) HDM. Ignoring irrelevant audio permission changes for package %s
1791568490.866  1000  5328  5374 V WindowManager:     info={id=56 t=CLOSE f=0x10 trk=0 r=[0@Point(0, 0)] c=[
1791568490.866  1000  5328  5374 V WindowManager:         {WCT{RemoteToken{1b7b288 Task{5dae517 #23 type=standard A=10371:com.oplus.camera}}} m=CLOSE f=FLAG_CHANGED_INTERACTIVE leash=Surface(name=Task=23#841)/@0xd31167a sb=Rect(0, 0 - 1440, 3216) eb=Rect(0, 0 - 1440, 3216) epz=Point(1440, 3216) d=0 taskParent=-1 winMode=1 userId=0},
1791568490.866  1000  5328  5374 V WindowManager:         {WCT{RemoteToken{b89a0a4 Task{4848b70 #1 type=home}}} m=TO_FRONT f=SHOW_WALLPAPER|MOVE_TO_TOP|FLAG_CHANGED_INTERACTIVE leash=Surface(name=Task=1#35)/@0x38a3836 sb=Rect(0, 0 - 1440, 3216) eb=Rect(0, 0 - 1440, 3216) epz=Point(1440, 3216) d=0 taskParent=-1 winMode=1 userId=0},
1791568490.866  1000  5328  5374 V WindowManager:         {m=TO_FRONT f=IS_WALLPAPER leash=Surface(name=WallpaperWindowToken{9a739ed}#76)/@0x1aeaae6 sb=Rect(0, 0 - 1440, 3216) eb=Rect(0, 0 - 1440, 3216) epz=Point(1440, 3216) d=0}
1791568490.866  1000  5328  5374 V WindowManager:     ]}
1791568490.866  1000  5328  5572 D InetDiagMessage: Destroyed 0 sockets, proto=IPPROTO_TCP, family=AF_INET, states=14
1791568490.866  1000  5328  5374 V WindowManager: Finish Transition (#55): created at 10-09 20:54:50.597 collect-started=0.112ms request-sent=12.834ms started=32.869ms ready=67.629ms sent=74.763ms commit=24.382ms finished=262.67ms
1791568490.867 10303  5894  6349 D WindowOnBackDispatcher: setTopOnBackInvokedCallback (unwrapped): null
1791568490.867  1000  5328  5572 D InetDiagMessage: Destroyed 0 sockets, proto=IPPROTO_TCP, family=AF_INET6, states=14
1791568490.867  1000  5328  5572 D InetDiagMessage: Destroyed live tcp sockets for uids={10371} in 2ms
1791568490.868  1000  5328  5572 D InetDiagMessage: Destroyed 0 sockets, proto=IPPROTO_TCP, family=AF_INET, states=14
1791568490.869  1000  5328  5572 D InetDiagMessage: Destroyed 0 sockets, proto=IPPROTO_TCP, family=AF_INET6, states=14
1791568490.869  1000  5328  5572 D InetDiagMessage: Destroyed live tcp sockets for uids={20371} in 2ms
1791568490.869 10312  6415  6475 D QuickstepModelDelegate: notifyAppTargetEvent action=1 launchLocation=workspace/0/[-1,-1]/[1,1]
1791568490.873  1000  5328  6308 D CoreBackPreview: Window{3b8a570 u0 Splash Screen com.oplus.camera}: Setting back callback null
1791568490.867  1000  6308  6308 I binder  : send failed reply for transaction 1054671, target dead
1791568490.889 10312  6415  6415 D RecentTasksList: invalidateLoadedTasks - previous requestLoadId: -1
1791568490.894 10312  6415  6415 D AllAppsTransitionController: shouldProtectHeader: false skipScrim: true state: Normal stateManager.getState(): Normal
1791568490.894 10312  6415  6415 V BaseDepthController: Applying blur: 0 to Surface(name=VRI-com.android.launcher3/com.android.launcher3.uioverrides.QuickstepLauncher#835)/@0xe3dda70 applyImmediately: false
1791568490.895 10312  6415  6415 D BaseDepthController: shouldBlurWorkspace: false targetState: Normal currentStableState: Normal mCurrentBlur: 0 mLauncher.getDepthBlurTargets(): [com.android.launcher3.Workspace{772015b V.ED..... ......ID 0,0-1440,3216 #7f0a054d app:id/workspace aid=1073741834}, com.android.launcher3.Hotseat{6171410 V.ED..... ........ 0,2667-1440,3216 #7f0a0241 app:id/hotseat aid=1073741897}]
1791568490.895 10312  6415  6415 V BaseDepthController: Applying blur: 0 to Surface(name=VRI-com.android.launcher3/com.android.launcher3.uioverrides.QuickstepLauncher#835)/@0xe3dda70 applyImmediately: false
1791568490.895 10312  6415  6415 D BaseDepthController: shouldBlurWorkspace: false targetState: Normal currentStableState: Normal mCurrentBlur: 0 mLauncher.getDepthBlurTargets(): [com.android.launcher3.Workspace{772015b V.ED..... ......ID 0,0-1440,3216 #7f0a054d app:id/workspace aid=1073741834}, com.android.launcher3.Hotseat{6171410 V.ED..... ........ 0,2667-1440,3216 #7f0a0241 app:id/hotseat aid=1073741897}]
1791568490.895 10312  6415  6415 D AllAppsTransitionController: shouldProtectHeader: false skipScrim: false state: Normal stateManager.getState(): Normal
1791568490.896 10312  6415  6415 V BaseDepthController: Applying blur: 0 to Surface(name=VRI-com.android.launcher3/com.android.launcher3.uioverrides.QuickstepLauncher#835)/@0xe3dda70 applyImmediately: false
1791568490.896 10312  6415  6415 D BaseDepthController: shouldBlurWorkspace: false targetState: Normal currentStableState: Normal mCurrentBlur: 0 mLauncher.getDepthBlurTargets(): [com.android.launcher3.Workspace{772015b V.ED..... ......ID 0,0-1440,3216 #7f0a054d app:id/workspace aid=1073741834}, com.android.launcher3.Hotseat{6171410 V.ED..... ......ID 0,2667-1440,3216 #7f0a0241 app:id/hotseat aid=1073741897}]
1791568490.897 10312  6415  6415 D RecentsView: reset - mEnableDrawingLiveTile: false, mRecentsAnimationController: null
1791568490.897 10312  6415  6415 D b/311077782: LauncherAnimationRunner.setAnimation
1791568490.908 10312  6415  6415 D OverviewActionsView: updateForGroupedTask() called with: isGroupedTask = [false], canSaveAppPair = [false]
1791568490.908 10312  6415  6415 D OverviewActionsView: updateActionButtonsVisibility() called: showSingleTaskActions = [true], showGroupActions = [false]
1791568490.915  1000  5328  5544 I ImeTracker: com.android.launcher3:c0c89cf8: onRequestHide at ORIGIN_SERVER reason HIDE_SAME_WINDOW_FOCUSED_WITHOUT_EDITOR fromUser false userId 0 displayId 0
1791568490.918 10312  6415  6415 D InsetsController: hide(ime())
1791568490.918 10312  6415  6415 I ImeTracker: com.android.launcher3:c0c89cf8: onCancelled at PHASE_CLIENT_ALREADY_HIDDEN
1791568490.919 10384  8017  8017 I GoogleInputMethodService: GoogleInputMethodService.onFinishInput():2404
1791568490.919  1000  5328  5544 W InputChannel-JNI: Channel already disposed.
1791568490.919 10384  8017  8017 I GoogleInputMethodService: GoogleInputMethodService.onStartInput():1552 onStartInput(EditorInfo{EditorInfo{packageName=com.android.launcher3, inputType=0, inputTypeString=NULL, enableLearning=false, autoCorrection=false, autoComplete=false, imeOptions=0, privateImeOptions=null, actionName=UNSPECIFIED, actionLabel=null, initialSelStart=-1, initialSelEnd=-1, initialCapsMode=0, label=null, fieldId=0, fieldName=null, extras=null, hintText=null, hintLocales=[]}}, false)
1791568490.920 10384  8017  8017 I LatinInputMethodServiceBase: LatinInputMethodServiceBase.updateInputViewCoverNavigation():360 Update input view padding, isNavbarOverInputWindow=true, bottom inset=134
1791568490.920 10384  8017  8723 I Module  : DeviceLockedStatusModuleProvider$Module.updateDeviceLockedStatusInternal():119 repeatCheckTimes = 0, locked = false
1791568490.920 10384  8017  8722 I Module  : DeviceLockedStatusModuleProvider$Module.updateDeviceLockedStatusInternal():119 repeatCheckTimes = 1, locked = false
1791568490.921  1000  5328  7075 W PackageConfigPersister: App-specific configuration not found for packageName: com.android.launcher3 and userId: 0
1791568490.927  1000  1682  1682 I QTI PowerHAL: Power setMode: 5 to: 0
1791568491.103  1000  5328  5328 I AS.AudioService: shouldNotificationSoundPlay false: muted stream:5 attr:AudioAttributes: usage=USAGE_NOTIFICATION content=CONTENT_TYPE_SONIFICATION flags=0x800(FLAG_MUTE_HAPTIC)  tags= bundle=null
1791568491.120  1000  5328  5328 E NotifAttentionHelper: Muting recently noisy 0|com.f0x1d.logfox|7|com.oplus.camera|10761
1791568491.130 10444 17773 18064 I NotifySyncService_17773_18064: MSG_NOTIFY_POSTED
1791568491.130 10444 17773 18064 I NotifySyncService_17773_18064: onNotificationPosted Id:6 key:0|com.f0x1d.logfox|6|com.oplus.camera|10761 PackageName:com.f0x1d.logfox IsOngoing:false PostTime:1791568490873 currentDeviceModel.connected: true
1791568491.131 10444 17773 18064 I NotifySyncService_17773_18064: onNotificationPosted Id:6 , appName : LogFox
1791568491.131 10444 17773 18064 I NotifySyncService_17773_18064: isFlagNoClearNotification flag = 16
1791568491.131 10444 17773 18064 I NotifySyncService_17773_18064: isSupportFeature emoji true
1791568491.131 10444 17773 17858 W System.err: java.io.IOException: No such file or directory
1791568491.131 10444 17773 18064 E wearable:device: Resource 7f160001 is a complex map type.
1791568491.131 10444 17773 17858 W System.err: 	at java.io.UnixFileSystem.createFileExclusively0(Native Method)
1791568491.131 10444 17773 17858 W System.err: 	at java.io.UnixFileSystem.createFileExclusively(UnixFileSystem.java:373)
1791568491.131 10444 17773 18064 W LocaleConfig: The resource file pointed to by the given resource ID isn't found.
1791568491.131 10444 17773 17858 W System.err: 	at java.io.File.createNewFile(File.java:1022)
1791568491.131 10444 17773 17858 W System.err: 	at epa$e.f(SourceFile:42)
1791568491.131 10444 17773 17858 W System.err: 	at epa.f(SourceFile:66)
1791568491.131 10444 17773 17858 W System.err: 	at epa.b(SourceFile:0)
1791568491.131 10444 17773 17858 W System.err: 	at epa$d.run(SourceFile:20)
1791568491.131 10444 17773 17858 W System.err: 	at java.lang.Thread.run(Thread.java:1572)
1791568491.131 10444 17858 17858 I susfs   : [10444][17858][susfs_is_inode_sus_path] hiding path with ino '0'
1791568491.131 10444 17858 17858 I susfs   : [10444][17858][susfs_is_inode_sus_path] hiding path with ino '0'
1791568491.131 10444 17858 17858 I susfs   : [10444][17858][susfs_is_inode_sus_path] hiding path with ino '0'
1791568491.131 10444 17858 17858 I susfs   : [10444][17858][susfs_is_inode_sus_path] hiding path with ino '0'
1791568491.131 10444 17858 17858 I susfs   : [10444][17858][susfs_is_inode_sus_path] hiding path with ino '0'
1791568491.131 10444 17858 17858 I susfs   : [10444][17858][susfs_is_inode_sus_path] hiding path with ino '0'
1791568491.131 10444 17858 17858 I susfs   : [10444][17858][susfs_is_inode_sus_path] hiding path with ino '0'
1791568491.131 10444 17858 17858 I susfs   : [10444][17858][susfs_is_inode_sus_path] hiding path with ino '0'
1791568491.131 10444 17858 17858 I susfs   : [10444][17858][susfs_is_inode_sus_path] hiding path with ino '0'
1791568491.131 10444 17858 17858 I susfs   : [10444][17858][susfs_is_inode_sus_path] hiding path with ino '0'
1791568491.131 10444 17858 17858 I susfs   : [10444][17858][susfs_is_inode_sus_path] hiding path with ino '0'
1791568491.131 10444 17858 17858 I susfs   : [10444][17858][susfs_is_inode_sus_path] hiding path with ino '0'
1791568491.131 10444 17858 17858 I susfs   : [10444][17858][susfs_is_inode_sus_path] hiding path with ino '0'
1791568491.131 10444 17858 17858 I susfs   : [10444][17858][susfs_is_inode_sus_path] hiding path with ino '0'
1791568491.131 10444 17858 17858 I susfs   : [10444][17858][susfs_is_inode_sus_path] hiding path with ino '0'
1791568491.131 10444 17858 17858 I susfs   : [10444][17858][susfs_is_inode_sus_path] hiding path with ino '0'
1791568491.131 10444 17858 17858 I susfs   : [10444][17858][susfs_is_inode_sus_path] hiding path with ino '0'
1791568491.131 10444 17858 17858 I susfs   : [10444][17858][susfs_is_inode_sus_path] hiding path with ino '0'
1791568491.131 10444 17858 17858 I susfs   : [10444][17858][susfs_is_inode_sus_path] hiding path with ino '0'
1791568491.132 10444 17773 17858 W System.err: java.io.IOException: No such file or directory
1791568491.132 10444 17773 17858 W System.err: 	at java.io.UnixFileSystem.createFileExclusively0(Native Method)
1791568491.132 10444 17773 17858 W System.err: 	at java.io.UnixFileSystem.createFileExclusively(UnixFileSystem.java:373)
1791568491.132 10444 17773 17858 W System.err: 	at java.io.File.createNewFile(File.java:1022)
1791568491.132 10444 17773 17858 W System.err: 	at epa$e.f(SourceFile:42)
1791568491.132 10444 17773 17858 W System.err: 	at epa.f(SourceFile:66)
1791568491.132 10444 17773 17858 W System.err: 	at epa.b(SourceFile:0)
1791568491.132 10444 17773 17858 W System.err: 	at epa$d.run(SourceFile:20)
1791568491.132 10444 17773 17858 W System.err: 	at java.lang.Thread.run(Thread.java:1572)
1791568491.132 10345  6691  6691 W LocaleConfig: The resource file pointed to by the given resource ID isn't found.
1791568491.132 10444 17773 17858 W System.err: java.io.IOException: No such file or directory
1791568491.132 10444 17773 17858 W System.err: 	at java.io.UnixFileSystem.createFileExclusively0(Native Method)
1791568491.132 10444 17773 17858 W System.err: 	at java.io.UnixFileSystem.createFileExclusively(UnixFileSystem.java:373)
1791568491.132 10444 17773 17858 W System.err: 	at java.io.File.createNewFile(File.java:1022)
1791568491.132 10444 17773 17858 W System.err: 	at epa$e.f(SourceFile:42)
1791568491.132 10444 17773 17858 W System.err: 	at epa.f(SourceFile:66)
1791568491.132 10444 17773 17858 W System.err: 	at epa.b(SourceFile:0)
1791568491.132 10444 17773 17858 W System.err: 	at epa$d.run(SourceFile:20)
1791568491.132 10444 17773 17858 W System.err: 	at java.lang.Thread.run(Thread.java:1572)
1791568491.133 10444 17773 17858 W System.err: java.io.IOException: No such file or directory
1791568491.133 10444 17773 17858 W System.err: 	at java.io.UnixFileSystem.createFileExclusively0(Native Method)
1791568491.133 10444 17773 17858 W System.err: 	at java.io.UnixFileSystem.createFileExclusively(UnixFileSystem.java:373)
1791568491.133 10444 17773 17858 W System.err: 	at java.io.File.createNewFile(File.java:1022)
1791568491.133 10444 17773 17858 W System.err: 	at epa$e.f(SourceFile:42)
1791568491.133 10444 17773 17858 W System.err: 	at epa.f(SourceFile:66)
1791568491.133 10444 17773 17858 W System.err: 	at epa.b(SourceFile:0)
1791568491.133 10444 17773 17858 W System.err: 	at epa$d.run(SourceFile:20)
1791568491.133 10444 17773 17858 W System.err: 	at java.lang.Thread.run(Thread.java:1572)
1791568491.133 10444 17773 17858 W System.err: java.io.IOException: No such file or directory
1791568491.133 10444 17773 17858 W System.err: 	at java.io.UnixFileSystem.createFileExclusively0(Native Method)
1791568491.133 10444 17773 17858 W System.err: 	at java.io.UnixFileSystem.createFileExclusively(UnixFileSystem.java:373)
1791568491.133 10444 17773 17858 W System.err: 	at java.io.File.createNewFile(File.java:1022)
1791568491.133 10444 17773 17858 W System.err: 	at epa$e.f(SourceFile:42)
1791568491.133 10444 17773 17858 W System.err: 	at epa.f(SourceFile:66)
1791568491.133 10444 17773 17858 W System.err: 	at epa.b(SourceFile:0)
1791568491.133 10444 17773 17858 W System.err: 	at epa$d.run(SourceFile:20)
1791568491.133 10444 17773 17858 W System.err: 	at java.lang.Thread.run(Thread.java:1572)
1791568491.131 10444 17858 17858 I susfs   : [10444][17858][susfs_is_inode_sus_path] hiding path with ino '0'
1791568491.135 10444 17773 17932 I NotifyLogUtils_17773_17932: isIgnoringBatteryOptimizations true
1791568491.137 10444 17773 18064 E wearable:device: Resource 7f160001 is a complex map type.
1791568491.138 10444 17773 18064 W LocaleConfig: The resource file pointed to by the given resource ID isn't found.
1791568491.139 10345  6691  6691 W LocaleConfig: The resource file pointed to by the given resource ID isn't found.
1791568491.140 10444 17773 17858 W System.err: java.io.IOException: No such file or directory
1791568491.140 10444 17773 17858 W System.err: 	at java.io.UnixFileSystem.createFileExclusively0(Native Method)
1791568491.140 10444 17773 17858 W System.err: 	at java.io.UnixFileSystem.createFileExclusively(UnixFileSystem.java:373)
1791568491.140 10444 17773 17858 W System.err: 	at java.io.File.createNewFile(File.java:1022)
1791568491.140 10444 17773 17858 W System.err: 	at epa$e.f(SourceFile:42)
1791568491.140 10444 17773 17858 W System.err: 	at epa.f(SourceFile:66)
1791568491.140 10444 17773 17858 W System.err: 	at epa.b(SourceFile:0)
1791568491.140 10444 17773 17858 W System.err: 	at epa$d.run(SourceFile:20)
1791568491.140 10444 17773 17858 W System.err: 	at java.lang.Thread.run(Thread.java:1572)
1791568491.131 10444 17858 17858 I susfs   : [10444][17858][susfs_is_inode_sus_path] hiding path with ino '0'
1791568491.131 10444 17858 17858 I susfs   : [10444][17858][susfs_is_inode_sus_path] hiding path with ino '0'
1791568491.131 10444 17858 17858 I susfs   : [10444][17858][susfs_is_inode_sus_path] hiding path with ino '0'
1791568491.131 10444 17858 17858 I susfs   : [10444][17858][susfs_is_inode_sus_path] hiding path with ino '0'
1791568491.131 10444 17858 17858 I susfs   : [10444][17858][susfs_is_inode_sus_path] hiding path with ino '0'
1791568491.131 10444 17858 17858 I susfs   : [10444][17858][susfs_is_inode_sus_path] hiding path with ino '0'
1791568491.131 10444 17858 17858 I susfs   : [10444][17858][susfs_is_inode_sus_path] hiding path with ino '0'
1791568491.131 10444 17858 17858 I susfs   : [10444][17858][susfs_is_inode_sus_path] hiding path with ino '0'
1791568491.131 10444 17858 17858 I susfs   : [10444][17858][susfs_is_inode_sus_path] hiding path with ino '0'
1791568491.131 10444 17858 17858 I susfs   : [10444][17858][susfs_is_inode_sus_path] hiding path with ino '0'
1791568491.131 10444 17858 17858 I susfs   : [10444][17858][susfs_is_inode_sus_path] hiding path with ino '0'
1791568491.131 10444 17858 17858 I susfs   : [10444][17858][susfs_is_inode_sus_path] hiding path with ino '0'
1791568491.131 10444 17858 17858 I susfs   : [10444][17858][susfs_is_inode_sus_path] hiding path with ino '0'
1791568491.131 10444 17858 17858 I susfs   : [10444][17858][susfs_is_inode_sus_path] hiding path with ino '0'
1791568491.131 10444 17858 17858 I susfs   : [10444][17858][susfs_is_inode_sus_path] hiding path with ino '0'
1791568491.131 10444 17858 17858 I susfs   : [10444][17858][susfs_is_inode_sus_path] hiding path with ino '0'
1791568491.131 10444 17858 17858 I susfs   : [10444][17858][susfs_is_inode_sus_path] hiding path with ino '0'
1791568491.132 10444 17858 17858 I susfs   : [10444][17858][susfs_is_inode_sus_path] hiding path with ino '0'
1791568491.132 10444 17858 17858 I susfs   : [10444][17858][susfs_is_inode_sus_path] hiding path with ino '0'
1791568491.132 10444 17858 17858 I susfs   : [10444][17858][susfs_is_inode_sus_path] hiding path with ino '0'
1791568491.132 10444 17858 17858 I susfs   : [10444][17858][susfs_is_inode_sus_path] hiding path with ino '0'
1791568491.132 10444 17858 17858 I susfs   : [10444][17858][susfs_is_inode_sus_path] hiding path with ino '0'
1791568491.132 10444 17858 17858 I susfs   : [10444][17858][susfs_is_inode_sus_path] hiding path with ino '0'
1791568491.132 10444 17858 17858 I susfs   : [10444][17858][susfs_is_inode_sus_path] hiding path with ino '0'
1791568491.132 10444 17858 17858 I susfs   : [10444][17858][susfs_is_inode_sus_path] hiding path with ino '0'
1791568491.132 10444 17858 17858 I susfs   : [10444][17858][susfs_is_inode_sus_path] hiding path with ino '0'
1791568491.132 10444 17858 17858 I susfs   : [10444][17858][susfs_is_inode_sus_path] hiding path with ino '0'
1791568491.132 10444 17858 17858 I susfs   : [10444][17858][susfs_is_inode_sus_path] hiding path with ino '0'
1791568491.132 10444 17858 17858 I susfs   : [10444][17858][susfs_is_inode_sus_path] hiding path with ino '0'
1791568491.132 10444 17858 17858 I susfs   : [10444][17858][susfs_is_inode_sus_path] hiding path with ino '0'
1791568491.132 10444 17858 17858 I susfs   : [10444][17858][susfs_is_inode_sus_path] hiding path with ino '0'
1791568491.132 10444 17858 17858 I susfs   : [10444][17858][susfs_is_inode_sus_path] hiding path with ino '0'
1791568491.132 10444 17858 17858 I susfs   : [10444][17858][susfs_is_inode_sus_path] hiding path with ino '0'
1791568491.132 10444 17858 17858 I susfs   : [10444][17858][susfs_is_inode_sus_path] hiding path with ino '0'
1791568491.132 10444 17858 17858 I susfs   : [10444][17858][susfs_is_inode_sus_path] hiding path with ino '0'
1791568491.132 10444 17858 17858 I susfs   : [10444][17858][susfs_is_inode_sus_path] hiding path with ino '0'
1791568491.132 10444 17858 17858 I susfs   : [10444][17858][susfs_is_inode_sus_path] hiding path with ino '0'
1791568491.132 10444 17858 17858 I susfs   : [10444][17858][susfs_is_inode_sus_path] hiding path with ino '0'
1791568491.132 10444 17858 17858 I susfs   : [10444][17858][susfs_is_inode_sus_path] hiding path with ino '0'
1791568491.132 10444 17858 17858 I susfs   : [10444][17858][susfs_is_inode_sus_path] hiding path with ino '0'
1791568491.132 10444 17858 17858 I susfs   : [10444][17858][susfs_is_inode_sus_path] hiding path with ino '0'
1791568491.132 10444 17858 17858 I susfs   : [10444][17858][susfs_is_inode_sus_path] hiding path with ino '0'
1791568491.132 10444 17858 17858 I susfs   : [10444][17858][susfs_is_inode_sus_path] hiding path with ino '0'
1791568491.132 10444 17858 17858 I susfs   : [10444][17858][susfs_is_inode_sus_path] hiding path with ino '0'
1791568491.132 10444 17858 17858 I susfs   : [10444][17858][susfs_is_inode_sus_path] hiding path with ino '0'
1791568491.132 10444 17858 17858 I susfs   : [10444][17858][susfs_is_inode_sus_path] hiding path with ino '0'
1791568491.132 10444 17858 17858 I susfs   : [10444][17858][susfs_is_inode_sus_path] hiding path with ino '0'
1791568491.132 10444 17858 17858 I susfs   : [10444][17858][susfs_is_inode_sus_path] hiding path with ino '0'
1791568491.132 10444 17858 17858 I susfs   : [10444][17858][susfs_is_inode_sus_path] hiding path with ino '0'
1791568491.132 10444 17858 17858 I susfs   : [10444][17858][susfs_is_inode_sus_path] hiding path with ino '0'
1791568491.132 10444 17858 17858 I susfs   : [10444][17858][susfs_is_inode_sus_path] hiding path with ino '0'
1791568491.132 10444 17858 17858 I susfs   : [10444][17858][susfs_is_inode_sus_path] hiding path with ino '0'
1791568491.132 10444 17858 17858 I susfs   : [10444][17858][susfs_is_inode_sus_path] hiding path with ino '0'
1791568491.132 10444 17858 17858 I susfs   : [10444][17858][susfs_is_inode_sus_path] hiding path with ino '0'
1791568491.132 10444 17858 17858 I susfs   : [10444][17858][susfs_is_inode_sus_path] hiding path with ino '0'
1791568491.132 10444 17858 17858 I susfs   : [10444][17858][susfs_is_inode_sus_path] hiding path with ino '0'
1791568491.132 10444 17858 17858 I susfs   : [10444][17858][susfs_is_inode_sus_path] hiding path with ino '0'
1791568491.132 10444 17858 17858 I susfs   : [10444][17858][susfs_is_inode_sus_path] hiding path with ino '0'
1791568491.132 10444 17858 17858 I susfs   : [10444][17858][susfs_is_inode_sus_path] hiding path with ino '0'
1791568491.132 10444 17858 17858 I susfs   : [10444][17858][susfs_is_inode_sus_path] hiding path with ino '0'
1791568491.132 10444 17858 17858 I susfs   : [10444][17858][susfs_is_inode_sus_path] hiding path with ino '0'
1791568491.132 10444 17858 17858 I susfs   : [10444][17858][susfs_is_inode_sus_path] hiding path with ino '0'
1791568491.150  1000  5328  5328 W AccessibilityManagerService:  wait for adding window timeout: 58
1791568491.132 10444 17858 17858 I susfs   : [10444][17858][susfs_is_inode_sus_path] hiding path with ino '0'
1791568491.132 10444 17858 17858 I susfs   : [10444][17858][susfs_is_inode_sus_path] hiding path with ino '0'
1791568491.132 10444 17858 17858 I susfs   : [10444][17858][susfs_is_inode_sus_path] hiding path with ino '0'
1791568491.132 10444 17858 17858 I susfs   : [10444][17858][susfs_is_inode_sus_path] hiding path with ino '0'
1791568491.132 10444 17858 17858 I susfs   : [10444][17858][susfs_is_inode_sus_path] hiding path with ino '0'
1791568491.132 10444 17858 17858 I susfs   : [10444][17858][susfs_is_inode_sus_path] hiding path with ino '0'
1791568491.132 10444 17858 17858 I susfs   : [10444][17858][susfs_is_inode_sus_path] hiding path with ino '0'
1791568491.132 10444 17858 17858 I susfs   : [10444][17858][susfs_is_inode_sus_path] hiding path with ino '0'
1791568491.132 10444 17858 17858 I susfs   : [10444][17858][susfs_is_inode_sus_path] hiding path with ino '0'
1791568491.132 10444 17858 17858 I susfs   : [10444][17858][susfs_is_inode_sus_path] hiding path with ino '0'
1791568491.132 10444 17858 17858 I susfs   : [10444][17858][susfs_is_inode_sus_path] hiding path with ino '0'
1791568491.132 10444 17858 17858 I susfs   : [10444][17858][susfs_is_inode_sus_path] hiding path with ino '0'
1791568491.132 10444 17858 17858 I susfs   : [10444][17858][susfs_is_inode_sus_path] hiding path with ino '0'
1791568491.132 10444 17858 17858 I susfs   : [10444][17858][susfs_is_inode_sus_path] hiding path with ino '0'
1791568491.132 10444 17858 17858 I susfs   : [10444][17858][susfs_is_inode_sus_path] hiding path with ino '0'
1791568491.132 10444 17858 17858 I susfs   : [10444][17858][susfs_is_inode_sus_path] hiding path with ino '0'
1791568491.132 10444 17858 17858 I susfs   : [10444][17858][susfs_is_inode_sus_path] hiding path with ino '0'
1791568491.132 10444 17858 17858 I susfs   : [10444][17858][susfs_is_inode_sus_path] hiding path with ino '0'
1791568491.132 10444 17858 17858 I susfs   : [10444][17858][susfs_is_inode_sus_path] hiding path with ino '0'
1791568491.132 10444 17858 17858 I susfs   : [10444][17858][susfs_is_inode_sus_path] hiding path with ino '0'
1791568491.132 10444 17858 17858 I susfs   : [10444][17858][susfs_is_inode_sus_path] hiding path with ino '0'
1791568491.133 10444 17858 17858 I susfs   : [10444][17858][susfs_is_inode_sus_path] hiding path with ino '0'
1791568491.133 10444 17858 17858 I susfs   : [10444][17858][susfs_is_inode_sus_path] hiding path with ino '0'
1791568491.133 10444 17858 17858 I susfs   : [10444][17858][susfs_is_inode_sus_path] hiding path with ino '0'
1791568491.133 10444 17858 17858 I susfs   : [10444][17858][susfs_is_inode_sus_path] hiding path with ino '0'
1791568491.133 10444 17858 17858 I susfs   : [10444][17858][susfs_is_inode_sus_path] hiding path with ino '0'
1791568491.133 10444 17858 17858 I susfs   : [10444][17858][susfs_is_inode_sus_path] hiding path with ino '0'
1791568491.133 10444 17858 17858 I susfs   : [10444][17858][susfs_is_inode_sus_path] hiding path with ino '0'
1791568491.133 10444 17858 17858 I susfs   : [10444][17858][susfs_is_inode_sus_path] hiding path with ino '0'
1791568491.133 10444 17858 17858 I susfs   : [10444][17858][susfs_is_inode_sus_path] hiding path with ino '0'
1791568491.133 10444 17858 17858 I susfs   : [10444][17858][susfs_is_inode_sus_path] hiding path with ino '0'
1791568491.133 10444 17858 17858 I susfs   : [10444][17858][susfs_is_inode_sus_path] hiding path with ino '0'
1791568491.133 10444 17858 17858 I susfs   : [10444][17858][susfs_is_inode_sus_path] hiding path with ino '0'
1791568491.133 10444 17858 17858 I susfs   : [10444][17858][susfs_is_inode_sus_path] hiding path with ino '0'
1791568491.133 10444 17858 17858 I susfs   : [10444][17858][susfs_is_inode_sus_path] hiding path with ino '0'
1791568491.133 10444 17858 17858 I susfs   : [10444][17858][susfs_is_inode_sus_path] hiding path with ino '0'
1791568491.133 10444 17858 17858 I susfs   : [10444][17858][susfs_is_inode_sus_path] hiding path with ino '0'
1791568491.133 10444 17858 17858 I susfs   : [10444][17858][susfs_is_inode_sus_path] hiding path with ino '0'
1791568491.133 10444 17858 17858 I susfs   : [10444][17858][susfs_is_inode_sus_path] hiding path with ino '0'
1791568491.133 10444 17858 17858 I susfs   : [10444][17858][susfs_is_inode_sus_path] hiding path with ino '0'
1791568491.133 10444 17858 17858 I susfs   : [10444][17858][susfs_is_inode_sus_path] hiding path with ino '0'
1791568491.133 10444 17858 17858 I susfs   : [10444][17858][susfs_is_inode_sus_path] hiding path with ino '0'
1791568491.133 10444 17858 17858 I susfs   : [10444][17858][susfs_is_inode_sus_path] hiding path with ino '0'
1791568491.133 10444 17858 17858 I susfs   : [10444][17858][susfs_is_inode_sus_path] hiding path with ino '0'
1791568491.133 10444 17858 17858 I susfs   : [10444][17858][susfs_is_inode_sus_path] hiding path with ino '0'
1791568491.133 10444 17858 17858 I susfs   : [10444][17858][susfs_is_inode_sus_path] hiding path with ino '0'
1791568491.133 10444 17858 17858 I susfs   : [10444][17858][susfs_is_inode_sus_path] hiding path with ino '0'
1791568491.133 10444 17858 17858 I susfs   : [10444][17858][susfs_is_inode_sus_path] hiding path with ino '0'
1791568491.136 10444 17858 17858 I susfs   : [10444][17858][susfs_is_inode_sus_path] hiding path with ino '0'
1791568491.136 10444 17858 17858 I susfs   : [10444][17858][susfs_is_inode_sus_path] hiding path with ino '0'
1791568491.136 10444 17858 17858 I susfs   : [10444][17858][susfs_is_inode_sus_path] hiding path with ino '0'
1791568491.136 10444 17858 17858 I susfs   : [10444][17858][susfs_is_inode_sus_path] hiding path with ino '0'
1791568491.136 10444 17858 17858 I susfs   : [10444][17858][susfs_is_inode_sus_path] hiding path with ino '0'
1791568491.137 10444 17858 17858 I susfs   : [10444][17858][susfs_is_inode_sus_path] hiding path with ino '0'
1791568491.137 10444 17858 17858 I susfs   : [10444][17858][susfs_is_inode_sus_path] hiding path with ino '0'
1791568491.137 10444 17858 17858 I susfs   : [10444][17858][susfs_is_inode_sus_path] hiding path with ino '0'
1791568491.137 10444 17858 17858 I susfs   : [10444][17858][susfs_is_inode_sus_path] hiding path with ino '0'
1791568491.138 10444 17858 17858 I susfs   : [10444][17858][susfs_is_inode_sus_path] hiding path with ino '0'
1791568491.138 10444 17858 17858 I susfs   : [10444][17858][susfs_is_inode_sus_path] hiding path with ino '0'
1791568491.138 10444 17858 17858 I susfs   : [10444][17858][susfs_is_inode_sus_path] hiding path with ino '0'
1791568491.138 10444 17858 17858 I susfs   : [10444][17858][susfs_is_inode_sus_path] hiding path with ino '0'
1791568491.138 10444 17858 17858 I susfs   : [10444][17858][susfs_is_inode_sus_path] hiding path with ino '0'
1791568491.139 10444 17858 17858 I susfs   : [10444][17858][susfs_is_inode_sus_path] hiding path with ino '0'
1791568491.139 10444 17858 17858 I susfs   : [10444][17858][susfs_is_inode_sus_path] hiding path with ino '0'
1791568491.139 10444 17858 17858 I susfs   : [10444][17858][susfs_is_inode_sus_path] hiding path with ino '0'
1791568491.139 10444 17858 17858 I susfs   : [10444][17858][susfs_is_inode_sus_path] hiding path with ino '0'
1791568491.139 10444 17858 17858 I susfs   : [10444][17858][susfs_is_inode_sus_path] hiding path with ino '0'
1791568491.139 10444 17858 17858 I susfs   : [10444][17858][susfs_is_inode_sus_path] hiding path with ino '0'
1791568491.139 10444 17858 17858 I susfs   : [10444][17858][susfs_is_inode_sus_path] hiding path with ino '0'
1791568491.139 10444 17858 17858 I susfs   : [10444][17858][susfs_is_inode_sus_path] hiding path with ino '0'
1791568491.139 10444 17858 17858 I susfs   : [10444][17858][susfs_is_inode_sus_path] hiding path with ino '0'
1791568491.139 10444 17858 17858 I susfs   : [10444][17858][susfs_is_inode_sus_path] hiding path with ino '0'
1791568491.139 10444 17858 17858 I susfs   : [10444][17858][susfs_is_inode_sus_path] hiding path with ino '0'
1791568491.139 10444 17858 17858 I susfs   : [10444][17858][susfs_is_inode_sus_path] hiding path with ino '0'
1791568491.155 10444 17773 18064 D LocalImageResolver: Couldn't use ImageDecoder for drawable, falling back to non-resized load.
1791568491.156 10444 17773 18064 I NotifySyncService_17773_18064: isMediaNotification = , style = null, isMediaStyle = false, token = null
1791568491.156 10444 17773 18064 I NotifySyncService_17773_18064: onNotificationPosted Id:6 -> MSG_NOTIFY_ADD
1791568491.156 10444 17773 18064 I NotifySyncService_17773_18064: onNotificationPosted notification messageStyle user name: null
1791568491.156 10444 17773 18064 I NotifySyncService_17773_18064: getNotificationActions wearableActions size: 0
1791568491.156 10444 17773 18064 I NotifySyncService_17773_18064: createNewReplyActions action uuid: 9dc570b6-bce5-4f52-8acf-b6f2731fdc8c , title: Kopyala, remoteInputs.size: null
1791568491.156 10444 17773 18064 I NotifySyncService_17773_18064: add open on phone action contentIntent is null false
1791568491.157 10444 17773 18064 I NotifySyncService_17773_18064: setUpActions [a: "9dc570b6-bce5-4f52-8acf-b6f2731fdc8c"
1791568491.157 10444 17773 18064 I NotifySyncService_17773_18064: b: "Kopyala"
1791568491.157 10444 17773 18064 I NotifySyncService_17773_18064: c: true
1791568491.157 10444 17773 18064 I NotifySyncService_17773_18064: , a: "f5241ccc-167b-452f-9887-3ae164b1b504"
1791568491.157 10444 17773 18064 I NotifySyncService_17773_18064: b: "open on phone"
1791568491.157 10444 17773 18064 I NotifySyncService_17773_18064: c: false
1791568491.157 10444 17773 18064 I NotifySyncService_17773_18064: ]
1791568491.157 10444 17773 18064 I NotifySyncService_17773_18064: isNeedRemoveNotify notificationNotEnabled: id = 6
1791568491.157 10444 17773 18064 I NotifySyncService_17773_18064: MSG_NOTIFY_POSTED
1791568491.156 10444 17858 17858 I susfs   : [10444][17858][susfs_is_inode_sus_path] hiding path with ino '0'
1791568491.156 10444 17858 17858 I susfs   : [10444][17858][susfs_is_inode_sus_path] hiding path with ino '0'
1791568491.157 10444 17858 17858 I susfs   : [10444][17858][susfs_is_inode_sus_path] hiding path with ino '0'
1791568491.157 10444 17858 17858 I susfs   : [10444][17858][susfs_is_inode_sus_path] hiding path with ino '0'
1791568491.157 10444 17858 17858 I susfs   : [10444][17858][susfs_is_inode_sus_path] hiding path with ino '0'
1791568491.157 10444 17858 17858 I susfs   : [10444][17858][susfs_is_inode_sus_path] hiding path with ino '0'
1791568491.157 10444 17858 17858 I susfs   : [10444][17858][susfs_is_inode_sus_path] hiding path with ino '0'
1791568491.157 10444 17858 17858 I susfs   : [10444][17858][susfs_is_inode_sus_path] hiding path with ino '0'
1791568491.157 10444 17858 17858 I susfs   : [10444][17858][susfs_is_inode_sus_path] hiding path with ino '0'
1791568491.157 10444 17858 17858 I susfs   : [10444][17858][susfs_is_inode_sus_path] hiding path with ino '0'
1791568491.157 10444 17858 17858 I susfs   : [10444][17858][susfs_is_inode_sus_path] hiding path with ino '0'
1791568491.157 10444 17858 17858 I susfs   : [10444][17858][susfs_is_inode_sus_path] hiding path with ino '0'
1791568491.157 10444 17858 17858 I susfs   : [10444][17858][susfs_is_inode_sus_path] hiding path with ino '0'
1791568491.157 10444 17858 17858 I susfs   : [10444][17858][susfs_is_inode_sus_path] hiding path with ino '0'
1791568491.157 10444 17858 17858 I susfs   : [10444][17858][susfs_is_inode_sus_path] hiding path with ino '0'
1791568491.157 10444 17858 17858 I susfs   : [10444][17858][susfs_is_inode_sus_path] hiding path with ino '0'
1791568491.157 10444 17858 17858 I susfs   : [10444][17858][susfs_is_inode_sus_path] hiding path with ino '0'
1791568491.157 10444 17858 17858 I susfs   : [10444][17858][susfs_is_inode_sus_path] hiding path with ino '0'
1791568491.157 10444 17858 17858 I susfs   : [10444][17858][susfs_is_inode_sus_path] hiding path with ino '0'
1791568491.157 10444 17858 17858 I susfs   : [10444][17858][susfs_is_inode_sus_path] hiding path with ino '0'
1791568491.157 10444 17858 17858 I susfs   : [10444][17858][susfs_is_inode_sus_path] hiding path with ino '0'
1791568491.158 10444 17858 17858 I susfs   : [10444][17858][susfs_is_inode_sus_path] hiding path with ino '0'
1791568491.158 10444 17858 17858 I susfs   : [10444][17858][susfs_is_inode_sus_path] hiding path with ino '0'
1791568491.158 10444 17858 17858 I susfs   : [10444][17858][susfs_is_inode_sus_path] hiding path with ino '0'
1791568491.158 10444 17858 17858 I susfs   : [10444][17858][susfs_is_inode_sus_path] hiding path with ino '0'
1791568491.158 10444 17858 17858 I susfs   : [10444][17858][susfs_is_inode_sus_path] hiding path with ino '0'
1791568491.158 10444 17858 17858 I susfs   : [10444][17858][susfs_is_inode_sus_path] hiding path with ino '0'
1791568491.158 10444 17858 17858 I susfs   : [10444][17858][susfs_is_inode_sus_path] hiding path with ino '0'
1791568491.158 10444 17858 17858 I susfs   : [10444][17858][susfs_is_inode_sus_path] hiding path with ino '0'
1791568491.158 10444 17858 17858 I susfs   : [10444][17858][susfs_is_inode_sus_path] hiding path with ino '0'
1791568491.157 10444 17773 18064 I NotifySyncService_17773_18064: onNotificationPosted Id:7 key:0|com.f0x1d.logfox|7|com.oplus.camera|10761 PackageName:com.f0x1d.logfox IsOngoing:false PostTime:1791568490898 currentDeviceModel.connected: true
1791568491.158 10444 17773 18064 I NotifySyncService_17773_18064: onNotificationPosted Id:7 , appName : LogFox
1791568491.158 10444 17773 18064 I NotifySyncService_17773_18064: isFlagNoClearNotification flag = 16
1791568491.158 10444 17773 18064 I NotifySyncService_17773_18064: isSupportFeature emoji true
1791568491.158 10444 17773 17858 W System.err: java.io.IOException: No such file or directory
1791568491.158 10444 17773 17858 W System.err: 	at java.io.UnixFileSystem.createFileExclusively0(Native Method)
1791568491.158 10444 17773 17858 W System.err: 	at java.io.UnixFileSystem.createFileExclusively(UnixFileSystem.java:373)
1791568491.158 10444 17773 17858 W System.err: 	at java.io.File.createNewFile(File.java:1022)
1791568491.158 10444 17773 17858 W System.err: 	at epa$e.f(SourceFile:42)
1791568491.158 10444 17773 17858 W System.err: 	at epa.f(SourceFile:66)
1791568491.158 10444 17773 17858 W System.err: 	at epa.b(SourceFile:0)
1791568491.158 10444 17773 18064 E wearable:device: Resource 7f160001 is a complex map type.
1791568491.158 10444 17773 17858 W System.err: 	at epa$d.run(SourceFile:20)
1791568491.158 10444 17773 17858 W System.err: 	at java.lang.Thread.run(Thread.java:1572)
1791568491.158 10444 17773 18064 W LocaleConfig: The resource file pointed to by the given resource ID isn't found.
1791568491.159 10444 17773 18064 E wearable:device: Resource 7f160001 is a complex map type.
1791568491.159 10444 17773 18064 W LocaleConfig: The resource file pointed to by the given resource ID isn't found.
1791568491.159 10444 17858 17858 I susfs   : [10444][17858][susfs_is_inode_sus_path] hiding path with ino '0'
1791568491.159 10444 17858 17858 I susfs   : [10444][17858][susfs_is_inode_sus_path] hiding path with ino '0'
1791568491.159 10444 17858 17858 I susfs   : [10444][17858][susfs_is_inode_sus_path] hiding path with ino '0'
1791568491.159 10444 17858 17858 I susfs   : [10444][17858][susfs_is_inode_sus_path] hiding path with ino '0'
1791568491.159 10444 17858 17858 I susfs   : [10444][17858][susfs_is_inode_sus_path] hiding path with ino '0'
1791568491.159 10444 17858 17858 I susfs   : [10444][17858][susfs_is_inode_sus_path] hiding path with ino '0'
1791568491.159 10444 17858 17858 I susfs   : [10444][17858][susfs_is_inode_sus_path] hiding path with ino '0'
1791568491.159 10444 17858 17858 I susfs   : [10444][17858][susfs_is_inode_sus_path] hiding path with ino '0'
1791568491.159 10444 17858 17858 I susfs   : [10444][17858][susfs_is_inode_sus_path] hiding path with ino '0'
1791568491.159 10444 17858 17858 I susfs   : [10444][17858][susfs_is_inode_sus_path] hiding path with ino '0'
1791568491.159 10444 17858 17858 I susfs   : [10444][17858][susfs_is_inode_sus_path] hiding path with ino '0'
1791568491.159 10444 17858 17858 I susfs   : [10444][17858][susfs_is_inode_sus_path] hiding path with ino '0'
1791568491.159 10444 17858 17858 I susfs   : [10444][17858][susfs_is_inode_sus_path] hiding path with ino '0'
1791568491.159 10444 17858 17858 I susfs   : [10444][17858][susfs_is_inode_sus_path] hiding path with ino '0'
1791568491.159 10444 17858 17858 I susfs   : [10444][17858][susfs_is_inode_sus_path] hiding path with ino '0'
1791568491.159 10444 17858 17858 I susfs   : [10444][17858][susfs_is_inode_sus_path] hiding path with ino '0'
1791568491.159 10444 17858 17858 I susfs   : [10444][17858][susfs_is_inode_sus_path] hiding path with ino '0'
1791568491.159 10444 17858 17858 I susfs   : [10444][17858][susfs_is_inode_sus_path] hiding path with ino '0'
1791568491.159 10444 17858 17858 I susfs   : [10444][17858][susfs_is_inode_sus_path] hiding path with ino '0'
1791568491.159 10444 17858 17858 I susfs   : [10444][17858][susfs_is_inode_sus_path] hiding path with ino '0'
1791568491.159 10444 17858 17858 I susfs   : [10444][17858][susfs_is_inode_sus_path] hiding path with ino '0'
1791568491.159 10444 17858 17858 I susfs   : [10444][17858][susfs_is_inode_sus_path] hiding path with ino '0'
1791568491.160 10444 17858 17858 I susfs   : [10444][17858][susfs_is_inode_sus_path] hiding path with ino '0'
1791568491.160 10444 17858 17858 I susfs   : [10444][17858][susfs_is_inode_sus_path] hiding path with ino '0'
1791568491.160 10444 17858 17858 I susfs   : [10444][17858][susfs_is_inode_sus_path] hiding path with ino '0'
1791568491.160 10444 17858 17858 I susfs   : [10444][17858][susfs_is_inode_sus_path] hiding path with ino '0'
1791568491.160 10444 17858 17858 I susfs   : [10444][17858][susfs_is_inode_sus_path] hiding path with ino '0'
1791568491.160 10444 17858 17858 I susfs   : [10444][17858][susfs_is_inode_sus_path] hiding path with ino '0'
1791568491.160 10444 17858 17858 I susfs   : [10444][17858][susfs_is_inode_sus_path] hiding path with ino '0'
1791568491.160 10444 17858 17858 I susfs   : [10444][17858][susfs_is_inode_sus_path] hiding path with ino '0'
1791568491.160 10444 17858 17858 I susfs   : [10444][17858][susfs_is_inode_sus_path] hiding path with ino '0'
1791568491.160 10444 17858 17858 I susfs   : [10444][17858][susfs_is_inode_sus_path] hiding path with ino '0'
1791568491.160 10444 17858 17858 I susfs   : [10444][17858][susfs_is_inode_sus_path] hiding path with ino '0'
1791568491.160 10444 17858 17858 I susfs   : [10444][17858][susfs_is_inode_sus_path] hiding path with ino '0'
1791568491.160 10444 17858 17858 I susfs   : [10444][17858][susfs_is_inode_sus_path] hiding path with ino '0'
1791568491.160 10444 17858 17858 I susfs   : [10444][17858][susfs_is_inode_sus_path] hiding path with ino '0'
1791568491.160 10444 17858 17858 I susfs   : [10444][17858][susfs_is_inode_sus_path] hiding path with ino '0'
1791568491.160 10444 17858 17858 I susfs   : [10444][17858][susfs_is_inode_sus_path] hiding path with ino '0'
1791568491.161 10444 17858 17858 I susfs   : [10444][17858][susfs_is_inode_sus_path] hiding path with ino '0'
1791568491.161 10444 17858 17858 I susfs   : [10444][17858][susfs_is_inode_sus_path] hiding path with ino '0'
1791568491.161 10444 17858 17858 I susfs   : [10444][17858][susfs_is_inode_sus_path] hiding path with ino '0'
1791568491.161 10444 17858 17858 I susfs   : [10444][17858][susfs_is_inode_sus_path] hiding path with ino '0'
1791568491.161 10444 17858 17858 I susfs   : [10444][17858][susfs_is_inode_sus_path] hiding path with ino '0'
1791568491.161 10444 17858 17858 I susfs   : [10444][17858][susfs_is_inode_sus_path] hiding path with ino '0'
1791568491.161 10444 17858 17858 I susfs   : [10444][17858][susfs_is_inode_sus_path] hiding path with ino '0'
1791568491.161 10444 17858 17858 I susfs   : [10444][17858][susfs_is_inode_sus_path] hiding path with ino '0'
1791568491.161 10444 17858 17858 I susfs   : [10444][17858][susfs_is_inode_sus_path] hiding path with ino '0'
1791568491.161 10444 17858 17858 I susfs   : [10444][17858][susfs_is_inode_sus_path] hiding path with ino '0'
1791568491.161 10444 17858 17858 I susfs   : [10444][17858][susfs_is_inode_sus_path] hiding path with ino '0'
1791568491.161 10444 17858 17858 I susfs   : [10444][17858][susfs_is_inode_sus_path] hiding path with ino '0'
1791568491.161 10444 17858 17858 I susfs   : [10444][17858][susfs_is_inode_sus_path] hiding path with ino '0'
1791568491.161 10444 17858 17858 I susfs   : [10444][17858][susfs_is_inode_sus_path] hiding path with ino '0'
1791568491.161 10444 17858 17858 I susfs   : [10444][17858][susfs_is_inode_sus_path] hiding path with ino '0'
1791568491.161 10444 17858 17858 I susfs   : [10444][17858][susfs_is_inode_sus_path] hiding path with ino '0'
1791568491.161 10444 17858 17858 I susfs   : [10444][17858][susfs_is_inode_sus_path] hiding path with ino '0'
1791568491.161 10444 17858 17858 I susfs   : [10444][17858][susfs_is_inode_sus_path] hiding path with ino '0'
1791568491.161 10444 17858 17858 I susfs   : [10444][17858][susfs_is_inode_sus_path] hiding path with ino '0'
1791568491.162 10444 17858 17858 I susfs   : [10444][17858][susfs_is_inode_sus_path] hiding path with ino '0'
1791568491.162 10444 17858 17858 I susfs   : [10444][17858][susfs_is_inode_sus_path] hiding path with ino '0'
1791568491.162 10444 17858 17858 I susfs   : [10444][17858][susfs_is_inode_sus_path] hiding path with ino '0'
1791568491.162 10444 17858 17858 I susfs   : [10444][17858][susfs_is_inode_sus_path] hiding path with ino '0'
1791568491.162 10444 17858 17858 I susfs   : [10444][17858][susfs_is_inode_sus_path] hiding path with ino '0'
1791568491.162 10444 17858 17858 I susfs   : [10444][17858][susfs_is_inode_sus_path] hiding path with ino '0'
1791568491.162 10444 17858 17858 I susfs   : [10444][17858][susfs_is_inode_sus_path] hiding path with ino '0'
1791568491.162 10444 17858 17858 I susfs   : [10444][17858][susfs_is_inode_sus_path] hiding path with ino '0'
1791568491.162 10444 17858 17858 I susfs   : [10444][17858][susfs_is_inode_sus_path] hiding path with ino '0'
1791568491.162 10444 17858 17858 I susfs   : [10444][17858][susfs_is_inode_sus_path] hiding path with ino '0'
1791568491.162 10444 17858 17858 I susfs   : [10444][17858][susfs_is_inode_sus_path] hiding path with ino '0'
1791568491.162 10444 17858 17858 I susfs   : [10444][17858][susfs_is_inode_sus_path] hiding path with ino '0'
1791568491.162 10444 17858 17858 I susfs   : [10444][17858][susfs_is_inode_sus_path] hiding path with ino '0'
1791568491.162 10444 17858 17858 I susfs   : [10444][17858][susfs_is_inode_sus_path] hiding path with ino '0'
1791568491.162 10444 17858 17858 I susfs   : [10444][17858][susfs_is_inode_sus_path] hiding path with ino '0'
1791568491.162 10444 17858 17858 I susfs   : [10444][17858][susfs_is_inode_sus_path] hiding path with ino '0'
1791568491.162 10444 17858 17858 I susfs   : [10444][17858][susfs_is_inode_sus_path] hiding path with ino '0'
1791568491.163 10444 17858 17858 I susfs   : [10444][17858][susfs_is_inode_sus_path] hiding path with ino '0'
1791568491.163 10444 17858 17858 I susfs   : [10444][17858][susfs_is_inode_sus_path] hiding path with ino '0'
1791568491.163 10444 17858 17858 I susfs   : [10444][17858][susfs_is_inode_sus_path] hiding path with ino '0'
1791568491.163 10444 17858 17858 I susfs   : [10444][17858][susfs_is_inode_sus_path] hiding path with ino '0'
1791568491.163 10444 17858 17858 I susfs   : [10444][17858][susfs_is_inode_sus_path] hiding path with ino '0'
1791568491.163 10444 17858 17858 I susfs   : [10444][17858][susfs_is_inode_sus_path] hiding path with ino '0'
1791568491.163 10444 17858 17858 I susfs   : [10444][17858][susfs_is_inode_sus_path] hiding path with ino '0'
1791568491.163 10444 17858 17858 I susfs   : [10444][17858][susfs_is_inode_sus_path] hiding path with ino '0'
1791568491.163 10444 17858 17858 I susfs   : [10444][17858][susfs_is_inode_sus_path] hiding path with ino '0'
1791568491.163 10444 17858 17858 I susfs   : [10444][17858][susfs_is_inode_sus_path] hiding path with ino '0'
1791568491.163 10444 17858 17858 I susfs   : [10444][17858][susfs_is_inode_sus_path] hiding path with ino '0'
1791568491.163 10444 17858 17858 I susfs   : [10444][17858][susfs_is_inode_sus_path] hiding path with ino '0'
1791568491.163 10444 17858 17858 I susfs   : [10444][17858][susfs_is_inode_sus_path] hiding path with ino '0'
1791568491.163 10444 17858 17858 I susfs   : [10444][17858][susfs_is_inode_sus_path] hiding path with ino '0'
1791568491.163 10444 17858 17858 I susfs   : [10444][17858][susfs_is_inode_sus_path] hiding path with ino '0'
1791568491.163 10444 17858 17858 I susfs   : [10444][17858][susfs_is_inode_sus_path] hiding path with ino '0'
1791568491.163 10444 17858 17858 I susfs   : [10444][17858][susfs_is_inode_sus_path] hiding path with ino '0'
1791568491.163 10444 17858 17858 I susfs   : [10444][17858][susfs_is_inode_sus_path] hiding path with ino '0'
1791568491.163 10444 17858 17858 I susfs   : [10444][17858][susfs_is_inode_sus_path] hiding path with ino '0'
1791568491.163 10444 17858 17858 I susfs   : [10444][17858][susfs_is_inode_sus_path] hiding path with ino '0'
1791568491.163 10444 17858 17858 I susfs   : [10444][17858][susfs_is_inode_sus_path] hiding path with ino '0'
1791568491.163 10444 17858 17858 I susfs   : [10444][17858][susfs_is_inode_sus_path] hiding path with ino '0'
1791568491.163 10444 17858 17858 I susfs   : [10444][17858][susfs_is_inode_sus_path] hiding path with ino '0'
1791568491.163 10444 17858 17858 I susfs   : [10444][17858][susfs_is_inode_sus_path] hiding path with ino '0'
1791568491.163 10444 17858 17858 I susfs   : [10444][17858][susfs_is_inode_sus_path] hiding path with ino '0'
1791568491.164 10444 17858 17858 I susfs   : [10444][17858][susfs_is_inode_sus_path] hiding path with ino '0'
1791568491.164 10444 17858 17858 I susfs   : [10444][17858][susfs_is_inode_sus_path] hiding path with ino '0'
1791568491.164 10444 17858 17858 I susfs   : [10444][17858][susfs_is_inode_sus_path] hiding path with ino '0'
1791568491.160 10444 17773 17858 W System.err: java.io.IOException: No such file or directory
1791568491.160 10444 17773 17858 W System.err: 	at java.io.UnixFileSystem.createFileExclusively0(Native Method)
1791568491.160 10444 17773 17858 W System.err: 	at java.io.UnixFileSystem.createFileExclusively(UnixFileSystem.java:373)
1791568491.160 10444 17773 17858 W System.err: 	at java.io.File.createNewFile(File.java:1022)
1791568491.160 10444 17773 17858 W System.err: 	at epa$e.f(SourceFile:42)
1791568491.160 10444 17773 17858 W System.err: 	at epa.f(SourceFile:66)
1791568491.160 10444 17773 17858 W System.err: 	at epa.b(SourceFile:0)
1791568491.160 10444 17773 17858 W System.err: 	at epa$d.run(SourceFile:20)
1791568491.160 10444 17773 17858 W System.err: 	at java.lang.Thread.run(Thread.java:1572)
1791568491.160 10444 17773 17932 I NotifyLogUtils_17773_17932: isIgnoringBatteryOptimizations true
1791568491.161 10444 17773 17858 W System.err: java.io.IOException: No such file or directory
1791568491.161 10444 17773 17858 W System.err: 	at java.io.UnixFileSystem.createFileExclusively0(Native Method)
1791568491.161 10444 17773 17858 W System.err: 	at java.io.UnixFileSystem.createFileExclusively(UnixFileSystem.java:373)
1791568491.161 10444 17773 17858 W System.err: 	at java.io.File.createNewFile(File.java:1022)
1791568491.161 10444 17773 17858 W System.err: 	at epa$e.f(SourceFile:42)
1791568491.161 10444 17773 17858 W System.err: 	at epa.f(SourceFile:66)
1791568491.161 10444 17773 17858 W System.err: 	at epa.b(SourceFile:0)
1791568491.161 10444 17773 17858 W System.err: 	at epa$d.run(SourceFile:20)
1791568491.161 10444 17773 17858 W System.err: 	at java.lang.Thread.run(Thread.java:1572)
1791568491.162 10444 17773 17858 W System.err: java.io.IOException: No such file or directory
1791568491.162 10444 17773 17858 W System.err: 	at java.io.UnixFileSystem.createFileExclusively0(Native Method)
1791568491.162 10444 17773 17858 W System.err: 	at java.io.UnixFileSystem.createFileExclusively(UnixFileSystem.java:373)
1791568491.162 10444 17773 17858 W System.err: 	at java.io.File.createNewFile(File.java:1022)
1791568491.162 10444 17773 17858 W System.err: 	at epa$e.f(SourceFile:42)
1791568491.162 10444 17773 17858 W System.err: 	at epa.f(SourceFile:66)
1791568491.162 10444 17773 17858 W System.err: 	at epa.b(SourceFile:0)
1791568491.162 10444 17773 17858 W System.err: 	at epa$d.run(SourceFile:20)
1791568491.162 10444 17773 17858 W System.err: 	at java.lang.Thread.run(Thread.java:1572)
1791568491.164 10444 17773 17858 W System.err: java.io.IOException: No such file or directory
1791568491.164 10444 17773 17858 W System.err: 	at java.io.UnixFileSystem.createFileExclusively0(Native Method)
1791568491.164 10444 17773 17858 W System.err: 	at java.io.UnixFileSystem.createFileExclusively(UnixFileSystem.java:373)
1791568491.164 10444 17773 17858 W System.err: 	at java.io.File.createNewFile(File.java:1022)
1791568491.164 10444 17773 17858 W System.err: 	at epa$e.f(SourceFile:42)
1791568491.164 10444 17773 17858 W System.err: 	at epa.f(SourceFile:66)
1791568491.164 10444 17773 17858 W System.err: 	at epa.b(SourceFile:0)
1791568491.164 10444 17773 17858 W System.err: 	at epa$d.run(SourceFile:20)
1791568491.164 10444 17773 17858 W System.err: 	at java.lang.Thread.run(Thread.java:1572)
1791568491.171 10444 17773 18064 D LocalImageResolver: Couldn't use ImageDecoder for drawable, falling back to non-resized load.
1791568491.172 10444 17773 18064 I NotifySyncService_17773_18064: isMediaNotification = , style = null, isMediaStyle = false, token = null
1791568491.173 10444 17773 18064 I NotifySyncService_17773_18064: onNotificationPosted Id:7 -> MSG_NOTIFY_ADD
1791568491.173 10444 17773 18064 I NotifySyncService_17773_18064: onNotificationPosted notification messageStyle user name: null
1791568491.173 10444 17773 18064 I NotifySyncService_17773_18064: getNotificationActions wearableActions size: 0
1791568491.173 10444 17773 18064 I NotifySyncService_17773_18064: createNewReplyActions action uuid: 9dc570b6-bce5-4f52-8acf-b6f2731fdc8c , title: Kopyala, remoteInputs.size: null
1791568491.173 10444 17773 18064 I NotifySyncService_17773_18064: add open on phone action contentIntent is null false
1791568491.173 10444 17773 18064 I NotifySyncService_17773_18064: setUpActions [a: "9dc570b6-bce5-4f52-8acf-b6f2731fdc8c"
1791568491.173 10444 17773 18064 I NotifySyncService_17773_18064: b: "Kopyala"
1791568491.173 10444 17773 18064 I NotifySyncService_17773_18064: c: true
1791568491.173 10444 17773 18064 I NotifySyncService_17773_18064: , a: "0c14aff5-d871-4216-a1a3-983813cd4de0"
1791568491.173 10444 17773 18064 I NotifySyncService_17773_18064: b: "open on phone"
1791568491.173 10444 17773 18064 I NotifySyncService_17773_18064: c: false
1791568491.173 10444 17773 18064 I NotifySyncService_17773_18064: ]
1791568491.172 10444 17858 17858 I susfs   : [10444][17858][susfs_is_inode_sus_path] hiding path with ino '0'
1791568491.172 10444 17858 17858 I susfs   : [10444][17858][susfs_is_inode_sus_path] hiding path with ino '0'
1791568491.172 10444 17858 17858 I susfs   : [10444][17858][susfs_is_inode_sus_path] hiding path with ino '0'
1791568491.172 10444 17858 17858 I susfs   : [10444][17858][susfs_is_inode_sus_path] hiding path with ino '0'
1791568491.172 10444 17858 17858 I susfs   : [10444][17858][susfs_is_inode_sus_path] hiding path with ino '0'
1791568491.172 10444 17858 17858 I susfs   : [10444][17858][susfs_is_inode_sus_path] hiding path with ino '0'
1791568491.172 10444 17858 17858 I susfs   : [10444][17858][susfs_is_inode_sus_path] hiding path with ino '0'
1791568491.172 10444 17858 17858 I susfs   : [10444][17858][susfs_is_inode_sus_path] hiding path with ino '0'
1791568491.172 10444 17858 17858 I susfs   : [10444][17858][susfs_is_inode_sus_path] hiding path with ino '0'
1791568491.172 10444 17858 17858 I susfs   : [10444][17858][susfs_is_inode_sus_path] hiding path with ino '0'
1791568491.172 10444 17858 17858 I susfs   : [10444][17858][susfs_is_inode_sus_path] hiding path with ino '0'
1791568491.172 10444 17858 17858 I susfs   : [10444][17858][susfs_is_inode_sus_path] hiding path with ino '0'
1791568491.172 10444 17858 17858 I susfs   : [10444][17858][susfs_is_inode_sus_path] hiding path with ino '0'
1791568491.172 10444 17858 17858 I susfs   : [10444][17858][susfs_is_inode_sus_path] hiding path with ino '0'
1791568491.172 10444 17858 17858 I susfs   : [10444][17858][susfs_is_inode_sus_path] hiding path with ino '0'
1791568491.172 10444 17858 17858 I susfs   : [10444][17858][susfs_is_inode_sus_path] hiding path with ino '0'
1791568491.173 10444 17858 17858 I susfs   : [10444][17858][susfs_is_inode_sus_path] hiding path with ino '0'
1791568491.173 10444 17858 17858 I susfs   : [10444][17858][susfs_is_inode_sus_path] hiding path with ino '0'
1791568491.173 10444 17858 17858 I susfs   : [10444][17858][susfs_is_inode_sus_path] hiding path with ino '0'
1791568491.173 10444 17858 17858 I susfs   : [10444][17858][susfs_is_inode_sus_path] hiding path with ino '0'
1791568491.173 10444 17858 17858 I susfs   : [10444][17858][susfs_is_inode_sus_path] hiding path with ino '0'
1791568491.173 10444 17858 17858 I susfs   : [10444][17858][susfs_is_inode_sus_path] hiding path with ino '0'
1791568491.174 10444 17858 17858 I susfs   : [10444][17858][susfs_is_inode_sus_path] hiding path with ino '0'
1791568491.174 10444 17858 17858 I susfs   : [10444][17858][susfs_is_inode_sus_path] hiding path with ino '0'
1791568491.174 10444 17858 17858 I susfs   : [10444][17858][susfs_is_inode_sus_path] hiding path with ino '0'
1791568491.174 10444 17858 17858 I susfs   : [10444][17858][susfs_is_inode_sus_path] hiding path with ino '0'
1791568491.174 10444 17858 17858 I susfs   : [10444][17858][susfs_is_inode_sus_path] hiding path with ino '0'
1791568491.174 10444 17858 17858 I susfs   : [10444][17858][susfs_is_inode_sus_path] hiding path with ino '0'
1791568491.174 10444 17858 17858 I susfs   : [10444][17858][susfs_is_inode_sus_path] hiding path with ino '0'
1791568491.174 10444 17858 17858 I susfs   : [10444][17858][susfs_is_inode_sus_path] hiding path with ino '0'
1791568491.174 10444 17858 17858 I susfs   : [10444][17858][susfs_is_inode_sus_path] hiding path with ino '0'
1791568491.174 10444 17858 17858 I susfs   : [10444][17858][susfs_is_inode_sus_path] hiding path with ino '0'
1791568491.174 10444 17858 17858 I susfs   : [10444][17858][susfs_is_inode_sus_path] hiding path with ino '0'
1791568491.174 10444 17858 17858 I susfs   : [10444][17858][susfs_is_inode_sus_path] hiding path with ino '0'
1791568491.175 10444 17858 17858 I susfs   : [10444][17858][susfs_is_inode_sus_path] hiding path with ino '0'
1791568491.175 10444 17858 17858 I susfs   : [10444][17858][susfs_is_inode_sus_path] hiding path with ino '0'
1791568491.175 10444 17858 17858 I susfs   : [10444][17858][susfs_is_inode_sus_path] hiding path with ino '0'
1791568491.175 10444 17858 17858 I susfs   : [10444][17858][susfs_is_inode_sus_path] hiding path with ino '0'
1791568491.175 10444 17858 17858 I susfs   : [10444][17858][susfs_is_inode_sus_path] hiding path with ino '0'
1791568491.175 10444 17858 17858 I susfs   : [10444][17858][susfs_is_inode_sus_path] hiding path with ino '0'
1791568491.175 10444 17858 17858 I susfs   : [10444][17858][susfs_is_inode_sus_path] hiding path with ino '0'
1791568491.175 10444 17858 17858 I susfs   : [10444][17858][susfs_is_inode_sus_path] hiding path with ino '0'
1791568491.175 10444 17858 17858 I susfs   : [10444][17858][susfs_is_inode_sus_path] hiding path with ino '0'
1791568491.175 10444 17858 17858 I susfs   : [10444][17858][susfs_is_inode_sus_path] hiding path with ino '0'
1791568491.175 10444 17858 17858 I susfs   : [10444][17858][susfs_is_inode_sus_path] hiding path with ino '0'
1791568491.174 10444 17773 18064 I NotifySyncService_17773_18064: isNeedRemoveNotify notificationNotEnabled: id = 7
1791568491.174 10444 17773 18064 I NotifySyncService_17773_18064: handleMessages  MSG_NOTIFY_ADD
1791568491.174 10444 17773 18064 I NotifySyncService_17773_18064: send MSG_NOTIFY_ADD_TIMEOUT
1791568491.174 10444 17773 18064 I NotifySyncService_17773_18064: handleMessages  MSG_NOTIFY_ADD
1791568491.174 10444 17773 17858 W System.err: java.io.IOException: No such file or directory
1791568491.174 10444 17773 17858 W System.err: 	at java.io.UnixFileSystem.createFileExclusively0(Native Method)
1791568491.174 10444 17773 17858 W System.err: 	at java.io.UnixFileSystem.createFileExclusively(UnixFileSystem.java:373)
1791568491.174 10444 17773 17858 W System.err: 	at java.io.File.createNewFile(File.java:1022)
1791568491.174 10444 17773 17858 W System.err: 	at epa$e.f(SourceFile:42)
1791568491.174 10444 17773 17858 W System.err: 	at epa.f(SourceFile:66)
1791568491.174 10444 17773 17858 W System.err: 	at epa.b(SourceFile:0)
1791568491.174 10444 17773 17858 W System.err: 	at epa$d.run(SourceFile:20)
1791568491.174 10444 17773 17858 W System.err: 	at java.lang.Thread.run(Thread.java:1572)
1791568491.175 10444 17858 17858 I susfs   : [10444][17858][susfs_is_inode_sus_path] hiding path with ino '0'
1791568491.175 10444 17858 17858 I susfs   : [10444][17858][susfs_is_inode_sus_path] hiding path with ino '0'
1791568491.175 10444 17858 17858 I susfs   : [10444][17858][susfs_is_inode_sus_path] hiding path with ino '0'
1791568491.175 10444 17858 17858 I susfs   : [10444][17858][susfs_is_inode_sus_path] hiding path with ino '0'
1791568491.175 10444 17858 17858 I susfs   : [10444][17858][susfs_is_inode_sus_path] hiding path with ino '0'
1791568491.175 10444 17858 17858 I susfs   : [10444][17858][susfs_is_inode_sus_path] hiding path with ino '0'
1791568491.176 10444 17858 17858 I susfs   : [10444][17858][susfs_is_inode_sus_path] hiding path with ino '0'
1791568491.176 10444 17858 17858 I susfs   : [10444][17858][susfs_is_inode_sus_path] hiding path with ino '0'
1791568491.176 10444 17858 17858 I susfs   : [10444][17858][susfs_is_inode_sus_path] hiding path with ino '0'
1791568491.176 10444 17858 17858 I susfs   : [10444][17858][susfs_is_inode_sus_path] hiding path with ino '0'
1791568491.176 10444 17858 17858 I susfs   : [10444][17858][susfs_is_inode_sus_path] hiding path with ino '0'
1791568491.176 10444 17858 17858 I susfs   : [10444][17858][susfs_is_inode_sus_path] hiding path with ino '0'
1791568491.176 10444 17858 17858 I susfs   : [10444][17858][susfs_is_inode_sus_path] hiding path with ino '0'
1791568491.176 10444 17858 17858 I susfs   : [10444][17858][susfs_is_inode_sus_path] hiding path with ino '0'
1791568491.176 10444 17858 17858 I susfs   : [10444][17858][susfs_is_inode_sus_path] hiding path with ino '0'
1791568491.176 10444 17858 17858 I susfs   : [10444][17858][susfs_is_inode_sus_path] hiding path with ino '0'
1791568491.176 10444 17858 17858 I susfs   : [10444][17858][susfs_is_inode_sus_path] hiding path with ino '0'
1791568491.176 10444 17858 17858 I susfs   : [10444][17858][susfs_is_inode_sus_path] hiding path with ino '0'
1791568491.176 10444 17858 17858 I susfs   : [10444][17858][susfs_is_inode_sus_path] hiding path with ino '0'
1791568491.176 10444 17858 17858 I susfs   : [10444][17858][susfs_is_inode_sus_path] hiding path with ino '0'
1791568491.176 10444 17858 17858 I susfs   : [10444][17858][susfs_is_inode_sus_path] hiding path with ino '0'
1791568491.176 10444 17858 17858 I susfs   : [10444][17858][susfs_is_inode_sus_path] hiding path with ino '0'
1791568491.176 10444 17858 17858 I susfs   : [10444][17858][susfs_is_inode_sus_path] hiding path with ino '0'
1791568491.176 10444 17858 17858 I susfs   : [10444][17858][susfs_is_inode_sus_path] hiding path with ino '0'
1791568491.176 10444 17858 17858 I susfs   : [10444][17858][susfs_is_inode_sus_path] hiding path with ino '0'
1791568491.176 10444 17858 17858 I susfs   : [10444][17858][susfs_is_inode_sus_path] hiding path with ino '0'
1791568491.176 10444 17858 17858 I susfs   : [10444][17858][susfs_is_inode_sus_path] hiding path with ino '0'
1791568491.176 10444 17858 17858 I susfs   : [10444][17858][susfs_is_inode_sus_path] hiding path with ino '0'
1791568491.176 10444 17858 17858 I susfs   : [10444][17858][susfs_is_inode_sus_path] hiding path with ino '0'
1791568491.176 10444 17858 17858 I susfs   : [10444][17858][susfs_is_inode_sus_path] hiding path with ino '0'
1791568491.176 10444 17858 17858 I susfs   : [10444][17858][susfs_is_inode_sus_path] hiding path with ino '0'
1791568491.177 10444 17858 17858 I susfs   : [10444][17858][susfs_is_inode_sus_path] hiding path with ino '0'
1791568491.177 10444 17858 17858 I susfs   : [10444][17858][susfs_is_inode_sus_path] hiding path with ino '0'
1791568491.177 10444 17858 17858 I susfs   : [10444][17858][susfs_is_inode_sus_path] hiding path with ino '0'
1791568491.177 10444 17858 17858 I susfs   : [10444][17858][susfs_is_inode_sus_path] hiding path with ino '0'
1791568491.177 10444 17858 17858 I susfs   : [10444][17858][susfs_is_inode_sus_path] hiding path with ino '0'
1791568491.177 10444 17858 17858 I susfs   : [10444][17858][susfs_is_inode_sus_path] hiding path with ino '0'
1791568491.177 10444 17858 17858 I susfs   : [10444][17858][susfs_is_inode_sus_path] hiding path with ino '0'
1791568491.177 10444 17858 17858 I susfs   : [10444][17858][susfs_is_inode_sus_path] hiding path with ino '0'
1791568491.177 10444 17858 17858 I susfs   : [10444][17858][susfs_is_inode_sus_path] hiding path with ino '0'
1791568491.177 10444 17858 17858 I susfs   : [10444][17858][susfs_is_inode_sus_path] hiding path with ino '0'
1791568491.177 10444 17858 17858 I susfs   : [10444][17858][susfs_is_inode_sus_path] hiding path with ino '0'
1791568491.177 10444 17858 17858 I susfs   : [10444][17858][susfs_is_inode_sus_path] hiding path with ino '0'
1791568491.177 10444 17858 17858 I susfs   : [10444][17858][susfs_is_inode_sus_path] hiding path with ino '0'
1791568491.177 10444 17858 17858 I susfs   : [10444][17858][susfs_is_inode_sus_path] hiding path with ino '0'
1791568491.177 10444 17858 17858 I susfs   : [10444][17858][susfs_is_inode_sus_path] hiding path with ino '0'
1791568491.177 10444 17858 17858 I susfs   : [10444][17858][susfs_is_inode_sus_path] hiding path with ino '0'
1791568491.177 10444 17858 17858 I susfs   : [10444][17858][susfs_is_inode_sus_path] hiding path with ino '0'
1791568491.177 10444 17858 17858 I susfs   : [10444][17858][susfs_is_inode_sus_path] hiding path with ino '0'
1791568491.178 10444 17858 17858 I susfs   : [10444][17858][susfs_is_inode_sus_path] hiding path with ino '0'
1791568491.178 10444 17858 17858 I susfs   : [10444][17858][susfs_is_inode_sus_path] hiding path with ino '0'
1791568491.178 10444 17858 17858 I susfs   : [10444][17858][susfs_is_inode_sus_path] hiding path with ino '0'
1791568491.178 10444 17858 17858 I susfs   : [10444][17858][susfs_is_inode_sus_path] hiding path with ino '0'
1791568491.178 10444 17858 17858 I susfs   : [10444][17858][susfs_is_inode_sus_path] hiding path with ino '0'
1791568491.175 10444 17773 17858 W System.err: java.io.IOException: No such file or directory
1791568491.178 10444 17858 17858 I susfs   : [10444][17858][susfs_is_inode_sus_path] hiding path with ino '0'
1791568491.175 10444 17773 17858 W System.err: 	at java.io.UnixFileSystem.createFileExclusively0(Native Method)
1791568491.175 10444 17773 17858 W System.err: 	at java.io.UnixFileSystem.createFileExclusively(UnixFileSystem.java:373)
1791568491.181 10444 17858 17858 I susfs   : [10444][17858][susfs_is_inode_sus_path] hiding path with ino '0'
1791568491.175 10444 17773 17858 W System.err: 	at java.io.File.createNewFile(File.java:1022)
1791568491.181 10444 17858 17858 I susfs   : [10444][17858][susfs_is_inode_sus_path] hiding path with ino '0'
1791568491.175 10444 17773 17858 W System.err: 	at epa$e.f(SourceFile:42)
1791568491.175 10444 17773 17858 W System.err: 	at epa.f(SourceFile:66)
1791568491.175 10444 17773 17858 W System.err: 	at epa.b(SourceFile:0)
1791568491.181 10444 17858 17858 I susfs   : [10444][17858][susfs_is_inode_sus_path] hiding path with ino '0'
1791568491.175 10444 17773 17858 W System.err: 	at epa$d.run(SourceFile:20)
1791568491.175 10444 17773 17858 W System.err: 	at java.lang.Thread.run(Thread.java:1572)
1791568491.177 10444 17773 17858 W System.err: java.io.IOException: No such file or directory
1791568491.181 10444 17858 17858 I susfs   : [10444][17858][susfs_is_inode_sus_path] hiding path with ino '0'
1791568491.177 10444 17773 17858 W System.err: 	at java.io.UnixFileSystem.createFileExclusively0(Native Method)
1791568491.181 10444 17858 17858 I susfs   : [10444][17858][susfs_is_inode_sus_path] hiding path with ino '0'
1791568491.177 10444 17773 17858 W System.err: 	at java.io.UnixFileSystem.createFileExclusively(UnixFileSystem.java:373)
1791568491.177 10444 17773 17858 W System.err: 	at java.io.File.createNewFile(File.java:1022)
1791568491.177 10444 17773 17858 W System.err: 	at epa$e.f(SourceFile:42)
1791568491.177 10444 17773 17858 W System.err: 	at epa.f(SourceFile:66)
1791568491.177 10444 17773 17858 W System.err: 	at epa.b(SourceFile:0)
1791568491.177 10444 17773 17858 W System.err: 	at epa$d.run(SourceFile:20)
1791568491.177 10444 17773 17858 W System.err: 	at java.lang.Thread.run(Thread.java:1572)
1791568491.181 10444 17773 17858 W System.err: java.io.IOException: No such file or directory
1791568491.181 10444 17773 17858 W System.err: 	at java.io.UnixFileSystem.createFileExclusively0(Native Method)
1791568491.181 10444 17773 17858 W System.err: 	at java.io.UnixFileSystem.createFileExclusively(UnixFileSystem.java:373)
1791568491.181 10444 17773 17858 W System.err: 	at java.io.File.createNewFile(File.java:1022)
1791568491.181 10444 17773 17858 W System.err: 	at epa$e.f(SourceFile:42)
1791568491.181 10444 17858 17858 I susfs   : [10444][17858][susfs_is_inode_sus_path] hiding path with ino '0'
1791568491.181 10444 17773 17858 W System.err: 	at epa.f(SourceFile:66)
1791568491.181 10444 17773 17858 W System.err: 	at epa.b(SourceFile:0)
1791568491.181 10444 17858 17858 I susfs   : [10444][17858][susfs_is_inode_sus_path] hiding path with ino '0'
1791568491.181 10444 17773 17858 W System.err: 	at epa$d.run(SourceFile:20)
1791568491.181 10444 17773 17858 W System.err: 	at java.lang.Thread.run(Thread.java:1572)
1791568491.181 10444 17773 17858 W System.err: java.io.IOException: No such file or directory
1791568491.181 10444 17773 17858 W System.err: 	at java.io.UnixFileSystem.createFileExclusively0(Native Method)
1791568491.181 10444 17773 17858 W System.err: 	at java.io.UnixFileSystem.createFileExclusively(UnixFileSystem.java:373)
1791568491.181 10444 17773 17858 W System.err: 	at java.io.File.createNewFile(File.java:1022)
1791568491.181 10444 17773 17858 W System.err: 	at epa$e.f(SourceFile:42)
1791568491.181 10444 17773 17858 W System.err: 	at epa.f(SourceFile:66)
1791568491.181 10444 17773 17858 W System.err: 	at epa.b(SourceFile:0)
1791568491.181 10444 17773 17858 W System.err: 	at epa$d.run(SourceFile:20)
1791568491.181 10444 17773 17858 W System.err: 	at java.lang.Thread.run(Thread.java:1572)
1791568491.182 10444 17773 17858 W System.err: java.io.IOException: No such file or directory
1791568491.181 10444 17858 17858 I susfs   : [10444][17858][susfs_is_inode_sus_path] hiding path with ino '0'
1791568491.182 10444 17773 17858 W System.err: 	at java.io.UnixFileSystem.createFileExclusively0(Native Method)
1791568491.181 10444 17858 17858 I susfs   : [10444][17858][susfs_is_inode_sus_path] hiding path with ino '0'
1791568491.182 10444 17773 17858 W System.err: 	at java.io.UnixFileSystem.createFileExclusively(UnixFileSystem.java:373)
1791568491.181 10444 17858 17858 I susfs   : [10444][17858][susfs_is_inode_sus_path] hiding path with ino '0'
1791568491.182 10444 17773 17858 W System.err: 	at java.io.File.createNewFile(File.java:1022)
1791568491.182 10444 17773 17858 W System.err: 	at epa$e.f(SourceFile:42)
1791568491.182 10444 17773 17858 W System.err: 	at epa.f(SourceFile:66)
1791568491.182 10444 17773 17858 W System.err: 	at epa.b(SourceFile:0)
1791568491.182 10444 17773 17858 W System.err: 	at epa$d.run(SourceFile:20)
1791568491.182 10444 17773 17858 W System.err: 	at java.lang.Thread.run(Thread.java:1572)
1791568491.182 10444 17773 17858 W System.err: java.io.IOException: No such file or directory
1791568491.182 10444 17773 17858 W System.err: 	at java.io.UnixFileSystem.createFileExclusively0(Native Method)
1791568491.182 10444 17773 17858 W System.err: 	at java.io.UnixFileSystem.createFileExclusively(UnixFileSystem.java:373)
1791568491.182 10444 17773 17858 W System.err: 	at java.io.File.createNewFile(File.java:1022)
1791568491.182 10444 17773 17858 W System.err: 	at epa$e.f(SourceFile:42)
1791568491.182 10444 17773 17858 W System.err: 	at epa.f(SourceFile:66)
1791568491.182 10444 17773 17858 W System.err: 	at epa.b(SourceFile:0)
1791568491.182 10444 17773 17858 W System.err: 	at epa$d.run(SourceFile:20)
1791568491.182 10444 17773 17858 W System.err: 	at java.lang.Thread.run(Thread.java:1572)
1791568491.182 10444 17773 17858 W System.err: java.io.IOException: No such file or directory
1791568491.182 10444 17773 17858 W System.err: 	at java.io.UnixFileSystem.createFileExclusively0(Native Method)
1791568491.182 10444 17773 17858 W System.err: 	at java.io.UnixFileSystem.createFileExclusively(UnixFileSystem.java:373)
1791568491.182 10444 17773 17858 W System.err: 	at java.io.File.createNewFile(File.java:1022)
1791568491.182 10444 17773 17858 W System.err: 	at epa$e.f(SourceFile:42)
1791568491.182 10444 17773 17858 W System.err: 	at epa.f(SourceFile:66)
1791568491.182 10444 17773 17858 W System.err: 	at epa.b(SourceFile:0)
1791568491.182 10444 17773 17858 W System.err: 	at epa$d.run(SourceFile:20)
1791568491.182 10444 17773 17858 W System.err: 	at java.lang.Thread.run(Thread.java:1572)
1791568491.183 10444 17773 17858 W System.err: java.io.IOException: No such file or directory
1791568491.183 10444 17773 17858 W System.err: 	at java.io.UnixFileSystem.createFileExclusively0(Native Method)
1791568491.183 10444 17773 17858 W System.err: 	at java.io.UnixFileSystem.createFileExclusively(UnixFileSystem.java:373)
1791568491.183 10444 17773 17858 W System.err: 	at java.io.File.createNewFile(File.java:1022)
1791568491.183 10444 17773 17858 W System.err: 	at epa$e.f(SourceFile:42)
1791568491.183 10444 17773 17858 W System.err: 	at epa.f(SourceFile:66)
1791568491.183 10444 17773 17858 W System.err: 	at epa.b(SourceFile:0)
1791568491.183 10444 17773 17858 W System.err: 	at epa$d.run(SourceFile:20)
1791568491.183 10444 17773 17858 W System.err: 	at java.lang.Thread.run(Thread.java:1572)
1791568491.183 10444 17773 17858 W System.err: java.io.IOException: No such file or directory
1791568491.183 10444 17773 17858 W System.err: 	at java.io.UnixFileSystem.createFileExclusively0(Native Method)
1791568491.183 10444 17773 17858 W System.err: 	at java.io.UnixFileSystem.createFileExclusively(UnixFileSystem.java:373)
1791568491.183 10444 17773 17858 W System.err: 	at java.io.File.createNewFile(File.java:1022)
1791568491.183 10444 17773 17858 W System.err: 	at epa$e.f(SourceFile:42)
1791568491.181 10444 17858 17858 I susfs   : [10444][17858][susfs_is_inode_sus_path] hiding path with ino '0'
1791568491.183 10444 17773 17858 W System.err: 	at epa.f(SourceFile:66)
1791568491.183 10444 17773 17858 W System.err: 	at epa.b(SourceFile:0)
1791568491.181 10444 17858 17858 I susfs   : [10444][17858][susfs_is_inode_sus_path] hiding path with ino '0'
1791568491.183 10444 17773 17858 W System.err: 	at epa$d.run(SourceFile:20)
1791568491.183 10444 17773 17858 W System.err: 	at java.lang.Thread.run(Thread.java:1572)
1791568491.181 10444 17858 17858 I susfs   : [10444][17858][susfs_is_inode_sus_path] hiding path with ino '0'
1791568491.181 10444 17858 17858 I susfs   : [10444][17858][susfs_is_inode_sus_path] hiding path with ino '0'
1791568491.181 10444 17858 17858 I susfs   : [10444][17858][susfs_is_inode_sus_path] hiding path with ino '0'
1791568491.181 10444 17858 17858 I susfs   : [10444][17858][susfs_is_inode_sus_path] hiding path with ino '0'
1791568491.181 10444 17858 17858 I susfs   : [10444][17858][susfs_is_inode_sus_path] hiding path with ino '0'
1791568491.181 10444 17858 17858 I susfs   : [10444][17858][susfs_is_inode_sus_path] hiding path with ino '0'
1791568491.181 10444 17858 17858 I susfs   : [10444][17858][susfs_is_inode_sus_path] hiding path with ino '0'
1791568491.181 10444 17858 17858 I susfs   : [10444][17858][susfs_is_inode_sus_path] hiding path with ino '0'
1791568491.184 10444 17773 17858 W System.err: java.io.IOException: No such file or directory
1791568491.181 10444 17858 17858 I susfs   : [10444][17858][susfs_is_inode_sus_path] hiding path with ino '0'
1791568491.184 10444 17773 17858 W System.err: 	at java.io.UnixFileSystem.createFileExclusively0(Native Method)
1791568491.184 10444 17773 17858 W System.err: 	at java.io.UnixFileSystem.createFileExclusively(UnixFileSystem.java:373)
1791568491.181 10444 17858 17858 I susfs   : [10444][17858][susfs_is_inode_sus_path] hiding path with ino '0'
1791568491.184 10444 17773 17858 W System.err: 	at java.io.File.createNewFile(File.java:1022)
1791568491.184 10444 17773 17858 W System.err: 	at epa$e.f(SourceFile:42)
1791568491.181 10444 17858 17858 I susfs   : [10444][17858][susfs_is_inode_sus_path] hiding path with ino '0'
1791568491.184 10444 17773 17858 W System.err: 	at epa.f(SourceFile:66)
1791568491.184 10444 17773 17858 W System.err: 	at epa.b(SourceFile:0)
1791568491.181 10444 17858 17858 I susfs   : [10444][17858][susfs_is_inode_sus_path] hiding path with ino '0'
1791568491.184 10444 17773 17858 W System.err: 	at epa$d.run(SourceFile:20)
1791568491.184 10444 17773 17858 W System.err: 	at java.lang.Thread.run(Thread.java:1572)
1791568491.181 10444 17858 17858 I susfs   : [10444][17858][susfs_is_inode_sus_path] hiding path with ino '0'
1791568491.181 10444 17858 17858 I susfs   : [10444][17858][susfs_is_inode_sus_path] hiding path with ino '0'
1791568491.181 10444 17858 17858 I susfs   : [10444][17858][susfs_is_inode_sus_path] hiding path with ino '0'
1791568491.181 10444 17858 17858 I susfs   : [10444][17858][susfs_is_inode_sus_path] hiding path with ino '0'
1791568491.181 10444 17858 17858 I susfs   : [10444][17858][susfs_is_inode_sus_path] hiding path with ino '0'
1791568491.181 10444 17858 17858 I susfs   : [10444][17858][susfs_is_inode_sus_path] hiding path with ino '0'
1791568491.181 10444 17858 17858 I susfs   : [10444][17858][susfs_is_inode_sus_path] hiding path with ino '0'
1791568491.181 10444 17858 17858 I susfs   : [10444][17858][susfs_is_inode_sus_path] hiding path with ino '0'
1791568491.181 10444 17858 17858 I susfs   : [10444][17858][susfs_is_inode_sus_path] hiding path with ino '0'
1791568491.181 10444 17858 17858 I susfs   : [10444][17858][susfs_is_inode_sus_path] hiding path with ino '0'
1791568491.184 10444 17773 17858 W System.err: java.io.IOException: No such file or directory
1791568491.181 10444 17858 17858 I susfs   : [10444][17858][susfs_is_inode_sus_path] hiding path with ino '0'
1791568491.184 10444 17773 17858 W System.err: 	at java.io.UnixFileSystem.createFileExclusively0(Native Method)
1791568491.181 10444 17858 17858 I susfs   : [10444][17858][susfs_is_inode_sus_path] hiding path with ino '0'
1791568491.181 10444 17858 17858 I susfs   : [10444][17858][susfs_is_inode_sus_path] hiding path with ino '0'
1791568491.184 10444 17773 17858 W System.err: 	at java.io.UnixFileSystem.createFileExclusively(UnixFileSystem.java:373)
1791568491.181 10444 17858 17858 I susfs   : [10444][17858][susfs_is_inode_sus_path] hiding path with ino '0'
1791568491.184 10444 17773 17858 W System.err: 	at java.io.File.createNewFile(File.java:1022)
1791568491.184 10444 17773 17858 W System.err: 	at epa$e.f(SourceFile:42)
1791568491.184 10444 17773 17858 W System.err: 	at epa.f(SourceFile:66)
1791568491.184 10444 17773 17858 W System.err: 	at epa.b(SourceFile:0)
1791568491.184 10444 17773 17858 W System.err: 	at epa$d.run(SourceFile:20)
1791568491.184 10444 17773 17858 W System.err: 	at java.lang.Thread.run(Thread.java:1572)
1791568491.181 10444 17858 17858 I susfs   : [10444][17858][susfs_is_inode_sus_path] hiding path with ino '0'
1791568491.184 10444 17773 17858 W System.err: java.io.IOException: No such file or directory
1791568491.181 10444 17858 17858 I susfs   : [10444][17858][susfs_is_inode_sus_path] hiding path with ino '0'
1791568491.184 10444 17773 17858 W System.err: 	at java.io.UnixFileSystem.createFileExclusively0(Native Method)
1791568491.181 10444 17858 17858 I susfs   : [10444][17858][susfs_is_inode_sus_path] hiding path with ino '0'
1791568491.184 10444 17773 17858 W System.err: 	at java.io.UnixFileSystem.createFileExclusively(UnixFileSystem.java:373)
1791568491.181 10444 17858 17858 I susfs   : [10444][17858][susfs_is_inode_sus_path] hiding path with ino '0'
1791568491.184 10444 17773 17858 W System.err: 	at java.io.File.createNewFile(File.java:1022)
1791568491.184 10444 17773 17858 W System.err: 	at epa$e.f(SourceFile:42)
1791568491.184 10444 17773 17858 W System.err: 	at epa.f(SourceFile:66)
1791568491.184 10444 17773 17858 W System.err: 	at epa.b(SourceFile:0)
1791568491.184 10444 17773 17858 W System.err: 	at epa$d.run(SourceFile:20)
1791568491.184 10444 17773 17858 W System.err: 	at java.lang.Thread.run(Thread.java:1572)
1791568491.185 10444 17773 17858 W System.err: java.io.IOException: No such file or directory
1791568491.185 10444 17773 17858 W System.err: 	at java.io.UnixFileSystem.createFileExclusively0(Native Method)
1791568491.181 10444 17858 17858 I susfs   : [10444][17858][susfs_is_inode_sus_path] hiding path with ino '0'
1791568491.185 10444 17773 17858 W System.err: 	at java.io.UnixFileSystem.createFileExclusively(UnixFileSystem.java:373)
1791568491.185 10444 17773 17858 W System.err: 	at java.io.File.createNewFile(File.java:1022)
1791568491.181 10444 17858 17858 I susfs   : [10444][17858][susfs_is_inode_sus_path] hiding path with ino '0'
1791568491.185 10444 17773 17858 W System.err: 	at epa$e.f(SourceFile:42)
1791568491.185 10444 17773 17858 W System.err: 	at epa.f(SourceFile:66)
1791568491.182 10444 17858 17858 I susfs   : [10444][17858][susfs_is_inode_sus_path] hiding path with ino '0'
1791568491.185 10444 17773 17858 W System.err: 	at epa.b(SourceFile:0)
1791568491.185 10444 17773 17858 W System.err: 	at epa$d.run(SourceFile:20)
1791568491.182 10444 17858 17858 I susfs   : [10444][17858][susfs_is_inode_sus_path] hiding path with ino '0'
1791568491.185 10444 17773 17858 W System.err: 	at java.lang.Thread.run(Thread.java:1572)
1791568491.182 10444 17858 17858 I susfs   : [10444][17858][susfs_is_inode_sus_path] hiding path with ino '0'
1791568491.182 10444 17858 17858 I susfs   : [10444][17858][susfs_is_inode_sus_path] hiding path with ino '0'
1791568491.182 10444 17858 17858 I susfs   : [10444][17858][susfs_is_inode_sus_path] hiding path with ino '0'
1791568491.182 10444 17858 17858 I susfs   : [10444][17858][susfs_is_inode_sus_path] hiding path with ino '0'
1791568491.182 10444 17858 17858 I susfs   : [10444][17858][susfs_is_inode_sus_path] hiding path with ino '0'
1791568491.182 10444 17858 17858 I susfs   : [10444][17858][susfs_is_inode_sus_path] hiding path with ino '0'
1791568491.186 10444 17773 17858 W System.err: java.io.IOException: No such file or directory
1791568491.186 10444 17773 17858 W System.err: 	at java.io.UnixFileSystem.createFileExclusively0(Native Method)
1791568491.186 10444 17773 17858 W System.err: 	at java.io.UnixFileSystem.createFileExclusively(UnixFileSystem.java:373)
1791568491.186 10444 17773 17858 W System.err: 	at java.io.File.createNewFile(File.java:1022)
1791568491.186 10444 17773 17858 W System.err: 	at epa$e.f(SourceFile:42)
1791568491.186 10444 17773 17858 W System.err: 	at epa.f(SourceFile:66)
1791568491.186 10444 17773 17858 W System.err: 	at epa.b(SourceFile:0)
1791568491.186 10444 17773 17858 W System.err: 	at epa$d.run(SourceFile:20)
1791568491.186 10444 17773 17858 W System.err: 	at java.lang.Thread.run(Thread.java:1572)
1791568491.186 10444 17773 17858 W System.err: java.io.IOException: No such file or directory
1791568491.186 10444 17773 17858 W System.err: 	at java.io.UnixFileSystem.createFileExclusively0(Native Method)
1791568491.186 10444 17773 17858 W System.err: 	at java.io.UnixFileSystem.createFileExclusively(UnixFileSystem.java:373)
1791568491.186 10444 17773 17858 W System.err: 	at java.io.File.createNewFile(File.java:1022)
1791568491.186 10444 17773 17858 W System.err: 	at epa$e.f(SourceFile:42)
1791568491.186 10444 17773 17858 W System.err: 	at epa.f(SourceFile:66)
1791568491.186 10444 17773 17858 W System.err: 	at epa.b(SourceFile:0)
1791568491.186 10444 17773 17858 W System.err: 	at epa$d.run(SourceFile:20)
1791568491.186 10444 17773 17858 W System.err: 	at java.lang.Thread.run(Thread.java:1572)
1791568491.187 10444 17773 17858 W System.err: java.io.IOException: No such file or directory
1791568491.187 10444 17773 17858 W System.err: 	at java.io.UnixFileSystem.createFileExclusively0(Native Method)
1791568491.182 10444 17858 17858 I susfs   : [10444][17858][susfs_is_inode_sus_path] hiding path with ino '0'
1791568491.187 10444 17773 17858 W System.err: 	at java.io.UnixFileSystem.createFileExclusively(UnixFileSystem.java:373)
1791568491.187 10444 17773 17858 W System.err: 	at java.io.File.createNewFile(File.java:1022)
1791568491.182 10444 17858 17858 I susfs   : [10444][17858][susfs_is_inode_sus_path] hiding path with ino '0'
1791568491.187 10444 17773 17858 W System.err: 	at epa$e.f(SourceFile:42)
1791568491.187 10444 17773 17858 W System.err: 	at epa.f(SourceFile:66)
1791568491.182 10444 17858 17858 I susfs   : [10444][17858][susfs_is_inode_sus_path] hiding path with ino '0'
1791568491.187 10444 17773 17858 W System.err: 	at epa.b(SourceFile:0)
1791568491.187 10444 17773 17858 W System.err: 	at epa$d.run(SourceFile:20)
1791568491.182 10444 17858 17858 I susfs   : [10444][17858][susfs_is_inode_sus_path] hiding path with ino '0'
1791568491.187 10444 17773 17858 W System.err: 	at java.lang.Thread.run(Thread.java:1572)
1791568491.182 10444 17858 17858 I susfs   : [10444][17858][susfs_is_inode_sus_path] hiding path with ino '0'
1791568491.182 10444 17858 17858 I susfs   : [10444][17858][susfs_is_inode_sus_path] hiding path with ino '0'
1791568491.182 10444 17858 17858 I susfs   : [10444][17858][susfs_is_inode_sus_path] hiding path with ino '0'
1791568491.187 10444 17773 17858 W System.err: java.io.IOException: No such file or directory
1791568491.187 10444 17773 17858 W System.err: 	at java.io.UnixFileSystem.createFileExclusively0(Native Method)
1791568491.182 10444 17858 17858 I susfs   : [10444][17858][susfs_is_inode_sus_path] hiding path with ino '0'
1791568491.187 10444 17773 17858 W System.err: 	at java.io.UnixFileSystem.createFileExclusively(UnixFileSystem.java:373)
1791568491.187 10444 17773 17858 W System.err: 	at java.io.File.createNewFile(File.java:1022)
1791568491.182 10444 17858 17858 I susfs   : [10444][17858][susfs_is_inode_sus_path] hiding path with ino '0'
1791568491.182 10444 17858 17858 I susfs   : [10444][17858][susfs_is_inode_sus_path] hiding path with ino '0'
1791568491.182 10444 17858 17858 I susfs   : [10444][17858][susfs_is_inode_sus_path] hiding path with ino '0'
1791568491.182 10444 17858 17858 I susfs   : [10444][17858][susfs_is_inode_sus_path] hiding path with ino '0'
1791568491.182 10444 17858 17858 I susfs   : [10444][17858][susfs_is_inode_sus_path] hiding path with ino '0'
1791568491.182 10444 17858 17858 I susfs   : [10444][17858][susfs_is_inode_sus_path] hiding path with ino '0'
1791568491.182 10444 17858 17858 I susfs   : [10444][17858][susfs_is_inode_sus_path] hiding path with ino '0'
1791568491.182 10444 17858 17858 I susfs   : [10444][17858][susfs_is_inode_sus_path] hiding path with ino '0'
1791568491.182 10444 17858 17858 I susfs   : [10444][17858][susfs_is_inode_sus_path] hiding path with ino '0'
1791568491.182 10444 17858 17858 I susfs   : [10444][17858][susfs_is_inode_sus_path] hiding path with ino '0'
1791568491.187 10444 17773 17858 W System.err: 	at epa$e.f(SourceFile:42)
1791568491.182 10444 17858 17858 I susfs   : [10444][17858][susfs_is_inode_sus_path] hiding path with ino '0'
1791568491.187 10444 17773 17858 W System.err: 	at epa.f(SourceFile:66)
1791568491.187 10444 17773 17858 W System.err: 	at epa.b(SourceFile:0)
1791568491.182 10444 17858 17858 I susfs   : [10444][17858][susfs_is_inode_sus_path] hiding path with ino '0'
1791568491.187 10444 17773 17858 W System.err: 	at epa$d.run(SourceFile:20)
1791568491.187 10444 17773 17858 W System.err: 	at java.lang.Thread.run(Thread.java:1572)
1791568491.182 10444 17858 17858 I susfs   : [10444][17858][susfs_is_inode_sus_path] hiding path with ino '0'
1791568491.187 10444 17773 17858 W System.err: java.io.IOException: No such file or directory
1791568491.187 10444 17773 17858 W System.err: 	at java.io.UnixFileSystem.createFileExclusively0(Native Method)
1791568491.187 10444 17773 17858 W System.err: 	at java.io.UnixFileSystem.createFileExclusively(UnixFileSystem.java:373)
1791568491.182 10444 17858 17858 I susfs   : [10444][17858][susfs_is_inode_sus_path] hiding path with ino '0'
1791568491.182 10444 17858 17858 I susfs   : [10444][17858][susfs_is_inode_sus_path] hiding path with ino '0'
1791568491.187 10444 17773 17858 W System.err: 	at java.io.File.createNewFile(File.java:1022)
1791568491.182 10444 17858 17858 I susfs   : [10444][17858][susfs_is_inode_sus_path] hiding path with ino '0'
1791568491.187 10444 17773 17858 W System.err: 	at epa$e.f(SourceFile:42)
1791568491.187 10444 17773 17858 W System.err: 	at epa.f(SourceFile:66)
1791568491.182 10444 17858 17858 I susfs   : [10444][17858][susfs_is_inode_sus_path] hiding path with ino '0'
1791568491.187 10444 17773 17858 W System.err: 	at epa.b(SourceFile:0)
1791568491.187 10444 17773 17858 W System.err: 	at epa$d.run(SourceFile:20)
1791568491.182 10444 17858 17858 I susfs   : [10444][17858][susfs_is_inode_sus_path] hiding path with ino '0'
1791568491.187 10444 17773 17858 W System.err: 	at java.lang.Thread.run(Thread.java:1572)
1791568491.188 10444 17773 17858 W System.err: java.io.IOException: No such file or directory
1791568491.182 10444 17858 17858 I susfs   : [10444][17858][susfs_is_inode_sus_path] hiding path with ino '0'
1791568491.188 10444 17773 17858 W System.err: 	at java.io.UnixFileSystem.createFileExclusively0(Native Method)
1791568491.188 10444 17773 17858 W System.err: 	at java.io.UnixFileSystem.createFileExclusively(UnixFileSystem.java:373)
1791568491.182 10444 17858 17858 I susfs   : [10444][17858][susfs_is_inode_sus_path] hiding path with ino '0'
1791568491.188 10444 17773 17858 W System.err: 	at java.io.File.createNewFile(File.java:1022)
1791568491.188 10444 17773 17858 W System.err: 	at epa$e.f(SourceFile:42)
1791568491.182 10444 17858 17858 I susfs   : [10444][17858][susfs_is_inode_sus_path] hiding path with ino '0'
1791568491.188 10444 17773 17858 W System.err: 	at epa.f(SourceFile:66)
1791568491.188 10444 17773 17858 W System.err: 	at epa.b(SourceFile:0)
1791568491.182 10444 17858 17858 I susfs   : [10444][17858][susfs_is_inode_sus_path] hiding path with ino '0'
1791568491.188 10444 17773 17858 W System.err: 	at epa$d.run(SourceFile:20)
1791568491.188 10444 17773 17858 W System.err: 	at java.lang.Thread.run(Thread.java:1572)
1791568491.182 10444 17858 17858 I susfs   : [10444][17858][susfs_is_inode_sus_path] hiding path with ino '0'
1791568491.182 10444 17858 17858 I susfs   : [10444][17858][susfs_is_inode_sus_path] hiding path with ino '0'
1791568491.182 10444 17858 17858 I susfs   : [10444][17858][susfs_is_inode_sus_path] hiding path with ino '0'
1791568491.182 10444 17858 17858 I susfs   : [10444][17858][susfs_is_inode_sus_path] hiding path with ino '0'
1791568491.182 10444 17858 17858 I susfs   : [10444][17858][susfs_is_inode_sus_path] hiding path with ino '0'
1791568491.182 10444 17858 17858 I susfs   : [10444][17858][susfs_is_inode_sus_path] hiding path with ino '0'
1791568491.182 10444 17858 17858 I susfs   : [10444][17858][susfs_is_inode_sus_path] hiding path with ino '0'
1791568491.182 10444 17858 17858 I susfs   : [10444][17858][susfs_is_inode_sus_path] hiding path with ino '0'
1791568491.182 10444 17858 17858 I susfs   : [10444][17858][susfs_is_inode_sus_path] hiding path with ino '0'
1791568491.182 10444 17858 17858 I susfs   : [10444][17858][susfs_is_inode_sus_path] hiding path with ino '0'
1791568491.182 10444 17858 17858 I susfs   : [10444][17858][susfs_is_inode_sus_path] hiding path with ino '0'
1791568491.182 10444 17858 17858 I susfs   : [10444][17858][susfs_is_inode_sus_path] hiding path with ino '0'
1791568491.182 10444 17858 17858 I susfs   : [10444][17858][susfs_is_inode_sus_path] hiding path with ino '0'
1791568491.182 10444 17858 17858 I susfs   : [10444][17858][susfs_is_inode_sus_path] hiding path with ino '0'
1791568491.182 10444 17858 17858 I susfs   : [10444][17858][susfs_is_inode_sus_path] hiding path with ino '0'
1791568491.182 10444 17858 17858 I susfs   : [10444][17858][susfs_is_inode_sus_path] hiding path with ino '0'
1791568491.182 10444 17858 17858 I susfs   : [10444][17858][susfs_is_inode_sus_path] hiding path with ino '0'
1791568491.182 10444 17858 17858 I susfs   : [10444][17858][susfs_is_inode_sus_path] hiding path with ino '0'
1791568491.182 10444 17858 17858 I susfs   : [10444][17858][susfs_is_inode_sus_path] hiding path with ino '0'
1791568491.182 10444 17858 17858 I susfs   : [10444][17858][susfs_is_inode_sus_path] hiding path with ino '0'
1791568491.182 10444 17858 17858 I susfs   : [10444][17858][susfs_is_inode_sus_path] hiding path with ino '0'
1791568491.182 10444 17858 17858 I susfs   : [10444][17858][susfs_is_inode_sus_path] hiding path with ino '0'
1791568491.182 10444 17858 17858 I susfs   : [10444][17858][susfs_is_inode_sus_path] hiding path with ino '0'
1791568491.182 10444 17858 17858 I susfs   : [10444][17858][susfs_is_inode_sus_path] hiding path with ino '0'
1791568491.182 10444 17858 17858 I susfs   : [10444][17858][susfs_is_inode_sus_path] hiding path with ino '0'
1791568491.182 10444 17858 17858 I susfs   : [10444][17858][susfs_is_inode_sus_path] hiding path with ino '0'
1791568491.182 10444 17858 17858 I susfs   : [10444][17858][susfs_is_inode_sus_path] hiding path with ino '0'
1791568491.182 10444 17858 17858 I susfs   : [10444][17858][susfs_is_inode_sus_path] hiding path with ino '0'
1791568491.182 10444 17858 17858 I susfs   : [10444][17858][susfs_is_inode_sus_path] hiding path with ino '0'
1791568491.182 10444 17858 17858 I susfs   : [10444][17858][susfs_is_inode_sus_path] hiding path with ino '0'
1791568491.182 10444 17858 17858 I susfs   : [10444][17858][susfs_is_inode_sus_path] hiding path with ino '0'
1791568491.182 10444 17858 17858 I susfs   : [10444][17858][susfs_is_inode_sus_path] hiding path with ino '0'
1791568491.182 10444 17858 17858 I susfs   : [10444][17858][susfs_is_inode_sus_path] hiding path with ino '0'
1791568491.183 10444 17858 17858 I susfs   : [10444][17858][susfs_is_inode_sus_path] hiding path with ino '0'
1791568491.183 10444 17858 17858 I susfs   : [10444][17858][susfs_is_inode_sus_path] hiding path with ino '0'
1791568491.183 10444 17858 17858 I susfs   : [10444][17858][susfs_is_inode_sus_path] hiding path with ino '0'
1791568491.183 10444 17858 17858 I susfs   : [10444][17858][susfs_is_inode_sus_path] hiding path with ino '0'
1791568491.183 10444 17858 17858 I susfs   : [10444][17858][susfs_is_inode_sus_path] hiding path with ino '0'
1791568491.183 10444 17858 17858 I susfs   : [10444][17858][susfs_is_inode_sus_path] hiding path with ino '0'
1791568491.183 10444 17858 17858 I susfs   : [10444][17858][susfs_is_inode_sus_path] hiding path with ino '0'
1791568491.183 10444 17858 17858 I susfs   : [10444][17858][susfs_is_inode_sus_path] hiding path with ino '0'
1791568491.183 10444 17858 17858 I susfs   : [10444][17858][susfs_is_inode_sus_path] hiding path with ino '0'
1791568491.183 10444 17858 17858 I susfs   : [10444][17858][susfs_is_inode_sus_path] hiding path with ino '0'
1791568491.183 10444 17858 17858 I susfs   : [10444][17858][susfs_is_inode_sus_path] hiding path with ino '0'
1791568491.183 10444 17858 17858 I susfs   : [10444][17858][susfs_is_inode_sus_path] hiding path with ino '0'
1791568491.183 10444 17858 17858 I susfs   : [10444][17858][susfs_is_inode_sus_path] hiding path with ino '0'
1791568491.183 10444 17858 17858 I susfs   : [10444][17858][susfs_is_inode_sus_path] hiding path with ino '0'
1791568491.183 10444 17858 17858 I susfs   : [10444][17858][susfs_is_inode_sus_path] hiding path with ino '0'
1791568491.183 10444 17858 17858 I susfs   : [10444][17858][susfs_is_inode_sus_path] hiding path with ino '0'
1791568491.183 10444 17858 17858 I susfs   : [10444][17858][susfs_is_inode_sus_path] hiding path with ino '0'
1791568491.183 10444 17858 17858 I susfs   : [10444][17858][susfs_is_inode_sus_path] hiding path with ino '0'
1791568491.183 10444 17858 17858 I susfs   : [10444][17858][susfs_is_inode_sus_path] hiding path with ino '0'
1791568491.183 10444 17858 17858 I susfs   : [10444][17858][susfs_is_inode_sus_path] hiding path with ino '0'
1791568491.183 10444 17858 17858 I susfs   : [10444][17858][susfs_is_inode_sus_path] hiding path with ino '0'
1791568491.183 10444 17858 17858 I susfs   : [10444][17858][susfs_is_inode_sus_path] hiding path with ino '0'
1791568491.183 10444 17858 17858 I susfs   : [10444][17858][susfs_is_inode_sus_path] hiding path with ino '0'
1791568491.183 10444 17858 17858 I susfs   : [10444][17858][susfs_is_inode_sus_path] hiding path with ino '0'
1791568491.183 10444 17858 17858 I susfs   : [10444][17858][susfs_is_inode_sus_path] hiding path with ino '0'
1791568491.183 10444 17858 17858 I susfs   : [10444][17858][susfs_is_inode_sus_path] hiding path with ino '0'
1791568491.183 10444 17858 17858 I susfs   : [10444][17858][susfs_is_inode_sus_path] hiding path with ino '0'
1791568491.183 10444 17858 17858 I susfs   : [10444][17858][susfs_is_inode_sus_path] hiding path with ino '0'
1791568491.183 10444 17858 17858 I susfs   : [10444][17858][susfs_is_inode_sus_path] hiding path with ino '0'
1791568491.183 10444 17858 17858 I susfs   : [10444][17858][susfs_is_inode_sus_path] hiding path with ino '0'
1791568491.183 10444 17858 17858 I susfs   : [10444][17858][susfs_is_inode_sus_path] hiding path with ino '0'
1791568491.183 10444 17858 17858 I susfs   : [10444][17858][susfs_is_inode_sus_path] hiding path with ino '0'
1791568491.183 10444 17858 17858 I susfs   : [10444][17858][susfs_is_inode_sus_path] hiding path with ino '0'
1791568491.183 10444 17858 17858 I susfs   : [10444][17858][susfs_is_inode_sus_path] hiding path with ino '0'
1791568491.183 10444 17858 17858 I susfs   : [10444][17858][susfs_is_inode_sus_path] hiding path with ino '0'
1791568491.183 10444 17858 17858 I susfs   : [10444][17858][susfs_is_inode_sus_path] hiding path with ino '0'
1791568491.183 10444 17858 17858 I susfs   : [10444][17858][susfs_is_inode_sus_path] hiding path with ino '0'
1791568491.183 10444 17858 17858 I susfs   : [10444][17858][susfs_is_inode_sus_path] hiding path with ino '0'
1791568491.183 10444 17858 17858 I susfs   : [10444][17858][susfs_is_inode_sus_path] hiding path with ino '0'
1791568491.183 10444 17858 17858 I susfs   : [10444][17858][susfs_is_inode_sus_path] hiding path with ino '0'
1791568491.183 10444 17858 17858 I susfs   : [10444][17858][susfs_is_inode_sus_path] hiding path with ino '0'
1791568491.183 10444 17858 17858 I susfs   : [10444][17858][susfs_is_inode_sus_path] hiding path with ino '0'
1791568491.183 10444 17858 17858 I susfs   : [10444][17858][susfs_is_inode_sus_path] hiding path with ino '0'
1791568491.183 10444 17858 17858 I susfs   : [10444][17858][susfs_is_inode_sus_path] hiding path with ino '0'
1791568491.183 10444 17858 17858 I susfs   : [10444][17858][susfs_is_inode_sus_path] hiding path with ino '0'
1791568491.183 10444 17858 17858 I susfs   : [10444][17858][susfs_is_inode_sus_path] hiding path with ino '0'
1791568491.183 10444 17858 17858 I susfs   : [10444][17858][susfs_is_inode_sus_path] hiding path with ino '0'
1791568491.183 10444 17858 17858 I susfs   : [10444][17858][susfs_is_inode_sus_path] hiding path with ino '0'
1791568491.183 10444 17858 17858 I susfs   : [10444][17858][susfs_is_inode_sus_path] hiding path with ino '0'
1791568491.183 10444 17858 17858 I susfs   : [10444][17858][susfs_is_inode_sus_path] hiding path with ino '0'
1791568491.183 10444 17858 17858 I susfs   : [10444][17858][susfs_is_inode_sus_path] hiding path with ino '0'
1791568491.183 10444 17858 17858 I susfs   : [10444][17858][susfs_is_inode_sus_path] hiding path with ino '0'
1791568491.183 10444 17858 17858 I susfs   : [10444][17858][susfs_is_inode_sus_path] hiding path with ino '0'
1791568491.183 10444 17858 17858 I susfs   : [10444][17858][susfs_is_inode_sus_path] hiding path with ino '0'
1791568491.183 10444 17858 17858 I susfs   : [10444][17858][susfs_is_inode_sus_path] hiding path with ino '0'
1791568491.183 10444 17858 17858 I susfs   : [10444][17858][susfs_is_inode_sus_path] hiding path with ino '0'
1791568491.183 10444 17858 17858 I susfs   : [10444][17858][susfs_is_inode_sus_path] hiding path with ino '0'
1791568491.183 10444 17858 17858 I susfs   : [10444][17858][susfs_is_inode_sus_path] hiding path with ino '0'
1791568491.183 10444 17858 17858 I susfs   : [10444][17858][susfs_is_inode_sus_path] hiding path with ino '0'
1791568491.183 10444 17858 17858 I susfs   : [10444][17858][susfs_is_inode_sus_path] hiding path with ino '0'
1791568491.183 10444 17858 17858 I susfs   : [10444][17858][susfs_is_inode_sus_path] hiding path with ino '0'
1791568491.183 10444 17858 17858 I susfs   : [10444][17858][susfs_is_inode_sus_path] hiding path with ino '0'
1791568491.183 10444 17858 17858 I susfs   : [10444][17858][susfs_is_inode_sus_path] hiding path with ino '0'
1791568491.183 10444 17858 17858 I susfs   : [10444][17858][susfs_is_inode_sus_path] hiding path with ino '0'
1791568491.183 10444 17858 17858 I susfs   : [10444][17858][susfs_is_inode_sus_path] hiding path with ino '0'
1791568491.183 10444 17858 17858 I susfs   : [10444][17858][susfs_is_inode_sus_path] hiding path with ino '0'
1791568491.183 10444 17858 17858 I susfs   : [10444][17858][susfs_is_inode_sus_path] hiding path with ino '0'
1791568491.184 10444 17858 17858 I susfs   : [10444][17858][susfs_is_inode_sus_path] hiding path with ino '0'
1791568491.184 10444 17858 17858 I susfs   : [10444][17858][susfs_is_inode_sus_path] hiding path with ino '0'
1791568491.184 10444 17858 17858 I susfs   : [10444][17858][susfs_is_inode_sus_path] hiding path with ino '0'
1791568491.184 10444 17858 17858 I susfs   : [10444][17858][susfs_is_inode_sus_path] hiding path with ino '0'
1791568491.184 10444 17858 17858 I susfs   : [10444][17858][susfs_is_inode_sus_path] hiding path with ino '0'
1791568491.184 10444 17858 17858 I susfs   : [10444][17858][susfs_is_inode_sus_path] hiding path with ino '0'
1791568491.184 10444 17858 17858 I susfs   : [10444][17858][susfs_is_inode_sus_path] hiding path with ino '0'
1791568491.184 10444 17858 17858 I susfs   : [10444][17858][susfs_is_inode_sus_path] hiding path with ino '0'
1791568491.184 10444 17858 17858 I susfs   : [10444][17858][susfs_is_inode_sus_path] hiding path with ino '0'
1791568491.184 10444 17858 17858 I susfs   : [10444][17858][susfs_is_inode_sus_path] hiding path with ino '0'
1791568491.184 10444 17858 17858 I susfs   : [10444][17858][susfs_is_inode_sus_path] hiding path with ino '0'
1791568491.184 10444 17858 17858 I susfs   : [10444][17858][susfs_is_inode_sus_path] hiding path with ino '0'
1791568491.184 10444 17858 17858 I susfs   : [10444][17858][susfs_is_inode_sus_path] hiding path with ino '0'
1791568491.184 10444 17858 17858 I susfs   : [10444][17858][susfs_is_inode_sus_path] hiding path with ino '0'
1791568491.184 10444 17858 17858 I susfs   : [10444][17858][susfs_is_inode_sus_path] hiding path with ino '0'
1791568491.184 10444 17858 17858 I susfs   : [10444][17858][susfs_is_inode_sus_path] hiding path with ino '0'
1791568491.184 10444 17858 17858 I susfs   : [10444][17858][susfs_is_inode_sus_path] hiding path with ino '0'
1791568491.184 10444 17858 17858 I susfs   : [10444][17858][susfs_is_inode_sus_path] hiding path with ino '0'
1791568491.184 10444 17858 17858 I susfs   : [10444][17858][susfs_is_inode_sus_path] hiding path with ino '0'
1791568491.184 10444 17858 17858 I susfs   : [10444][17858][susfs_is_inode_sus_path] hiding path with ino '0'
1791568491.184 10444 17858 17858 I susfs   : [10444][17858][susfs_is_inode_sus_path] hiding path with ino '0'
1791568491.184 10444 17858 17858 I susfs   : [10444][17858][susfs_is_inode_sus_path] hiding path with ino '0'
1791568491.184 10444 17858 17858 I susfs   : [10444][17858][susfs_is_inode_sus_path] hiding path with ino '0'
1791568491.184 10444 17858 17858 I susfs   : [10444][17858][susfs_is_inode_sus_path] hiding path with ino '0'
1791568491.184 10444 17858 17858 I susfs   : [10444][17858][susfs_is_inode_sus_path] hiding path with ino '0'
1791568491.184 10444 17858 17858 I susfs   : [10444][17858][susfs_is_inode_sus_path] hiding path with ino '0'
1791568491.184 10444 17858 17858 I susfs   : [10444][17858][susfs_is_inode_sus_path] hiding path with ino '0'
1791568491.184 10444 17858 17858 I susfs   : [10444][17858][susfs_is_inode_sus_path] hiding path with ino '0'
1791568491.184 10444 17858 17858 I susfs   : [10444][17858][susfs_is_inode_sus_path] hiding path with ino '0'
1791568491.184 10444 17858 17858 I susfs   : [10444][17858][susfs_is_inode_sus_path] hiding path with ino '0'
1791568491.184 10444 17858 17858 I susfs   : [10444][17858][susfs_is_inode_sus_path] hiding path with ino '0'
1791568491.184 10444 17858 17858 I susfs   : [10444][17858][susfs_is_inode_sus_path] hiding path with ino '0'
1791568491.184 10444 17858 17858 I susfs   : [10444][17858][susfs_is_inode_sus_path] hiding path with ino '0'
1791568491.184 10444 17858 17858 I susfs   : [10444][17858][susfs_is_inode_sus_path] hiding path with ino '0'
1791568491.184 10444 17858 17858 I susfs   : [10444][17858][susfs_is_inode_sus_path] hiding path with ino '0'
1791568491.184 10444 17858 17858 I susfs   : [10444][17858][susfs_is_inode_sus_path] hiding path with ino '0'
1791568491.184 10444 17858 17858 I susfs   : [10444][17858][susfs_is_inode_sus_path] hiding path with ino '0'
1791568491.184 10444 17858 17858 I susfs   : [10444][17858][susfs_is_inode_sus_path] hiding path with ino '0'
1791568491.184 10444 17858 17858 I susfs   : [10444][17858][susfs_is_inode_sus_path] hiding path with ino '0'
1791568491.184 10444 17858 17858 I susfs   : [10444][17858][susfs_is_inode_sus_path] hiding path with ino '0'
1791568491.184 10444 17858 17858 I susfs   : [10444][17858][susfs_is_inode_sus_path] hiding path with ino '0'
1791568491.184 10444 17858 17858 I susfs   : [10444][17858][susfs_is_inode_sus_path] hiding path with ino '0'
1791568491.184 10444 17858 17858 I susfs   : [10444][17858][susfs_is_inode_sus_path] hiding path with ino '0'
1791568491.184 10444 17858 17858 I susfs   : [10444][17858][susfs_is_inode_sus_path] hiding path with ino '0'
1791568491.184 10444 17858 17858 I susfs   : [10444][17858][susfs_is_inode_sus_path] hiding path with ino '0'
1791568491.184 10444 17858 17858 I susfs   : [10444][17858][susfs_is_inode_sus_path] hiding path with ino '0'
1791568491.184 10444 17858 17858 I susfs   : [10444][17858][susfs_is_inode_sus_path] hiding path with ino '0'
1791568491.184 10444 17858 17858 I susfs   : [10444][17858][susfs_is_inode_sus_path] hiding path with ino '0'
1791568491.184 10444 17858 17858 I susfs   : [10444][17858][susfs_is_inode_sus_path] hiding path with ino '0'
1791568491.184 10444 17858 17858 I susfs   : [10444][17858][susfs_is_inode_sus_path] hiding path with ino '0'
1791568491.184 10444 17858 17858 I susfs   : [10444][17858][susfs_is_inode_sus_path] hiding path with ino '0'
1791568491.184 10444 17858 17858 I susfs   : [10444][17858][susfs_is_inode_sus_path] hiding path with ino '0'
1791568491.184 10444 17858 17858 I susfs   : [10444][17858][susfs_is_inode_sus_path] hiding path with ino '0'
1791568491.184 10444 17858 17858 I susfs   : [10444][17858][susfs_is_inode_sus_path] hiding path with ino '0'
1791568491.184 10444 17858 17858 I susfs   : [10444][17858][susfs_is_inode_sus_path] hiding path with ino '0'
1791568491.184 10444 17858 17858 I susfs   : [10444][17858][susfs_is_inode_sus_path] hiding path with ino '0'
1791568491.184 10444 17858 17858 I susfs   : [10444][17858][susfs_is_inode_sus_path] hiding path with ino '0'
1791568491.184 10444 17858 17858 I susfs   : [10444][17858][susfs_is_inode_sus_path] hiding path with ino '0'
1791568491.184 10444 17858 17858 I susfs   : [10444][17858][susfs_is_inode_sus_path] hiding path with ino '0'
1791568491.184 10444 17858 17858 I susfs   : [10444][17858][susfs_is_inode_sus_path] hiding path with ino '0'
1791568491.184 10444 17858 17858 I susfs   : [10444][17858][susfs_is_inode_sus_path] hiding path with ino '0'
1791568491.184 10444 17858 17858 I susfs   : [10444][17858][susfs_is_inode_sus_path] hiding path with ino '0'
1791568491.184 10444 17858 17858 I susfs   : [10444][17858][susfs_is_inode_sus_path] hiding path with ino '0'
1791568491.184 10444 17858 17858 I susfs   : [10444][17858][susfs_is_inode_sus_path] hiding path with ino '0'
1791568491.184 10444 17858 17858 I susfs   : [10444][17858][susfs_is_inode_sus_path] hiding path with ino '0'
1791568491.185 10444 17858 17858 I susfs   : [10444][17858][susfs_is_inode_sus_path] hiding path with ino '0'
1791568491.185 10444 17858 17858 I susfs   : [10444][17858][susfs_is_inode_sus_path] hiding path with ino '0'
1791568491.185 10444 17858 17858 I susfs   : [10444][17858][susfs_is_inode_sus_path] hiding path with ino '0'
1791568491.185 10444 17858 17858 I susfs   : [10444][17858][susfs_is_inode_sus_path] hiding path with ino '0'
1791568491.185 10444 17858 17858 I susfs   : [10444][17858][susfs_is_inode_sus_path] hiding path with ino '0'
1791568491.185 10444 17858 17858 I susfs   : [10444][17858][susfs_is_inode_sus_path] hiding path with ino '0'
1791568491.185 10444 17858 17858 I susfs   : [10444][17858][susfs_is_inode_sus_path] hiding path with ino '0'
1791568491.185 10444 17858 17858 I susfs   : [10444][17858][susfs_is_inode_sus_path] hiding path with ino '0'
1791568491.185 10444 17858 17858 I susfs   : [10444][17858][susfs_is_inode_sus_path] hiding path with ino '0'
1791568491.185 10444 17858 17858 I susfs   : [10444][17858][susfs_is_inode_sus_path] hiding path with ino '0'
1791568491.185 10444 17858 17858 I susfs   : [10444][17858][susfs_is_inode_sus_path] hiding path with ino '0'
1791568491.185 10444 17858 17858 I susfs   : [10444][17858][susfs_is_inode_sus_path] hiding path with ino '0'
1791568491.185 10444 17858 17858 I susfs   : [10444][17858][susfs_is_inode_sus_path] hiding path with ino '0'
1791568491.185 10444 17858 17858 I susfs   : [10444][17858][susfs_is_inode_sus_path] hiding path with ino '0'
1791568491.185 10444 17858 17858 I susfs   : [10444][17858][susfs_is_inode_sus_path] hiding path with ino '0'
1791568491.185 10444 17858 17858 I susfs   : [10444][17858][susfs_is_inode_sus_path] hiding path with ino '0'
1791568491.185 10444 17858 17858 I susfs   : [10444][17858][susfs_is_inode_sus_path] hiding path with ino '0'
1791568491.185 10444 17858 17858 I susfs   : [10444][17858][susfs_is_inode_sus_path] hiding path with ino '0'
1791568491.185 10444 17858 17858 I susfs   : [10444][17858][susfs_is_inode_sus_path] hiding path with ino '0'
1791568491.185 10444 17858 17858 I susfs   : [10444][17858][susfs_is_inode_sus_path] hiding path with ino '0'
1791568491.185 10444 17858 17858 I susfs   : [10444][17858][susfs_is_inode_sus_path] hiding path with ino '0'
1791568491.185 10444 17858 17858 I susfs   : [10444][17858][susfs_is_inode_sus_path] hiding path with ino '0'
1791568491.185 10444 17858 17858 I susfs   : [10444][17858][susfs_is_inode_sus_path] hiding path with ino '0'
1791568491.185 10444 17858 17858 I susfs   : [10444][17858][susfs_is_inode_sus_path] hiding path with ino '0'
1791568491.185 10444 17858 17858 I susfs   : [10444][17858][susfs_is_inode_sus_path] hiding path with ino '0'
1791568491.185 10444 17858 17858 I susfs   : [10444][17858][susfs_is_inode_sus_path] hiding path with ino '0'
1791568491.185 10444 17858 17858 I susfs   : [10444][17858][susfs_is_inode_sus_path] hiding path with ino '0'
1791568491.185 10444 17858 17858 I susfs   : [10444][17858][susfs_is_inode_sus_path] hiding path with ino '0'
1791568491.185 10444 17858 17858 I susfs   : [10444][17858][susfs_is_inode_sus_path] hiding path with ino '0'
1791568491.186 10444 17858 17858 I susfs   : [10444][17858][susfs_is_inode_sus_path] hiding path with ino '0'
1791568491.186 10444 17858 17858 I susfs   : [10444][17858][susfs_is_inode_sus_path] hiding path with ino '0'
1791568491.186 10444 17858 17858 I susfs   : [10444][17858][susfs_is_inode_sus_path] hiding path with ino '0'
1791568491.186 10444 17858 17858 I susfs   : [10444][17858][susfs_is_inode_sus_path] hiding path with ino '0'
1791568491.186 10444 17858 17858 I susfs   : [10444][17858][susfs_is_inode_sus_path] hiding path with ino '0'
1791568491.186 10444 17858 17858 I susfs   : [10444][17858][susfs_is_inode_sus_path] hiding path with ino '0'
1791568491.186 10444 17858 17858 I susfs   : [10444][17858][susfs_is_inode_sus_path] hiding path with ino '0'
1791568491.186 10444 17858 17858 I susfs   : [10444][17858][susfs_is_inode_sus_path] hiding path with ino '0'
1791568491.186 10444 17858 17858 I susfs   : [10444][17858][susfs_is_inode_sus_path] hiding path with ino '0'
1791568491.186 10444 17858 17858 I susfs   : [10444][17858][susfs_is_inode_sus_path] hiding path with ino '0'
1791568491.186 10444 17858 17858 I susfs   : [10444][17858][susfs_is_inode_sus_path] hiding path with ino '0'
1791568491.186 10444 17858 17858 I susfs   : [10444][17858][susfs_is_inode_sus_path] hiding path with ino '0'
1791568491.186 10444 17858 17858 I susfs   : [10444][17858][susfs_is_inode_sus_path] hiding path with ino '0'
1791568491.186 10444 17858 17858 I susfs   : [10444][17858][susfs_is_inode_sus_path] hiding path with ino '0'
1791568491.186 10444 17858 17858 I susfs   : [10444][17858][susfs_is_inode_sus_path] hiding path with ino '0'
1791568491.186 10444 17858 17858 I susfs   : [10444][17858][susfs_is_inode_sus_path] hiding path with ino '0'
1791568491.186 10444 17858 17858 I susfs   : [10444][17858][susfs_is_inode_sus_path] hiding path with ino '0'
1791568491.186 10444 17858 17858 I susfs   : [10444][17858][susfs_is_inode_sus_path] hiding path with ino '0'
1791568491.186 10444 17858 17858 I susfs   : [10444][17858][susfs_is_inode_sus_path] hiding path with ino '0'
1791568491.186 10444 17858 17858 I susfs   : [10444][17858][susfs_is_inode_sus_path] hiding path with ino '0'
1791568491.186 10444 17858 17858 I susfs   : [10444][17858][susfs_is_inode_sus_path] hiding path with ino '0'
1791568491.186 10444 17858 17858 I susfs   : [10444][17858][susfs_is_inode_sus_path] hiding path with ino '0'
1791568491.186 10444 17858 17858 I susfs   : [10444][17858][susfs_is_inode_sus_path] hiding path with ino '0'
1791568491.186 10444 17858 17858 I susfs   : [10444][17858][susfs_is_inode_sus_path] hiding path with ino '0'
1791568491.186 10444 17858 17858 I susfs   : [10444][17858][susfs_is_inode_sus_path] hiding path with ino '0'
1791568491.186 10444 17858 17858 I susfs   : [10444][17858][susfs_is_inode_sus_path] hiding path with ino '0'
1791568491.186 10444 17858 17858 I susfs   : [10444][17858][susfs_is_inode_sus_path] hiding path with ino '0'
1791568491.186 10444 17858 17858 I susfs   : [10444][17858][susfs_is_inode_sus_path] hiding path with ino '0'
1791568491.186 10444 17858 17858 I susfs   : [10444][17858][susfs_is_inode_sus_path] hiding path with ino '0'
1791568491.186 10444 17858 17858 I susfs   : [10444][17858][susfs_is_inode_sus_path] hiding path with ino '0'
1791568491.186 10444 17858 17858 I susfs   : [10444][17858][susfs_is_inode_sus_path] hiding path with ino '0'
1791568491.186 10444 17858 17858 I susfs   : [10444][17858][susfs_is_inode_sus_path] hiding path with ino '0'
1791568491.186 10444 17858 17858 I susfs   : [10444][17858][susfs_is_inode_sus_path] hiding path with ino '0'
1791568491.186 10444 17858 17858 I susfs   : [10444][17858][susfs_is_inode_sus_path] hiding path with ino '0'
1791568491.186 10444 17858 17858 I susfs   : [10444][17858][susfs_is_inode_sus_path] hiding path with ino '0'
1791568491.186 10444 17858 17858 I susfs   : [10444][17858][susfs_is_inode_sus_path] hiding path with ino '0'
1791568491.186 10444 17858 17858 I susfs   : [10444][17858][susfs_is_inode_sus_path] hiding path with ino '0'
1791568491.186 10444 17858 17858 I susfs   : [10444][17858][susfs_is_inode_sus_path] hiding path with ino '0'
1791568491.186 10444 17858 17858 I susfs   : [10444][17858][susfs_is_inode_sus_path] hiding path with ino '0'
1791568491.186 10444 17858 17858 I susfs   : [10444][17858][susfs_is_inode_sus_path] hiding path with ino '0'
1791568491.186 10444 17858 17858 I susfs   : [10444][17858][susfs_is_inode_sus_path] hiding path with ino '0'
1791568491.186 10444 17858 17858 I susfs   : [10444][17858][susfs_is_inode_sus_path] hiding path with ino '0'
1791568491.186 10444 17858 17858 I susfs   : [10444][17858][susfs_is_inode_sus_path] hiding path with ino '0'
1791568491.186 10444 17858 17858 I susfs   : [10444][17858][susfs_is_inode_sus_path] hiding path with ino '0'
1791568491.186 10444 17858 17858 I susfs   : [10444][17858][susfs_is_inode_sus_path] hiding path with ino '0'
1791568491.186 10444 17858 17858 I susfs   : [10444][17858][susfs_is_inode_sus_path] hiding path with ino '0'
1791568491.186 10444 17858 17858 I susfs   : [10444][17858][susfs_is_inode_sus_path] hiding path with ino '0'
1791568491.186 10444 17858 17858 I susfs   : [10444][17858][susfs_is_inode_sus_path] hiding path with ino '0'
1791568491.186 10444 17858 17858 I susfs   : [10444][17858][susfs_is_inode_sus_path] hiding path with ino '0'
1791568491.186 10444 17858 17858 I susfs   : [10444][17858][susfs_is_inode_sus_path] hiding path with ino '0'
1791568491.186 10444 17858 17858 I susfs   : [10444][17858][susfs_is_inode_sus_path] hiding path with ino '0'
1791568491.186 10444 17858 17858 I susfs   : [10444][17858][susfs_is_inode_sus_path] hiding path with ino '0'
1791568491.186 10444 17858 17858 I susfs   : [10444][17858][susfs_is_inode_sus_path] hiding path with ino '0'
1791568491.186 10444 17858 17858 I susfs   : [10444][17858][susfs_is_inode_sus_path] hiding path with ino '0'
1791568491.187 10444 17858 17858 I susfs   : [10444][17858][susfs_is_inode_sus_path] hiding path with ino '0'
1791568491.187 10444 17858 17858 I susfs   : [10444][17858][susfs_is_inode_sus_path] hiding path with ino '0'
1791568491.187 10444 17858 17858 I susfs   : [10444][17858][susfs_is_inode_sus_path] hiding path with ino '0'
1791568491.187 10444 17858 17858 I susfs   : [10444][17858][susfs_is_inode_sus_path] hiding path with ino '0'
1791568491.187 10444 17858 17858 I susfs   : [10444][17858][susfs_is_inode_sus_path] hiding path with ino '0'
1791568491.187 10444 17858 17858 I susfs   : [10444][17858][susfs_is_inode_sus_path] hiding path with ino '0'
1791568491.187 10444 17858 17858 I susfs   : [10444][17858][susfs_is_inode_sus_path] hiding path with ino '0'
1791568491.187 10444 17858 17858 I susfs   : [10444][17858][susfs_is_inode_sus_path] hiding path with ino '0'
1791568491.187 10444 17858 17858 I susfs   : [10444][17858][susfs_is_inode_sus_path] hiding path with ino '0'
1791568491.187 10444 17858 17858 I susfs   : [10444][17858][susfs_is_inode_sus_path] hiding path with ino '0'
1791568491.187 10444 17858 17858 I susfs   : [10444][17858][susfs_is_inode_sus_path] hiding path with ino '0'
1791568491.187 10444 17858 17858 I susfs   : [10444][17858][susfs_is_inode_sus_path] hiding path with ino '0'
1791568491.187 10444 17858 17858 I susfs   : [10444][17858][susfs_is_inode_sus_path] hiding path with ino '0'
1791568491.187 10444 17858 17858 I susfs   : [10444][17858][susfs_is_inode_sus_path] hiding path with ino '0'
1791568491.187 10444 17858 17858 I susfs   : [10444][17858][susfs_is_inode_sus_path] hiding path with ino '0'
1791568491.187 10444 17858 17858 I susfs   : [10444][17858][susfs_is_inode_sus_path] hiding path with ino '0'
1791568491.187 10444 17858 17858 I susfs   : [10444][17858][susfs_is_inode_sus_path] hiding path with ino '0'
1791568491.187 10444 17858 17858 I susfs   : [10444][17858][susfs_is_inode_sus_path] hiding path with ino '0'
1791568491.187 10444 17858 17858 I susfs   : [10444][17858][susfs_is_inode_sus_path] hiding path with ino '0'
1791568491.187 10444 17858 17858 I susfs   : [10444][17858][susfs_is_inode_sus_path] hiding path with ino '0'
1791568491.187 10444 17858 17858 I susfs   : [10444][17858][susfs_is_inode_sus_path] hiding path with ino '0'
1791568491.187 10444 17858 17858 I susfs   : [10444][17858][susfs_is_inode_sus_path] hiding path with ino '0'
1791568491.187 10444 17858 17858 I susfs   : [10444][17858][susfs_is_inode_sus_path] hiding path with ino '0'
1791568491.187 10444 17858 17858 I susfs   : [10444][17858][susfs_is_inode_sus_path] hiding path with ino '0'
1791568491.187 10444 17858 17858 I susfs   : [10444][17858][susfs_is_inode_sus_path] hiding path with ino '0'
1791568491.187 10444 17858 17858 I susfs   : [10444][17858][susfs_is_inode_sus_path] hiding path with ino '0'
1791568491.187 10444 17858 17858 I susfs   : [10444][17858][susfs_is_inode_sus_path] hiding path with ino '0'
1791568491.187 10444 17858 17858 I susfs   : [10444][17858][susfs_is_inode_sus_path] hiding path with ino '0'
1791568491.187 10444 17858 17858 I susfs   : [10444][17858][susfs_is_inode_sus_path] hiding path with ino '0'
1791568491.187 10444 17858 17858 I susfs   : [10444][17858][susfs_is_inode_sus_path] hiding path with ino '0'
1791568491.187 10444 17858 17858 I susfs   : [10444][17858][susfs_is_inode_sus_path] hiding path with ino '0'
1791568491.187 10444 17858 17858 I susfs   : [10444][17858][susfs_is_inode_sus_path] hiding path with ino '0'
1791568491.187 10444 17858 17858 I susfs   : [10444][17858][susfs_is_inode_sus_path] hiding path with ino '0'
1791568491.187 10444 17858 17858 I susfs   : [10444][17858][susfs_is_inode_sus_path] hiding path with ino '0'
1791568491.187 10444 17858 17858 I susfs   : [10444][17858][susfs_is_inode_sus_path] hiding path with ino '0'
1791568491.187 10444 17858 17858 I susfs   : [10444][17858][susfs_is_inode_sus_path] hiding path with ino '0'
1791568491.187 10444 17858 17858 I susfs   : [10444][17858][susfs_is_inode_sus_path] hiding path with ino '0'
1791568491.187 10444 17858 17858 I susfs   : [10444][17858][susfs_is_inode_sus_path] hiding path with ino '0'
1791568491.187 10444 17858 17858 I susfs   : [10444][17858][susfs_is_inode_sus_path] hiding path with ino '0'
1791568491.187 10444 17858 17858 I susfs   : [10444][17858][susfs_is_inode_sus_path] hiding path with ino '0'
1791568491.187 10444 17858 17858 I susfs   : [10444][17858][susfs_is_inode_sus_path] hiding path with ino '0'
1791568491.187 10444 17858 17858 I susfs   : [10444][17858][susfs_is_inode_sus_path] hiding path with ino '0'
1791568491.187 10444 17858 17858 I susfs   : [10444][17858][susfs_is_inode_sus_path] hiding path with ino '0'
1791568491.187 10444 17858 17858 I susfs   : [10444][17858][susfs_is_inode_sus_path] hiding path with ino '0'
1791568491.187 10444 17858 17858 I susfs   : [10444][17858][susfs_is_inode_sus_path] hiding path with ino '0'
1791568491.187 10444 17858 17858 I susfs   : [10444][17858][susfs_is_inode_sus_path] hiding path with ino '0'
1791568491.187 10444 17858 17858 I susfs   : [10444][17858][susfs_is_inode_sus_path] hiding path with ino '0'
1791568491.187 10444 17858 17858 I susfs   : [10444][17858][susfs_is_inode_sus_path] hiding path with ino '0'
1791568491.187 10444 17858 17858 I susfs   : [10444][17858][susfs_is_inode_sus_path] hiding path with ino '0'
1791568491.187 10444 17858 17858 I susfs   : [10444][17858][susfs_is_inode_sus_path] hiding path with ino '0'
1791568491.187 10444 17858 17858 I susfs   : [10444][17858][susfs_is_inode_sus_path] hiding path with ino '0'
1791568491.187 10444 17858 17858 I susfs   : [10444][17858][susfs_is_inode_sus_path] hiding path with ino '0'
1791568491.187 10444 17858 17858 I susfs   : [10444][17858][susfs_is_inode_sus_path] hiding path with ino '0'
1791568491.187 10444 17858 17858 I susfs   : [10444][17858][susfs_is_inode_sus_path] hiding path with ino '0'
1791568491.187 10444 17858 17858 I susfs   : [10444][17858][susfs_is_inode_sus_path] hiding path with ino '0'
1791568491.187 10444 17858 17858 I susfs   : [10444][17858][susfs_is_inode_sus_path] hiding path with ino '0'
1791568491.187 10444 17858 17858 I susfs   : [10444][17858][susfs_is_inode_sus_path] hiding path with ino '0'
1791568491.187 10444 17858 17858 I susfs   : [10444][17858][susfs_is_inode_sus_path] hiding path with ino '0'
1791568491.187 10444 17858 17858 I susfs   : [10444][17858][susfs_is_inode_sus_path] hiding path with ino '0'
1791568491.187 10444 17858 17858 I susfs   : [10444][17858][susfs_is_inode_sus_path] hiding path with ino '0'
1791568491.187 10444 17858 17858 I susfs   : [10444][17858][susfs_is_inode_sus_path] hiding path with ino '0'
1791568491.187 10444 17858 17858 I susfs   : [10444][17858][susfs_is_inode_sus_path] hiding path with ino '0'
1791568491.187 10444 17858 17858 I susfs   : [10444][17858][susfs_is_inode_sus_path] hiding path with ino '0'
1791568491.187 10444 17858 17858 I susfs   : [10444][17858][susfs_is_inode_sus_path] hiding path with ino '0'
1791568491.188 10444 17858 17858 I susfs   : [10444][17858][susfs_is_inode_sus_path] hiding path with ino '0'
1791568491.188 10444 17858 17858 I susfs   : [10444][17858][susfs_is_inode_sus_path] hiding path with ino '0'
1791568491.188 10444 17858 17858 I susfs   : [10444][17858][susfs_is_inode_sus_path] hiding path with ino '0'
1791568491.188 10444 17858 17858 I susfs   : [10444][17858][susfs_is_inode_sus_path] hiding path with ino '0'
1791568491.188 10444 17858 17858 I susfs   : [10444][17858][susfs_is_inode_sus_path] hiding path with ino '0'
1791568491.188 10444 17858 17858 I susfs   : [10444][17858][susfs_is_inode_sus_path] hiding path with ino '0'
1791568491.188 10444 17858 17858 I susfs   : [10444][17858][susfs_is_inode_sus_path] hiding path with ino '0'
1791568491.188 10444 17858 17858 I susfs   : [10444][17858][susfs_is_inode_sus_path] hiding path with ino '0'
1791568491.188 10444 17858 17858 I susfs   : [10444][17858][susfs_is_inode_sus_path] hiding path with ino '0'
1791568491.188 10444 17858 17858 I susfs   : [10444][17858][susfs_is_inode_sus_path] hiding path with ino '0'
1791568491.188 10444 17858 17858 I susfs   : [10444][17858][susfs_is_inode_sus_path] hiding path with ino '0'
1791568491.188 10444 17858 17858 I susfs   : [10444][17858][susfs_is_inode_sus_path] hiding path with ino '0'
1791568491.188 10444 17858 17858 I susfs   : [10444][17858][susfs_is_inode_sus_path] hiding path with ino '0'
1791568491.188 10444 17858 17858 I susfs   : [10444][17858][susfs_is_inode_sus_path] hiding path with ino '0'
1791568491.188 10444 17858 17858 I susfs   : [10444][17858][susfs_is_inode_sus_path] hiding path with ino '0'
1791568491.188 10444 17858 17858 I susfs   : [10444][17858][susfs_is_inode_sus_path] hiding path with ino '0'
1791568491.188 10444 17858 17858 I susfs   : [10444][17858][susfs_is_inode_sus_path] hiding path with ino '0'
1791568491.188 10444 17858 17858 I susfs   : [10444][17858][susfs_is_inode_sus_path] hiding path with ino '0'
1791568491.188 10444 17858 17858 I susfs   : [10444][17858][susfs_is_inode_sus_path] hiding path with ino '0'
1791568491.188 10444 17858 17858 I susfs   : [10444][17858][susfs_is_inode_sus_path] hiding path with ino '0'
1791568491.188 10444 17858 17858 I susfs   : [10444][17858][susfs_is_inode_sus_path] hiding path with ino '0'
1791568491.188 10444 17858 17858 I susfs   : [10444][17858][susfs_is_inode_sus_path] hiding path with ino '0'
1791568491.188 10444 17858 17858 I susfs   : [10444][17858][susfs_is_inode_sus_path] hiding path with ino '0'
1791568491.188 10444 17858 17858 I susfs   : [10444][17858][susfs_is_inode_sus_path] hiding path with ino '0'
1791568491.224 10660  9613  9613 D ToastAccService: Not a toast, ignore
1791568491.234  1000  5328  5477 D FileUtils: Rounded bytes from 11796549632 to 16000000000
1791568491.240  1000  1633  1773 E minksocket: MinkIPC_QRTR_Service: client with node 1 port 4789 went down
1791568491.241  1000  1633  1773 E minksocket: MinkIPC_QRTR_Service: client with node 1 port 478d went down
1791568491.266  1000  1633  1773 E minksocket: MinkIPC_QRTR_Service: client with node 1 port 478e went down
1791568491.269  1000  1633  1773 E minksocket: MinkIPC_QRTR_Service: client with node 1 port 478f went down
1791568491.272  1000  1633  1773 E minksocket: MinkIPC_QRTR_Service: client with node 1 port 4790 went down
1791568491.272  1000  1633  1773 E minksocket: MinkIPC_QRTR_Service: client with node 1 port 4791 went down
1791568491.274 10444 17773 18064 I NotifySyncService_17773_18064: handle message  MSG_NOTIFY_ADD_TIMEOUT  mNotifyDataList size2 ids: 6, 7
1791568491.274  1000  1633  1773 E minksocket: MinkIPC_QRTR_Service: client with node 1 port 4793 went down
1791568491.275 10444 17773 17858 W System.err: java.io.IOException: No such file or directory
1791568491.275 10444 17773 17858 W System.err: 	at java.io.UnixFileSystem.createFileExclusively0(Native Method)
1791568491.275 10444 17773 17858 W System.err: 	at java.io.UnixFileSystem.createFileExclusively(UnixFileSystem.java:373)
1791568491.275 10444 17773 17858 W System.err: 	at java.io.File.createNewFile(File.java:1022)
1791568491.275 10444 17773 17858 W System.err: 	at epa$e.f(SourceFile:42)
1791568491.275 10444 17773 17858 W System.err: 	at epa.f(SourceFile:66)
1791568491.275 10444 17773 17858 W System.err: 	at epa.b(SourceFile:0)
1791568491.275 10444 17773 17858 W System.err: 	at epa$d.run(SourceFile:20)
1791568491.275 10444 17773 17858 W System.err: 	at java.lang.Thread.run(Thread.java:1572)
1791568491.275 10444 17773 18064 I NotifySyncService_17773_18064: isNeedRemoveNotify notificationNotEnabled: id = 6
1791568491.275 10444 17773 18064 I NotifySyncService_17773_18064: isNeedRemoveNotify notificationNotEnabled: id = 7
1791568491.275 10444 17773 18064 I NotifySyncService_17773_18064: postNotifications list size:0
1791568491.276 10444 17773 17858 W System.err: java.io.IOException: No such file or directory
1791568491.276 10444 17773 17858 W System.err: 	at java.io.UnixFileSystem.createFileExclusively0(Native Method)
1791568491.276 10444 17773 17858 W System.err: 	at java.io.UnixFileSystem.createFileExclusively(UnixFileSystem.java:373)
1791568491.276 10444 17773 17858 W System.err: 	at java.io.File.createNewFile(File.java:1022)
1791568491.276 10444 17773 17858 W System.err: 	at epa$e.f(SourceFile:42)
1791568491.276 10444 17773 17858 W System.err: 	at epa.f(SourceFile:66)
1791568491.276 10444 17773 17858 W System.err: 	at epa.b(SourceFile:0)
1791568491.276 10444 17773 17858 W System.err: 	at epa$d.run(SourceFile:20)
1791568491.276 10444 17773 17858 W System.err: 	at java.lang.Thread.run(Thread.java:1572)
1791568491.276 10444 17773 17858 W System.err: java.io.IOException: No such file or directory
1791568491.276 10444 17773 17858 W System.err: 	at java.io.UnixFileSystem.createFileExclusively0(Native Method)
1791568491.276 10444 17773 17858 W System.err: 	at java.io.UnixFileSystem.createFileExclusively(UnixFileSystem.java:373)
1791568491.276 10444 17773 17858 W System.err: 	at java.io.File.createNewFile(File.java:1022)
1791568491.276 10444 17773 17858 W System.err: 	at epa$e.f(SourceFile:42)
1791568491.276 10444 17773 17858 W System.err: 	at epa.f(SourceFile:66)
1791568491.276 10444 17773 17858 W System.err: 	at epa.b(SourceFile:0)
1791568491.276 10444 17773 17858 W System.err: 	at epa$d.run(SourceFile:20)
1791568491.276 10444 17773 17858 W System.err: 	at java.lang.Thread.run(Thread.java:1572)
1791568491.276  1000  1633  1773 E minksocket: MinkIPC_QRTR_Service: client with node 1 port 4794 went down
1791568491.276 10444 17773 17858 W System.err: java.io.IOException: No such file or directory
1791568491.276 10444 17773 17858 W System.err: 	at java.io.UnixFileSystem.createFileExclusively0(Native Method)
1791568491.276 10444 17773 17858 W System.err: 	at java.io.UnixFileSystem.createFileExclusively(UnixFileSystem.java:373)
1791568491.276 10444 17773 17858 W System.err: 	at java.io.File.createNewFile(File.java:1022)
1791568491.276 10444 17773 17858 W System.err: 	at epa$e.f(SourceFile:42)
1791568491.276 10444 17773 17858 W System.err: 	at epa.f(SourceFile:66)
1791568491.276 10444 17773 17858 W System.err: 	at epa.b(SourceFile:0)
1791568491.277 10444 17773 17858 W System.err: 	at epa$d.run(SourceFile:20)
1791568491.277 10444 17773 17858 W System.err: 	at java.lang.Thread.run(Thread.java:1572)
1791568491.278  1000  1633  1773 E minksocket: MinkIPC_QRTR_Service: client with node 1 port 4795 went down
1791568491.274 10444 17858 17858 I susfs   : [10444][17858][susfs_is_inode_sus_path] hiding path with ino '0'
1791568491.274 10444 17858 17858 I susfs   : [10444][17858][susfs_is_inode_sus_path] hiding path with ino '0'
1791568491.274 10444 17858 17858 I susfs   : [10444][17858][susfs_is_inode_sus_path] hiding path with ino '0'
1791568491.274 10444 17858 17858 I susfs   : [10444][17858][susfs_is_inode_sus_path] hiding path with ino '0'
1791568491.274 10444 17858 17858 I susfs   : [10444][17858][susfs_is_inode_sus_path] hiding path with ino '0'
1791568491.274 10444 17858 17858 I susfs   : [10444][17858][susfs_is_inode_sus_path] hiding path with ino '0'
1791568491.274 10444 17858 17858 I susfs   : [10444][17858][susfs_is_inode_sus_path] hiding path with ino '0'
1791568491.274 10444 17858 17858 I susfs   : [10444][17858][susfs_is_inode_sus_path] hiding path with ino '0'
1791568491.274 10444 17858 17858 I susfs   : [10444][17858][susfs_is_inode_sus_path] hiding path with ino '0'
1791568491.275 10444 17858 17858 I susfs   : [10444][17858][susfs_is_inode_sus_path] hiding path with ino '0'
1791568491.275 10444 17858 17858 I susfs   : [10444][17858][susfs_is_inode_sus_path] hiding path with ino '0'
1791568491.275 10444 17858 17858 I susfs   : [10444][17858][susfs_is_inode_sus_path] hiding path with ino '0'
1791568491.275 10444 17858 17858 I susfs   : [10444][17858][susfs_is_inode_sus_path] hiding path with ino '0'
1791568491.275 10444 17858 17858 I susfs   : [10444][17858][susfs_is_inode_sus_path] hiding path with ino '0'
1791568491.275 10444 17858 17858 I susfs   : [10444][17858][susfs_is_inode_sus_path] hiding path with ino '0'
1791568491.275 10444 17858 17858 I susfs   : [10444][17858][susfs_is_inode_sus_path] hiding path with ino '0'
1791568491.275 10444 17858 17858 I susfs   : [10444][17858][susfs_is_inode_sus_path] hiding path with ino '0'
1791568491.275 10444 17858 17858 I susfs   : [10444][17858][susfs_is_inode_sus_path] hiding path with ino '0'
1791568491.275 10444 17858 17858 I susfs   : [10444][17858][susfs_is_inode_sus_path] hiding path with ino '0'
1791568491.275 10444 17858 17858 I susfs   : [10444][17858][susfs_is_inode_sus_path] hiding path with ino '0'
1791568491.275 10444 17858 17858 I susfs   : [10444][17858][susfs_is_inode_sus_path] hiding path with ino '0'
1791568491.275 10444 17858 17858 I susfs   : [10444][17858][susfs_is_inode_sus_path] hiding path with ino '0'
1791568491.275 10444 17858 17858 I susfs   : [10444][17858][susfs_is_inode_sus_path] hiding path with ino '0'
1791568491.275 10444 17858 17858 I susfs   : [10444][17858][susfs_is_inode_sus_path] hiding path with ino '0'
1791568491.275 10444 17858 17858 I susfs   : [10444][17858][susfs_is_inode_sus_path] hiding path with ino '0'
1791568491.275 10444 17858 17858 I susfs   : [10444][17858][susfs_is_inode_sus_path] hiding path with ino '0'
1791568491.275 10444 17858 17858 I susfs   : [10444][17858][susfs_is_inode_sus_path] hiding path with ino '0'
1791568491.275 10444 17858 17858 I susfs   : [10444][17858][susfs_is_inode_sus_path] hiding path with ino '0'
1791568491.275 10444 17858 17858 I susfs   : [10444][17858][susfs_is_inode_sus_path] hiding path with ino '0'
1791568491.275 10444 17858 17858 I susfs   : [10444][17858][susfs_is_inode_sus_path] hiding path with ino '0'
1791568491.275 10444 17858 17858 I susfs   : [10444][17858][susfs_is_inode_sus_path] hiding path with ino '0'
1791568491.275 10444 17858 17858 I susfs   : [10444][17858][susfs_is_inode_sus_path] hiding path with ino '0'
1791568491.275 10444 17858 17858 I susfs   : [10444][17858][susfs_is_inode_sus_path] hiding path with ino '0'
1791568491.275 10444 17858 17858 I susfs   : [10444][17858][susfs_is_inode_sus_path] hiding path with ino '0'
1791568491.275 10444 17858 17858 I susfs   : [10444][17858][susfs_is_inode_sus_path] hiding path with ino '0'
1791568491.275 10444 17858 17858 I susfs   : [10444][17858][susfs_is_inode_sus_path] hiding path with ino '0'
1791568491.275 10444 17858 17858 I susfs   : [10444][17858][susfs_is_inode_sus_path] hiding path with ino '0'
1791568491.275 10444 17858 17858 I susfs   : [10444][17858][susfs_is_inode_sus_path] hiding path with ino '0'
1791568491.275 10444 17858 17858 I susfs   : [10444][17858][susfs_is_inode_sus_path] hiding path with ino '0'
1791568491.275 10444 17858 17858 I susfs   : [10444][17858][susfs_is_inode_sus_path] hiding path with ino '0'
1791568491.275 10444 17858 17858 I susfs   : [10444][17858][susfs_is_inode_sus_path] hiding path with ino '0'
1791568491.275 10444 17858 17858 I susfs   : [10444][17858][susfs_is_inode_sus_path] hiding path with ino '0'
1791568491.275 10444 17858 17858 I susfs   : [10444][17858][susfs_is_inode_sus_path] hiding path with ino '0'
1791568491.275 10444 17858 17858 I susfs   : [10444][17858][susfs_is_inode_sus_path] hiding path with ino '0'
1791568491.275 10444 17858 17858 I susfs   : [10444][17858][susfs_is_inode_sus_path] hiding path with ino '0'
1791568491.275 10444 17858 17858 I susfs   : [10444][17858][susfs_is_inode_sus_path] hiding path with ino '0'
1791568491.275 10444 17858 17858 I susfs   : [10444][17858][susfs_is_inode_sus_path] hiding path with ino '0'
1791568491.275 10444 17858 17858 I susfs   : [10444][17858][susfs_is_inode_sus_path] hiding path with ino '0'
1791568491.275 10444 17858 17858 I susfs   : [10444][17858][susfs_is_inode_sus_path] hiding path with ino '0'
1791568491.275 10444 17858 17858 I susfs   : [10444][17858][susfs_is_inode_sus_path] hiding path with ino '0'
1791568491.276 10444 17858 17858 I susfs   : [10444][17858][susfs_is_inode_sus_path] hiding path with ino '0'
1791568491.276 10444 17858 17858 I susfs   : [10444][17858][susfs_is_inode_sus_path] hiding path with ino '0'
1791568491.276 10444 17858 17858 I susfs   : [10444][17858][susfs_is_inode_sus_path] hiding path with ino '0'
1791568491.276 10444 17858 17858 I susfs   : [10444][17858][susfs_is_inode_sus_path] hiding path with ino '0'
1791568491.276 10444 17858 17858 I susfs   : [10444][17858][susfs_is_inode_sus_path] hiding path with ino '0'
1791568491.276 10444 17858 17858 I susfs   : [10444][17858][susfs_is_inode_sus_path] hiding path with ino '0'
1791568491.276 10444 17858 17858 I susfs   : [10444][17858][susfs_is_inode_sus_path] hiding path with ino '0'
1791568491.276 10444 17858 17858 I susfs   : [10444][17858][susfs_is_inode_sus_path] hiding path with ino '0'
1791568491.276 10444 17858 17858 I susfs   : [10444][17858][susfs_is_inode_sus_path] hiding path with ino '0'
1791568491.276 10444 17858 17858 I susfs   : [10444][17858][susfs_is_inode_sus_path] hiding path with ino '0'
1791568491.276 10444 17858 17858 I susfs   : [10444][17858][susfs_is_inode_sus_path] hiding path with ino '0'
1791568491.276 10444 17858 17858 I susfs   : [10444][17858][susfs_is_inode_sus_path] hiding path with ino '0'
1791568491.276 10444 17858 17858 I susfs   : [10444][17858][susfs_is_inode_sus_path] hiding path with ino '0'
1791568491.276 10444 17858 17858 I susfs   : [10444][17858][susfs_is_inode_sus_path] hiding path with ino '0'
1791568491.276 10444 17858 17858 I susfs   : [10444][17858][susfs_is_inode_sus_path] hiding path with ino '0'
1791568491.276 10444 17858 17858 I susfs   : [10444][17858][susfs_is_inode_sus_path] hiding path with ino '0'
1791568491.276 10444 17858 17858 I susfs   : [10444][17858][susfs_is_inode_sus_path] hiding path with ino '0'
1791568491.276 10444 17858 17858 I susfs   : [10444][17858][susfs_is_inode_sus_path] hiding path with ino '0'
1791568491.276 10444 17858 17858 I susfs   : [10444][17858][susfs_is_inode_sus_path] hiding path with ino '0'
1791568491.276 10444 17858 17858 I susfs   : [10444][17858][susfs_is_inode_sus_path] hiding path with ino '0'
1791568491.276 10444 17858 17858 I susfs   : [10444][17858][susfs_is_inode_sus_path] hiding path with ino '0'
1791568491.276 10444 17858 17858 I susfs   : [10444][17858][susfs_is_inode_sus_path] hiding path with ino '0'
1791568491.276 10444 17858 17858 I susfs   : [10444][17858][susfs_is_inode_sus_path] hiding path with ino '0'
1791568491.276 10444 17858 17858 I susfs   : [10444][17858][susfs_is_inode_sus_path] hiding path with ino '0'
1791568491.276 10444 17858 17858 I susfs   : [10444][17858][susfs_is_inode_sus_path] hiding path with ino '0'
1791568491.276 10444 17858 17858 I susfs   : [10444][17858][susfs_is_inode_sus_path] hiding path with ino '0'
1791568491.276 10444 17858 17858 I susfs   : [10444][17858][susfs_is_inode_sus_path] hiding path with ino '0'
1791568491.276 10444 17858 17858 I susfs   : [10444][17858][susfs_is_inode_sus_path] hiding path with ino '0'
1791568491.276 10444 17858 17858 I susfs   : [10444][17858][susfs_is_inode_sus_path] hiding path with ino '0'
1791568491.276 10444 17858 17858 I susfs   : [10444][17858][susfs_is_inode_sus_path] hiding path with ino '0'
1791568491.276 10444 17858 17858 I susfs   : [10444][17858][susfs_is_inode_sus_path] hiding path with ino '0'
1791568491.276 10444 17858 17858 I susfs   : [10444][17858][susfs_is_inode_sus_path] hiding path with ino '0'
1791568491.276 10444 17858 17858 I susfs   : [10444][17858][susfs_is_inode_sus_path] hiding path with ino '0'
1791568491.276 10444 17858 17858 I susfs   : [10444][17858][susfs_is_inode_sus_path] hiding path with ino '0'
1791568491.276 10444 17858 17858 I susfs   : [10444][17858][susfs_is_inode_sus_path] hiding path with ino '0'
1791568491.276 10444 17858 17858 I susfs   : [10444][17858][susfs_is_inode_sus_path] hiding path with ino '0'
1791568491.276 10444 17858 17858 I susfs   : [10444][17858][susfs_is_inode_sus_path] hiding path with ino '0'
1791568491.276 10444 17858 17858 I susfs   : [10444][17858][susfs_is_inode_sus_path] hiding path with ino '0'
1791568491.276 10444 17858 17858 I susfs   : [10444][17858][susfs_is_inode_sus_path] hiding path with ino '0'
1791568491.276 10444 17858 17858 I susfs   : [10444][17858][susfs_is_inode_sus_path] hiding path with ino '0'
1791568491.276 10444 17858 17858 I susfs   : [10444][17858][susfs_is_inode_sus_path] hiding path with ino '0'
1791568491.276 10444 17858 17858 I susfs   : [10444][17858][susfs_is_inode_sus_path] hiding path with ino '0'
1791568491.276 10444 17858 17858 I susfs   : [10444][17858][susfs_is_inode_sus_path] hiding path with ino '0'
1791568491.276 10444 17858 17858 I susfs   : [10444][17858][susfs_is_inode_sus_path] hiding path with ino '0'
1791568491.276 10444 17858 17858 I susfs   : [10444][17858][susfs_is_inode_sus_path] hiding path with ino '0'
1791568491.276 10444 17858 17858 I susfs   : [10444][17858][susfs_is_inode_sus_path] hiding path with ino '0'
1791568491.276 10444 17858 17858 I susfs   : [10444][17858][susfs_is_inode_sus_path] hiding path with ino '0'
1791568491.276 10444 17858 17858 I susfs   : [10444][17858][susfs_is_inode_sus_path] hiding path with ino '0'
1791568491.276 10444 17858 17858 I susfs   : [10444][17858][susfs_is_inode_sus_path] hiding path with ino '0'
1791568491.276 10444 17858 17858 I susfs   : [10444][17858][susfs_is_inode_sus_path] hiding path with ino '0'
1791568491.276 10444 17858 17858 I susfs   : [10444][17858][susfs_is_inode_sus_path] hiding path with ino '0'
1791568491.276 10444 17858 17858 I susfs   : [10444][17858][susfs_is_inode_sus_path] hiding path with ino '0'
1791568491.276 10444 17858 17858 I susfs   : [10444][17858][susfs_is_inode_sus_path] hiding path with ino '0'
1791568491.276 10444 17858 17858 I susfs   : [10444][17858][susfs_is_inode_sus_path] hiding path with ino '0'
1791568491.278  root    43    43 I IRQ 16  : no longer affine to CPU5
1791568491.282  1000  1633  1773 E minksocket: MinkIPC_QRTR_Service: client with node 1 port 4796 went down
1791568491.296  1000  1633  1773 E minksocket: MinkIPC_QRTR_Service: client with node 1 port 4798 went down
1791568491.303  1000  1633  1773 E minksocket: MinkIPC_QRTR_Service: client with node 1 port 4799 went down
1791568491.303  1000  1633  1773 E minksocket: MinkIPC_QRTR_Service: client with node 1 port 479a went down
1791568491.304  1000  1633  1773 E minksocket: MinkIPC_QRTR_Service: client with node 1 port 479b went down
1791568491.309  1000  5328  5377 W ActivityTaskManager: Activity top resumed state loss timeout for ActivityRecord{197076374 u0 com.oplus.camera/.Camera t23 f} isExiting}
1791568491.340 10345  6691  6691 W LocaleConfig: The resource file pointed to by the given resource ID isn't found.
1791568491.350 10444 17858 17858 I susfs   : [10444][17858][susfs_is_inode_sus_path] hiding path with ino '0'
1791568491.350 10444 17858 17858 I susfs   : [10444][17858][susfs_is_inode_sus_path] hiding path with ino '0'
1791568491.350 10444 17858 17858 I susfs   : [10444][17858][susfs_is_inode_sus_path] hiding path with ino '0'
1791568491.350 10444 17858 17858 I susfs   : [10444][17858][susfs_is_inode_sus_path] hiding path with ino '0'
1791568491.350 10444 17858 17858 I susfs   : [10444][17858][susfs_is_inode_sus_path] hiding path with ino '0'
1791568491.350 10444 17858 17858 I susfs   : [10444][17858][susfs_is_inode_sus_path] hiding path with ino '0'
1791568491.350 10444 17858 17858 I susfs   : [10444][17858][susfs_is_inode_sus_path] hiding path with ino '0'
1791568491.350 10444 17858 17858 I susfs   : [10444][17858][susfs_is_inode_sus_path] hiding path with ino '0'
1791568491.350 10444 17858 17858 I susfs   : [10444][17858][susfs_is_inode_sus_path] hiding path with ino '0'
1791568491.350 10444 17858 17858 I susfs   : [10444][17858][susfs_is_inode_sus_path] hiding path with ino '0'
1791568491.350 10444 17858 17858 I susfs   : [10444][17858][susfs_is_inode_sus_path] hiding path with ino '0'
1791568491.350 10444 17858 17858 I susfs   : [10444][17858][susfs_is_inode_sus_path] hiding path with ino '0'
1791568491.350 10444 17858 17858 I susfs   : [10444][17858][susfs_is_inode_sus_path] hiding path with ino '0'
1791568491.350 10444 17858 17858 I susfs   : [10444][17858][susfs_is_inode_sus_path] hiding path with ino '0'
1791568491.350 10444 17858 17858 I susfs   : [10444][17858][susfs_is_inode_sus_path] hiding path with ino '0'
1791568491.350 10444 17858 17858 I susfs   : [10444][17858][susfs_is_inode_sus_path] hiding path with ino '0'
1791568491.350 10444 17858 17858 I susfs   : [10444][17858][susfs_is_inode_sus_path] hiding path with ino '0'
1791568491.350 10444 17858 17858 I susfs   : [10444][17858][susfs_is_inode_sus_path] hiding path with ino '0'
1791568491.350 10444 17858 17858 I susfs   : [10444][17858][susfs_is_inode_sus_path] hiding path with ino '0'
1791568491.350 10444 17858 17858 I susfs   : [10444][17858][susfs_is_inode_sus_path] hiding path with ino '0'
1791568491.350 10444 17858 17858 I susfs   : [10444][17858][susfs_is_inode_sus_path] hiding path with ino '0'
1791568491.350 10444 17858 17858 I susfs   : [10444][17858][susfs_is_inode_sus_path] hiding path with ino '0'
1791568491.350 10444 17858 17858 I susfs   : [10444][17858][susfs_is_inode_sus_path] hiding path with ino '0'
1791568491.350 10444 17858 17858 I susfs   : [10444][17858][susfs_is_inode_sus_path] hiding path with ino '0'
1791568491.350 10444 17858 17858 I susfs   : [10444][17858][susfs_is_inode_sus_path] hiding path with ino '0'
1791568491.350 10444 17858 17858 I susfs   : [10444][17858][susfs_is_inode_sus_path] hiding path with ino '0'
1791568491.351 10444 17858 17858 I susfs   : [10444][17858][susfs_is_inode_sus_path] hiding path with ino '0'
1791568491.351 10444 17858 17858 I susfs   : [10444][17858][susfs_is_inode_sus_path] hiding path with ino '0'
1791568491.351 10444 17858 17858 I susfs   : [10444][17858][susfs_is_inode_sus_path] hiding path with ino '0'
1791568491.351 10444 17858 17858 I susfs   : [10444][17858][susfs_is_inode_sus_path] hiding path with ino '0'
1791568491.351 10444 17858 17858 I susfs   : [10444][17858][susfs_is_inode_sus_path] hiding path with ino '0'
1791568491.351 10444 17858 17858 I susfs   : [10444][17858][susfs_is_inode_sus_path] hiding path with ino '0'
1791568491.351 10444 17858 17858 I susfs   : [10444][17858][susfs_is_inode_sus_path] hiding path with ino '0'
1791568491.351 10444 17858 17858 I susfs   : [10444][17858][susfs_is_inode_sus_path] hiding path with ino '0'
1791568491.351 10444 17858 17858 I susfs   : [10444][17858][susfs_is_inode_sus_path] hiding path with ino '0'
1791568491.351 10444 17858 17858 I susfs   : [10444][17858][susfs_is_inode_sus_path] hiding path with ino '0'
1791568491.351 10444 17858 17858 I susfs   : [10444][17858][susfs_is_inode_sus_path] hiding path with ino '0'
1791568491.351 10444 17858 17858 I susfs   : [10444][17858][susfs_is_inode_sus_path] hiding path with ino '0'
1791568491.351 10444 17858 17858 I susfs   : [10444][17858][susfs_is_inode_sus_path] hiding path with ino '0'
1791568491.351 10444 17858 17858 I susfs   : [10444][17858][susfs_is_inode_sus_path] hiding path with ino '0'
1791568491.351 10444 17858 17858 I susfs   : [10444][17858][susfs_is_inode_sus_path] hiding path with ino '0'
1791568491.351 10444 17858 17858 I susfs   : [10444][17858][susfs_is_inode_sus_path] hiding path with ino '0'
1791568491.351 10444 17858 17858 I susfs   : [10444][17858][susfs_is_inode_sus_path] hiding path with ino '0'
1791568491.351 10444 17858 17858 I susfs   : [10444][17858][susfs_is_inode_sus_path] hiding path with ino '0'
1791568491.351 10444 17858 17858 I susfs   : [10444][17858][susfs_is_inode_sus_path] hiding path with ino '0'
1791568491.351 10444 17858 17858 I susfs   : [10444][17858][susfs_is_inode_sus_path] hiding path with ino '0'
1791568491.351 10444 17858 17858 I susfs   : [10444][17858][susfs_is_inode_sus_path] hiding path with ino '0'
1791568491.351 10444 17858 17858 I susfs   : [10444][17858][susfs_is_inode_sus_path] hiding path with ino '0'
1791568491.351 10444 17858 17858 I susfs   : [10444][17858][susfs_is_inode_sus_path] hiding path with ino '0'
1791568491.351 10444 17858 17858 I susfs   : [10444][17858][susfs_is_inode_sus_path] hiding path with ino '0'
1791568491.351 10444 17858 17858 I susfs   : [10444][17858][susfs_is_inode_sus_path] hiding path with ino '0'
1791568491.351 10444 17858 17858 I susfs   : [10444][17858][susfs_is_inode_sus_path] hiding path with ino '0'
1791568491.351 10444 17858 17858 I susfs   : [10444][17858][susfs_is_inode_sus_path] hiding path with ino '0'
1791568491.351 10444 17858 17858 I susfs   : [10444][17858][susfs_is_inode_sus_path] hiding path with ino '0'
1791568491.351 10444 17858 17858 I susfs   : [10444][17858][susfs_is_inode_sus_path] hiding path with ino '0'
1791568491.351 10444 17858 17858 I susfs   : [10444][17858][susfs_is_inode_sus_path] hiding path with ino '0'
1791568491.351 10444 17858 17858 I susfs   : [10444][17858][susfs_is_inode_sus_path] hiding path with ino '0'
1791568491.352 10444 17858 17858 I susfs   : [10444][17858][susfs_is_inode_sus_path] hiding path with ino '0'
1791568491.352 10444 17858 17858 I susfs   : [10444][17858][susfs_is_inode_sus_path] hiding path with ino '0'
1791568491.352 10444 17858 17858 I susfs   : [10444][17858][susfs_is_inode_sus_path] hiding path with ino '0'
1791568491.352 10444 17858 17858 I susfs   : [10444][17858][susfs_is_inode_sus_path] hiding path with ino '0'
1791568491.352 10444 17858 17858 I susfs   : [10444][17858][susfs_is_inode_sus_path] hiding path with ino '0'
1791568491.352 10444 17858 17858 I susfs   : [10444][17858][susfs_is_inode_sus_path] hiding path with ino '0'
1791568491.352 10444 17858 17858 I susfs   : [10444][17858][susfs_is_inode_sus_path] hiding path with ino '0'
1791568491.352 10444 17858 17858 I susfs   : [10444][17858][susfs_is_inode_sus_path] hiding path with ino '0'
1791568491.352 10444 17858 17858 I susfs   : [10444][17858][susfs_is_inode_sus_path] hiding path with ino '0'
1791568491.352 10444 17858 17858 I susfs   : [10444][17858][susfs_is_inode_sus_path] hiding path with ino '0'
1791568491.352 10444 17858 17858 I susfs   : [10444][17858][susfs_is_inode_sus_path] hiding path with ino '0'
1791568491.352 10444 17858 17858 I susfs   : [10444][17858][susfs_is_inode_sus_path] hiding path with ino '0'
1791568491.352 10444 17858 17858 I susfs   : [10444][17858][susfs_is_inode_sus_path] hiding path with ino '0'
1791568491.352 10444 17858 17858 I susfs   : [10444][17858][susfs_is_inode_sus_path] hiding path with ino '0'
1791568491.352 10444 17858 17858 I susfs   : [10444][17858][susfs_is_inode_sus_path] hiding path with ino '0'
1791568491.352 10444 17858 17858 I susfs   : [10444][17858][susfs_is_inode_sus_path] hiding path with ino '0'
1791568491.352 10444 17858 17858 I susfs   : [10444][17858][susfs_is_inode_sus_path] hiding path with ino '0'
1791568491.352 10444 17858 17858 I susfs   : [10444][17858][susfs_is_inode_sus_path] hiding path with ino '0'
1791568491.352 10444 17858 17858 I susfs   : [10444][17858][susfs_is_inode_sus_path] hiding path with ino '0'
1791568491.352 10444 17858 17858 I susfs   : [10444][17858][susfs_is_inode_sus_path] hiding path with ino '0'
1791568491.352 10444 17858 17858 I susfs   : [10444][17858][susfs_is_inode_sus_path] hiding path with ino '0'
1791568491.352 10444 17858 17858 I susfs   : [10444][17858][susfs_is_inode_sus_path] hiding path with ino '0'
1791568491.352 10444 17858 17858 I susfs   : [10444][17858][susfs_is_inode_sus_path] hiding path with ino '0'
1791568491.352 10444 17858 17858 I susfs   : [10444][17858][susfs_is_inode_sus_path] hiding path with ino '0'
1791568491.352 10444 17858 17858 I susfs   : [10444][17858][susfs_is_inode_sus_path] hiding path with ino '0'
1791568491.352 10444 17858 17858 I susfs   : [10444][17858][susfs_is_inode_sus_path] hiding path with ino '0'
1791568491.352 10444 17858 17858 I susfs   : [10444][17858][susfs_is_inode_sus_path] hiding path with ino '0'
1791568491.352 10444 17858 17858 I susfs   : [10444][17858][susfs_is_inode_sus_path] hiding path with ino '0'
1791568491.352 10444 17858 17858 I susfs   : [10444][17858][susfs_is_inode_sus_path] hiding path with ino '0'
1791568491.352 10444 17858 17858 I susfs   : [10444][17858][susfs_is_inode_sus_path] hiding path with ino '0'
1791568491.352 10444 17858 17858 I susfs   : [10444][17858][susfs_is_inode_sus_path] hiding path with ino '0'
1791568491.352 10444 17858 17858 I susfs   : [10444][17858][susfs_is_inode_sus_path] hiding path with ino '0'
1791568491.352 10444 17858 17858 I susfs   : [10444][17858][susfs_is_inode_sus_path] hiding path with ino '0'
1791568491.352 10444 17858 17858 I susfs   : [10444][17858][susfs_is_inode_sus_path] hiding path with ino '0'
1791568491.352 10444 17858 17858 I susfs   : [10444][17858][susfs_is_inode_sus_path] hiding path with ino '0'
1791568491.352 10444 17858 17858 I susfs   : [10444][17858][susfs_is_inode_sus_path] hiding path with ino '0'
1791568491.352 10444 17858 17858 I susfs   : [10444][17858][susfs_is_inode_sus_path] hiding path with ino '0'
1791568491.352 10444 17858 17858 I susfs   : [10444][17858][susfs_is_inode_sus_path] hiding path with ino '0'
1791568491.352 10444 17858 17858 I susfs   : [10444][17858][susfs_is_inode_sus_path] hiding path with ino '0'
1791568491.352 10444 17858 17858 I susfs   : [10444][17858][susfs_is_inode_sus_path] hiding path with ino '0'
1791568491.352 10444 17858 17858 I susfs   : [10444][17858][susfs_is_inode_sus_path] hiding path with ino '0'
1791568491.352 10444 17858 17858 I susfs   : [10444][17858][susfs_is_inode_sus_path] hiding path with ino '0'
1791568491.352 10444 17858 17858 I susfs   : [10444][17858][susfs_is_inode_sus_path] hiding path with ino '0'
1791568491.352 10444 17858 17858 I susfs   : [10444][17858][susfs_is_inode_sus_path] hiding path with ino '0'
1791568491.352 10444 17858 17858 I susfs   : [10444][17858][susfs_is_inode_sus_path] hiding path with ino '0'
1791568491.352 10444 17858 17858 I susfs   : [10444][17858][susfs_is_inode_sus_path] hiding path with ino '0'
1791568491.352 10444 17858 17858 I susfs   : [10444][17858][susfs_is_inode_sus_path] hiding path with ino '0'
1791568491.352 10444 17858 17858 I susfs   : [10444][17858][susfs_is_inode_sus_path] hiding path with ino '0'
1791568491.352 10444 17858 17858 I susfs   : [10444][17858][susfs_is_inode_sus_path] hiding path with ino '0'
1791568491.352 10444 17858 17858 I susfs   : [10444][17858][susfs_is_inode_sus_path] hiding path with ino '0'
1791568491.352 10444 17858 17858 I susfs   : [10444][17858][susfs_is_inode_sus_path] hiding path with ino '0'
1791568491.352 10444 17858 17858 I susfs   : [10444][17858][susfs_is_inode_sus_path] hiding path with ino '0'
1791568491.352 10444 17858 17858 I susfs   : [10444][17858][susfs_is_inode_sus_path] hiding path with ino '0'
1791568491.352 10444 17858 17858 I susfs   : [10444][17858][susfs_is_inode_sus_path] hiding path with ino '0'
1791568491.352 10444 17858 17858 I susfs   : [10444][17858][susfs_is_inode_sus_path] hiding path with ino '0'
1791568491.352 10444 17858 17858 I susfs   : [10444][17858][susfs_is_inode_sus_path] hiding path with ino '0'
1791568491.353 10444 17858 17858 I susfs   : [10444][17858][susfs_is_inode_sus_path] hiding path with ino '0'
1791568491.353 10444 17858 17858 I susfs   : [10444][17858][susfs_is_inode_sus_path] hiding path with ino '0'
1791568491.353 10444 17858 17858 I susfs   : [10444][17858][susfs_is_inode_sus_path] hiding path with ino '0'
1791568491.353 10444 17858 17858 I susfs   : [10444][17858][susfs_is_inode_sus_path] hiding path with ino '0'
1791568491.353 10444 17858 17858 I susfs   : [10444][17858][susfs_is_inode_sus_path] hiding path with ino '0'
1791568491.353 10444 17858 17858 I susfs   : [10444][17858][susfs_is_inode_sus_path] hiding path with ino '0'
1791568491.353 10444 17858 17858 I susfs   : [10444][17858][susfs_is_inode_sus_path] hiding path with ino '0'
1791568491.353 10444 17858 17858 I susfs   : [10444][17858][susfs_is_inode_sus_path] hiding path with ino '0'
1791568491.348 10444 17773 18064 I NotifySyncService_17773_18064: MSG_NOTIFY_POSTED
1791568491.349 10444 17773 18064 I NotifySyncService_17773_18064: onNotificationPosted Id:0 key:0|com.f0x1d.logfox|0|0|com.f0x1d.logfox|g:Aggregate_AlertingSection|10761|0|com.f0x1d.logfox|g:Aggregate_AlertingSection PackageName:com.f0x1d.logfox IsOngoing:true PostTime:1791568491098 currentDeviceModel.connected: true
1791568491.349 10444 17773 18064 I NotifySyncService_17773_18064: onNotificationPosted Id:0 , appName : LogFox
1791568491.349 10444 17773 18064 I NotifySyncService_17773_18064: isFlagNoClearNotification flag = 1794
1791568491.349 10444 17773 18064 I NotifySyncService_17773_18064:  isOngoing = true isIncomingCall = false
1791568491.350 10444 17773 17858 W System.err: java.io.IOException: No such file or directory
1791568491.350 10444 17773 17858 W System.err: 	at java.io.UnixFileSystem.createFileExclusively0(Native Method)
1791568491.350 10444 17773 17858 W System.err: 	at java.io.UnixFileSystem.createFileExclusively(UnixFileSystem.java:373)
1791568491.350 10444 17773 17858 W System.err: 	at java.io.File.createNewFile(File.java:1022)
1791568491.350 10444 17773 17858 W System.err: 	at epa$e.f(SourceFile:42)
1791568491.350 10444 17773 17858 W System.err: 	at epa.f(SourceFile:66)
1791568491.351 10444 17773 17858 W System.err: 	at epa.b(SourceFile:0)
1791568491.351 10444 17773 17858 W System.err: 	at epa$d.run(SourceFile:20)
1791568491.351 10444 17773 17858 W System.err: 	at java.lang.Thread.run(Thread.java:1572)
1791568491.351 10444 17773 17858 W System.err: java.io.IOException: No such file or directory
1791568491.351 10444 17773 17858 W System.err: 	at java.io.UnixFileSystem.createFileExclusively0(Native Method)
1791568491.351 10444 17773 17858 W System.err: 	at java.io.UnixFileSystem.createFileExclusively(UnixFileSystem.java:373)
1791568491.351 10444 17773 17858 W System.err: 	at java.io.File.createNewFile(File.java:1022)
1791568491.351 10444 17773 17858 W System.err: 	at epa$e.f(SourceFile:42)
1791568491.351 10444 17773 17858 W System.err: 	at epa.f(SourceFile:66)
1791568491.351 10444 17773 17858 W System.err: 	at epa.b(SourceFile:0)
1791568491.351 10444 17773 17858 W System.err: 	at epa$d.run(SourceFile:20)
1791568491.351 10444 17773 17858 W System.err: 	at java.lang.Thread.run(Thread.java:1572)
1791568491.352 10444 17773 17858 W System.err: java.io.IOException: No such file or directory
1791568491.352 10444 17773 17858 W System.err: 	at java.io.UnixFileSystem.createFileExclusively0(Native Method)
1791568491.352 10444 17773 17858 W System.err: 	at java.io.UnixFileSystem.createFileExclusively(UnixFileSystem.java:373)
1791568491.352 10444 17773 17858 W System.err: 	at java.io.File.createNewFile(File.java:1022)
1791568491.352 10444 17773 17858 W System.err: 	at epa$e.f(SourceFile:42)
1791568491.352 10444 17773 17858 W System.err: 	at epa.f(SourceFile:66)
1791568491.352 10444 17773 17858 W System.err: 	at epa.b(SourceFile:0)
1791568491.352 10444 17773 17858 W System.err: 	at epa$d.run(SourceFile:20)
1791568491.352 10444 17773 17858 W System.err: 	at java.lang.Thread.run(Thread.java:1572)
1791568491.352 10444 17773 17932 I NotifyLogUtils_17773_17932: isIgnoringBatteryOptimizations true
1791568491.352 10444 17773 17858 W System.err: java.io.IOException: No such file or directory
1791568491.352 10444 17773 17858 W System.err: 	at java.io.UnixFileSystem.createFileExclusively0(Native Method)
1791568491.352 10444 17773 17858 W System.err: 	at java.io.UnixFileSystem.createFileExclusively(UnixFileSystem.java:373)
1791568491.352 10444 17773 17858 W System.err: 	at java.io.File.createNewFile(File.java:1022)
1791568491.352 10444 17773 17858 W System.err: 	at epa$e.f(SourceFile:42)
1791568491.352 10444 17773 17858 W System.err: 	at epa.f(SourceFile:66)
1791568491.352 10444 17773 17858 W System.err: 	at epa.b(SourceFile:0)
1791568491.352 10444 17773 17858 W System.err: 	at epa$d.run(SourceFile:20)
1791568491.352 10444 17773 17858 W System.err: 	at java.lang.Thread.run(Thread.java:1572)
1791568491.353 10444 17773 17858 W System.err: java.io.IOException: No such file or directory
1791568491.353 10444 17773 17858 W System.err: 	at java.io.UnixFileSystem.createFileExclusively0(Native Method)
1791568491.353 10444 17773 17858 W System.err: 	at java.io.UnixFileSystem.createFileExclusively(UnixFileSystem.java:373)
1791568491.353 10444 17773 17858 W System.err: 	at java.io.File.createNewFile(File.java:1022)
1791568491.353 10444 17773 17858 W System.err: 	at epa$e.f(SourceFile:42)
1791568491.353 10444 17773 17858 W System.err: 	at epa.f(SourceFile:66)
1791568491.353 10444 17773 17858 W System.err: 	at epa.b(SourceFile:0)
1791568491.353 10444 17773 17858 W System.err: 	at epa$d.run(SourceFile:20)
1791568491.353 10444 17773 17858 W System.err: 	at java.lang.Thread.run(Thread.java:1572)
1791568491.353 10444 17773 17858 W System.err: java.io.IOException: No such file or directory
1791568491.353 10444 17773 17858 W System.err: 	at java.io.UnixFileSystem.createFileExclusively0(Native Method)
1791568491.353 10444 17773 17858 W System.err: 	at java.io.UnixFileSystem.createFileExclusively(UnixFileSystem.java:373)
1791568491.353 10444 17773 17858 W System.err: 	at java.io.File.createNewFile(File.java:1022)
1791568491.353 10444 17773 17858 W System.err: 	at epa$e.f(SourceFile:42)
1791568491.353 10444 17773 17858 W System.err: 	at epa.f(SourceFile:66)
1791568491.353 10444 17773 17858 W System.err: 	at epa.b(SourceFile:0)
1791568491.353 10444 17773 17858 W System.err: 	at epa$d.run(SourceFile:20)
1791568491.353 10444 17773 17858 W System.err: 	at java.lang.Thread.run(Thread.java:1572)
1791568491.353 10444 17858 17858 I susfs   : [10444][17858][susfs_is_inode_sus_path] hiding path with ino '0'
1791568491.353 10444 17858 17858 I susfs   : [10444][17858][susfs_is_inode_sus_path] hiding path with ino '0'
1791568491.353 10444 17858 17858 I susfs   : [10444][17858][susfs_is_inode_sus_path] hiding path with ino '0'
1791568491.353 10444 17858 17858 I susfs   : [10444][17858][susfs_is_inode_sus_path] hiding path with ino '0'
1791568491.357 radio  5883  6185 D SatelliteController: isInCarrierRoamingNbIotNtn: satellite is disabled
1791568491.357 radio  5883  6185 D SatelliteController: getCarrierRoamingNtnConnectType: Checking connect type from PLMN config for subId: 1
1791568491.357 radio  5883  6185 D TelephonyConfigUpdateInstallReceiver: getConfigParser: domain=satellite
1791568491.357 radio  5883  6185 V SatelliteController: satelliteConfigParser is not ready
1791568491.357 radio  5883  6185 D SatelliteController: isSatelliteAttachSupportedViaConfigupdater: return null (satelliteConfig is null)
1791568491.353 10444 17858 17858 I susfs   : [10444][17858][susfs_is_inode_sus_path] hiding path with ino '0'
1791568491.358 radio  5883  6185 D SatelliteController: getSatellitePerPlmnConfiguration: invalid subId or not supported via carrier.
1791568491.353 10444 17858 17858 I susfs   : [10444][17858][susfs_is_inode_sus_path] hiding path with ino '0'
1791568491.353 10444 17858 17858 I susfs   : [10444][17858][susfs_is_inode_sus_path] hiding path with ino '0'
1791568491.353 10444 17858 17858 I susfs   : [10444][17858][susfs_is_inode_sus_path] hiding path with ino '0'
1791568491.353 10444 17858 17858 I susfs   : [10444][17858][susfs_is_inode_sus_path] hiding path with ino '0'
1791568491.353 10444 17858 17858 I susfs   : [10444][17858][susfs_is_inode_sus_path] hiding path with ino '0'
1791568491.353 10444 17858 17858 I susfs   : [10444][17858][susfs_is_inode_sus_path] hiding path with ino '0'
1791568491.353 10444 17858 17858 I susfs   : [10444][17858][susfs_is_inode_sus_path] hiding path with ino '0'
1791568491.353 10444 17858 17858 I susfs   : [10444][17858][susfs_is_inode_sus_path] hiding path with ino '0'
1791568491.353 10444 17858 17858 I susfs   : [10444][17858][susfs_is_inode_sus_path] hiding path with ino '0'
1791568491.353 10444 17858 17858 I susfs   : [10444][17858][susfs_is_inode_sus_path] hiding path with ino '0'
1791568491.353 10444 17858 17858 I susfs   : [10444][17858][susfs_is_inode_sus_path] hiding path with ino '0'
1791568491.353 10444 17858 17858 I susfs   : [10444][17858][susfs_is_inode_sus_path] hiding path with ino '0'
1791568491.353 10444 17858 17858 I susfs   : [10444][17858][susfs_is_inode_sus_path] hiding path with ino '0'
1791568491.353 10444 17858 17858 I susfs   : [10444][17858][susfs_is_inode_sus_path] hiding path with ino '0'
1791568491.353 10444 17858 17858 I susfs   : [10444][17858][susfs_is_inode_sus_path] hiding path with ino '0'
1791568491.353 10444 17858 17858 I susfs   : [10444][17858][susfs_is_inode_sus_path] hiding path with ino '0'
1791568491.353 10444 17858 17858 I susfs   : [10444][17858][susfs_is_inode_sus_path] hiding path with ino '0'
1791568491.353 10444 17858 17858 I susfs   : [10444][17858][susfs_is_inode_sus_path] hiding path with ino '0'
1791568491.353 10444 17858 17858 I susfs   : [10444][17858][susfs_is_inode_sus_path] hiding path with ino '0'
1791568491.353 10444 17858 17858 I susfs   : [10444][17858][susfs_is_inode_sus_path] hiding path with ino '0'
1791568491.353 10444 17858 17858 I susfs   : [10444][17858][susfs_is_inode_sus_path] hiding path with ino '0'
1791568491.353 10444 17858 17858 I susfs   : [10444][17858][susfs_is_inode_sus_path] hiding path with ino '0'
1791568491.353 10444 17858 17858 I susfs   : [10444][17858][susfs_is_inode_sus_path] hiding path with ino '0'
1791568491.353 10444 17858 17858 I susfs   : [10444][17858][susfs_is_inode_sus_path] hiding path with ino '0'
1791568491.353 10444 17858 17858 I susfs   : [10444][17858][susfs_is_inode_sus_path] hiding path with ino '0'
1791568491.353 10444 17858 17858 I susfs   : [10444][17858][susfs_is_inode_sus_path] hiding path with ino '0'
1791568491.353 10444 17858 17858 I susfs   : [10444][17858][susfs_is_inode_sus_path] hiding path with ino '0'
1791568491.353 10444 17858 17858 I susfs   : [10444][17858][susfs_is_inode_sus_path] hiding path with ino '0'
1791568491.353 10444 17858 17858 I susfs   : [10444][17858][susfs_is_inode_sus_path] hiding path with ino '0'
1791568491.353 10444 17858 17858 I susfs   : [10444][17858][susfs_is_inode_sus_path] hiding path with ino '0'
1791568491.358 radio  5883  6185 D SatelliteController: getCarrierRoamingNtnConnectType: config: null
1791568491.358 radio  5883  6185 D TelephonyConfigUpdateInstallReceiver: getConfigParser: domain=satellite
1791568491.358 radio  5883  6185 V SatelliteController: satelliteConfigParser is not ready
1791568491.358 radio  5883  6185 D SatelliteController: getCarrierRoamingNtnConnectTypeViaConfigUpdater: return null (satelliteConfig is null)
1791568491.358 radio  5883  6185 D SatelliteController: getCarrierRoamingNtnConnectType: Falling back to global carrier config connect type: 0
1791568491.358 radio  5883  6185 D TelephonyConfigUpdateInstallReceiver: getConfigParser: domain=satellite
1791568491.358 radio  5883  6185 V SatelliteController: satelliteConfigParser is not ready
1791568491.358 radio  5883  6185 D SatelliteController: isSatelliteAttachSupportedViaConfigupdater: return null (satelliteConfig is null)
1791568491.358 radio  5883  6185 D SatelliteController: getCarrierRoamingNtnConnectType: Checking connect type from PLMN config for subId: 1
1791568491.358 radio  5883  6185 D TelephonyConfigUpdateInstallReceiver: getConfigParser: domain=satellite
1791568491.358 radio  5883  6185 V SatelliteController: satelliteConfigParser is not ready
1791568491.358 radio  5883  6185 D SatelliteController: isSatelliteAttachSupportedViaConfigupdater: return null (satelliteConfig is null)
1791568491.358 radio  5883  6185 D SatelliteController: getSatellitePerPlmnConfiguration: invalid subId or not supported via carrier.
1791568491.358 radio  5883  6185 D SatelliteController: getCarrierRoamingNtnConnectType: config: null
1791568491.358 radio  5883  6185 D TelephonyConfigUpdateInstallReceiver: getConfigParser: domain=satellite
1791568491.358 radio  5883  6185 V SatelliteController: satelliteConfigParser is not ready
1791568491.358 radio  5883  6185 D SatelliteController: getCarrierRoamingNtnConnectTypeViaConfigUpdater: return null (satelliteConfig is null)
1791568491.358 radio  5883  6185 D SatelliteController: getCarrierRoamingNtnConnectType: Falling back to global carrier config connect type: 0
1791568491.358 radio  5883  6185 D TelephonyConfigUpdateInstallReceiver: getConfigParser: domain=satellite
1791568491.358 radio  5883  6185 V SatelliteController: satelliteConfigParser is not ready
1791568491.358 radio  5883  6185 D SatelliteController: isSatelliteAttachSupportedViaConfigupdater: return null (satelliteConfig is null)
1791568491.368 10280  6572 25675 I DropBoxUtil: (REDACTED) Reading dropbox entry with tag %s and timestamp %d
1791568491.373 10280  6572 25675 I DropBoxUtil: (REDACTED) Reading dropbox entry with tag %s and timestamp %d
1791568491.396 10312  6415  6415 D ScalingWorkspaceRevealAnim: onAnimationEnd, workspace and hotseat are visible
1791568491.396 10312  6415  6415 V BaseDepthController: Applying blur: 0 to Surface(name=VRI-com.android.launcher3/com.android.launcher3.uioverrides.QuickstepLauncher#835)/@0xe3dda70 applyImmediately: false
1791568491.396 10312  6415  6415 D BaseDepthController: shouldBlurWorkspace: false targetState: Normal currentStableState: Normal mCurrentBlur: 0 mLauncher.getDepthBlurTargets(): [com.android.launcher3.Workspace{772015b V.ED..... ........ 0,0-1440,3216 #7f0a054d app:id/workspace aid=1073741834}, com.android.launcher3.Hotseat{6171410 V.ED..... ........ 0,2667-1440,3216 #7f0a0241 app:id/hotseat aid=1073741897}]
1791568491.397 10303  5894  6508 V WindowManagerShell: Received remote transition finished callback for (#56)
1791568491.398 10303  5894  6285 V WindowManagerShell: Transition animation finished (aborted=false), notifying core (#56) android.os.BinderProxy@a77ea32@0
1791568491.405  1000  5328  5374 V WindowManager: Finish Transition (#56): created at 10-09 20:54:50.800 collect-started=0.028ms request-sent=0.342ms started=16.16ms ready=33.331ms sent=37.393ms commit=39.919ms finished=603.165ms
1791568491.407 10303  5894  6285 V WindowManagerShell: Track 0 became idle
1791568491.407 10303  5894  6285 V WindowManagerShell: All active transition animations finished
1791568491.407 10303  5894  6508 D KeyguardService: setOccluded(false)
1791568491.407 10303  5894  6508 D KeyguardViewMediator: setOccluded(false)
1791568491.407 10303  5894  6508 D KeyguardService: setOccluded(false)
1791568491.407 10303  5894  6508 D KeyguardViewMediator: setOccluded(false)
1791568491.408 10303  5894  5894 D KeyguardViewMediator: handleSetOccluded(false)
1791568491.408 10303  5894  5894 D KeyguardViewMediator: KeyguardViewMediator queue processing message: SET_OCCLUDED
1791568491.408 10312  6415  6415 D RecentsView: onTaskRemoved: 23, not handling task stack changes
1791568491.408 10312  6415  6415 D RecentsView: onTaskRemoved: 23, not handling task stack changes
1791568491.410  1000  5328  5651 I Surface : Creating surface for consumer unnamed-5328-19 with slotExpansion=1 for 64 slots
1791568491.410  1000  5328  5651 I Surface : Creating surface for consumer ImageReader-1440x3216f1m1-5328-18 with slotExpansion=1 for 64 slots
1791568491.410  1000  5328  5651 W ImageReader_JNI: Unable to acquire a buffer item, very likely client tried to acquire more than maxImages buffers
1791568491.414 10303  5894  6285 V ShellTaskOrganizer: Task vanished taskId=23
1791568491.414 10303  5894  6285 V ShellTaskOrganizer: Fullscreen Task Vanished: #23
1791568491.414 10303  5894  6285 V ShellDesktopMode: Task Vanished: #23 closed=true
1791568491.414 10303  5894  6285 D ShellPackageUpdate: PackageUpdateController: Removing handlePackageUpdate for task: 23
1791568491.415  1000  5328  5477 E WindowOrganizerController: Attempting to externally change a non-organized container: Task{5dae517 #23 type=standard A=10371:com.oplus.camera}={handlePackageUpdate:false,} playercount=2 taskorg=android.window.ITaskOrganizer$Stub$Proxy@14ab614
1791568491.416 10303  5894  6285 V RecentTasksController: Notify recent tasks changed
1791568491.416 10303  5894  6285 D ShellDesktopMode: AppToWebRepository: Task 23 is vanishing. Removing task data from repository
1791568491.416 10312  6415  6415 D RecentTasksList: invalidateLoadedTasks - previous requestLoadId: -1
1791568491.416 10303  5894  6285 V AppCompat: SingleSurfaceLetterboxController: []
1791568491.416 10303  5894  6285 V AppCompat: MultiSurfaceLetterboxController: []
1791568491.416 10303  5894  6285 V AppCompat: LetterboxInputController: []
1791568491.417 10303  5894  6285 V AppCompat: RoundedCornersLetterboxController: {}
1791568491.421 10660  9613  9613 D ToastAccService: Not a toast, ignore
1791568491.433  1000  5328  5651 E ConsumerBase: [ImageReader-1440x3216f1m1-5328-18] abandonLocked: ConsumerBase is abandoned!
1791568491.512  1000  1633  1773 E minksocket: MinkIPC_QRTR_Service: client with node 1 port 479c went down
1791568491.514  1000  1633  1773 E minksocket: MinkIPC_QRTR_Service: client with node 1 port 4797 went down
1791568491.516  1000  5328  5572 D InetDiagMessage: Destroyed 1 sockets, proto=IPPROTO_TCP, family=AF_INET, states=14
1791568491.518  1000  1683  1683 E Diag_Lib: diag: Diag_LSM_DeInit: invoked for pid: 1683
1791568491.518  1000  1683  1683 E Diag_Lib: diag: Diag_LSM_DeInit: invoked for pid: 1683
1791568491.518  1000  5328  5572 D InetDiagMessage: Destroyed 1 sockets, proto=IPPROTO_TCP, family=AF_INET6, states=14
1791568491.518  1000  1633  1773 E minksocket: MinkIPC_QRTR_Service: client with node 1 port 4792 went down
1791568491.518  1000  5328  5572 D InetDiagMessage: Destroyed live tcp sockets for uids={10445} in 5ms
1791568491.521  1000  5328  5572 D InetDiagMessage: Destroyed 0 sockets, proto=IPPROTO_TCP, family=AF_INET, states=14
1791568491.528  1000  5328  5572 D InetDiagMessage: Destroyed 0 sockets, proto=IPPROTO_TCP, family=AF_INET6, states=14
1791568491.528  1000  5328  5572 D InetDiagMessage: Destroyed live tcp sockets for uids={20445} in 9ms
1791568491.534  root    36    36 I IRQ 16  : no longer affine to CPU4
1791568491.551 10445 17246 19357 E msys    : E[N MQTT]readErr(151)=>TCPStreamTransport readErr
1791568491.551 10445 17246 19357 E msys    : E[N MQTT]onReadError(657)=>Read Error: AsyncSocketException: recv() failed (peer=157.240.234.18:443), type = Internal error, errno = 103 (Software caused connection abort)
1791568491.552 10303  5894  5894 W LocaleConfig: The resource file pointed to by the given resource ID isn't found.
1791568491.558 10303  5894  6482 W AsyncRowInflater: Failed to inflate resource in the background! Retrying on the UI thread
1791568491.558 10303  5894  6482 W AsyncRowInflater: android.view.InflateException: Binary XML file line #19 in com.android.systemui:layout/status_bar_notification_row: should be called from the main thread. sMainLooper.threadName=main Thread.currentThread()=NotifInflation
1791568491.558 10303  5894  6482 W AsyncRowInflater: Caused by: java.lang.IllegalStateException: should be called from the main thread. sMainLooper.threadName=main Thread.currentThread()=NotifInflation
1791568491.558 10303  5894  6482 W AsyncRowInflater: 	at com.android.systemui.util.Assert$$ExternalSyntheticBUOutline0.m(go/retraceme 28439c5fda74c23409abdc1e4f815f97c5b2cc073ab68a9eb796a2cb5693c4b9:20)
1791568491.558 10303  5894  6482 W AsyncRowInflater: 	at com.android.systemui.util.Assert.isMainThread(go/retraceme 28439c5fda74c23409abdc1e4f815f97c5b2cc073ab68a9eb796a2cb5693c4b9:39)
1791568491.558 10303  5894  6482 W AsyncRowInflater: 	at com.android.systemui.statusbar.notification.row.NotificationBackgroundView.setBlurBackgroundEnabled(go/retraceme 28439c5fda74c23409abdc1e4f815f97c5b2cc073ab68a9eb796a2cb5693c4b9:0)
1791568491.558 10303  5894  6482 W AsyncRowInflater: 	at com.android.systemui.statusbar.notification.row.ActivatableNotificationView.onFinishInflate(go/retraceme 28439c5fda74c23409abdc1e4f815f97c5b2cc073ab68a9eb796a2cb5693c4b9:47)
1791568491.558 10303  5894  6482 W AsyncRowInflater: 	at com.android.systemui.statusbar.notification.row.ExpandableNotificationRow.onFinishInflate(go/retraceme 28439c5fda74c23409abdc1e4f815f97c5b2cc073ab68a9eb796a2cb5693c4b9:0)
1791568491.558 10303  5894  6482 W AsyncRowInflater: 	at android.view.LayoutInflater.rInflate(LayoutInflater.java:1069)
1791568491.558 10303  5894  6482 W AsyncRowInflater: 	at android.view.LayoutInflater.rInflateChildren(LayoutInflater.java:1016)
1791568491.558 10303  5894  6482 W AsyncRowInflater: 	at android.view.LayoutInflater.inflate(LayoutInflater.java:601)
1791568491.558 10303  5894  6482 W AsyncRowInflater: 	at android.view.LayoutInflater.inflate(LayoutInflater.java:492)
1791568491.558 10303  5894  6482 W AsyncRowInflater: 	at com.android.systemui.statusbar.notification.row.AsyncRowInflater$inflate$1.invokeSuspend(go/retraceme 28439c5fda74c23409abdc1e4f815f97c5b2cc073ab68a9eb796a2cb5693c4b9:57)
1791568491.558 10303  5894  6482 W AsyncRowInflater: 	at kotlin.coroutines.jvm.internal.BaseContinuationImpl.resumeWith(go/retraceme 28439c5fda74c23409abdc1e4f815f97c5b2cc073ab68a9eb796a2cb5693c4b9:7)
1791568491.558 10303  5894  6482 W AsyncRowInflater: 	at kotlinx.coroutines.DispatchedTask.run(go/retraceme 28439c5fda74c23409abdc1e4f815f97c5b2cc073ab68a9eb796a2cb5693c4b9:111)
1791568491.558 10303  5894  6482 W AsyncRowInflater: 	at android.os.Handler.handleCallback(Handler.java:1095)
1791568491.558 10303  5894  6482 W AsyncRowInflater: 	at android.os.Handler.dispatchMessageImpl(Handler.java:135)
1791568491.558 10303  5894  6482 W AsyncRowInflater: 	at android.os.Handler.dispatchMessage(Handler.java:125)
1791568491.558 10303  5894  6482 W AsyncRowInflater: 	at android.os.Looper.loopOnce(Looper.java:296)
1791568491.558 10303  5894  6482 W AsyncRowInflater: 	at android.os.Looper.loop(Looper.java:397)
1791568491.558 10303  5894  6482 W AsyncRowInflater: 	at android.os.HandlerThread.run(HandlerThread.java:139)
1791568491.558  1000  5328  5477 D ConnectivityService: Returning BLOCKED NetworkInfo to uid=10445
1791568491.559 10445 17246 19205 W RealtimeClientManager: Channel state: MqttChannelState{mConnectionState=DISCONNECTED, mDisconnectionReason=null, mLastConnectionMs=342110, mLastDisconnectMs=542233}
1791568491.560 10303  5894  5894 W LocaleConfig: The resource file pointed to by the given resource ID isn't found.
1791568491.564 10303  5894  6482 W AsyncRowInflater: Failed to inflate resource in the background! Retrying on the UI thread
1791568491.564 10303  5894  6482 W AsyncRowInflater: android.view.InflateException: Binary XML file line #19 in com.android.systemui:layout/status_bar_notification_row: should be called from the main thread. sMainLooper.threadName=main Thread.currentThread()=NotifInflation
1791568491.564 10303  5894  6482 W AsyncRowInflater: Caused by: java.lang.IllegalStateException: should be called from the main thread. sMainLooper.threadName=main Thread.currentThread()=NotifInflation
1791568491.564 10303  5894  6482 W AsyncRowInflater: 	at com.android.systemui.util.Assert$$ExternalSyntheticBUOutline0.m(go/retraceme 28439c5fda74c23409abdc1e4f815f97c5b2cc073ab68a9eb796a2cb5693c4b9:20)
1791568491.564 10303  5894  6482 W AsyncRowInflater: 	at com.android.systemui.util.Assert.isMainThread(go/retraceme 28439c5fda74c23409abdc1e4f815f97c5b2cc073ab68a9eb796a2cb5693c4b9:39)
1791568491.564 10303  5894  6482 W AsyncRowInflater: 	at com.android.systemui.statusbar.notification.row.NotificationBackgroundView.setBlurBackgroundEnabled(go/retraceme 28439c5fda74c23409abdc1e4f815f97c5b2cc073ab68a9eb796a2cb5693c4b9:0)
1791568491.564 10303  5894  6482 W AsyncRowInflater: 	at com.android.systemui.statusbar.notification.row.ActivatableNotificationView.onFinishInflate(go/retraceme 28439c5fda74c23409abdc1e4f815f97c5b2cc073ab68a9eb796a2cb5693c4b9:47)
1791568491.564 10303  5894  6482 W AsyncRowInflater: 	at com.android.systemui.statusbar.notification.row.ExpandableNotificationRow.onFinishInflate(go/retraceme 28439c5fda74c23409abdc1e4f815f97c5b2cc073ab68a9eb796a2cb5693c4b9:0)
1791568491.564 10303  5894  6482 W AsyncRowInflater: 	at android.view.LayoutInflater.rInflate(LayoutInflater.java:1069)
1791568491.564 10303  5894  6482 W AsyncRowInflater: 	at android.view.LayoutInflater.rInflateChildren(LayoutInflater.java:1016)
1791568491.564 10303  5894  6482 W AsyncRowInflater: 	at android.view.LayoutInflater.inflate(LayoutInflater.java:601)
1791568491.564 10303  5894  6482 W AsyncRowInflater: 	at android.view.LayoutInflater.inflate(LayoutInflater.java:492)
1791568491.564 10303  5894  6482 W AsyncRowInflater: 	at com.android.systemui.statusbar.notification.row.AsyncRowInflater$inflate$1.invokeSuspend(go/retraceme 28439c5fda74c23409abdc1e4f815f97c5b2cc073ab68a9eb796a2cb5693c4b9:57)
1791568491.564 10303  5894  6482 W AsyncRowInflater: 	at kotlin.coroutines.jvm.internal.BaseContinuationImpl.resumeWith(go/retraceme 28439c5fda74c23409abdc1e4f815f97c5b2cc073ab68a9eb796a2cb5693c4b9:7)
1791568491.564 10303  5894  6482 W AsyncRowInflater: 	at kotlinx.coroutines.DispatchedTask.run(go/retraceme 28439c5fda74c23409abdc1e4f815f97c5b2cc073ab68a9eb796a2cb5693c4b9:111)
1791568491.564 10303  5894  6482 W AsyncRowInflater: 	at android.os.Handler.handleCallback(Handler.java:1095)
1791568491.564 10303  5894  6482 W AsyncRowInflater: 	at android.os.Handler.dispatchMessageImpl(Handler.java:135)
1791568491.564 10303  5894  6482 W AsyncRowInflater: 	at android.os.Handler.dispatchMessage(Handler.java:125)
1791568491.564 10303  5894  6482 W AsyncRowInflater: 	at android.os.Looper.loopOnce(Looper.java:296)
1791568491.564 10303  5894  6482 W AsyncRowInflater: 	at android.os.Looper.loop(Looper.java:397)
1791568491.564 10303  5894  6482 W AsyncRowInflater: 	at android.os.HandlerThread.run(HandlerThread.java:139)
1791568491.569 10303  5894  6482 W LocaleConfig: The resource file pointed to by the given resource ID isn't found.
1791568491.571 10303  5894  6482 W LocaleConfig: The resource file pointed to by the given resource ID isn't found.
1791568491.579 10445 17246 19205 W RealtimeClientManager: Channel state: MqttChannelState{mConnectionState=CONNECTING, mDisconnectionReason=null, mLastConnectionMs=342110, mLastDisconnectMs=542233}
1791568491.587 10445 17246 19357 E msys    : E[N MQTT]onOSNetworkDisconnected(740)=>LigerBasedStreamTransport onOSNetworkDisconnected
1791568491.590 10445 17246 19205 W RealtimeClientManager: Channel state: MqttChannelState{mConnectionState=DISCONNECTED, mDisconnectionReason=null, mLastConnectionMs=342110, mLastDisconnectMs=542264}
1791568491.631 10303  5894  5894 W TouchableRegionManager: onHeadsUpPinnedModeChanged
1791568491.633 10303  5894  5894 D WindowOnBackDispatcher: setTopOnBackInvokedCallback (unwrapped): com.android.systemui.back.domain.interactor.BackActionInteractor$callback$2@b5b4ff7
1791568491.634 10303  5894  6368 D ShadeStatusBarComponentsInteractor#disableFlagsInteractor: newValue: DisableFlagsModel(disable1=0, disable2=0, animate=true)
1791568491.634  1000  5328  5513 D CoreBackPreview: Window{731da5 u0 NotificationShade}: Setting back callback OnBackInvokedCallbackInfo{mCallback=android.window.IOnBackInvokedCallback$Stub$Proxy@b6dc992, mPriority=0, mIsAnimationCallback=false, mOverrideBehavior=0}
1791568491.666  1000  5328  6308 D WindowManager: setClientSurface Surface(name=VRI-NotificationShade#86)/@0x51aecde for 731da5 NotificationShade
1791568491.666 10303  5894  5894 I Surface : Creating surface for consumer unnamed-5894-69 with slotExpansion=1 for 64 slots
1791568491.667 10303  5894  5894 I Surface : Creating surface for consumer VRI[NotificationShade]#64(BLAST Consumer)64 with slotExpansion=1 for 64 slots
1791568491.689  root 12980 25641 W adbd    : timed out while waiting for FUNCTIONFS_BIND, trying again
1791568491.689  root 12980 25641 I adbd    : UsbFfs: connection terminated: monitor thread finished
1791568491.699 10303  5894  5894 D DeviceEntryIconViewBinder: Initializing device entry fgIconView
1791568491.736  root 12980 12998 I adbd    : opening control endpoint /dev/usb-ffs/adb/ep0
1791568491.736  root 12998 12998 I         : read descriptors
1791568491.736  root 12998 12998 I         : read strings
1791568491.748  1000  5328  5515 D SystemServerTiming: getUserSwitchability-0
1791568491.749  1000  5328  5515 D SystemServerTiming: TM.isInCall
1791568491.749  1000  5328  5477 D SystemServerTiming: getUserSwitchability-0
1791568491.749  1000  5328  5477 D SystemServerTiming: TM.isInCall
1791568491.749  1000  5328  5515 D SystemServerTiming: hasUserRestriction-DISALLOW_USER_SWITCH
1791568491.749  1000  5328  5477 D SystemServerTiming: hasUserRestriction-DISALLOW_USER_SWITCH
1791568491.749  1000  5328  5515 D SystemServerTiming: getInt-ALLOW_USER_SWITCHING_WHEN_SYSTEM_USER_LOCKED
1791568491.749  1000  5328  5477 D SystemServerTiming: getInt-ALLOW_USER_SWITCHING_WHEN_SYSTEM_USER_LOCKED
1791568491.749  1000  5328  5515 D SystemServerTiming: isUserUnlocked-USER_SYSTEM
1791568491.749  1000  5328  5477 D SystemServerTiming: isUserUnlocked-USER_SYSTEM
1791568491.839  1000  1633  1773 E minksocket: MinkIPC_QRTR_Service: client with node 1 port 479d went down
1791568491.841  1000  1633  1773 E minksocket: MinkIPC_QRTR_Service: client with node 1 port 479e went down
1791568491.842  1000  1633  1773 E minksocket: MinkIPC_QRTR_Service: client with node 1 port 479f went down
1791568491.843  1000  1633  1773 E minksocket: MinkIPC_QRTR_Service: client with node 1 port 47a1 went down
1791568491.844  1000  1633  1773 E minksocket: MinkIPC_QRTR_Service: client with node 1 port 47a2 went down
1791568491.846  1000  1633  1773 E minksocket: MinkIPC_QRTR_Service: client with node 1 port 47a3 went down
1791568491.859 10303  5894  5894 D DeviceEntryIconViewBinder: Updating device entry icon image state ForegroundIconViewModel(type=LOCK, useAodVariant=false, tint=-1, padding=62)
1791568491.956 10303  5894  5894 W FrameTracker: Missed App frame:jankTypeLegacy: JANK_APPLICATION, jankTypeExperimental: JANK_APPLICATION, vsyncId: 396200, totalDuration: 29850959, CUJ=J<NOTIFICATION_HEADS_UP_APPEAR>
1791568492.209  1000  1861  1861 D SurfaceFlinger: initiateModeChange 4630946292801050754 {mode={fps=60.00 Hz, modePtr={id=3, vsyncRate=60.00 Hz, peakRefreshRate=60.00 Hz}}, emitEvent=false, force=false}
1791568492.209  1000  1710  1710 D SDM     : IRIS_LOG_HWC::SetActiveConfigWithConstraints:465: 03
1791568492.209  1000  1710  1710 I IRIS_LOG_SERV: config 3, Refresh rate 60, Frame 3216x1440, Current mode 'ABYP'
1791568492.209  1000  1710  1710 D IRIS_LOG_SERV: Service Mode changed to: IRIS_SERVICE_MODE_BYPASS
1791568492.209  1000  1710  1710 I IRIS_LOG_SERV: SetActiveConfig[3]: 60 3216x1440 => 0
1791568492.211  1000  1710  1710 I SDM     : HWDeviceDRM::UpdateMixerAttributes: Mixer WxH 1440x3216-1 for Peripheral
1791568492.212  1000  1710  1710 I SDM     : HWCDisplay::SubmitDisplayConfig: HWC SetActiveConfig [5,3], cur_resolution is (1440, 3216), new_resolution is (1440, 3216)
1791568492.212  1000  1710  1710 I SDM     : HWCDisplay::SubmitDisplayConfig: Active configuration changed to: 3
1791568492.216  1000  1710  1710 D IRIS_LOG_COLR: Use kPbGamut HwConfigPayload
1791568492.232  root   729   729 I [drm:dsi_display_set_mode [msm_drm]] [msm-dsi-info]: mdp_transfer_time=7700, hactive=1440, vactive=3216, fps=60, h_skew=1
1791568492.232  root   729   729 E         : IRIS_LOG I iris_post_switch(), post switch to 1440x3216@60Hz, cmd list 0, switch case ABYP_TO_ABYP
1791568492.232  root   729   729 E         : <AMB670YF01> dsi_cmd qcom,mdss-dsi-adfr-pre-switch-command
1791568492.232  root   729   729 I [drm:oplus_dsi_display_vsync_switch_check_te [msm_drm]] [msm-dsi-info]: kVRR vsync_switch_gpio is already 0
1791568492.232  root   729   729 E         : IRIS_LOG I iris_switch(), return 0, total cost '237 us'
1791568492.233  root   729   729 I [drm:dsi_panel_adfr_status_reset [msm_drm]] [msm-dsi-info]: kVRR auto mode reset: auto mode 0, fakeframe 0, min fps 1
1791568492.233  root   729   729 E         : <AMB670YF01> dsi_cmd qcom,mdss-dsi-post-panel-on-command
1791568492.312 10445 17246 17394 E MQTTBypassDGWStreamGroupCallbacks.cpp: onStreamGroupError TransientError domain: MNSQUICConnection code: 0 detail: Error on socket write Operation not permitted,
1791568492.314 10445 17246 17394 W MQTTBypassDGWStreamGroupConnection.cpp: Restarting due to reason: StreamError
1791568492.325 radio  5883  5883 D TelephonyManager: requestModemActivityInfo: Sending result to app: ModemActivityInfo{ mTimestamp=542999 mSleepTimeMs=190870 mIdleTimeMs=56712 mActivityStatsTechSpecificInfo=[{mRat=UNKNOWN,mFrequencyRange=UNKNOWN,mTxTimeMs[]=[24554, 543, 13594, 3479, 107],mRxTimeMs=232975}]}
1791568492.334 10445 17246 17462 E msys    : E[N mns:DGWClient]_LogError(394)=>Failed to resolve using system DNS resolver, getaddrinfo(): No address associated with hostname
1791568492.334 10445 17246 17462 E msys    : E[N mns:DGWClient]_LogError(394)=>Failed to resolve using system DNS resolver, getaddrinfo(): No address associated with hostname
1791568492.335 10445 17246 17462 E msys    : E[N mns:DGWClient]_LogError(394)=>Failed to resolve using system DNS resolver, getaddrinfo(): No address associated with hostname
1791568492.339 10445 17246 17462 E msys    : E[N mns:DGWClient]_LogError(394)=>Failed to resolve using system DNS resolver, getaddrinfo(): No address associated with hostname
1791568492.593 10445 17246 19205 W RealtimeClientManager: Channel state: MqttChannelState{mConnectionState=CONNECTING, mDisconnectionReason=null, mLastConnectionMs=342110, mLastDisconnectMs=542264}
1791568492.705  1000  1682  1682 E QTI PowerHAL: Failed to acquire lock.
1791568492.705  1000  1682  1682 E QTI PowerHAL: Failed process_boost for boost_handle
1791568492.706  1000  1861  1861 D SurfaceFlinger: initiateModeChange 4630946292801050754 {mode={fps=120.00 Hz, modePtr={id=5, vsyncRate=120.00 Hz, peakRefreshRate=120.00 Hz}}, emitEvent=false, force=false}
1791568492.707  1000  1710  1710 D SDM     : IRIS_LOG_HWC::SetActiveConfigWithConstraints:465: 05
1791568492.707  1000  1710  1710 I IRIS_LOG_SERV: config 5, Refresh rate 120, Frame 3216x1440, Current mode 'ABYP'
1791568492.707  1000  1710  1710 D IRIS_LOG_SERV: Service Mode changed to: IRIS_SERVICE_MODE_BYPASS
1791568492.707  1000  1710  1710 I IRIS_LOG_SERV: SetActiveConfig[5]: 120 3216x1440 => 0
1791568492.708  1000  1710  1710 I SDM     : HWDeviceDRM::UpdateMixerAttributes: Mixer WxH 1440x3216-1 for Peripheral
1791568492.708  1000  1710  1710 I SDM     : HWCDisplay::SubmitDisplayConfig: HWC SetActiveConfig [3,5], cur_resolution is (1440, 3216), new_resolution is (1440, 3216)
1791568492.708  1000  1710  1710 I SDM     : HWCDisplay::SubmitDisplayConfig: Active configuration changed to: 5
1791568492.712  1000  1710  1710 D IRIS_LOG_COLR: Use kPbGamut HwConfigPayload
1791568492.718 10312  6415  6415 I BaseDragLayer: findActiveController: mActiveController=Not implemented, class name is com.android.launcher3.folder.Folder
1791568492.726  root   729   729 E         : [drm:_sde_crtc_blend_setup_mixer:1602] do not config dimlayer at the fps switch
1791568492.728  root   729   729 I [drm:dsi_display_set_mode [msm_drm]] [msm-dsi-info]: mdp_transfer_time=7700, hactive=1440, vactive=3216, fps=120, h_skew=0
1791568492.728  root   729   729 E         : IRIS_LOG I iris_post_switch(), post switch to 1440x3216@120Hz, cmd list 0, switch case ABYP_TO_ABYP
1791568492.728  root   729   729 E         : <AMB670YF01> dsi_cmd qcom,mdss-dsi-adfr-pre-switch-command
1791568492.728  root   729   729 I [drm:oplus_dsi_display_vsync_switch_check_te [msm_drm]] [msm-dsi-info]: kVRR vsync_switch_gpio is already 0
1791568492.729  root   729   729 E         : IRIS_LOG I iris_switch(), return 0, total cost '270 us'
1791568492.729  root   729   729 I [drm:dsi_panel_adfr_status_reset [msm_drm]] [msm-dsi-info]: kVRR auto mode reset: auto mode 0, fakeframe 1, min fps 0
1791568492.729  root   729   729 E         : <AMB670YF01> dsi_cmd qcom,mdss-dsi-post-panel-on-command
1791568492.739  root 12980 25684 W adbd    : timed out while waiting for FUNCTIONFS_BIND, trying again
1791568492.739  root 12980 25684 I adbd    : UsbFfs: connection terminated: monitor thread finished
1791568492.746  1000  5328  6308 W ApplicationInfo: Large ApplicationInfo parcel: size=24372 package=com.zhiliaoapp.musically splits=69 sharedLibs=8 resDirs=6 overlayPaths=6
1791568492.754 10312  6415  6415 V BaseDepthController: Applying blur: 0 to Surface(name=VRI-com.android.launcher3/com.android.launcher3.uioverrides.QuickstepLauncher#835)/@0xe3dda70 applyImmediately: false
1791568492.755 10312  6415  6415 D BaseDepthController: shouldBlurWorkspace: false targetState: Normal currentStableState: Normal mCurrentBlur: 0 mLauncher.getDepthBlurTargets(): [com.android.launcher3.Workspace{772015b V.ED..... ........ 0,0-1440,3216 #7f0a054d app:id/workspace aid=1073741834}, com.android.launcher3.Hotseat{6171410 V.ED..... ........ 0,2667-1440,3216 #7f0a0241 app:id/hotseat aid=1073741897}]
1791568492.760 10312  6415  6415 V BaseDepthController: Applying blur: 0 to Surface(name=VRI-com.android.launcher3/com.android.launcher3.uioverrides.QuickstepLauncher#835)/@0xe3dda70 applyImmediately: false
1791568492.760 10312  6415  6415 D BaseDepthController: shouldBlurWorkspace: false targetState: Normal currentStableState: Normal mCurrentBlur: 0 mLauncher.getDepthBlurTargets(): [com.android.launcher3.Workspace{772015b V.ED..... ........ 0,0-1440,3216 #7f0a054d app:id/workspace aid=1073741834}, com.android.launcher3.Hotseat{6171410 V.ED..... ........ 0,2667-1440,3216 #7f0a0241 app:id/hotseat aid=1073741897}]
1791568492.768 10312  6415  6415 V BaseDepthController: Applying blur: 0 to Surface(name=VRI-com.android.launcher3/com.android.launcher3.uioverrides.QuickstepLauncher#835)/@0xe3dda70 applyImmediately: false
1791568492.768 10312  6415  6415 D BaseDepthController: shouldBlurWorkspace: false targetState: Normal currentStableState: Normal mCurrentBlur: 0 mLauncher.getDepthBlurTargets(): [com.android.launcher3.Workspace{772015b V.ED..... ........ 0,0-1440,3216 #7f0a054d app:id/workspace aid=1073741834}, com.android.launcher3.Hotseat{6171410 V.ED..... ........ 0,2667-1440,3216 #7f0a0241 app:id/hotseat aid=1073741897}]
1791568492.777 10312  6415  6415 V BaseDepthController: Applying blur: 0 to Surface(name=VRI-com.android.launcher3/com.android.launcher3.uioverrides.QuickstepLauncher#835)/@0xe3dda70 applyImmediately: false
1791568492.777 10312  6415  6415 D BaseDepthController: shouldBlurWorkspace: false targetState: Normal currentStableState: Normal mCurrentBlur: 0 mLauncher.getDepthBlurTargets(): [com.android.launcher3.Workspace{772015b V.ED..... ........ 0,0-1440,3216 #7f0a054d app:id/workspace aid=1073741834}, com.android.launcher3.Hotseat{6171410 V.ED..... ........ 0,2667-1440,3216 #7f0a0241 app:id/hotseat aid=1073741897}]
1791568492.782  root 12980 12998 I adbd    : opening control endpoint /dev/usb-ffs/adb/ep0
1791568492.785 10312  6415  6415 V BaseDepthController: Applying blur: 0 to Surface(name=VRI-com.android.launcher3/com.android.launcher3.uioverrides.QuickstepLauncher#835)/@0xe3dda70 applyImmediately: false
1791568492.785 10312  6415  6415 D BaseDepthController: shouldBlurWorkspace: false targetState: Normal currentStableState: Normal mCurrentBlur: 0 mLauncher.getDepthBlurTargets(): [com.android.launcher3.Workspace{772015b V.ED..... ........ 0,0-1440,3216 #7f0a054d app:id/workspace aid=1073741834}, com.android.launcher3.Hotseat{6171410 V.ED..... ........ 0,2667-1440,3216 #7f0a0241 app:id/hotseat aid=1073741897}]
1791568492.782  root 12998 12998 I         : read descriptors
1791568492.782  root 12998 12998 I         : read strings
1791568492.793 10312  6415  6415 V BaseDepthController: Applying blur: 0 to Surface(name=VRI-com.android.launcher3/com.android.launcher3.uioverrides.QuickstepLauncher#835)/@0xe3dda70 applyImmediately: false
1791568492.793 10312  6415  6415 D BaseDepthController: shouldBlurWorkspace: false targetState: Normal currentStableState: Normal mCurrentBlur: 0 mLauncher.getDepthBlurTargets(): [com.android.launcher3.Workspace{772015b V.ED..... ........ 0,0-1440,3216 #7f0a054d app:id/workspace aid=1073741834}, com.android.launcher3.Hotseat{6171410 V.ED..... ........ 0,2667-1440,3216 #7f0a0241 app:id/hotseat aid=1073741897}]
1791568492.789 10646 17098 17098 W banktr.ingmobil: type=1400 audit(0.0:134703): avc:  denied  { getattr } for  path="/proc/kallsyms" dev="proc" ino=4026532174 scontext=u:r:untrusted_app_34:s0:c134,c258,c512,c768 tcontext=u:object_r:proc_kallsyms:s0 tclass=file permissive=0 app=com.ingbanktr.ingmobil
1791568492.795  1000  1710  1710 D IRIS_LOG_SERV: video start playing, layer218 z-order 1 at fps: 29761
1791568492.789 10646 17098 17098 W banktr.ingmobil: type=1400 audit(0.0:134704): avc:  denied  { getattr } for  path="/proc/keys" dev="proc" ino=4026532183 scontext=u:r:untrusted_app_34:s0:c134,c258,c512,c768 tcontext=u:object_r:proc_keys:s0 tclass=file permissive=0 app=com.ingbanktr.ingmobil
1791568492.789 10646 17098 17098 W banktr.ingmobil: type=1400 audit(0.0:134705): avc:  denied  { getattr } for  path="/proc/modules" dev="proc" ino=4026532173 scontext=u:r:untrusted_app_34:s0:c134,c258,c512,c768 tcontext=u:object_r:proc_modules:s0 tclass=file permissive=0 app=com.ingbanktr.ingmobil
1791568492.789 10646 17098 17098 W banktr.ingmobil: type=1400 audit(0.0:134706): avc:  denied  { read } for  name="enforce" dev="selinuxfs" ino=4 scontext=u:r:untrusted_app_34:s0:c134,c258,c512,c768 tcontext=u:object_r:selinuxfs:s0 tclass=file permissive=0 app=com.ingbanktr.ingmobil
1791568492.802 10312  6415  6415 V BaseDepthController: Applying blur: 0 to Surface(name=VRI-com.android.launcher3/com.android.launcher3.uioverrides.QuickstepLauncher#835)/@0xe3dda70 applyImmediately: false
1791568492.802 10312  6415  6415 D BaseDepthController: shouldBlurWorkspace: false targetState: Normal currentStableState: Normal mCurrentBlur: 0 mLauncher.getDepthBlurTargets(): [com.android.launcher3.Workspace{772015b V.ED..... ........ 0,0-1440,3216 #7f0a054d app:id/workspace aid=1073741834}, com.android.launcher3.Hotseat{6171410 V.ED..... ........ 0,2667-1440,3216 #7f0a0241 app:id/hotseat aid=1073741897}]
1791568492.802  1000  1710  1710 D IRIS_LOG_SERV: video stop playing
1791568492.810 10312  6415  6415 V BaseDepthController: Applying blur: 0 to Surface(name=VRI-com.android.launcher3/com.android.launcher3.uioverrides.QuickstepLauncher#835)/@0xe3dda70 applyImmediately: false
1791568492.810 10312  6415  6415 D BaseDepthController: shouldBlurWorkspace: false targetState: Normal currentStableState: Normal mCurrentBlur: 0 mLauncher.getDepthBlurTargets(): [com.android.launcher3.Workspace{772015b V.ED..... ........ 0,0-1440,3216 #7f0a054d app:id/workspace aid=1073741834}, com.android.launcher3.Hotseat{6171410 V.ED..... ........ 0,2667-1440,3216 #7f0a0241 app:id/hotseat aid=1073741897}]
1791568492.827 10312  6415  6415 V BaseDepthController: Applying blur: 0 to Surface(name=VRI-com.android.launcher3/com.android.launcher3.uioverrides.QuickstepLauncher#835)/@0xe3dda70 applyImmediately: false
1791568492.827 10312  6415  6415 D BaseDepthController: shouldBlurWorkspace: false targetState: Normal currentStableState: Normal mCurrentBlur: 0 mLauncher.getDepthBlurTargets(): [com.android.launcher3.Workspace{772015b V.ED..... ........ 0,0-1440,3216 #7f0a054d app:id/workspace aid=1073741834}, com.android.launcher3.Hotseat{6171410 V.ED..... ........ 0,2667-1440,3216 #7f0a0241 app:id/hotseat aid=1073741897}]
1791568492.835 10312  6415  6415 V BaseDepthController: Applying blur: 0 to Surface(name=VRI-com.android.launcher3/com.android.launcher3.uioverrides.QuickstepLauncher#835)/@0xe3dda70 applyImmediately: false
1791568492.835 10312  6415  6415 D BaseDepthController: shouldBlurWorkspace: false targetState: Normal currentStableState: Normal mCurrentBlur: 0 mLauncher.getDepthBlurTargets(): [com.android.launcher3.Workspace{772015b V.ED..... ........ 0,0-1440,3216 #7f0a054d app:id/workspace aid=1073741834}, com.android.launcher3.Hotseat{6171410 V.ED..... ........ 0,2667-1440,3216 #7f0a0241 app:id/hotseat aid=1073741897}]
1791568492.843 10312  6415  6415 V BaseDepthController: Applying blur: 0 to Surface(name=VRI-com.android.launcher3/com.android.launcher3.uioverrides.QuickstepLauncher#835)/@0xe3dda70 applyImmediately: false
1791568492.843 10312  6415  6415 D BaseDepthController: shouldBlurWorkspace: false targetState: Normal currentStableState: Normal mCurrentBlur: 0 mLauncher.getDepthBlurTargets(): [com.android.launcher3.Workspace{772015b V.ED..... ........ 0,0-1440,3216 #7f0a054d app:id/workspace aid=1073741834}, com.android.launcher3.Hotseat{6171410 V.ED..... ........ 0,2667-1440,3216 #7f0a0241 app:id/hotseat aid=1073741897}]
1791568492.843 10312  6415  6415 V BaseDepthController: Applying blur: 0 to Surface(name=VRI-com.android.launcher3/com.android.launcher3.uioverrides.QuickstepLauncher#835)/@0xe3dda70 applyImmediately: false
1791568492.843 10312  6415  6415 D BaseDepthController: shouldBlurWorkspace: false targetState: Normal currentStableState: Normal mCurrentBlur: 0 mLauncher.getDepthBlurTargets(): [com.android.launcher3.Workspace{772015b V.ED..... ........ 0,0-1440,3216 #7f0a054d app:id/workspace aid=1073741834}, com.android.launcher3.Hotseat{6171410 V.ED..... ........ 0,2667-1440,3216 #7f0a0241 app:id/hotseat aid=1073741897}]
1791568492.951  1000  5328  5525 W ApplicationInfo: Large ApplicationInfo parcel: size=24372 package=com.zhiliaoapp.musically splits=69 sharedLibs=8 resDirs=6 overlayPaths=6
1791568492.959 10312  6415  6415 V BaseDepthController: Applying blur: 0 to Surface(name=VRI-com.android.launcher3/com.android.launcher3.uioverrides.QuickstepLauncher#835)/@0xe3dda70 applyImmediately: false
1791568492.959 10312  6415  6415 D BaseDepthController: shouldBlurWorkspace: false targetState: Normal currentStableState: Normal mCurrentBlur: 0 mLauncher.getDepthBlurTargets(): [com.android.launcher3.Workspace{772015b V.ED..... ........ 0,0-1440,3216 #7f0a054d app:id/workspace aid=1073741834}, com.android.launcher3.Hotseat{6171410 V.ED..... ........ 0,2667-1440,3216 #7f0a0241 app:id/hotseat aid=1073741897}]
1791568492.960 10312  6415  6415 V BaseDepthController: Applying blur: 0 to Surface(name=VRI-com.android.launcher3/com.android.launcher3.uioverrides.QuickstepLauncher#835)/@0xe3dda70 applyImmediately: false
1791568492.960 10312  6415  6415 D BaseDepthController: shouldBlurWorkspace: false targetState: Normal currentStableState: Normal mCurrentBlur: 0 mLauncher.getDepthBlurTargets(): [com.android.launcher3.Workspace{772015b V.ED..... ........ 0,0-1440,3216 #7f0a054d app:id/workspace aid=1073741834}, com.android.launcher3.Hotseat{6171410 V.ED..... ........ 0,2667-1440,3216 #7f0a0241 app:id/hotseat aid=1073741897}]
1791568492.968  1000  5328  5544 W InputChannel-JNI: Channel already disposed.
1791568492.968 10384  8017  8017 I GoogleInputMethodService: GoogleInputMethodService.onFinishInput():2404
1791568492.969 10384  8017  8017 I GoogleInputMethodService: GoogleInputMethodService.onStartInput():1552 onStartInput(EditorInfo{EditorInfo{packageName=com.android.launcher3, inputType=0, inputTypeString=NULL, enableLearning=false, autoCorrection=false, autoComplete=false, imeOptions=0, privateImeOptions=null, actionName=UNSPECIFIED, actionLabel=null, initialSelStart=-1, initialSelEnd=-1, initialCapsMode=0, label=null, fieldId=0, fieldName=null, extras=null, hintText=null, hintLocales=[]}}, false)
1791568492.969 10384  8017  8745 I Module  : DeviceLockedStatusModuleProvider$Module.updateDeviceLockedStatusInternal():119 repeatCheckTimes = 0, locked = false
1791568492.970 10384  8017  8017 I LatinInputMethodServiceBase: LatinInputMethodServiceBase.updateInputViewCoverNavigation():360 Update input view padding, isNavbarOverInputWindow=true, bottom inset=134
1791568492.972 10384  8017  8725 I Module  : DeviceLockedStatusModuleProvider$Module.updateDeviceLockedStatusInternal():119 repeatCheckTimes = 1, locked = false
1791568492.977  1000  5328  6722 W PackageConfigPersister: App-specific configuration not found for packageName: com.android.launcher3 and userId: 0
1791568493.012  1000  1682  1682 E QTI PowerHAL: Failed to acquire lock.
1791568493.012  1000  1682  1682 E QTI PowerHAL: Failed process_boost for boost_handle
1791568493.030  1000  5328  5477 W ApplicationInfo: Large ApplicationInfo parcel: size=24372 package=com.zhiliaoapp.musically splits=69 sharedLibs=8 resDirs=6 overlayPaths=6
1791568493.068 10312  6415  6415 D AllAppsTransitionController: shouldProtectHeader: false skipScrim: false state: Hint stateManager.getState(): Normal
1791568493.069 10312  6415  6415 D Current state display 0: newValue: Hint
1791568493.070 10312  6415  6415 I BaseDragLayer: found mProxyTouchController=NoButtonNavbarToOverviewTouchController
1791568493.071 10312  6415  6415 D LauncherInputConsumer: onMotionEvent: pilfering pointers for touch controller
1791568493.071  1000  5328  6722 D InputManagerService: pilferPointers
1791568493.071  1000  5328  6722 I InputDispatcher: Channel [Gesture Monitor] swipe-up is stealing input gesture for device 3 from [31d9dbb com.android.launcher3/com.android.launcher3.uioverrides.QuickstepLauncher, 2bec5a9 com.android.systemui.wallpapers.ImageWallpaper, [Gesture Monitor] edge-swipe]
1791568493.118 10312  6415  6415 V BaseDepthController: Applying blur: 0 to Surface(name=VRI-com.android.launcher3/com.android.launcher3.uioverrides.QuickstepLauncher#835)/@0xe3dda70 applyImmediately: false
1791568493.118 10312  6415  6415 D BaseDepthController: setEarlyWakeup: true
1791568493.118 10312  6415  6415 D BaseDepthController: shouldBlurWorkspace: false targetState: Hint currentStableState: Normal mCurrentBlur: 0 mLauncher.getDepthBlurTargets(): [com.android.launcher3.Workspace{772015b V.ED..... ........ 0,0-1440,3216 #7f0a054d app:id/workspace aid=1073741834}, com.android.launcher3.Hotseat{6171410 V.ED..... ........ 0,2667-1440,3216 #7f0a0241 app:id/hotseat aid=1073741897}]
1791568493.145  1000  5328  5477 W ApplicationInfo: Large ApplicationInfo parcel: size=24372 package=com.zhiliaoapp.musically splits=69 sharedLibs=8 resDirs=6 overlayPaths=6
1791568493.167 10312  6415  6415 D RecentsView: reset - mEnableDrawingLiveTile: false, mRecentsAnimationController: null
1791568493.168 10312  6415  6415 D AllAppsTransitionController: shouldProtectHeader: false skipScrim: false state: Overview stateManager.getState(): Hint
1791568493.170 10312  6415  6415 D OverviewActionsView: updateForGroupedTask() called with: isGroupedTask = [false], canSaveAppPair = [false]
1791568493.170 10312  6415  6415 D OverviewActionsView: updateActionButtonsVisibility() called: showSingleTaskActions = [true], showGroupActions = [false]
1791568493.173  1000  1743  1743 E aw8697_rtp_store: val [0]
1791568493.174  1000  1743  1743 I         : aw8697_op_clean_status enter
1791568493.171 10312  6415  6415 D Current state display 0: newValue: Overview
1791568493.171 10312  6415  6415 D RecentsView: updateTaskStackListenerState: true
1791568493.171 10312  6415  6415 D RecentsView: reloadIfNeeded - getTasks: -1
1791568493.173  1000  1743  1743 D vendor.qti.vibrator: Vibrator perform effect 0
1791568493.173 10303  5894  6285 D WindowManagerShell: setLauncherKeepClearAreaHeight: visible=false, height=549
1791568493.178 10303  5894  6285 V RecentTasksController: generateList(getRecentTasks)
1791568493.178 10303  5894  6285 V RecentTasksController: initializeDesksMap - allDeskIds: []
1791568493.178 10303  5894  6285 V RecentTasksController: Task 23 is not an active desktop task
1791568493.178 10303  5894  6285 V RecentTasksController: Added fullscreen task: 23
1791568493.178 10303  5894  6285 V RecentTasksController: Task 22 is not an active desktop task
1791568493.178 10303  5894  6285 V RecentTasksController: Added fullscreen task: 22
1791568493.178 10303  5894  6285 V RecentTasksController: Task 21 is not an active desktop task
1791568493.178 10303  5894  6285 V RecentTasksController: Added fullscreen task: 21
1791568493.178 10303  5894  6285 V RecentTasksController: Task 15 is not an active desktop task
1791568493.178 10303  5894  6285 V RecentTasksController: Added fullscreen task: 15
1791568493.178 10303  5894  6285 V RecentTasksController: Task 18 is not an active desktop task
1791568493.178 10303  5894  6285 V RecentTasksController: Added fullscreen task: 18
1791568493.178 10303  5894  6285 V RecentTasksController: generateList - complete
1791568493.179  1000  1743  1743 E aw8697_vmax_store: value=2500
1791568493.180  1000  1743  1743 E aw8697_vmax_store: aw8697->gain[0x80], aw8697->vmax[0x16] end
1791568493.180  1000  1743  1743 E aw8697_waveform_index_store: waveform_index = 1
1791568493.184  1000  1743  1743 E aw8697_haptic_ram_vbat_comp: aw8697->gain = 0x80, temp_gain = 0x0, aw8697->ram_vbat_comp=1.
1791568493.183 10312  6415  6473 D RecentTasksList: loadTasksInBackground - isDeviceLocked(0): false
1791568493.183 10312  6415  6473 D RecentTasksList: getTasks - loadTasksInBackground: 113
1791568493.184 10312  6415  6415 V BaseDepthController: Applying blur: 12 to Surface(name=VRI-com.android.launcher3/com.android.launcher3.uioverrides.QuickstepLauncher#835)/@0xe3dda70 applyImmediately: false
1791568493.185 10312  6415  6415 D BaseDepthController: shouldBlurWorkspace: false targetState: Overview currentStableState: Normal mCurrentBlur: 12 mLauncher.getDepthBlurTargets(): [com.android.launcher3.Workspace{772015b V.ED..... .......D 0,0-1440,3216 #7f0a054d app:id/workspace aid=1073741834}, com.android.launcher3.Hotseat{6171410 V.ED..... ........ 0,2667-1440,3216 #7f0a0241 app:id/hotseat aid=1073741897}]
1791568493.191  1000  5328  5477 W ApplicationInfo: Large ApplicationInfo parcel: size=24372 package=com.zhiliaoapp.musically splits=69 sharedLibs=8 resDirs=6 overlayPaths=6
1791568493.192 10312  6415  6415 D RecentTasksList: getTasks - updating mResultsUi: 113
1791568493.193 10312  6415  6415 D RecentsView: applyLoadPlan - taskGroups: [type=SINGLE task=[id=18 windowingMode=1 user=0 lastActiveTime=487715] null, type=SINGLE task=[id=15 windowingMode=1 user=0 lastActiveTime=506778] null, type=SINGLE task=[id=21 windowingMode=1 user=0 lastActiveTime=535332] null, type=SINGLE task=[id=22 windowingMode=1 user=0 lastActiveTime=540487] null, type=SINGLE task=[id=23 windowingMode=1 user=0 lastActiveTime=541482] null], taskListChangeId: 113
1791568493.193 10312  6415  6415 D TaskViewModel: unbind com.android.quickstep.recents.ui.viewmodel.TaskViewModel@2d7a1f5
1791568493.193 10312  6415  6415 D TaskViewModel: unbind com.android.quickstep.recents.ui.viewmodel.TaskViewModel@d43732c
1791568493.193  1000  1743  1743 E aw8697_rtp_store: val [0]
1791568493.193  1000  1743  1743 I         : aw8697_op_clean_status enter
1791568493.193 10312  6415  6415 D TaskViewModel: unbind com.android.quickstep.recents.ui.viewmodel.TaskViewModel@5997adf
1791568493.194 10312  6415  6415 D TaskViewModel: unbind com.android.quickstep.recents.ui.viewmodel.TaskViewModel@2f6d57e
1791568493.194 10312  6415  6415 D TaskView: onBind com.android.launcher3.uioverrides.QuickstepLauncher@184e2d5 com.android.quickstep.LauncherActivityInterface@2ee1929
1791568493.194 10312  6415  6415 D TaskViewModel: bind com.android.quickstep.recents.ui.viewmodel.TaskViewModel@46fbfcd as SINGLE to taskIds: [23]
1791568493.195 10312  6415  6415 D TaskView: onBind com.android.launcher3.uioverrides.QuickstepLauncher@184e2d5 com.android.quickstep.LauncherActivityInterface@2ee1929
1791568493.195 10312  6415  6415 D TaskViewModel: bind com.android.quickstep.recents.ui.viewmodel.TaskViewModel@5935082 as SINGLE to taskIds: [22]
1791568493.195 10312  6415  6415 D TaskView: onBind com.android.launcher3.uioverrides.QuickstepLauncher@184e2d5 com.android.quickstep.LauncherActivityInterface@2ee1929
1791568493.195 10312  6415  6415 D TaskViewModel: bind com.android.quickstep.recents.ui.viewmodel.TaskViewModel@8cd1393 as SINGLE to taskIds: [21]
1791568493.195 10312  6415  6415 D TaskView: onBind com.android.launcher3.uioverrides.QuickstepLauncher@184e2d5 com.android.quickstep.LauncherActivityInterface@2ee1929
1791568493.195 10312  6415  6415 D TaskViewModel: bind com.android.quickstep.recents.ui.viewmodel.TaskViewModel@1fa4fd0 as SINGLE to taskIds: [15]
1791568493.196 10312  6415  6415 D TaskView: onBind com.android.launcher3.uioverrides.QuickstepLauncher@184e2d5 com.android.quickstep.LauncherActivityInterface@2ee1929
1791568493.196 10312  6415  6415 D TaskViewModel: bind com.android.quickstep.recents.ui.viewmodel.TaskViewModel@6c58bc9 as SINGLE to taskIds: [18]
1791568493.197 10312  6415  6415 D TasksRepository: updateTaskRequests to: [22, 21], removed: [], added: [22, 21]
1791568493.197 10312  6415  6415 I TasksRepository: requestTaskData: 22
1791568493.197 10312  6415  6415 I TasksRepository: requestTaskData: 21
1791568493.197 10312  6415  6415 D RecentTasksList: getTasks - updating mResultsUi: 113
1791568493.197 10312  6415  6415 D TasksRepository: getAllTaskData: oldTasks [18, 15, 21, 22], newTasks: [18, 15, 21, 22, 23]
1791568493.197 10312  6415  6415 D TasksRepository: updateTaskRequests to: [23, 22, 21], removed: [], added: [23]
1791568493.197 10312  6415  6415 I TasksRepository: requestTaskData: 23
1791568493.198 10312  6415  6415 V BaseDepthController: Applying blur: 22 to Surface(name=VRI-com.android.launcher3/com.android.launcher3.uioverrides.QuickstepLauncher#835)/@0xe3dda70 applyImmediately: false
1791568493.198 10312  6415  6415 D BaseDepthController: shouldBlurWorkspace: false targetState: Overview currentStableState: Normal mCurrentBlur: 22 mLauncher.getDepthBlurTargets(): [com.android.launcher3.Workspace{772015b V.ED..... .......D 0,0-1440,3216 #7f0a054d app:id/workspace aid=1073741834}, com.android.launcher3.Hotseat{6171410 V.ED..... ........ 0,2667-1440,3216 #7f0a0241 app:id/hotseat aid=1073741897}]
1791568493.199 10312  6415  6415 D OverviewActionsView: updateForGroupedTask() called with: isGroupedTask = [false], canSaveAppPair = [false]
1791568493.199 10312  6415  6415 D OverviewActionsView: updateActionButtonsVisibility() called: showSingleTaskActions = [true], showGroupActions = [false]
1791568493.203 10312  6415  6415 V BaseDepthController: Applying blur: 30 to Surface(name=VRI-com.android.launcher3/com.android.launcher3.uioverrides.QuickstepLauncher#835)/@0xe3dda70 applyImmediately: false
1791568493.203 10312  6415  6415 D BaseDepthController: setEarlyWakeup: false
1791568493.203 10312  6415  6415 D BaseDepthController: shouldBlurWorkspace: false targetState: Overview currentStableState: Normal mCurrentBlur: 30 mLauncher.getDepthBlurTargets(): [com.android.launcher3.Workspace{772015b V.ED..... .......D 0,0-1440,3216 #7f0a054d app:id/workspace aid=1073741834}, com.android.launcher3.Hotseat{6171410 V.ED..... ........ 0,2667-1440,3216 #7f0a0241 app:id/hotseat aid=1073741897}]
1791568493.206 10312  6415  6473 D b/417220811: Current thumbnail: null, replacing with android.graphics.Bitmap@2b6b197
1791568493.209 10312  6415  6473 D b/417220811: Current thumbnail: null, replacing with android.graphics.Bitmap@6e1add8
1791568493.210 10312  6415  6415 V BaseDepthController: Applying blur: 30 to Surface(name=VRI-com.android.launcher3/com.android.launcher3.uioverrides.QuickstepLauncher#835)/@0xe3dda70 applyImmediately: false
1791568493.210 10312  6415  6415 D BaseDepthController: shouldBlurWorkspace: false targetState: Overview currentStableState: Normal mCurrentBlur: 30 mLauncher.getDepthBlurTargets(): [com.android.launcher3.Workspace{772015b V.ED..... .......D 0,0-1440,3216 #7f0a054d app:id/workspace aid=1073741834}, com.android.launcher3.Hotseat{6171410 V.ED..... ........ 0,2667-1440,3216 #7f0a0241 app:id/hotseat aid=1073741897}]
1791568493.210  1000  1743 25699 D vendor.qti.vibrator: Starting perform on another thread
1791568493.213 10312  6415  6415 D TaskThumbnailView: [TaskThumbnailView@ad1b7df] taskId: 22 - uiState changed from: Uninitialized to: SnapshotSplash(snapshot=Snapshot(bitmap=android.graphics.Bitmap@2b6b197, thumbnailRotation=0, backgroundColor=-15134196), splash=com.android.launcher3.icons.FastBitmapDrawable@681620b)
1791568493.217 10312  6415  6415 V BaseDepthController: Applying blur: 30 to Surface(name=VRI-com.android.launcher3/com.android.launcher3.uioverrides.QuickstepLauncher#835)/@0xe3dda70 applyImmediately: false
1791568493.217 10312  6415  6415 D BaseDepthController: shouldBlurWorkspace: false targetState: Overview currentStableState: Normal mCurrentBlur: 30 mLauncher.getDepthBlurTargets(): [com.android.launcher3.Workspace{772015b V.ED..... .......D 0,0-1440,3216 #7f0a054d app:id/workspace aid=1073741834}, com.android.launcher3.Hotseat{6171410 V.ED..... ........ 0,2667-1440,3216 #7f0a0241 app:id/hotseat aid=1073741897}]
1791568493.220 10312  6415  6415 D TaskThumbnailView: [TaskThumbnailView@4b2f6d7] taskId: 21 - uiState changed from: Uninitialized to: SnapshotSplash(snapshot=Snapshot(bitmap=android.graphics.Bitmap@6e1add8, thumbnailRotation=0, backgroundColor=-1), splash=null)
1791568493.220 10312  6415  6415 D TaskThumbnailView: [TaskThumbnailView@4b2f6d7] taskId: 21 - uiState changed from: SnapshotSplash(snapshot=Snapshot(bitmap=android.graphics.Bitmap@6e1add8, thumbnailRotation=0, backgroundColor=-1), splash=null) to: SnapshotSplash(snapshot=Snapshot(bitmap=android.graphics.Bitmap@6e1add8, thumbnailRotation=0, backgroundColor=-1), splash=com.android.launcher3.icons.FastBitmapDrawable@b0398df)
1791568493.220 10312  6415  6415 D b/417220811: Task id: 18, thumbnailData: null, isLocked: false
1791568493.220 10312  6415  6415 D TaskThumbnailView: [TaskThumbnailView@af53c34] taskId: 18 - uiState changed from: Uninitialized to: BackgroundOnly(backgroundColor=-15790321)
1791568493.225 10312  6415  6415 V BaseDepthController: Applying blur: 30 to Surface(name=VRI-com.android.launcher3/com.android.launcher3.uioverrides.QuickstepLauncher#835)/@0xe3dda70 applyImmediately: false
1791568493.225 10312  6415  6415 D BaseDepthController: shouldBlurWorkspace: false targetState: Overview currentStableState: Normal mCurrentBlur: 30 mLauncher.getDepthBlurTargets(): [com.android.launcher3.Workspace{772015b V.ED..... .......D 0,0-1440,3216 #7f0a054d app:id/workspace aid=1073741834}, com.android.launcher3.Hotseat{6171410 V.ED..... ........ 0,2667-1440,3216 #7f0a0241 app:id/hotseat aid=1073741897}]
1791568493.233 10312  6415  6415 D b/417220811: Task id: 15, thumbnailData: null, isLocked: false
1791568493.233 10312  6415  6415 D TaskThumbnailView: [TaskThumbnailView@9c3f2fb] taskId: 15 - uiState changed from: Uninitialized to: BackgroundOnly(backgroundColor=-14211289)
1791568493.235 10312  6415  6415 V BaseDepthController: Applying blur: 30 to Surface(name=VRI-com.android.launcher3/com.android.launcher3.uioverrides.QuickstepLauncher#835)/@0xe3dda70 applyImmediately: false
1791568493.235 10312  6415  6415 D BaseDepthController: shouldBlurWorkspace: false targetState: Overview currentStableState: Normal mCurrentBlur: 30 mLauncher.getDepthBlurTargets(): [com.android.launcher3.Workspace{772015b V.ED..... .......D 0,0-1440,3216 #7f0a054d app:id/workspace aid=1073741834}, com.android.launcher3.Hotseat{6171410 V.ED..... ........ 0,2667-1440,3216 #7f0a0241 app:id/hotseat aid=1073741897}]
1791568493.236 10312  6415  6415 D b/417220811: Task id: 23, thumbnailData: null, isLocked: false
1791568493.236 10312  6415  6415 D TaskThumbnailView: [TaskThumbnailView@9e29e99] taskId: 23 - uiState changed from: Uninitialized to: BackgroundOnly(backgroundColor=-16777216)
1791568493.243 10312  6415  6415 V BaseDepthController: Applying blur: 30 to Surface(name=VRI-com.android.launcher3/com.android.launcher3.uioverrides.QuickstepLauncher#835)/@0xe3dda70 applyImmediately: false
1791568493.243 10312  6415  6415 D BaseDepthController: shouldBlurWorkspace: false targetState: Overview currentStableState: Normal mCurrentBlur: 30 mLauncher.getDepthBlurTargets(): [com.android.launcher3.Workspace{772015b V.ED..... .......D 0,0-1440,3216 #7f0a054d app:id/workspace aid=1073741834}, com.android.launcher3.Hotseat{6171410 V.ED..... ........ 0,2667-1440,3216 #7f0a0241 app:id/hotseat aid=1073741897}]
1791568493.251 10312  6415  6415 V BaseDepthController: Applying blur: 30 to Surface(name=VRI-com.android.launcher3/com.android.launcher3.uioverrides.QuickstepLauncher#835)/@0xe3dda70 applyImmediately: false
1791568493.251 10312  6415  6415 D BaseDepthController: shouldBlurWorkspace: false targetState: Overview currentStableState: Normal mCurrentBlur: 30 mLauncher.getDepthBlurTargets(): [com.android.launcher3.Workspace{772015b V.ED..... .......D 0,0-1440,3216 #7f0a054d app:id/workspace aid=1073741834}, com.android.launcher3.Hotseat{6171410 V.ED..... ........ 0,2667-1440,3216 #7f0a0241 app:id/hotseat aid=1073741897}]
1791568493.256 10280  6572 25356 I NearbyMediums: No BLE Fast/GATT advertisements found in the latest cycle.
1791568493.256 10280  6572 25356 I NearbyMediums: Current Tracked Scanning Clients are : {NearbyConnections.EnvironmentMonitor, NearbySharing, NearbyConnections.TxAdvertisement}
1791568493.261 10312  6415  6415 V BaseDepthController: Applying blur: 30 to Surface(name=VRI-com.android.launcher3/com.android.launcher3.uioverrides.QuickstepLauncher#835)/@0xe3dda70 applyImmediately: false
1791568493.261 10312  6415  6415 D BaseDepthController: shouldBlurWorkspace: false targetState: Overview currentStableState: Normal mCurrentBlur: 30 mLauncher.getDepthBlurTargets(): [com.android.launcher3.Workspace{772015b V.ED..... .......D 0,0-1440,3216 #7f0a054d app:id/workspace aid=1073741834}, com.android.launcher3.Hotseat{6171410 V.ED..... ........ 0,2667-1440,3216 #7f0a0241 app:id/hotseat aid=1073741897}]
1791568493.263 10312  6415  6473 D b/417220811: Current thumbnail: null, replacing with android.graphics.Bitmap@9c3bc18
1791568493.263 10312  6415  6415 D TaskThumbnailView: [TaskThumbnailView@9e29e99] taskId: 23 - uiState changed from: BackgroundOnly(backgroundColor=-16777216) to: SnapshotSplash(snapshot=Snapshot(bitmap=android.graphics.Bitmap@9c3bc18, thumbnailRotation=0, backgroundColor=-16777216), splash=null)
1791568493.267 10312  6415  6415 V BaseDepthController: Applying blur: 30 to Surface(name=VRI-com.android.launcher3/com.android.launcher3.uioverrides.QuickstepLauncher#835)/@0xe3dda70 applyImmediately: false
1791568493.267 10312  6415  6415 D BaseDepthController: shouldBlurWorkspace: false targetState: Overview currentStableState: Normal mCurrentBlur: 30 mLauncher.getDepthBlurTargets(): [com.android.launcher3.Workspace{772015b V.ED..... .......D 0,0-1440,3216 #7f0a054d app:id/workspace aid=1073741834}, com.android.launcher3.Hotseat{6171410 V.ED..... ........ 0,2667-1440,3216 #7f0a0241 app:id/hotseat aid=1073741897}]
1791568493.275 10312  6415  6415 V BaseDepthController: Applying blur: 30 to Surface(name=VRI-com.android.launcher3/com.android.launcher3.uioverrides.QuickstepLauncher#835)/@0xe3dda70 applyImmediately: false
1791568493.275 10312  6415  6415 D BaseDepthController: shouldBlurWorkspace: false targetState: Overview currentStableState: Normal mCurrentBlur: 30 mLauncher.getDepthBlurTargets(): [com.android.launcher3.Workspace{772015b V.ED..... .......D 0,0-1440,3216 #7f0a054d app:id/workspace aid=1073741834}, com.android.launcher3.Hotseat{6171410 V.ED..... ........ 0,2667-1440,3216 #7f0a0241 app:id/hotseat aid=1073741897}]
1791568493.277 10312  6415  6415 D TaskThumbnailView: [TaskThumbnailView@9e29e99] taskId: 23 - uiState changed from: SnapshotSplash(snapshot=Snapshot(bitmap=android.graphics.Bitmap@9c3bc18, thumbnailRotation=0, backgroundColor=-16777216), splash=null) to: SnapshotSplash(snapshot=Snapshot(bitmap=android.graphics.Bitmap@9c3bc18, thumbnailRotation=0, backgroundColor=-16777216), splash=com.android.launcher3.icons.FastBitmapDrawable@388fde1)
1791568493.283 10312  6415  6415 V BaseDepthController: Applying blur: 30 to Surface(name=VRI-com.android.launcher3/com.android.launcher3.uioverrides.QuickstepLauncher#835)/@0xe3dda70 applyImmediately: false
1791568493.284 10312  6415  6415 D BaseDepthController: shouldBlurWorkspace: false targetState: Overview currentStableState: Normal mCurrentBlur: 30 mLauncher.getDepthBlurTargets(): [com.android.launcher3.Workspace{772015b V.ED..... .......D 0,0-1440,3216 #7f0a054d app:id/workspace aid=1073741834}, com.android.launcher3.Hotseat{6171410 V.ED..... ........ 0,2667-1440,3216 #7f0a0241 app:id/hotseat aid=1073741897}]
1791568493.292 10312  6415  6415 V BaseDepthController: Applying blur: 30 to Surface(name=VRI-com.android.launcher3/com.android.launcher3.uioverrides.QuickstepLauncher#835)/@0xe3dda70 applyImmediately: false
1791568493.292 10312  6415  6415 D BaseDepthController: shouldBlurWorkspace: false targetState: Overview currentStableState: Normal mCurrentBlur: 30 mLauncher.getDepthBlurTargets(): [com.android.launcher3.Workspace{772015b V.ED..... .......D 0,0-1440,3216 #7f0a054d app:id/workspace aid=1073741834}, com.android.launcher3.Hotseat{6171410 V.ED..... ........ 0,2667-1440,3216 #7f0a0241 app:id/hotseat aid=1073741897}]
1791568493.311 10312  6415  6415 V BaseDepthController: Applying blur: 30 to Surface(name=VRI-com.android.launcher3/com.android.launcher3.uioverrides.QuickstepLauncher#835)/@0xe3dda70 applyImmediately: false
1791568493.311 10312  6415  6415 D BaseDepthController: shouldBlurWorkspace: false targetState: Overview currentStableState: Normal mCurrentBlur: 30 mLauncher.getDepthBlurTargets(): [com.android.launcher3.Workspace{772015b V.ED..... .......D 0,0-1440,3216 #7f0a054d app:id/workspace aid=1073741834}, com.android.launcher3.Hotseat{6171410 V.ED..... ........ 0,2667-1440,3216 #7f0a0241 app:id/hotseat aid=1073741897}]
1791568493.317 10312  6415  6415 V BaseDepthController: Applying blur: 30 to Surface(name=VRI-com.android.launcher3/com.android.launcher3.uioverrides.QuickstepLauncher#835)/@0xe3dda70 applyImmediately: false
1791568493.317 10312  6415  6415 D BaseDepthController: shouldBlurWorkspace: false targetState: Overview currentStableState: Normal mCurrentBlur: 30 mLauncher.getDepthBlurTargets(): [com.android.launcher3.Workspace{772015b V.ED..... .......D 0,0-1440,3216 #7f0a054d app:id/workspace aid=1073741834}, com.android.launcher3.Hotseat{6171410 V.ED..... ........ 0,2667-1440,3216 #7f0a0241 app:id/hotseat aid=1073741897}]
1791568493.325 10445 17246 17462 E msys    : E[N mns:DGWClient]_LogError(394)=>Failed to resolve using system DNS resolver, getaddrinfo(): No address associated with hostname
1791568493.326 10312  6415  6415 V BaseDepthController: Applying blur: 30 to Surface(name=VRI-com.android.launcher3/com.android.launcher3.uioverrides.QuickstepLauncher#835)/@0xe3dda70 applyImmediately: false
1791568493.326 10312  6415  6415 D BaseDepthController: shouldBlurWorkspace: false targetState: Overview currentStableState: Normal mCurrentBlur: 30 mLauncher.getDepthBlurTargets(): [com.android.launcher3.Workspace{772015b V.ED..... .......D 0,0-1440,3216 #7f0a054d app:id/workspace aid=1073741834}, com.android.launcher3.Hotseat{6171410 V.ED..... ........ 0,2667-1440,3216 #7f0a0241 app:id/hotseat aid=1073741897}]
1791568493.342 10312  6415  6415 V BaseDepthController: Applying blur: 30 to Surface(name=VRI-com.android.launcher3/com.android.launcher3.uioverrides.QuickstepLauncher#835)/@0xe3dda70 applyImmediately: false
1791568493.342 10312  6415  6415 D BaseDepthController: shouldBlurWorkspace: false targetState: Overview currentStableState: Normal mCurrentBlur: 30 mLauncher.getDepthBlurTargets(): [com.android.launcher3.Workspace{772015b V.ED..... .......D 0,0-1440,3216 #7f0a054d app:id/workspace aid=1073741834}, com.android.launcher3.Hotseat{6171410 V.ED..... ........ 0,2667-1440,3216 #7f0a0241 app:id/hotseat aid=1073741897}]
1791568493.350 10312  6415  6415 V BaseDepthController: Applying blur: 30 to Surface(name=VRI-com.android.launcher3/com.android.launcher3.uioverrides.QuickstepLauncher#835)/@0xe3dda70 applyImmediately: false
1791568493.351 10312  6415  6415 D BaseDepthController: shouldBlurWorkspace: false targetState: Overview currentStableState: Normal mCurrentBlur: 30 mLauncher.getDepthBlurTargets(): [com.android.launcher3.Workspace{772015b V.ED..... .......D 0,0-1440,3216 #7f0a054d app:id/workspace aid=1073741834}, com.android.launcher3.Hotseat{6171410 V.ED..... ........ 0,2667-1440,3216 #7f0a0241 app:id/hotseat aid=1073741897}]
1791568493.356  1000  1633  1773 E minksocket: MinkIPC_QRTR_Service: client with node 1 port 47a0 went down
1791568493.359 10312  6415  6415 V BaseDepthController: Applying blur: 30 to Surface(name=VRI-com.android.launcher3/com.android.launcher3.uioverrides.QuickstepLauncher#835)/@0xe3dda70 applyImmediately: false
1791568493.359 10312  6415  6415 D BaseDepthController: shouldBlurWorkspace: false targetState: Overview currentStableState: Normal mCurrentBlur: 30 mLauncher.getDepthBlurTargets(): [com.android.launcher3.Workspace{772015b V.ED..... .......D 0,0-1440,3216 #7f0a054d app:id/workspace aid=1073741834}, com.android.launcher3.Hotseat{6171410 V.ED..... ........ 0,2667-1440,3216 #7f0a0241 app:id/hotseat aid=1073741897}]
1791568493.361  1000  1743 25699 D vendor.qti.vibrator: Notifying perform complete
1791568493.361  1000  1743  1743 D vendor.qti.vibrator: QTI Vibrator off
1791568493.362  1000  1743  1743 E aw8697_activate_store: value=0
1791568493.362  1000  1633  1773 E minksocket: MinkIPC_QRTR_Service: client with node 1 port 47a4 went down
1791568493.365  1000  1743  1743 I aw8697_activate_store: value=0
1791568493.367 10312  6415  6415 V BaseDepthController: Applying blur: 30 to Surface(name=VRI-com.android.launcher3/com.android.launcher3.uioverrides.QuickstepLauncher#835)/@0xe3dda70 applyImmediately: false
1791568493.367 10312  6415  6415 D BaseDepthController: shouldBlurWorkspace: false targetState: Overview currentStableState: Normal mCurrentBlur: 30 mLauncher.getDepthBlurTargets(): [com.android.launcher3.Workspace{772015b V.ED..... .......D 0,0-1440,3216 #7f0a054d app:id/workspace aid=1073741834}, com.android.launcher3.Hotseat{6171410 V.ED..... ........ 0,2667-1440,3216 #7f0a0241 app:id/hotseat aid=1073741897}]
1791568493.372 10303  5894  6482 W LocaleConfig: The resource file pointed to by the given resource ID isn't found.
1791568493.379 10312  6415  6415 V BaseDepthController: Applying blur: 30 to Surface(name=VRI-com.android.launcher3/com.android.launcher3.uioverrides.QuickstepLauncher#835)/@0xe3dda70 applyImmediately: false
1791568493.379 10312  6415  6415 D BaseDepthController: shouldBlurWorkspace: false targetState: Overview currentStableState: Normal mCurrentBlur: 30 mLauncher.getDepthBlurTargets(): [com.android.launcher3.Workspace{772015b V.ED..... .......D 0,0-1440,3216 #7f0a054d app:id/workspace aid=1073741834}, com.android.launcher3.Hotseat{6171410 I.ED..... .......D 0,2667-1440,3216 #7f0a0241 app:id/hotseat aid=1073741897}]
1791568493.380 10312  6415  6415 D StatsLog: LAUNCHER_OVERVIEW_GESTURE
1791568493.409  1000  1710  1710 D IRIS_LOG_SERV: video start playing, layer221 z-order 4 at fps: 45347
1791568493.419  1000  1710  1710 D IRIS_LOG_SERV: video stop playing
1791568493.475  1000  5328  7075 W ApplicationInfo: Large ApplicationInfo parcel: size=24372 package=com.zhiliaoapp.musically splits=69 sharedLibs=8 resDirs=6 overlayPaths=6
1791568493.509  1000  5328  7075 W ApplicationInfo: Large ApplicationInfo parcel: size=24372 package=com.zhiliaoapp.musically splits=69 sharedLibs=8 resDirs=6 overlayPaths=6
1791568493.571 10303  5894  5894 W LocaleConfig: The resource file pointed to by the given resource ID isn't found.
1791568493.576 10303  5894  6482 W AsyncRowInflater: Failed to inflate resource in the background! Retrying on the UI thread
1791568493.576 10303  5894  6482 W AsyncRowInflater: android.view.InflateException: Binary XML file line #19 in com.android.systemui:layout/status_bar_notification_row: should be called from the main thread. sMainLooper.threadName=main Thread.currentThread()=NotifInflation
1791568493.576 10303  5894  6482 W AsyncRowInflater: Caused by: java.lang.IllegalStateException: should be called from the main thread. sMainLooper.threadName=main Thread.currentThread()=NotifInflation
1791568493.576 10303  5894  6482 W AsyncRowInflater: 	at com.android.systemui.util.Assert$$ExternalSyntheticBUOutline0.m(go/retraceme 28439c5fda74c23409abdc1e4f815f97c5b2cc073ab68a9eb796a2cb5693c4b9:20)
1791568493.576 10303  5894  6482 W AsyncRowInflater: 	at com.android.systemui.util.Assert.isMainThread(go/retraceme 28439c5fda74c23409abdc1e4f815f97c5b2cc073ab68a9eb796a2cb5693c4b9:39)
1791568493.576 10303  5894  6482 W AsyncRowInflater: 	at com.android.systemui.statusbar.notification.row.NotificationBackgroundView.setBlurBackgroundEnabled(go/retraceme 28439c5fda74c23409abdc1e4f815f97c5b2cc073ab68a9eb796a2cb5693c4b9:0)
1791568493.576 10303  5894  6482 W AsyncRowInflater: 	at com.android.systemui.statusbar.notification.row.ActivatableNotificationView.onFinishInflate(go/retraceme 28439c5fda74c23409abdc1e4f815f97c5b2cc073ab68a9eb796a2cb5693c4b9:47)
1791568493.576 10303  5894  6482 W AsyncRowInflater: 	at com.android.systemui.statusbar.notification.row.ExpandableNotificationRow.onFinishInflate(go/retraceme 28439c5fda74c23409abdc1e4f815f97c5b2cc073ab68a9eb796a2cb5693c4b9:0)
1791568493.576 10303  5894  6482 W AsyncRowInflater: 	at android.view.LayoutInflater.rInflate(LayoutInflater.java:1069)
1791568493.576 10303  5894  6482 W AsyncRowInflater: 	at android.view.LayoutInflater.rInflateChildren(LayoutInflater.java:1016)
1791568493.576 10303  5894  6482 W AsyncRowInflater: 	at android.view.LayoutInflater.inflate(LayoutInflater.java:601)
1791568493.576 10303  5894  6482 W AsyncRowInflater: 	at android.view.LayoutInflater.inflate(LayoutInflater.java:492)
1791568493.576 10303  5894  6482 W AsyncRowInflater: 	at com.android.systemui.statusbar.notification.row.AsyncRowInflater$inflate$1.invokeSuspend(go/retraceme 28439c5fda74c23409abdc1e4f815f97c5b2cc073ab68a9eb796a2cb5693c4b9:57)
1791568493.576 10303  5894  6482 W AsyncRowInflater: 	at kotlin.coroutines.jvm.internal.BaseContinuationImpl.resumeWith(go/retraceme 28439c5fda74c23409abdc1e4f815f97c5b2cc073ab68a9eb796a2cb5693c4b9:7)
1791568493.576 10303  5894  6482 W AsyncRowInflater: 	at kotlinx.coroutines.DispatchedTask.run(go/retraceme 28439c5fda74c23409abdc1e4f815f97c5b2cc073ab68a9eb796a2cb5693c4b9:111)
1791568493.576 10303  5894  6482 W AsyncRowInflater: 	at android.os.Handler.handleCallback(Handler.java:1095)
1791568493.576 10303  5894  6482 W AsyncRowInflater: 	at android.os.Handler.dispatchMessageImpl(Handler.java:135)
1791568493.576 10303  5894  6482 W AsyncRowInflater: 	at android.os.Handler.dispatchMessage(Handler.java:125)
1791568493.576 10303  5894  6482 W AsyncRowInflater: 	at android.os.Looper.loopOnce(Looper.java:296)
1791568493.576 10303  5894  6482 W AsyncRowInflater: 	at android.os.Looper.loop(Looper.java:397)
1791568493.576 10303  5894  6482 W AsyncRowInflater: 	at android.os.HandlerThread.run(HandlerThread.java:139)
1791568493.584 10303  5894  6482 W LocaleConfig: The resource file pointed to by the given resource ID isn't found.
1791568493.588 10303  5894  6482 W LocaleConfig: The resource file pointed to by the given resource ID isn't found.
1791568493.591 10303  5894  6482 W LocaleConfig: The resource file pointed to by the given resource ID isn't found.
1791568493.654 10303  5894  5894 W NotifRow: cancelAppearDrawing childKey: 0|com.f0x1d.logfox|7|com.oplus.camera|10761 wasDrawing:false
1791568493.656 10303  5894  5894 W NotifRow: cancelAppearDrawing childKey: 0|com.f0x1d.logfox|0|recording|10761 wasDrawing:false
1791568493.670  1000  5328  5515 W ApplicationInfo: Large ApplicationInfo parcel: size=24372 package=com.zhiliaoapp.musically splits=69 sharedLibs=8 resDirs=6 overlayPaths=6
1791568493.673  1000  5328  5515 W ApplicationInfo: Large ApplicationInfo parcel: size=24372 package=com.zhiliaoapp.musically splits=69 sharedLibs=8 resDirs=6 overlayPaths=6
1791568493.682  1000  5328  7075 W ApplicationInfo: Large ApplicationInfo parcel: size=24372 package=com.zhiliaoapp.musically splits=69 sharedLibs=8 resDirs=6 overlayPaths=6
1791568493.747  1000  5328  5510 W ApplicationInfo: Large ApplicationInfo parcel: size=24372 package=com.zhiliaoapp.musically splits=69 sharedLibs=8 resDirs=6 overlayPaths=6
1791568493.753  1000  5328  5515 W ApplicationInfo: Large ApplicationInfo parcel: size=24372 package=com.zhiliaoapp.musically splits=69 sharedLibs=8 resDirs=6 overlayPaths=6
1791568493.758  1000  5328  5515 W ApplicationInfo: Large ApplicationInfo parcel: size=24372 package=com.zhiliaoapp.musically splits=69 sharedLibs=8 resDirs=6 overlayPaths=6
1791568493.783  1000  5328  5515 W ApplicationInfo: Large ApplicationInfo parcel: size=24372 package=com.zhiliaoapp.musically splits=69 sharedLibs=8 resDirs=6 overlayPaths=6
1791568493.790  root 12980 25697 W adbd    : timed out while waiting for FUNCTIONFS_BIND, trying again
1791568493.790  root 12980 25697 I adbd    : UsbFfs: connection terminated: monitor thread finished
1791568493.806  root    43    43 I IRQ 16  : no longer affine to CPU5
1791568493.826  root 12980 12998 I adbd    : opening control endpoint /dev/usb-ffs/adb/ep0
1791568493.826  root 12998 12998 I         : read descriptors
1791568493.826  root 12998 12998 I         : read strings
1791568493.844  1000  5328  5510 W ApplicationInfo: Large ApplicationInfo parcel: size=24372 package=com.zhiliaoapp.musically splits=69 sharedLibs=8 resDirs=6 overlayPaths=6
1791568493.905  1000  5328  5515 W ApplicationInfo: Large ApplicationInfo parcel: size=24372 package=com.zhiliaoapp.musically splits=69 sharedLibs=8 resDirs=6 overlayPaths=6
1791568493.948  1000  5328  5510 W ApplicationInfo: Large ApplicationInfo parcel: size=24372 package=com.zhiliaoapp.musically splits=69 sharedLibs=8 resDirs=6 overlayPaths=6
1791568494.074  1000  1861  1861 D SurfaceFlinger: initiateModeChange 4630946292801050754 {mode={fps=60.00 Hz, modePtr={id=3, vsyncRate=60.00 Hz, peakRefreshRate=60.00 Hz}}, emitEvent=false, force=false}
1791568494.074  1000  1710  1710 D SDM     : IRIS_LOG_HWC::SetActiveConfigWithConstraints:465: 03
1791568494.075  1000  1710  1710 I IRIS_LOG_SERV: config 3, Refresh rate 60, Frame 3216x1440, Current mode 'ABYP'
1791568494.075  1000  1710  1710 D IRIS_LOG_SERV: Service Mode changed to: IRIS_SERVICE_MODE_BYPASS
1791568494.075  1000  1710  1710 I IRIS_LOG_SERV: SetActiveConfig[3]: 60 3216x1440 => 0
1791568494.075  1000  1710  1710 I SDM     : HWDeviceDRM::UpdateMixerAttributes: Mixer WxH 1440x3216-1 for Peripheral
1791568494.076  1000  1710  1710 I SDM     : HWCDisplay::SubmitDisplayConfig: HWC SetActiveConfig [5,3], cur_resolution is (1440, 3216), new_resolution is (1440, 3216)
1791568494.076  1000  1710  1710 I SDM     : HWCDisplay::SubmitDisplayConfig: Active configuration changed to: 3
1791568494.079  1000  1710  1710 D IRIS_LOG_COLR: Use kPbGamut HwConfigPayload
1791568494.097  root   729   729 I [drm:dsi_display_set_mode [msm_drm]] [msm-dsi-info]: mdp_transfer_time=7700, hactive=1440, vactive=3216, fps=60, h_skew=1
1791568494.097  root   729   729 E         : IRIS_LOG I iris_post_switch(), post switch to 1440x3216@60Hz, cmd list 0, switch case ABYP_TO_ABYP
1791568494.097  root   729   729 E         : <AMB670YF01> dsi_cmd qcom,mdss-dsi-adfr-pre-switch-command
1791568494.097  root   729   729 I [drm:oplus_dsi_display_vsync_switch_check_te [msm_drm]] [msm-dsi-info]: kVRR vsync_switch_gpio is already 0
1791568494.097  root   729   729 E         : IRIS_LOG I iris_switch(), return 0, total cost '266 us'
1791568494.097  root   729   729 I [drm:dsi_panel_adfr_status_reset [msm_drm]] [msm-dsi-info]: kVRR auto mode reset: auto mode 0, fakeframe 0, min fps 1
1791568494.100  root   729   729 E         : <AMB670YF01> dsi_cmd qcom,mdss-dsi-post-panel-on-command
1791568494.316  1000  5328  5510 I WifiService: startScan uid=10303
1791568494.322  1000  5328  5569 E Nl80211Native: getChannelsMhzForBand: Wiphy index not recorded for band 8
1791568494.322  1000  5328  5569 E Nl80211Native: getChannelsMhzForBand: Wiphy index not recorded for band 16
1791568494.323  1000  5328  5569 I Nl80211Proxy: Sending Nl80211 message: GenericNetlinkMsg{ nlHeader{StructNlMsgHdr{ nlmsg_len{44}, nlmsg_type{21()}, nlmsg_flags{5(NLM_F_REQUEST|NLM_F_ACK)}, nlmsg_seq{155}, nlmsg_pid{0} }}, genNlHeader{StructGenNlMsgHdr{ command{33}, version{1}, reserved{0} }}, attributes{[StructNlAttr{ nla_len{8}, nla_type{-32723}, nla_value{04000000}, }, StructNlAttr{ nla_len{8}, nla_type{3}, nla_value{1A000000}, }, StructNlAttr{ nla_len{8}, nla_type{158}, nla_value{08040000}, }]} }
1791568494.325  root 18140 18140 D cnss    : Runtime resume start
1791568494.325  root 18140 18140 D cnss    : Resuming PCI link
1791568494.327  1000  5328  5569 I Nl80211Proxy: Received NLMSG_ERROR with error 0 for message GenericNetlinkMsg{ nlHeader{StructNlMsgHdr{ nlmsg_len{44}, nlmsg_type{21()}, nlmsg_flags{5(NLM_F_REQUEST|NLM_F_ACK)}, nlmsg_seq{155}, nlmsg_pid{0} }}, genNlHeader{StructGenNlMsgHdr{ command{33}, version{1}, reserved{0} }}, attributes{[StructNlAttr{ nla_len{8}, nla_type{-32723}, nla_value{04000000}, }, StructNlAttr{ nla_len{8}, nla_type{3}, nla_value{1A000000}, }, StructNlAttr{ nla_len{8}, nla_type{158}, nla_value{08040000}, }]} }
1791568494.328  root 18140 18140 D cnss    : Set PCI link status to: 2
1791568494.328  root 18140 18140 D cnss    : Setting MHI state: RESUME(7)
1791568494.331  root 18140 18140 I [kworke][0x276690b28][17:54:54.331739] wlan: [18140:I:PMO] pmo_core_psoc_send_host_wakeup_ind_to_fw: Host wakeup indication sent to fw
1791568494.336  root     0     0 E [    C0] [soft_i][0x2766a51b0][17: 54:54.336092] wlan: [0:E:WMA] wma_wake_event_packet: Wake reason UNSPECIFIED is not a packet event
1791568494.336  root 18140 18140 D cnss    : Runtime resume status: 0
1791568494.377  root  5774  5774 I [schedu][0x276767a29][17:54:54.377592] wlan: [5774:I:OSIF] scan start scan id 41008
1791568494.386 10278  8686 11778 I PlayCommon: [367] Preparing logs for uploading
1791568494.391 10278  8686 11778 I PlayCommon: [367] Connecting to server: https://play.googleapis.com/play/log?format=raw&proto_v2=true
1791568494.539 10719  9660  9660 D WM-DelayedWorkTracker: Scheduling work 1f40771a-d4a8-486c-8c2e-61ccfab2415c
1791568494.539 10719  9660  9660 D WM-GreedyScheduler: Starting work for 1f40771a-d4a8-486c-8c2e-61ccfab2415c
1791568494.546 10719  9660 10917 D WM-Processor: 0Xj: processing WorkGenerationalId(workSpecId=1f40771a-d4a8-486c-8c2e-61ccfab2415c, generation=0)
1791568494.558 10719  9660  9660 D WM-WorkerWrapper: Starting work for com.facebook.wearable.companion.analytics.heartbeat.MwaHeartbeatWorker
1791568494.577 10719  9660 10981 W OneFabricEventHandler: Event mwa_heartbeat has no session descriptor; using the current session (17 further occurrences suppressed in the last 60000 ms)
1791568494.585  1000  1682  1682 E QTI PowerHAL: Failed to acquire lock.
1791568494.585  1000  1682  1682 E QTI PowerHAL: Failed process_boost for boost_handle
1791568494.592  1000  1861  1861 D SurfaceFlinger: initiateModeChange 4630946292801050754 {mode={fps=120.00 Hz, modePtr={id=5, vsyncRate=120.00 Hz, peakRefreshRate=120.00 Hz}}, emitEvent=false, force=false}
1791568494.593  1000  1710  1710 D SDM     : IRIS_LOG_HWC::SetActiveConfigWithConstraints:465: 05
1791568494.593  1000  1710  1710 I IRIS_LOG_SERV: config 5, Refresh rate 120, Frame 3216x1440, Current mode 'ABYP'
1791568494.593  1000  1710  1710 D IRIS_LOG_SERV: Service Mode changed to: IRIS_SERVICE_MODE_BYPASS
1791568494.593  1000  1710  1710 I IRIS_LOG_SERV: SetActiveConfig[5]: 120 3216x1440 => 0
1791568494.594  1000  1710  1710 I SDM     : HWDeviceDRM::UpdateMixerAttributes: Mixer WxH 1440x3216-1 for Peripheral
1791568494.594  1000  1710  1710 I SDM     : HWCDisplay::SubmitDisplayConfig: HWC SetActiveConfig [3,5], cur_resolution is (1440, 3216), new_resolution is (1440, 3216)
1791568494.594  1000  1710  1710 I SDM     : HWCDisplay::SubmitDisplayConfig: Active configuration changed to: 5
1791568494.596  1000  1710  1710 D IRIS_LOG_COLR: Use kPbGamut HwConfigPayload
1791568494.601  root   729   729 E         : [drm:_sde_crtc_blend_setup_mixer:1602] do not config dimlayer at the fps switch
1791568494.603  root   729   729 I [drm:dsi_display_set_mode [msm_drm]] [msm-dsi-info]: mdp_transfer_time=7700, hactive=1440, vactive=3216, fps=120, h_skew=0
1791568494.603  root   729   729 E         : IRIS_LOG I iris_post_switch(), post switch to 1440x3216@120Hz, cmd list 0, switch case ABYP_TO_ABYP
1791568494.603  root   729   729 E         : <AMB670YF01> dsi_cmd qcom,mdss-dsi-adfr-pre-switch-command
1791568494.603  root   729   729 I [drm:oplus_dsi_display_vsync_switch_check_te [msm_drm]] [msm-dsi-info]: kVRR vsync_switch_gpio is already 0
1791568494.603  root   729   729 E         : IRIS_LOG I iris_switch(), return 0, total cost '259 us'
1791568494.604  root   729   729 I [drm:dsi_panel_adfr_status_reset [msm_drm]] [msm-dsi-info]: kVRR auto mode reset: auto mode 0, fakeframe 1, min fps 0
1791568494.604  root   729   729 E         : <AMB670YF01> dsi_cmd qcom,mdss-dsi-post-panel-on-command
1791568494.638 10719  9660 11365 I WM-WorkerWrapper: Worker result SUCCESS for Work [ id=1f40771a-d4a8-486c-8c2e-61ccfab2415c, tags={ com.facebook.wearable.companion.analytics.heartbeat.MwaHeartbeatWorker } ]
1791568494.642 10719  9660 11365 I WM-WorkerWrapper: Setting status to enqueued for 466ac2e3-3d90-4efe-b8ad-6602f229cd2d
1791568494.642 10719  9660  9660 D WM-Processor: 0Xj 1f40771a-d4a8-486c-8c2e-61ccfab2415c executed; reschedule = false
1791568494.646 10719  9660 11365 D WM-GreedyScheduler: Cancelling work ID 1f40771a-d4a8-486c-8c2e-61ccfab2415c
1791568494.649 10719  9660 11365 D WM-SystemJobScheduler: Scheduling work ID 466ac2e3-3d90-4efe-b8ad-6602f229cd2dJob ID 2121
1791568494.685 10312  6415  6415 D TaskView: [22] - launchWithAnimation - initiating launch, partial trace: 	at com.android.quickstep.views.TaskView.onClick(TaskView.kt:1299)
1791568494.685 10312  6415  6415 D TaskView: 	at com.android.quickstep.views.TaskView.access$onClick(TaskView.kt:123)
1791568494.685 10312  6415  6415 D TaskView: 	at com.android.quickstep.views.TaskView$1.onClick(TaskView.kt:591)
1791568494.689  1000  1682  1682 I QTI PowerHAL: Power setMode: 5 to: 1
1791568494.689  1000  5328  5515 W ActivityTaskManager: callingPackage for (uid=-1, pid=-1) has no WPC
1791568494.689  1000  1682  1682 E QTI PowerHAL: Failed to acquire lock.
1791568494.690  1000  1682  1682 E QTI PowerHAL: Failed process_boost for boost_handle
1791568494.690  1000  1682  1682 E QTI PowerHAL: Failed to perform launch boost
1791568494.693 10303  5894  6285 V RecentTasksController: Notify recent tasks changed
1791568494.697 10303  5894  6285 V WindowManagerShell: Transition requested (#57): android.os.BinderProxy@b33ab93 TransitionRequestInfo { type = TO_FRONT, triggerTask = TaskInfo{userId=0 taskId=22 effectiveUid=10761 displayId=0 isRunning=true baseIntent=Intent { act=android.intent.action.MAIN cat=[android.intent.category.LAUNCHER] flg=0x10200000 cmp=com.f0x1d.logfox/.presentation.ui.activity.MainActivity } baseActivity=ComponentInfo{com.f0x1d.logfox/com.f0x1d.logfox.presentation.ui.activity.MainActivity} topActivity=ComponentInfo{com.f0x1d.logfox/com.f0x1d.logfox.presentation.ui.activity.MainActivity} origActivity=null realActivity=ComponentInfo{com.f0x1d.logfox/com.f0x1d.logfox.presentation.ui.activity.MainActivity} realActivityIsAppLockEnabled=false numActivities=1 lastActiveTime=540487 supportsMultiWindow=true supportsMultiWindowWithoutConstraints=true resizeMode=1 isResizeable=true minWidth=-1 minHeight=-1 defaultMinSize=220 token=WCT{android.os.BinderProxy@6b91d3d} topActivityType=1 pictureInPictureParams=null shouldDockBigOverlays=false launchIntoPipHostTaskId=-1 lastParentTaskIdBeforePip=-1 displayCutoutSafeInsets=Rect(0, 126 - 0, 0) topActivityInfo=ActivityInfo{9f907d0 com.f0x1d.logfox.presentation.ui.activity.MainActivity} launchCookies=[android.os.BinderProxy@bf9c683] positionInParent=Point(0, 0) parentTaskId=-1 isFocused=false isInteractive=false isVisible=false isVisibleRequested=false isTopActivityNoDisplay=false isSleeping=false locusId=null displayAreaFeatureId=1 isTopActivityTransparent=false isActivityStackTransparent=false lastNonFullscreenBounds=null leafTaskBoundsFromOptions= false capturedLink=null capturedLinkTimestamp=0 requestedVisibleTypes=503 topActivityRequestOpenInBrowserEducationTimestamp=0 appCompatTaskInfo=AppCompatTaskInfo { topActivityInSizeCompat=false isLeafTask= true eligibleForLetterboxEducation= false isLetterboxEducationEnabled= false isLetterboxDoubleTapEnabled= false eligibleForUserAspectRatioButton= false topActivityBoundsLetterboxed= false isFromLetterboxDoubleTap= false topActivityLetterboxVerticalPosition= -1 topActivityLetterboxHorizontalPosition= -1 topActivityLetterboxWidth=-1 topActivityLetterboxHeight=-1 topActivityAppBounds=Rect(0, 0 - 1440, 3216) isUserFullscreenOverrideEnabled=false isSystemFullscreenOverrideEnabled=false hasMinAspectRatioOverride=false topActivityLetterboxBounds=null topNonResizableActivityAspectRatio=-1.0} topActivityMainWindowFrame=null isAppBubble=false isTopAppLocked=false}, pipChange = null, remoteTransitionInfo = RemoteTransitionInfo { remoteTransition = android.window.IRemoteTransition$Stub$Proxy@b536ace, debugName = QuickstepLaunch, filter = null }, displayChanges = null, requestedLocation = null, userChange = null, windowingLayerChange = null, fullscreenRequestChange = null, flags = 0, debugId = 57 }
1791568494.697 10303  5894  6285 W DisconnectHandler: No disconnect change found in the transition, not handling request.
1791568494.697  1000  5328  5377 D OomAdjuster: Not killing cached processes
1791568494.697 10303  5894  6285 W DisconnectHandler: No disconnect change found in the transition, not handling request.
1791568494.698 10303  5894  6285 V ShellDesktopMode: DesktopTasksController: skipping handleRequest reason=triggerTask's display doesn't support desktop mode
1791568494.698 10312  6415  6415 D TaskView: launchAsStaticTile - startActivityFromRecents: [22]
1791568494.698 10303  5894  6285 D ShellSplitScreen: logExit: no-op, mLoggerSessionId is null
1791568494.698 10303  5894  6285 V WindowManagerShell: RemoteTransition directly requested for (#57) android.os.BinderProxy@b33ab93: RemoteTransition { remoteTransition = android.window.IRemoteTransition$Stub$Proxy@b536ace, appThread = null, debugName = QuickstepLaunch, filter = null }
1791568494.698 10303  5894  6285 V WindowManagerShell: Transition (#57): request handled by DefaultMixedHandler
1791568494.698 10312  6415  6415 D StatsLog: LAUNCHER_TASK_LAUNCH_TAP
1791568494.699 10303  5894  6285 D WindowManagerShell: onActivityRestartAttempt: topActivity=ComponentInfo{com.f0x1d.logfox/com.f0x1d.logfox.presentation.ui.activity.MainActivity}, wasVisible=false, displayId=0, pipDisplayLayoutState#displayId=0
1791568494.710 10303  5894  6349 V SnapshotDrawerUtils: Drawing snapshot surface sizeMismatch=false
1791568494.705 10385  9037  9037 W OctW-t-1: type=1400 audit(0.0:134707): avc:  denied  { read } for  name="cache" dev="dm-2" ino=17 scontext=u:r:untrusted_app_34:s0:c129,c257,c512,c768 tcontext=u:object_r:cache_file:s0 tclass=lnk_file permissive=0 app=com.garanti.cepsubesi
1791568494.713 10312  6415  6415 D RecentTasksList: invalidateLoadedTasks - previous requestLoadId: 113
1791568494.709 10385  9037  9037 W OctW-t-6: type=1400 audit(0.0:134708): avc:  denied  { read } for  name="cache" dev="dm-2" ino=17 scontext=u:r:untrusted_app_34:s0:c129,c257,c512,c768 tcontext=u:object_r:cache_file:s0 tclass=lnk_file permissive=0 app=com.garanti.cepsubesi
1791568494.709 10385  9037  9037 W OctW-t-4: type=1400 audit(0.0:134709): avc:  denied  { read } for  name="cache" dev="dm-2" ino=17 scontext=u:r:untrusted_app_34:s0:c129,c257,c512,c768 tcontext=u:object_r:cache_file:s0 tclass=lnk_file permissive=0 app=com.garanti.cepsubesi
1791568494.716  1000  5328  5477 D WindowManager: setClientSurface Surface(name=SnapshotStartingWindow for taskId=22 - task-snapshot-surface#863)/@0xe7e9a8 for 5dc0dcb SnapshotStartingWindow for taskId=22
1791568494.717 10312  6415  6415 W SplitSelectStateCtor: Missing session instanceIds
1791568494.717 10312  6415  6415 D StatsLog: LAUNCHER_SPLIT_SELECTION_EXIT_INTERRUPTED
1791568494.727  1000  5328  5374 V WindowManager: Sent Transition (#57) createdAt=10-09 20:54:54.690 via request=TransitionRequestInfo { type = TO_FRONT, triggerTask = TaskInfo{userId=0 taskId=22 effectiveUid=10761 displayId=0 isRunning=true baseIntent=Intent { act=android.intent.action.MAIN cat=[android.intent.category.LAUNCHER] flg=0x10200000 cmp=com.f0x1d.logfox/.presentation.ui.activity.MainActivity } baseActivity=ComponentInfo{com.f0x1d.logfox/com.f0x1d.logfox.presentation.ui.activity.MainActivity} topActivity=ComponentInfo{com.f0x1d.logfox/com.f0x1d.logfox.presentation.ui.activity.MainActivity} origActivity=null realActivity=ComponentInfo{com.f0x1d.logfox/com.f0x1d.logfox.presentation.ui.activity.MainActivity} realActivityIsAppLockEnabled=false numActivities=1 lastActiveTime=540487 supportsMultiWindow=true supportsMultiWindowWithoutConstraints=true resizeMode=1 isResizeable=true minWidth=-1 minHeight=-1 defaultMinSize=220 token=WCT{RemoteToken{4929d52 Task{514f88f #22 type=standard A=10761:com.f0x1d.logfox}}} topActivityType=1 pictureInPictureParams=null shouldDockBigOverlays=false launchIntoPipHostTaskId=-1 lastParentTaskIdBeforePip=-1 displayCutoutSafeInsets=Rect(0, 126 - 0, 0) topActivityInfo=ActivityInfo{dc82823 com.f0x1d.logfox.presentation.ui.activity.MainActivity} launchCookies=[android.os.BinderProxy@885f120] positionInParent=Point(0, 0) parentTaskId=-1 isFocused=false isInteractive=false isVisible=false isVisibleRequested=false isTopActivityNoDisplay=false isSleeping=false locusId=null displayAreaFeatureId=1 isTopActivityTransparent=false isActivityStackTransparent=false lastNonFullscreenBounds=null leafTaskBoundsFromOptions= false capturedLink=null capturedLinkTimestamp=0 requestedVisibleTypes=503 topActivityRequestOpenInBrowserEducationTimestamp=0 appCompatTaskInfo=AppCompatTaskInfo { topActivityInSizeCompat=false isLeafTask= true eligibleForLetterboxEducation= false isLetterboxEducationEnabled= false isLetterboxDoubleTapEnabled= false eligibleForUserAspectRatioButton= false topActivityBoundsLetterboxed= false isFromLetterboxDoubleTap= false topActivityLetterboxVerticalPosition= -1 topActivityLetterboxHorizontalPosition= -1 topActivityLetterboxWidth=-1 topActivityLetterboxHeight=-1 topActivityAppBounds=Rect(0, 0 - 1440, 3216) isUserFullscreenOverrideEnabled=false isSystemFullscreenOverrideEnabled=false hasMinAspectRatioOverride=false topActivityLetterboxBounds=null topNonResizableActivityAspectRatio=-1.0} topActivityMainWindowFrame=null isAppBubble=false isTopAppLocked=false}, pipChange = null, remoteTransitionInfo = RemoteTransitionInfo { remoteTransition = android.window.IRemoteTransition$Stub$Proxy@1d9fc66, debugName = QuickstepLaunch, filter = null }, displayChanges = null, requestedLocation = null, userChange = null, windowingLayerChange = null, fullscreenRequestChange = null, flags = 0, debugId = 57 }
1791568494.727  1000  5328  5374 V WindowManager:     startWCT=WindowContainerTransaction { changes= {} hops= [] flags= 0 errorCallbackToken=null taskFragmentOrganizer=null }
1791568494.727  1000  5328  5374 V WindowManager:     info={id=57 t=TO_FRONT f=0x0 trk=0 r=[0@Point(0, 0)] c=[
1791568494.727  1000  5328  5374 V WindowManager:         {WCT{RemoteToken{4929d52 Task{514f88f #22 type=standard A=10761:com.f0x1d.logfox}}} m=TO_FRONT f=MOVE_TO_TOP|FLAG_CHANGED_INTERACTIVE leash=Surface(name=Task=22#806)/@0x8a1adb4 sb=Rect(0, 0 - 1440, 3216) eb=Rect(0, 0 - 1440, 3216) epz=Point(1440, 3216) d=0 taskParent=-1 winMode=1 userId=0},
1791568494.727  1000  5328  5374 V WindowManager:         {WCT{RemoteToken{b89a0a4 Task{4848b70 #1 type=home}}} m=TO_BACK f=SHOW_WALLPAPER|FLAG_CHANGED_INTERACTIVE leash=Surface(name=Task=1#35)/@0x38a3836 sb=Rect(0, 0 - 1440, 3216) eb=Rect(0, 0 - 1440, 3216) epz=Point(1440, 3216) d=0 taskParent=-1 winMode=1 userId=0},
1791568494.727  1000  5328  5374 V WindowManager:         {m=TO_BACK f=IS_WALLPAPER leash=Surface(name=WallpaperWindowToken{9a739ed}#76)/@0x1aeaae6 sb=Rect(0, 0 - 1440, 3216) eb=Rect(0, 0 - 1440, 3216) epz=Point(1440, 3216) d=0}
1791568494.727  1000  5328  5374 V WindowManager:     ]}
1791568494.730 10761 23794 23794 D WindowOnBackDispatcher: setTopOnBackInvokedCallback (unwrapped): s5.k@98fb652
1791568494.730 10303  5894  6120 V WindowManagerShell: onTransitionReady(transaction=22883585761361)
1791568494.731 10303  5894  6285 V WindowManagerShell: onTransitionReady (#57) android.os.BinderProxy@b33ab93: {id=57 t=TO_FRONT f=0x0 trk=0 r=[0@Point(0, 0)] c=[
1791568494.731 10303  5894  6285 V WindowManagerShell:         {m=TO_FRONT f=MOVE_TO_TOP|FLAG_CHANGED_INTERACTIVE leash=Surface(name=Task=22#806)/@0x203f385 sb=Rect(0, 0 - 1440, 3216) eb=Rect(0, 0 - 1440, 3216) epz=Point(1440, 3216) d=0 taskParent=-1 winMode=1 userId=0},
1791568494.731 10303  5894  6285 V WindowManagerShell:         {m=TO_BACK f=SHOW_WALLPAPER|FLAG_CHANGED_INTERACTIVE leash=Surface(name=Task=1#35)/@0xdbf65da sb=Rect(0, 0 - 1440, 3216) eb=Rect(0, 0 - 1440, 3216) epz=Point(1440, 3216) d=0 taskParent=-1 winMode=1 userId=0},
1791568494.731 10303  5894  6285 V WindowManagerShell:         {m=TO_BACK f=IS_WALLPAPER leash=Surface(name=WallpaperWindowToken{9a739ed}#76)/@0xc22fa0b sb=Rect(0, 0 - 1440, 3216) eb=Rect(0, 0 - 1440, 3216) epz=Point(1440, 3216) d=0}
1791568494.731 10303  5894  6285 V WindowManagerShell:     ]}
1791568494.732 10303  5894  6285 V WindowManagerShell: Playing animation for (#57) android.os.BinderProxy@b33ab93@0
1791568494.732 10303  5894  6285 V WindowManagerShell:  try firstHandler com.android.wm.shell.transition.DefaultMixedHandler@95f4c18
1791568494.732 10303  5894  6285 V WindowManagerShell: Mixed transition for opening an intent with a remote transition and PIP or Desktop #57
1791568494.732 10303  5894  6285 V WindowManagerShell: tryAnimateOpenIntentWithRemoteAndPipOrDesktop
1791568494.732  1000  5328  5477 D ConnectivityService: requestNetwork for uid/pid:10303/5894 asUid: 10761 activeRequest: null callbackRequest: 723 [NetworkRequest [ REQUEST id=724, [ Capabilities: INTERNET&NOT_RESTRICTED&TRUSTED&NOT_VCN_MANAGED&NOT_BANDWIDTH_CONSTRAINED Uid: 10761 RequestorUid: 10303 RequestorPkg: com.android.systemui UnderlyingNetworks: Null] ]] callback flags: 0 order: 2147483647 isUidTracked: false declaredMethods: AVAIL|BLK
1791568494.732 10303  5894  6285 V WindowManagerShell:  Delegate animation for (#57) to RemoteTransition { remoteTransition = android.window.IRemoteTransition$Stub$Proxy@b536ace, appThread = null, debugName = QuickstepLaunch, filter = null }
1791568494.734 10303  5894  6285 V WindowManagerShell:  animated by firstHandler
1791568494.736 10761 23794 23794 I Surface : Creating surface for consumer unnamed-23794-5 with slotExpansion=1 for 64 slots
1791568494.736 10761 23794 23794 I Surface : Creating surface for consumer VRI[MainActivity]#5(BLAST Consumer)5 with slotExpansion=1 for 64 slots
1791568494.738  1000  5328  5572 D ConnectivityService: NetReassign [724 : null → 100] [c 0] [a 1] [i 4]
1791568494.739  1000  5328  5564 D WifiNetworkFactory: got request NetworkRequest [ REQUEST id=724, [ Capabilities: INTERNET&NOT_RESTRICTED&TRUSTED&NOT_VCN_MANAGED&NOT_BANDWIDTH_CONSTRAINED Uid: 10761 RequestorUid: 10303 RequestorPkg: com.android.systemui UnderlyingNetworks: Null] ]
1791568494.739  1000  5328  5564 D UntrustedWifiNetworkFactory: got request NetworkRequest [ REQUEST id=724, [ Capabilities: INTERNET&NOT_RESTRICTED&TRUSTED&NOT_VCN_MANAGED&NOT_BANDWIDTH_CONSTRAINED Uid: 10761 RequestorUid: 10303 RequestorPkg: com.android.systemui UnderlyingNetworks: Null] ]
1791568494.739  1000  5328  5564 D OemPaidWifiNetworkFactory: got request NetworkRequest [ REQUEST id=724, [ Capabilities: INTERNET&NOT_RESTRICTED&TRUSTED&NOT_VCN_MANAGED&NOT_BANDWIDTH_CONSTRAINED Uid: 10761 RequestorUid: 10303 RequestorPkg: com.android.systemui UnderlyingNetworks: Null] ]
1791568494.739  1000  5328  5564 D MultiInternetWifiNetworkFactory: got request NetworkRequest [ REQUEST id=724, [ Capabilities: INTERNET&NOT_RESTRICTED&TRUSTED&NOT_VCN_MANAGED&NOT_BANDWIDTH_CONSTRAINED Uid: 10761 RequestorUid: 10303 RequestorPkg: com.android.systemui UnderlyingNetworks: Null] ]
1791568494.741  1000  5328  5510 D CoreBackPreview: Window{a8ff4c u0 com.f0x1d.logfox/com.f0x1d.logfox.presentation.ui.activity.MainActivity}: Setting back callback OnBackInvokedCallbackInfo{mCallback=android.window.IOnBackInvokedCallback$Stub$Proxy@94c83fd, mPriority=0, mIsAnimationCallback=true, mOverrideBehavior=0}
1791568494.741  1000  5328  5510 D WindowManager: setClientSurface Surface(name=VRI-com.f0x1d.logfox/com.f0x1d.logfox.presentation.ui.activity.MainActivity#865)/@0x87978f2 for a8ff4c com.f0x1d.logfox/com.f0x1d.logfox.presentation.ui.activity.MainActivity
1791568494.743 10312  6415  6415 D b/311077782: LauncherAnimationRunner.setAnimation
1791568494.753  1000  1682  1682 I QTI PowerHAL: Power setMode: 5 to: 0
1791568494.789 10646 17098 17098 W banktr.ingmobil: type=1400 audit(0.0:134710): avc:  denied  { getattr } for  path="/proc/kallsyms" dev="proc" ino=4026532174 scontext=u:r:untrusted_app_34:s0:c134,c258,c512,c768 tcontext=u:object_r:proc_kallsyms:s0 tclass=file permissive=0 app=com.ingbanktr.ingmobil
1791568494.789 10646 17098 17098 W banktr.ingmobil: type=1400 audit(0.0:134711): avc:  denied  { getattr } for  path="/proc/keys" dev="proc" ino=4026532183 scontext=u:r:untrusted_app_34:s0:c134,c258,c512,c768 tcontext=u:object_r:proc_keys:s0 tclass=file permissive=0 app=com.ingbanktr.ingmobil
1791568494.795 10646 17131 17131 W audit   : audit_lost=133474 audit_rate_limit=5 audit_backlog_limit=64
1791568494.795 10646 17131 17131 E audit   : rate limit exceeded
1791568494.804  1000  5328  5544 I ImeTracker: com.f0x1d.logfox:d458571b: onRequestHide at ORIGIN_SERVER reason HIDE_UNSPECIFIED_WINDOW fromUser false userId 0 displayId 0
1791568494.805 10761 23794 23794 D InsetsController: hide(ime())
1791568494.805 10761 23794 23794 I ImeTracker: com.f0x1d.logfox:d458571b: onCancelled at PHASE_CLIENT_ALREADY_HIDDEN
1791568494.806 10384  8017  8017 I SubtypeOperator: SubtypeOperator$1.onUnbindInput():43
1791568494.807 10384  8017  8017 I SubtypeOperator: SubtypeOperator$1.onBindInput():33
1791568494.808  1000  5328  5544 W InputChannel-JNI: Channel already disposed.
1791568494.808 10384  8017  8017 I GoogleInputMethodService: GoogleInputMethodService.onFinishInput():2404
1791568494.809 10384  8017  8017 I GoogleInputMethodService: GoogleInputMethodService.onStartInput():1552 onStartInput(EditorInfo{EditorInfo{packageName=com.f0x1d.logfox, inputType=0, inputTypeString=NULL, enableLearning=false, autoCorrection=false, autoComplete=false, imeOptions=0, privateImeOptions=null, actionName=UNSPECIFIED, actionLabel=null, initialSelStart=-1, initialSelEnd=-1, initialCapsMode=0, label=null, fieldId=0, fieldName=null, extras=null, hintText=null, hintLocales=[]}}, false)
1791568494.810 10384  8017  8017 I LatinInputMethodServiceBase: LatinInputMethodServiceBase.updateInputViewCoverNavigation():360 Update input view padding, isNavbarOverInputWindow=true, bottom inset=134
1791568494.811 10384  8017  8708 I Module  : DeviceLockedStatusModuleProvider$Module.updateDeviceLockedStatusInternal():119 repeatCheckTimes = 0, locked = false
1791568494.811 10384  8017  8708 I Module  : DeviceLockedStatusModuleProvider$Module.updateDeviceLockedStatusInternal():119 repeatCheckTimes = 1, locked = false
1791568494.812  1000  5328  5515 W PackageConfigPersister: App-specific configuration not found for packageName: com.f0x1d.logfox and userId: 0
1791568494.815  1000  5328  5525 I ImeTracker: system_server:9c08c27b: onRequestHide at ORIGIN_SERVER reason IME_REQUESTED_CHANGED_LISTENER fromUser false displayId 0
1791568494.817  1000  5328  5377 I ImeTracker: system_server:9c08c27b: onCancelled at PHASE_SERVER_SHOULD_HIDE
1791568494.819 10383  9433  9433 I csde    : onPause
1791568494.822 10383  9433  9433 I cruv    : onPause
1791568494.822 10383  9433  9433 W elap    : measuring already stopped.
1791568494.823 10303  5894  6285 V RecentTasksController: Notify recent tasks changed
1791568494.824 10312  6415  6415 D RecentTasksList: invalidateLoadedTasks - previous requestLoadId: -1
1791568494.830  root 12980 25701 W adbd    : timed out while waiting for FUNCTIONFS_BIND, trying again
1791568494.830  root 12980 25701 I adbd    : UsbFfs: connection terminated: monitor thread finished
1791568494.868  1000  1633  1773 E minksocket: MinkIPC_QRTR_Service: client with node 1 port 47a5 went down
1791568494.873  1000  1682  1682 E QTI PowerHAL: Failed to acquire lock.
1791568494.873  1000  1682  1682 E QTI PowerHAL: Failed process_boost for boost_handle
1791568494.873  1000  1633  1773 E minksocket: MinkIPC_QRTR_Service: client with node 1 port 47a6 went down
1791568494.875  1000  1633  1773 E minksocket: MinkIPC_QRTR_Service: client with node 1 port 47a7 went down
1791568494.880  1000  1633  1773 E minksocket: MinkIPC_QRTR_Service: client with node 1 port 47a9 went down
1791568494.881  1000  1633  1773 E minksocket: MinkIPC_QRTR_Service: client with node 1 port 47aa went down
1791568494.882  1000  1633  1773 E minksocket: MinkIPC_QRTR_Service: client with node 1 port 47ab went down
1791568494.886  root 12980 12998 I adbd    : opening control endpoint /dev/usb-ffs/adb/ep0
1791568494.887  root 12998 12998 I         : read descriptors
1791568494.887  root 12998 12998 I         : read strings
1791568494.924 10312  6415  6415 D RecentsView: finishRecentsAnimation - mRecentsAnimationController: null, toHome: false, shouldPip: true, partial trace:
1791568494.924 10312  6415  6415 D RecentsView: 	at com.android.quickstep.TaskViewUtils$9.onAnimationSuccess(TaskViewUtils.java:714)
1791568494.924 10312  6415  6415 D RecentsView: 	at com.android.launcher3.anim.AnimationSuccessListener.onAnimationEnd(AnimationSuccessListener.java:40)
1791568494.924 10312  6415  6415 D RecentsView: 	at com.android.quickstep.TaskViewUtils$9.onAnimationEnd(TaskViewUtils.java:748)
1791568494.928 10303  5894  6504 V WindowManagerShell: Received remote transition finished callback for (#57)
1791568494.929 10303  5894  6285 V WindowManagerShell: Transition animation finished (aborted=false), notifying core (#57) android.os.BinderProxy@b33ab93@0
1791568494.929 10312  6415  6415 D RecentsView: finishRecentsAnimation - mRecentsAnimationController: null, toHome: true, shouldPip: true, partial trace:
1791568494.929 10312  6415  6415 D RecentsView: 	at com.android.quickstep.util.RecentsAtomicAnimationFactory$applyOverviewToHomeAnimConfig$1.run(RecentsAtomicAnimationFactory.kt:115)
1791568494.929 10312  6415  6415 D RecentsView: 	at com.android.quickstep.views.RecentsView.switchToScreenshot(RecentsView.java:5524)
1791568494.929 10312  6415  6415 D RecentsView: 	at com.android.quickstep.util.RecentsAtomicAnimationFactory.applyOverviewToHomeAnimConfig(RecentsAtomicAnimationFactory.kt:114)
1791568494.930 10312  6415  6415 D AllAppsTransitionController: shouldProtectHeader: false skipScrim: false state: Normal stateManager.getState(): Overview
1791568494.931 10312  6415  6415 D TaskView: [22] - launchWithAnimation - launchCompleted
1791568494.937  1000  5328  5374 V WindowManager: Finish Transition (#57): created at 10-09 20:54:54.690 collect-started=0.098ms request-sent=5.722ms started=7.941ms ready=30.963ms sent=34.081ms commit=19.796ms finished=244.891ms
1791568494.938 10312  6415  6415 D Current state display 0: newValue: Normal
1791568494.939 10312  6415  6415 D RecentsView: updateTaskStackListenerState: false
1791568494.940 10312  6415  6415 V BaseDepthController: Applying blur: 30 to Surface(name=VRI-com.android.launcher3/com.android.launcher3.uioverrides.QuickstepLauncher#835)/@0xe3dda70 applyImmediately: false
1791568494.941 10312  6415  6415 D BaseDepthController: shouldBlurWorkspace: false targetState: Normal currentStableState: Overview mCurrentBlur: 30 mLauncher.getDepthBlurTargets(): [com.android.launcher3.Workspace{772015b V.ED..... .......D 0,0-1440,3216 #7f0a054d app:id/workspace aid=1073741834}, com.android.launcher3.Hotseat{6171410 V.ED..... ......ID 0,2667-1440,3216 #7f0a0241 app:id/hotseat aid=1073741897}]
1791568494.941 10383  9433  9433 D VRI[GoogleDiscoverWindow]: visibilityChanged oldVisibility=true newVisibility=false
1791568494.944 10303  5894  6607 D WallpaperService: onVisibilityChanged(false): com.android.systemui.wallpapers.ImageWallpaper$CanvasEngine@656c8bb
1791568494.944 10312  6415  6415 D OverviewActionsView: updateForGroupedTask() called with: isGroupedTask = [false], canSaveAppPair = [false]
1791568494.944 10312  6415  6415 D OverviewActionsView: updateActionButtonsVisibility() called: showSingleTaskActions = [true], showGroupActions = [false]
1791568494.945 10303  5894  6285 V WindowManagerShell: Track 0 became idle
1791568494.945 10303  5894  6285 V WindowManagerShell: All active transition animations finished
1791568494.952 10303  5894  6285 V RecentTasksController: generateList(getRecentTasks)
1791568494.952 10303  5894  6285 V RecentTasksController: initializeDesksMap - allDeskIds: []
1791568494.952 10303  5894  6285 V RecentTasksController: Task 22 is not an active desktop task
1791568494.952 10303  5894  6285 V RecentTasksController: Added fullscreen task: 22
1791568494.952 10303  5894  6285 V RecentTasksController: Task 23 is not an active desktop task
1791568494.952 10303  5894  6285 V RecentTasksController: Added fullscreen task: 23
1791568494.952 10303  5894  6285 V RecentTasksController: Task 21 is not an active desktop task
1791568494.952 10303  5894  6285 V RecentTasksController: Added fullscreen task: 21
1791568494.952 10303  5894  6285 V RecentTasksController: generateList - complete
1791568494.953 10312  6415  6415 V BaseDepthController: Applying blur: 30 to Surface(name=VRI-com.android.launcher3/com.android.launcher3.uioverrides.QuickstepLauncher#835)/@0xe3dda70 applyImmediately: false
1791568494.954 10312  6415  6415 D BaseDepthController: shouldBlurWorkspace: false targetState: Normal currentStableState: Overview mCurrentBlur: 30 mLauncher.getDepthBlurTargets(): [com.android.launcher3.Workspace{772015b V.ED..... .......D 0,0-1440,3216 #7f0a054d app:id/workspace aid=1073741834}, com.android.launcher3.Hotseat{6171410 V.ED..... ........ 0,2667-1440,3216 #7f0a0241 app:id/hotseat aid=1073741897}]
1791568494.956 10312  6415  6473 D PreloadThumbnailUseCase: Preloading thumbnails for task ids: [[id=21 windowingMode=1 user=0 lastActiveTime=535332] null, [id=23 windowingMode=1 user=0 lastActiveTime=541482] null, [id=22 windowingMode=1 user=0 lastActiveTime=545394] null]
1791568494.962 10312  6415  6415 D VRI[QuickstepLauncher]: visibilityChanged oldVisibility=true newVisibility=false
1791568494.977 10312  6415  6415 D BaseDepthController: setSurface:
1791568494.977 10312  6415  6415 D BaseDepthController: 	mWaitingOnSurfaceValidity: false
1791568494.977 10312  6415  6415 D BaseDepthController: 	mBaseSurface: null
1791568494.978 10312  6415  6415 D BaseDepthController: mSurface is null and mCurrentBlur is: 30
1791568494.981 10312  6415  6415 I AutofillManager: onInvisibleForAutofill(): expiringResponse
1791568494.983 10312  6415  6415 D RecentsView: reset - mEnableDrawingLiveTile: false, mRecentsAnimationController: null
1791568494.983 10312  6415  6415 D TaskThumbnailView: [TaskThumbnailView@9e29e99] taskId: null - uiState changed from: SnapshotSplash(snapshot=Snapshot(bitmap=android.graphics.Bitmap@9c3bc18, thumbnailRotation=0, backgroundColor=-16777216), splash=com.android.launcher3.icons.FastBitmapDrawable@388fde1) to: Uninitialized
1791568494.983 10383  9433  9433 I csde    : onStop
1791568494.984 10312  6415  6415 D TaskThumbnailView: [TaskThumbnailView@ad1b7df] taskId: null - uiState changed from: SnapshotSplash(snapshot=Snapshot(bitmap=android.graphics.Bitmap@2b6b197, thumbnailRotation=0, backgroundColor=-15134196), splash=com.android.launcher3.icons.FastBitmapDrawable@681620b) to: Uninitialized
1791568494.984 10312  6415  6415 D TaskThumbnailView: [TaskThumbnailView@4b2f6d7] taskId: null - uiState changed from: SnapshotSplash(snapshot=Snapshot(bitmap=android.graphics.Bitmap@6e1add8, thumbnailRotation=0, backgroundColor=-1), splash=com.android.launcher3.icons.FastBitmapDrawable@b0398df) to: Uninitialized
1791568494.984 10312  6415  6415 D TaskThumbnailView: [TaskThumbnailView@9c3f2fb] taskId: null - uiState changed from: BackgroundOnly(backgroundColor=-14211289) to: Uninitialized
1791568494.985 10312  6415  6415 D TaskThumbnailView: [TaskThumbnailView@af53c34] taskId: null - uiState changed from: BackgroundOnly(backgroundColor=-15790321) to: Uninitialized
1791568494.986 10312  6415  6415 D AllAppsTransitionController: shouldProtectHeader: false skipScrim: false state: Normal stateManager.getState(): Normal
1791568494.986 10312  6415  6415 D BaseDepthController: mSurface is null and mCurrentBlur is: 30
1791568494.988 10312  6415  6415 D RecentsView: reset - mEnableDrawingLiveTile: false, mRecentsAnimationController: null
1791568494.988 10312  6415  6415 D KeyboardStateManager: hideKeyboard
1791568494.988 10312  6415  6415 D KeyboardStateManager: isImeShown: false
1791568494.988 10312  6415  6415 D StatsLog: LAUNCHER_ONSTOP
1791568494.995 10312  6415  6415 D OverviewActionsView: updateForGroupedTask() called with: isGroupedTask = [false], canSaveAppPair = [false]
1791568494.995 10312  6415  6415 D OverviewActionsView: updateActionButtonsVisibility() called: showSingleTaskActions = [true], showGroupActions = [false]
1791568494.995 10312  6415  6415 D TasksRepository: updateTaskRequests to: [], removed: [21, 22, 23], added: []
1791568494.995 10312  6415  6415 I TasksRepository: removeTasks: [21, 22, 23]
1791568494.995 10312  6415  6415 D OverviewActionsView: updateForGroupedTask() called with: isGroupedTask = [false], canSaveAppPair = [false]
1791568494.995 10312  6415  6415 D OverviewActionsView: updateActionButtonsVisibility() called: showSingleTaskActions = [true], showGroupActions = [false]
1791568494.996 10278  8686 11778 I PlayCommon: [367] Successfully uploaded logs.
1791568495.008 10383  9433  9433 I cruv    : onStop
1791568495.260  1000  1861  1861 D SurfaceFlinger: initiateModeChange 4630946292801050754 {mode={fps=60.00 Hz, modePtr={id=3, vsyncRate=60.00 Hz, peakRefreshRate=60.00 Hz}}, emitEvent=false, force=false}
1791568495.261  1000  1710  1710 D SDM     : IRIS_LOG_HWC::SetActiveConfigWithConstraints:465: 03
1791568495.261  1000  1710  1710 I IRIS_LOG_SERV: config 3, Refresh rate 60, Frame 3216x1440, Current mode 'ABYP'
1791568495.261  1000  1710  1710 D IRIS_LOG_SERV: Service Mode changed to: IRIS_SERVICE_MODE_BYPASS
1791568495.261  1000  1710  1710 I IRIS_LOG_SERV: SetActiveConfig[3]: 60 3216x1440 => 0
1791568495.262  1000  1710  1710 I SDM     : HWDeviceDRM::UpdateMixerAttributes: Mixer WxH 1440x3216-1 for Peripheral
1791568495.262  1000  1710  1710 I SDM     : HWCDisplay::SubmitDisplayConfig: HWC SetActiveConfig [5,3], cur_resolution is (1440, 3216), new_resolution is (1440, 3216)
1791568495.262  1000  1710  1710 I SDM     : HWCDisplay::SubmitDisplayConfig: Active configuration changed to: 3
1791568495.265  1000  1710  1710 D IRIS_LOG_COLR: Use kPbGamut HwConfigPayload
1791568495.275  root   729   729 I [drm:dsi_display_set_mode [msm_drm]] [msm-dsi-info]: mdp_transfer_time=7700, hactive=1440, vactive=3216, fps=60, h_skew=1
1791568495.275  root   729   729 E         : IRIS_LOG I iris_post_switch(), post switch to 1440x3216@60Hz, cmd list 0, switch case ABYP_TO_ABYP
1791568495.275  root   729   729 E         : <AMB670YF01> dsi_cmd qcom,mdss-dsi-adfr-pre-switch-command
1791568495.276  root   729   729 I [drm:oplus_dsi_display_vsync_switch_check_te [msm_drm]] [msm-dsi-info]: kVRR vsync_switch_gpio is already 0
1791568495.276  root   729   729 E         : IRIS_LOG I iris_switch(), return 0, total cost '234 us'
1791568495.276  root   729   729 I [drm:dsi_panel_adfr_status_reset [msm_drm]] [msm-dsi-info]: kVRR auto mode reset: auto mode 0, fakeframe 0, min fps 1
1791568495.276  root   729   729 E         : <AMB670YF01> dsi_cmd qcom,mdss-dsi-post-panel-on-command
1791568495.557  1000  1682  1682 E QTI PowerHAL: Failed to acquire lock.
1791568495.557  1000  1682  1682 E QTI PowerHAL: Failed process_boost for boost_handle
1791568495.566  1000  1861  1861 D SurfaceFlinger: initiateModeChange 4630946292801050754 {mode={fps=120.00 Hz, modePtr={id=5, vsyncRate=120.00 Hz, peakRefreshRate=120.00 Hz}}, emitEvent=false, force=false}
1791568495.566  1000  1710  1710 D SDM     : IRIS_LOG_HWC::SetActiveConfigWithConstraints:465: 05
1791568495.566  1000  1710  1710 I IRIS_LOG_SERV: config 5, Refresh rate 120, Frame 3216x1440, Current mode 'ABYP'
1791568495.566  1000  1710  1710 D IRIS_LOG_SERV: Service Mode changed to: IRIS_SERVICE_MODE_BYPASS
1791568495.566  1000  1710  1710 I IRIS_LOG_SERV: SetActiveConfig[5]: 120 3216x1440 => 0
1791568495.567  1000  1710  1710 I SDM     : HWDeviceDRM::UpdateMixerAttributes: Mixer WxH 1440x3216-1 for Peripheral
1791568495.567  1000  1710  1710 I SDM     : HWCDisplay::SubmitDisplayConfig: HWC SetActiveConfig [3,5], cur_resolution is (1440, 3216), new_resolution is (1440, 3216)
1791568495.567  1000  1710  1710 I SDM     : HWCDisplay::SubmitDisplayConfig: Active configuration changed to: 5
1791568495.568  1000  1710  1710 D IRIS_LOG_COLR: Use kPbGamut HwConfigPayload
1791568495.572  root   729   729 E         : [drm:_sde_crtc_blend_setup_mixer:1602] do not config dimlayer at the fps switch
1791568495.573  root   729   729 I [drm:dsi_display_set_mode [msm_drm]] [msm-dsi-info]: mdp_transfer_time=7700, hactive=1440, vactive=3216, fps=120, h_skew=0
1791568495.573  root   729   729 E         : IRIS_LOG I iris_post_switch(), post switch to 1440x3216@120Hz, cmd list 0, switch case ABYP_TO_ABYP
1791568495.573  root   729   729 E         : <AMB670YF01> dsi_cmd qcom,mdss-dsi-adfr-pre-switch-command
1791568495.574  root   729   729 I [drm:oplus_dsi_display_vsync_switch_check_te [msm_drm]] [msm-dsi-info]: kVRR vsync_switch_gpio is already 0
