SDK: 37
PRODUCT_NAME: OnePlus9Pro
DEVICE_NAME: OnePlus9Pro
BOARD_NAME: lahaina
SUPPORTED_ABIS: arm64-v8a, armeabi-v7a, armeabi
MANUFACTURER: OnePlus
BRAND: OnePlus
MODEL: LE2127

1791670152.683  root 11925 16832 W adbd    : timed out while waiting for FUNCTIONFS_BIND, trying again
1791670152.684  root 11925 16832 I adbd    : UsbFfs: connection terminated: monitor thread finished
1791670152.710  root 11925 11938 I adbd    : opening control endpoint /dev/usb-ffs/adb/ep0
1791670152.116  root  7825  7825 E ipa_pm activate_work_func: 448 client has no callback
1791670152.711  root 11938 11938 I         : read descriptors
1791670152.711  root 11938 11938 I         : read strings
1791670152.982 10345  5754  5754 W LocaleConfig: The resource file pointed to by the given resource ID isn't found.
1791670153.000 10444  8158  8158 I susfs   : [10444][8158][susfs_is_inode_sus_path] hiding path with ino '0'
1791670153.000 10444  8158  8158 I susfs   : [10444][8158][susfs_is_inode_sus_path] hiding path with ino '0'
1791670153.000 10444  8158  8158 I susfs   : [10444][8158][susfs_is_inode_sus_path] hiding path with ino '0'
1791670153.000 10444  8158  8158 I susfs   : [10444][8158][susfs_is_inode_sus_path] hiding path with ino '0'
1791670153.000 10444  8158  8158 I susfs   : [10444][8158][susfs_is_inode_sus_path] hiding path with ino '0'
1791670153.000 10444  8158  8158 I susfs   : [10444][8158][susfs_is_inode_sus_path] hiding path with ino '0'
1791670153.000 10444  8158  8158 I susfs   : [10444][8158][susfs_is_inode_sus_path] hiding path with ino '0'
1791670153.000 10444  8158  8158 I susfs   : [10444][8158][susfs_is_inode_sus_path] hiding path with ino '0'
1791670153.000 10444  8158  8158 I susfs   : [10444][8158][susfs_is_inode_sus_path] hiding path with ino '0'
1791670153.000 10444  8158  8158 I susfs   : [10444][8158][susfs_is_inode_sus_path] hiding path with ino '0'
1791670153.000 10444  8158  8158 I susfs   : [10444][8158][susfs_is_inode_sus_path] hiding path with ino '0'
1791670153.000 10444  8158  8158 I susfs   : [10444][8158][susfs_is_inode_sus_path] hiding path with ino '0'
1791670153.000 10444  8158  8158 I susfs   : [10444][8158][susfs_is_inode_sus_path] hiding path with ino '0'
1791670153.000 10444  8158  8158 I susfs   : [10444][8158][susfs_is_inode_sus_path] hiding path with ino '0'
1791670153.000 10444  8158  8158 I susfs   : [10444][8158][susfs_is_inode_sus_path] hiding path with ino '0'
1791670153.001 10444  8158  8158 I susfs   : [10444][8158][susfs_is_inode_sus_path] hiding path with ino '0'
1791670153.001 10444  8158  8158 I susfs   : [10444][8158][susfs_is_inode_sus_path] hiding path with ino '0'
1791670153.001 10444  8158  8158 I susfs   : [10444][8158][susfs_is_inode_sus_path] hiding path with ino '0'
1791670153.001 10444  8158  8158 I susfs   : [10444][8158][susfs_is_inode_sus_path] hiding path with ino '0'
1791670153.001 10444  8158  8158 I susfs   : [10444][8158][susfs_is_inode_sus_path] hiding path with ino '0'
1791670153.001 10444  8158  8158 I susfs   : [10444][8158][susfs_is_inode_sus_path] hiding path with ino '0'
1791670153.001 10444  8158  8158 I susfs   : [10444][8158][susfs_is_inode_sus_path] hiding path with ino '0'
1791670153.001 10444  8158  8158 I susfs   : [10444][8158][susfs_is_inode_sus_path] hiding path with ino '0'
1791670152.999 10444  7726  9519 I NotifySyncService_7726_9519: MSG_NOTIFY_POSTED
1791670152.999 10444  7726  9519 I NotifySyncService_7726_9519: onNotificationPosted Id:0 key:0|com.f0x1d.logfox|0|recording|10761 PackageName:com.f0x1d.logfox IsOngoing:true PostTime:1791670152757 currentDeviceModel.connected: true
1791670153.000 10444  7726  8820 I NotifyLogUtils_7726_8820: isIgnoringBatteryOptimizations true
1791670153.001 10444  7726  8158 W System.err: java.io.IOException: No such file or directory
1791670153.001 10444  7726  8158 W System.err: 	at java.io.UnixFileSystem.createFileExclusively0(Native Method)
1791670153.001 10444  7726  8158 W System.err: 	at java.io.UnixFileSystem.createFileExclusively(UnixFileSystem.java:373)
1791670153.001 10444  7726  8158 W System.err: 	at java.io.File.createNewFile(File.java:1022)
1791670153.001 10444  7726  8158 W System.err: 	at epa$e.f(SourceFile:42)
1791670153.001 10444  7726  8158 W System.err: 	at epa.f(SourceFile:66)
1791670153.001 10444  7726  8158 W System.err: 	at epa.b(SourceFile:0)
1791670153.001 10444  7726  8158 W System.err: 	at epa$d.run(SourceFile:20)
1791670153.001 10444  7726  8158 W System.err: 	at java.lang.Thread.run(Thread.java:1572)
1791670153.003 10444  7726  8158 W System.err: java.io.IOException: No such file or directory
1791670153.003 10444  7726  8158 W System.err: 	at java.io.UnixFileSystem.createFileExclusively0(Native Method)
1791670153.003 10444  7726  8158 W System.err: 	at java.io.UnixFileSystem.createFileExclusively(UnixFileSystem.java:373)
1791670153.003 10444  7726  8158 W System.err: 	at java.io.File.createNewFile(File.java:1022)
1791670153.003 10444  7726  8158 W System.err: 	at epa$e.f(SourceFile:42)
1791670153.003 10444  7726  8158 W System.err: 	at epa.f(SourceFile:66)
1791670153.003 10444  7726  8158 W System.err: 	at epa.b(SourceFile:0)
1791670153.003 10444  7726  8158 W System.err: 	at epa$d.run(SourceFile:20)
1791670153.003 10444  7726  8158 W System.err: 	at java.lang.Thread.run(Thread.java:1572)
1791670153.004 10444  7726  8158 W System.err: java.io.IOException: No such file or directory
1791670153.004 10444  7726  8158 W System.err: 	at java.io.UnixFileSystem.createFileExclusively0(Native Method)
1791670153.004 10444  7726  8158 W System.err: 	at java.io.UnixFileSystem.createFileExclusively(UnixFileSystem.java:373)
1791670153.004 10444  7726  8158 W System.err: 	at java.io.File.createNewFile(File.java:1022)
1791670153.004 10444  7726  8158 W System.err: 	at epa$e.f(SourceFile:42)
1791670153.004 10444  7726  8158 W System.err: 	at epa.f(SourceFile:66)
1791670153.004 10444  7726  8158 W System.err: 	at epa.b(SourceFile:0)
1791670153.004 10444  7726  8158 W System.err: 	at epa$d.run(SourceFile:20)
1791670153.004 10444  7726  8158 W System.err: 	at java.lang.Thread.run(Thread.java:1572)
1791670153.009 10444  7726  9519 I NotifySyncService_7726_9519: onNotificationPosted Id:0 , appName : LogFox
1791670153.009 10444  7726  9519 I NotifySyncService_7726_9519: isFlagNoClearNotification flag = 131074
1791670153.009 10444  7726  9519 I NotifySyncService_7726_9519:  isOngoing = true isIncomingCall = false
1791670153.011 10444  7726  8158 W System.err: java.io.IOException: No such file or directory
1791670153.011 10444  7726  8158 W System.err: 	at java.io.UnixFileSystem.createFileExclusively0(Native Method)
1791670153.011 10444  7726  8158 W System.err: 	at java.io.UnixFileSystem.createFileExclusively(UnixFileSystem.java:373)
1791670153.011 10444  7726  8158 W System.err: 	at java.io.File.createNewFile(File.java:1022)
1791670153.011 10444  7726  8158 W System.err: 	at epa$e.f(SourceFile:42)
1791670153.011 10444  7726  8158 W System.err: 	at epa.f(SourceFile:66)
1791670153.011 10444  7726  8158 W System.err: 	at epa.b(SourceFile:0)
1791670153.011 10444  7726  8158 W System.err: 	at epa$d.run(SourceFile:20)
1791670153.011 10444  7726  8158 W System.err: 	at java.lang.Thread.run(Thread.java:1572)
1791670153.016 10444  7726  8158 W System.err: 	at java.io.UnixFileSystem.createFileExclusively0(Native Method)
1791670153.016 10444  7726  8158 W System.err: 	at java.io.UnixFileSystem.createFileExclusively(UnixFileSystem.java:373)
1791670153.016 10444  7726  8158 W System.err: 	at java.io.File.createNewFile(File.java:1022)
1791670153.016 10444  7726  8158 W System.err: 	at epa$e.f(SourceFile:42)
1791670153.016 10444  7726  8158 W System.err: 	at epa.f(SourceFile:66)
1791670153.016 10444  7726  8158 W System.err: 	at epa.b(SourceFile:0)
1791670153.016 10444  7726  8158 W System.err: 	at epa$d.run(SourceFile:20)
1791670153.016 10444  7726  8158 W System.err: 	at java.lang.Thread.run(Thread.java:1572)
1791670153.017 10303  4915  4915 W LocaleConfig: The resource file pointed to by the given resource ID isn't found.
1791670153.018 10444  7726  8158 W System.err: java.io.IOException: No such file or directory
1791670153.018 10444  7726  8158 W System.err: 	at java.io.UnixFileSystem.createFileExclusively0(Native Method)
1791670153.018 10444  7726  8158 W System.err: 	at java.io.UnixFileSystem.createFileExclusively(UnixFileSystem.java:373)
1791670153.018 10444  7726  8158 W System.err: 	at java.io.File.createNewFile(File.java:1022)
1791670153.018 10444  7726  8158 W System.err: 	at epa$e.f(SourceFile:42)
1791670153.018 10444  7726  8158 W System.err: 	at epa.f(SourceFile:66)
1791670153.018 10444  7726  8158 W System.err: 	at epa.b(SourceFile:0)
1791670153.018 10444  7726  8158 W System.err: 	at epa$d.run(SourceFile:20)
1791670153.018 10444  7726  8158 W System.err: 	at java.lang.Thread.run(Thread.java:1572)
1791670153.001 10444  8158  8158 I susfs   : [10444][8158][susfs_is_inode_sus_path] hiding path with ino '0'
1791670153.002 10444  8158  8158 I susfs   : [10444][8158][susfs_is_inode_sus_path] hiding path with ino '0'
1791670153.002 10444  8158  8158 I susfs   : [10444][8158][susfs_is_inode_sus_path] hiding path with ino '0'
1791670153.002 10444  8158  8158 I susfs   : [10444][8158][susfs_is_inode_sus_path] hiding path with ino '0'
1791670153.002 10444  8158  8158 I susfs   : [10444][8158][susfs_is_inode_sus_path] hiding path with ino '0'
1791670153.002 10444  8158  8158 I susfs   : [10444][8158][susfs_is_inode_sus_path] hiding path with ino '0'
1791670153.002 10444  8158  8158 I susfs   : [10444][8158][susfs_is_inode_sus_path] hiding path with ino '0'
1791670153.002 10444  8158  8158 I susfs   : [10444][8158][susfs_is_inode_sus_path] hiding path with ino '0'
1791670153.002 10444  8158  8158 I susfs   : [10444][8158][susfs_is_inode_sus_path] hiding path with ino '0'
1791670153.002 10444  8158  8158 I susfs   : [10444][8158][susfs_is_inode_sus_path] hiding path with ino '0'
1791670153.002 10444  8158  8158 I susfs   : [10444][8158][susfs_is_inode_sus_path] hiding path with ino '0'
1791670153.002 10444  8158  8158 I susfs   : [10444][8158][susfs_is_inode_sus_path] hiding path with ino '0'
1791670153.002 10444  8158  8158 I susfs   : [10444][8158][susfs_is_inode_sus_path] hiding path with ino '0'
1791670153.002 10444  8158  8158 I susfs   : [10444][8158][susfs_is_inode_sus_path] hiding path with ino '0'
1791670153.002 10444  8158  8158 I susfs   : [10444][8158][susfs_is_inode_sus_path] hiding path with ino '0'
1791670153.002 10444  8158  8158 I susfs   : [10444][8158][susfs_is_inode_sus_path] hiding path with ino '0'
1791670153.002 10444  8158  8158 I susfs   : [10444][8158][susfs_is_inode_sus_path] hiding path with ino '0'
1791670153.002 10444  8158  8158 I susfs   : [10444][8158][susfs_is_inode_sus_path] hiding path with ino '0'
1791670153.002 10444  8158  8158 I susfs   : [10444][8158][susfs_is_inode_sus_path] hiding path with ino '0'
1791670153.002 10444  8158  8158 I susfs   : [10444][8158][susfs_is_inode_sus_path] hiding path with ino '0'
1791670153.002 10444  8158  8158 I susfs   : [10444][8158][susfs_is_inode_sus_path] hiding path with ino '0'
1791670153.002 10444  8158  8158 I susfs   : [10444][8158][susfs_is_inode_sus_path] hiding path with ino '0'
1791670153.002 10444  8158  8158 I susfs   : [10444][8158][susfs_is_inode_sus_path] hiding path with ino '0'
1791670153.003 10444  8158  8158 I susfs   : [10444][8158][susfs_is_inode_sus_path] hiding path with ino '0'
1791670153.003 10444  8158  8158 I susfs   : [10444][8158][susfs_is_inode_sus_path] hiding path with ino '0'
1791670153.003 10444  8158  8158 I susfs   : [10444][8158][susfs_is_inode_sus_path] hiding path with ino '0'
1791670153.003 10444  8158  8158 I susfs   : [10444][8158][susfs_is_inode_sus_path] hiding path with ino '0'
1791670153.003 10444  8158  8158 I susfs   : [10444][8158][susfs_is_inode_sus_path] hiding path with ino '0'
1791670153.003 10444  8158  8158 I susfs   : [10444][8158][susfs_is_inode_sus_path] hiding path with ino '0'
1791670153.003 10444  8158  8158 I susfs   : [10444][8158][susfs_is_inode_sus_path] hiding path with ino '0'
1791670153.003 10444  8158  8158 I susfs   : [10444][8158][susfs_is_inode_sus_path] hiding path with ino '0'
1791670153.003 10444  8158  8158 I susfs   : [10444][8158][susfs_is_inode_sus_path] hiding path with ino '0'
1791670153.003 10444  8158  8158 I susfs   : [10444][8158][susfs_is_inode_sus_path] hiding path with ino '0'
1791670153.003 10444  8158  8158 I susfs   : [10444][8158][susfs_is_inode_sus_path] hiding path with ino '0'
1791670153.003 10444  8158  8158 I susfs   : [10444][8158][susfs_is_inode_sus_path] hiding path with ino '0'
1791670153.003 10444  8158  8158 I susfs   : [10444][8158][susfs_is_inode_sus_path] hiding path with ino '0'
1791670153.003 10444  8158  8158 I susfs   : [10444][8158][susfs_is_inode_sus_path] hiding path with ino '0'
1791670153.004 10444  8158  8158 I susfs   : [10444][8158][susfs_is_inode_sus_path] hiding path with ino '0'
1791670153.004 10444  8158  8158 I susfs   : [10444][8158][susfs_is_inode_sus_path] hiding path with ino '0'
1791670153.004 10444  8158  8158 I susfs   : [10444][8158][susfs_is_inode_sus_path] hiding path with ino '0'
1791670153.004 10444  8158  8158 I susfs   : [10444][8158][susfs_is_inode_sus_path] hiding path with ino '0'
1791670153.004 10444  8158  8158 I susfs   : [10444][8158][susfs_is_inode_sus_path] hiding path with ino '0'
1791670153.004 10444  8158  8158 I susfs   : [10444][8158][susfs_is_inode_sus_path] hiding path with ino '0'
1791670153.004 10444  8158  8158 I susfs   : [10444][8158][susfs_is_inode_sus_path] hiding path with ino '0'
1791670153.004 10444  8158  8158 I susfs   : [10444][8158][susfs_is_inode_sus_path] hiding path with ino '0'
1791670153.004 10444  8158  8158 I susfs   : [10444][8158][susfs_is_inode_sus_path] hiding path with ino '0'
1791670153.004 10444  8158  8158 I susfs   : [10444][8158][susfs_is_inode_sus_path] hiding path with ino '0'
1791670153.004 10444  8158  8158 I susfs   : [10444][8158][susfs_is_inode_sus_path] hiding path with ino '0'
1791670153.004 10444  8158  8158 I susfs   : [10444][8158][susfs_is_inode_sus_path] hiding path with ino '0'
1791670153.010 10444  8158  8158 I susfs   : [10444][8158][susfs_is_inode_sus_path] hiding path with ino '0'
1791670153.010 10444  8158  8158 I susfs   : [10444][8158][susfs_is_inode_sus_path] hiding path with ino '0'
1791670153.010 10444  8158  8158 I susfs   : [10444][8158][susfs_is_inode_sus_path] hiding path with ino '0'
1791670153.010 10444  8158  8158 I susfs   : [10444][8158][susfs_is_inode_sus_path] hiding path with ino '0'
1791670153.010 10444  8158  8158 I susfs   : [10444][8158][susfs_is_inode_sus_path] hiding path with ino '0'
1791670153.010 10444  8158  8158 I susfs   : [10444][8158][susfs_is_inode_sus_path] hiding path with ino '0'
1791670153.010 10444  8158  8158 I susfs   : [10444][8158][susfs_is_inode_sus_path] hiding path with ino '0'
1791670153.010 10444  8158  8158 I susfs   : [10444][8158][susfs_is_inode_sus_path] hiding path with ino '0'
1791670153.010 10444  8158  8158 I susfs   : [10444][8158][susfs_is_inode_sus_path] hiding path with ino '0'
1791670153.010 10444  8158  8158 I susfs   : [10444][8158][susfs_is_inode_sus_path] hiding path with ino '0'
1791670153.010 10444  8158  8158 I susfs   : [10444][8158][susfs_is_inode_sus_path] hiding path with ino '0'
1791670153.010 10444  8158  8158 I susfs   : [10444][8158][susfs_is_inode_sus_path] hiding path with ino '0'
1791670153.010 10444  8158  8158 I susfs   : [10444][8158][susfs_is_inode_sus_path] hiding path with ino '0'
1791670153.010 10444  8158  8158 I susfs   : [10444][8158][susfs_is_inode_sus_path] hiding path with ino '0'
1791670153.011 10444  8158  8158 I susfs   : [10444][8158][susfs_is_inode_sus_path] hiding path with ino '0'
1791670153.011 10444  8158  8158 I susfs   : [10444][8158][susfs_is_inode_sus_path] hiding path with ino '0'
1791670153.011 10444  8158  8158 I susfs   : [10444][8158][susfs_is_inode_sus_path] hiding path with ino '0'
1791670153.011 10444  8158  8158 I susfs   : [10444][8158][susfs_is_inode_sus_path] hiding path with ino '0'
1791670153.011 10444  8158  8158 I susfs   : [10444][8158][susfs_is_inode_sus_path] hiding path with ino '0'
1791670153.011 10444  8158  8158 I susfs   : [10444][8158][susfs_is_inode_sus_path] hiding path with ino '0'
1791670153.011 10444  8158  8158 I susfs   : [10444][8158][susfs_is_inode_sus_path] hiding path with ino '0'
1791670153.011 10444  8158  8158 I susfs   : [10444][8158][susfs_is_inode_sus_path] hiding path with ino '0'
1791670153.011 10444  8158  8158 I susfs   : [10444][8158][susfs_is_inode_sus_path] hiding path with ino '0'
1791670153.011 10444  8158  8158 I susfs   : [10444][8158][susfs_is_inode_sus_path] hiding path with ino '0'
1791670153.011 10444  8158  8158 I susfs   : [10444][8158][susfs_is_inode_sus_path] hiding path with ino '0'
1791670153.011 10444  8158  8158 I susfs   : [10444][8158][susfs_is_inode_sus_path] hiding path with ino '0'
1791670153.011 10444  8158  8158 I susfs   : [10444][8158][susfs_is_inode_sus_path] hiding path with ino '0'
1791670153.012 10444  8158  8158 I susfs   : [10444][8158][susfs_is_inode_sus_path] hiding path with ino '0'
1791670153.012 10444  8158  8158 I susfs   : [10444][8158][susfs_is_inode_sus_path] hiding path with ino '0'
1791670153.012 10444  8158  8158 I susfs   : [10444][8158][susfs_is_inode_sus_path] hiding path with ino '0'
1791670153.012 10444  8158  8158 I susfs   : [10444][8158][susfs_is_inode_sus_path] hiding path with ino '0'
1791670153.012 10444  8158  8158 I susfs   : [10444][8158][susfs_is_inode_sus_path] hiding path with ino '0'
1791670153.012 10444  8158  8158 I susfs   : [10444][8158][susfs_is_inode_sus_path] hiding path with ino '0'
1791670153.012 10444  8158  8158 I susfs   : [10444][8158][susfs_is_inode_sus_path] hiding path with ino '0'
1791670153.012 10444  8158  8158 I susfs   : [10444][8158][susfs_is_inode_sus_path] hiding path with ino '0'
1791670153.015 10444  8158  8158 I susfs   : [10444][8158][susfs_is_inode_sus_path] hiding path with ino '0'
1791670153.015 10444  8158  8158 I susfs   : [10444][8158][susfs_is_inode_sus_path] hiding path with ino '0'
1791670153.015 10444  8158  8158 I susfs   : [10444][8158][susfs_is_inode_sus_path] hiding path with ino '0'
1791670153.015 10444  8158  8158 I susfs   : [10444][8158][susfs_is_inode_sus_path] hiding path with ino '0'
1791670153.015 10444  8158  8158 I susfs   : [10444][8158][susfs_is_inode_sus_path] hiding path with ino '0'
1791670153.015 10444  8158  8158 I susfs   : [10444][8158][susfs_is_inode_sus_path] hiding path with ino '0'
1791670153.015 10444  8158  8158 I susfs   : [10444][8158][susfs_is_inode_sus_path] hiding path with ino '0'
1791670153.015 10444  8158  8158 I susfs   : [10444][8158][susfs_is_inode_sus_path] hiding path with ino '0'
1791670153.015 10444  8158  8158 I susfs   : [10444][8158][susfs_is_inode_sus_path] hiding path with ino '0'
1791670153.015 10444  8158  8158 I susfs   : [10444][8158][susfs_is_inode_sus_path] hiding path with ino '0'
1791670153.015 10444  8158  8158 I susfs   : [10444][8158][susfs_is_inode_sus_path] hiding path with ino '0'
1791670153.016 10444  8158  8158 I susfs   : [10444][8158][susfs_is_inode_sus_path] hiding path with ino '0'
1791670153.016 10444  8158  8158 I susfs   : [10444][8158][susfs_is_inode_sus_path] hiding path with ino '0'
1791670153.016 10444  8158  8158 I susfs   : [10444][8158][susfs_is_inode_sus_path] hiding path with ino '0'
1791670153.016 10444  8158  8158 I susfs   : [10444][8158][susfs_is_inode_sus_path] hiding path with ino '0'
1791670153.016 10444  8158  8158 I susfs   : [10444][8158][susfs_is_inode_sus_path] hiding path with ino '0'
1791670153.016 10444  8158  8158 I susfs   : [10444][8158][susfs_is_inode_sus_path] hiding path with ino '0'
1791670153.017 10444  8158  8158 I susfs   : [10444][8158][susfs_is_inode_sus_path] hiding path with ino '0'
1791670153.017 10444  8158  8158 I susfs   : [10444][8158][susfs_is_inode_sus_path] hiding path with ino '0'
1791670153.017 10444  8158  8158 I susfs   : [10444][8158][susfs_is_inode_sus_path] hiding path with ino '0'
1791670153.017 10444  8158  8158 I susfs   : [10444][8158][susfs_is_inode_sus_path] hiding path with ino '0'
1791670153.017 10444  8158  8158 I susfs   : [10444][8158][susfs_is_inode_sus_path] hiding path with ino '0'
1791670153.017 10444  8158  8158 I susfs   : [10444][8158][susfs_is_inode_sus_path] hiding path with ino '0'
1791670153.017 10444  8158  8158 I susfs   : [10444][8158][susfs_is_inode_sus_path] hiding path with ino '0'
1791670153.017 10444  8158  8158 I susfs   : [10444][8158][susfs_is_inode_sus_path] hiding path with ino '0'
1791670153.017 10444  8158  8158 I susfs   : [10444][8158][susfs_is_inode_sus_path] hiding path with ino '0'
1791670153.017 10444  8158  8158 I susfs   : [10444][8158][susfs_is_inode_sus_path] hiding path with ino '0'
1791670153.026 10303  4915  5469 W AsyncRowInflater: Failed to inflate resource in the background! Retrying on the UI thread
1791670153.026 10303  4915  5469 W AsyncRowInflater: android.view.InflateException: Binary XML file line #19 in com.android.systemui:layout/status_bar_notification_row: should be called from the main thread. sMainLooper.threadName=main Thread.currentThread()=NotifInflation
1791670153.026 10303  4915  5469 W AsyncRowInflater: Caused by: java.lang.IllegalStateException: should be called from the main thread. sMainLooper.threadName=main Thread.currentThread()=NotifInflation
1791670153.026 10303  4915  5469 W AsyncRowInflater: 	at com.android.systemui.util.Assert$$ExternalSyntheticBUOutline0.m(go/retraceme 28439c5fda74c23409abdc1e4f815f97c5b2cc073ab68a9eb796a2cb5693c4b9:20)
1791670153.026 10303  4915  5469 W AsyncRowInflater: 	at com.android.systemui.util.Assert.isMainThread(go/retraceme 28439c5fda74c23409abdc1e4f815f97c5b2cc073ab68a9eb796a2cb5693c4b9:39)
1791670153.026 10303  4915  5469 W AsyncRowInflater: 	at com.android.systemui.statusbar.notification.row.NotificationBackgroundView.setBlurBackgroundEnabled(go/retraceme 28439c5fda74c23409abdc1e4f815f97c5b2cc073ab68a9eb796a2cb5693c4b9:0)
1791670153.026 10303  4915  5469 W AsyncRowInflater: 	at com.android.systemui.statusbar.notification.row.ActivatableNotificationView.onFinishInflate(go/retraceme 28439c5fda74c23409abdc1e4f815f97c5b2cc073ab68a9eb796a2cb5693c4b9:47)
1791670153.026 10303  4915  5469 W AsyncRowInflater: 	at com.android.systemui.statusbar.notification.row.ExpandableNotificationRow.onFinishInflate(go/retraceme 28439c5fda74c23409abdc1e4f815f97c5b2cc073ab68a9eb796a2cb5693c4b9:0)
1791670153.026 10303  4915  5469 W AsyncRowInflater: 	at android.view.LayoutInflater.rInflate(LayoutInflater.java:1069)
1791670153.026 10303  4915  5469 W AsyncRowInflater: 	at android.view.LayoutInflater.rInflateChildren(LayoutInflater.java:1016)
1791670153.026 10303  4915  5469 W AsyncRowInflater: 	at android.view.LayoutInflater.inflate(LayoutInflater.java:601)
1791670153.026 10303  4915  5469 W AsyncRowInflater: 	at android.view.LayoutInflater.inflate(LayoutInflater.java:492)
1791670153.026 10303  4915  5469 W AsyncRowInflater: 	at com.android.systemui.statusbar.notification.row.AsyncRowInflater$inflate$1.invokeSuspend(go/retraceme 28439c5fda74c23409abdc1e4f815f97c5b2cc073ab68a9eb796a2cb5693c4b9:57)
1791670153.026 10303  4915  5469 W AsyncRowInflater: 	at kotlin.coroutines.jvm.internal.BaseContinuationImpl.resumeWith(go/retraceme 28439c5fda74c23409abdc1e4f815f97c5b2cc073ab68a9eb796a2cb5693c4b9:7)
1791670153.026 10303  4915  5469 W AsyncRowInflater: 	at kotlinx.coroutines.DispatchedTask.run(go/retraceme 28439c5fda74c23409abdc1e4f815f97c5b2cc073ab68a9eb796a2cb5693c4b9:111)
1791670153.026 10303  4915  5469 W AsyncRowInflater: 	at android.os.Handler.handleCallback(Handler.java:1095)
1791670153.026 10303  4915  5469 W AsyncRowInflater: 	at android.os.Handler.dispatchMessageImpl(Handler.java:135)
1791670153.026 10303  4915  5469 W AsyncRowInflater: 	at android.os.Handler.dispatchMessage(Handler.java:125)
1791670153.026 10303  4915  5469 W AsyncRowInflater: 	at android.os.Looper.loopOnce(Looper.java:296)
1791670153.026 10303  4915  5469 W AsyncRowInflater: 	at android.os.Looper.loop(Looper.java:397)
1791670153.026 10303  4915  5469 W AsyncRowInflater: 	at android.os.HandlerThread.run(HandlerThread.java:139)
1791670153.017 10444  8158  8158 I susfs   : [10444][8158][susfs_is_inode_sus_path] hiding path with ino '0'
1791670153.017 10444  8158  8158 I susfs   : [10444][8158][susfs_is_inode_sus_path] hiding path with ino '0'
1791670153.017 10444  8158  8158 I susfs   : [10444][8158][susfs_is_inode_sus_path] hiding path with ino '0'
1791670153.017 10444  8158  8158 I susfs   : [10444][8158][susfs_is_inode_sus_path] hiding path with ino '0'
1791670153.017 10444  8158  8158 I susfs   : [10444][8158][susfs_is_inode_sus_path] hiding path with ino '0'
1791670153.017 10444  8158  8158 I susfs   : [10444][8158][susfs_is_inode_sus_path] hiding path with ino '0'
1791670153.017 10444  8158  8158 I susfs   : [10444][8158][susfs_is_inode_sus_path] hiding path with ino '0'
1791670153.017 10444  8158  8158 I susfs   : [10444][8158][susfs_is_inode_sus_path] hiding path with ino '0'
1791670153.017 10444  8158  8158 I susfs   : [10444][8158][susfs_is_inode_sus_path] hiding path with ino '0'
1791670153.017 10444  8158  8158 I susfs   : [10444][8158][susfs_is_inode_sus_path] hiding path with ino '0'
1791670153.017 10444  8158  8158 I susfs   : [10444][8158][susfs_is_inode_sus_path] hiding path with ino '0'
1791670153.017 10444  8158  8158 I susfs   : [10444][8158][susfs_is_inode_sus_path] hiding path with ino '0'
1791670153.017 10444  8158  8158 I susfs   : [10444][8158][susfs_is_inode_sus_path] hiding path with ino '0'
1791670153.017 10444  8158  8158 I susfs   : [10444][8158][susfs_is_inode_sus_path] hiding path with ino '0'
1791670153.018 10444  8158  8158 I susfs   : [10444][8158][susfs_is_inode_sus_path] hiding path with ino '0'
1791670153.018 10444  8158  8158 I susfs   : [10444][8158][susfs_is_inode_sus_path] hiding path with ino '0'
1791670153.030 10303  4915  5469 W LocaleConfig: The resource file pointed to by the given resource ID isn't found.
1791670153.070 10660  7469  7469 D ToastAccService: Not a toast, ignore
1791670153.282  root    43    43 I IRQ 16  : no longer affine to CPU5
1791670153.351 10719  8022  9677 I BatteryEventDispatcherImpl: [_waitingForDispatchEvent] processing BatteryEventDispatcherImpl$DispatchEvent$OnPollTimeout
1791670153.541  1000  1753  1753 D SurfaceFlinger: initiateModeChange 4630946292801050754 {mode={fps=60.00 Hz, modePtr={id=3, vsyncRate=60.00 Hz, peakRefreshRate=60.00 Hz}}, emitEvent=false, force=false}
1791670153.542  1000  1703  1703 D SDM     : IRIS_LOG_HWC::SetActiveConfigWithConstraints:465: 03
1791670153.542  1000  1703  1703 I IRIS_LOG_SERV: config 3, Refresh rate 60, Frame 3216x1440, Current mode 'ABYP'
1791670153.542  1000  1703  1703 D IRIS_LOG_SERV: Service Mode changed to: IRIS_SERVICE_MODE_BYPASS
1791670153.542  1000  1703  1703 I IRIS_LOG_SERV: SetActiveConfig[3]: 60 3216x1440 => 0
1791670153.546  1000  1703  1703 I SDM     : HWDeviceDRM::UpdateMixerAttributes: Mixer WxH 1440x3216-1 for Peripheral
1791670153.546  1000  1703  1703 I SDM     : HWCDisplay::SubmitDisplayConfig: HWC SetActiveConfig [5,3], cur_resolution is (1440, 3216), new_resolution is (1440, 3216)
1791670153.546  1000  1703  1703 I SDM     : HWCDisplay::SubmitDisplayConfig: Active configuration changed to: 3
1791670153.550  1000  1703  1703 D IRIS_LOG_COLR: Use kPbGamut HwConfigPayload
1791670153.572  root   709   709 I [drm:dsi_display_set_mode [msm_drm]] [msm-dsi-info]: mdp_transfer_time=7700, hactive=1440, vactive=3216, fps=60, h_skew=1
1791670153.572  root   709   709 E         : IRIS_LOG I iris_post_switch(), post switch to 1440x3216@60Hz, cmd list 0, switch case ABYP_TO_ABYP
1791670153.572  root   709   709 E         : <AMB670YF01> dsi_cmd qcom,mdss-dsi-adfr-pre-switch-command
1791670153.573  root   709   709 I [drm:oplus_dsi_display_vsync_switch_check_te [msm_drm]] [msm-dsi-info]: kVRR vsync_switch_gpio is already 0
1791670153.573  root   709   709 E         : IRIS_LOG I iris_switch(), return 0, total cost '354 us'
1791670153.573  root   709   709 I [drm:dsi_panel_adfr_status_reset [msm_drm]] [msm-dsi-info]: kVRR auto mode reset: auto mode 0, fakeframe 0, min fps 1
1791670153.574  root   709   709 E         : <AMB670YF01> dsi_cmd qcom,mdss-dsi-post-panel-on-command
1791670153.616  1000  4337  4485 I WifiService: startScan uid=10303
1791670153.623  1000  4337  4579 E Nl80211Native: getChannelsMhzForBand: Wiphy index not recorded for band 8
1791670153.624  1000  4337  4579 E Nl80211Native: getChannelsMhzForBand: Wiphy index not recorded for band 16
1791670153.624  1000  4337  4579 I Nl80211Proxy: Sending Nl80211 message: GenericNetlinkMsg{ nlHeader{StructNlMsgHdr{ nlmsg_len{44}, nlmsg_type{21()}, nlmsg_flags{5(NLM_F_REQUEST|NLM_F_ACK)}, nlmsg_seq{1008}, nlmsg_pid{0} }}, genNlHeader{StructGenNlMsgHdr{ command{33}, version{1}, reserved{0} }}, attributes{[StructNlAttr{ nla_len{8}, nla_type{-32723}, nla_value{04000000}, }, StructNlAttr{ nla_len{8}, nla_type{3}, nla_value{19000000}, }, StructNlAttr{ nla_len{8}, nla_type{158}, nla_value{08040000}, }]} }
1791670153.629  1000  4337  4579 I Nl80211Proxy: Received NLMSG_ERROR with error 0 for message GenericNetlinkMsg{ nlHeader{StructNlMsgHdr{ nlmsg_len{44}, nlmsg_type{21()}, nlmsg_flags{5(NLM_F_REQUEST|NLM_F_ACK)}, nlmsg_seq{1008}, nlmsg_pid{0} }}, genNlHeader{StructGenNlMsgHdr{ command{33}, version{1}, reserved{0} }}, attributes{[StructNlAttr{ nla_len{8}, nla_type{-32723}, nla_value{04000000}, }, StructNlAttr{ nla_len{8}, nla_type{3}, nla_value{19000000}, }, StructNlAttr{ nla_len{8}, nla_type{158}, nla_value{08040000}, }]} }
1791670153.626  root 21329 21329 D cnss    : Runtime resume start
1791670153.626  root 21329 21329 D cnss    : Resuming PCI link
1791670153.629  root 21329 21329 D cnss    : Set PCI link status to: 2
1791670153.629  root 21329 21329 D cnss    : Setting MHI state: RESUME(7)
1791670153.633  root 21329 21329 I [kworke][0xdb1cabb25][22:09:13.633535] wlan: [21329:I:PMO] pmo_core_psoc_send_host_wakeup_ind_to_fw: Host wakeup indication sent to fw
1791670153.637  root     0     0 E [    C0] [soft_i][0xdb1cbd843][22: 09:13.637337] wlan: [0:E:WMA] wma_wake_event_packet: Wake reason UNSPECIFIED is not a packet event
1791670153.637  root 21329 21329 D cnss    : Runtime resume status: 0
1791670153.680  root  4784  4784 I [schedu][0xdb1d89567][22:09:13.680819] wlan: [4784:I:OSIF] scan start scan id 41294
1791670153.716  root 11925 16847 W adbd    : timed out while waiting for FUNCTIONFS_BIND, trying again
1791670153.717  root 11925 16847 I adbd    : UsbFfs: connection terminated: monitor thread finished
1791670153.718  1000  1753  1753 D SurfaceFlinger: initiateModeChange 4630946292801050754 {mode={fps=120.00 Hz, modePtr={id=5, vsyncRate=120.00 Hz, peakRefreshRate=120.00 Hz}}, emitEvent=false, force=false}
1791670153.719  1000  1703  1703 D SDM     : IRIS_LOG_HWC::SetActiveConfigWithConstraints:465: 05
1791670153.719  1000  1703  1703 I IRIS_LOG_SERV: config 5, Refresh rate 120, Frame 3216x1440, Current mode 'ABYP'
1791670153.719  1000  1703  1703 D IRIS_LOG_SERV: Service Mode changed to: IRIS_SERVICE_MODE_BYPASS
1791670153.719  1000  1703  1703 I IRIS_LOG_SERV: SetActiveConfig[5]: 120 3216x1440 => 0
1791670153.720  1000  1703  1703 I SDM     : HWDeviceDRM::UpdateMixerAttributes: Mixer WxH 1440x3216-1 for Peripheral
1791670153.720  1000  1703  1703 I SDM     : HWCDisplay::SubmitDisplayConfig: HWC SetActiveConfig [3,5], cur_resolution is (1440, 3216), new_resolution is (1440, 3216)
1791670153.720  1000  1703  1703 I SDM     : HWCDisplay::SubmitDisplayConfig: Active configuration changed to: 5
1791670153.724  1000  1703  1703 D IRIS_LOG_COLR: Use kPbGamut HwConfigPayload
1791670153.734  root   709   709 E         : [drm:_sde_crtc_blend_setup_mixer:1602] do not config dimlayer at the fps switch
1791670153.736  root   709   709 I [drm:dsi_display_set_mode [msm_drm]] [msm-dsi-info]: mdp_transfer_time=7700, hactive=1440, vactive=3216, fps=120, h_skew=0
1791670153.736  root   709   709 E         : IRIS_LOG I iris_post_switch(), post switch to 1440x3216@120Hz, cmd list 0, switch case ABYP_TO_ABYP
1791670153.736  root   709   709 E         : <AMB670YF01> dsi_cmd qcom,mdss-dsi-adfr-pre-switch-command
1791670153.736  root   709   709 I [drm:oplus_dsi_display_vsync_switch_check_te [msm_drm]] [msm-dsi-info]: kVRR vsync_switch_gpio is already 0
1791670153.737  root   709   709 E         : IRIS_LOG I iris_switch(), return 0, total cost '367 us'
1791670153.737  root   709   709 I [drm:dsi_panel_adfr_status_reset [msm_drm]] [msm-dsi-info]: kVRR auto mode reset: auto mode 0, fakeframe 1, min fps 0
1791670153.738  root   709   709 E         : <AMB670YF01> dsi_cmd qcom,mdss-dsi-post-panel-on-command
1791670153.743  root 11938 11938 I         : read descriptors
1791670153.743  root 11938 11938 I         : read strings
1791670153.743  root 11925 11938 I adbd    : opening control endpoint /dev/usb-ffs/adb/ep0
1791670154.034  1000  1659  1659 E QTI PowerHAL: Failed to acquire lock.
1791670154.035  1000  1659  1659 E QTI PowerHAL: Failed process_boost for boost_handle
1791670154.040 10312  5415  5415 D OtherActivityInputConsumer: ACTION_DOWN: mIsDeferredDownTarget=false
1791670154.050 10312  5415  5415 D ContextTracker: Registering callback: callback=com.android.quickstep.util.ContextInitListener@3c3b061, context=com.android.launcher3.uioverrides.QuickstepLauncher@c0470f3, reason=OtherActivityInputConsumer.startTouchTrackingForWindowAnimation
1791670154.052 10312  5415  5415 D RecentsView: onGestureAnimationStart - groupedTaskInfo: Desk ID= -1, Desk Display ID=-1, Tasks=[id=930 winMode=fullscreen visReq=true vis=true excluded=false baseIntent=com.f0x1d.logfox/.presentation.ui.activity.MainActivity], Type=FULLSCREEN, Minimized Task IDs=null
1791670154.052 10312  5415  5415 D RecentsView: updateTaskStackListenerState: true
1791670154.052 10312  5415  5415 D RecentsView: reloadIfNeeded - getTasks: -1
1791670154.053 10312  5415  5415 D RecentsView: showCurrentTask(onGestureAnimationStart) - groupedTaskInfo: Desk ID= -1, Desk Display ID=-1, Tasks=[id=930 winMode=fullscreen visReq=true vis=true excluded=false baseIntent=com.f0x1d.logfox/.presentation.ui.activity.MainActivity], Type=FULLSCREEN, Minimized Task IDs=null
1791670154.055 10312  5415  5415 D TaskView: onBind com.android.launcher3.uioverrides.QuickstepLauncher@c0470f3 com.android.quickstep.LauncherActivityInterface@2761bed
1791670154.055 10312  5415  5415 D TaskViewModel: bind com.android.quickstep.recents.ui.viewmodel.TaskViewModel@896d07a as SINGLE to taskIds: [930]
1791670154.059 10303  4915  5301 V RecentTasksController: generateList(getRecentTasks)
1791670154.059 10303  4915  5301 V RecentTasksController: initializeDesksMap - allDeskIds: []
1791670154.059 10303  4915  5301 V RecentTasksController: Task 930 is not an active desktop task
1791670154.059 10303  4915  5301 V RecentTasksController: Added fullscreen task: 930
1791670154.059 10303  4915  5301 V RecentTasksController: Task 929 is not an active desktop task
1791670154.059 10303  4915  5301 V RecentTasksController: Added fullscreen task: 929
1791670154.060 10303  4915  5301 V RecentTasksController: Task 928 is not an active desktop task
1791670154.060 10303  4915  5301 V RecentTasksController: Added fullscreen task: 928
1791670154.060 10303  4915  5301 V RecentTasksController: Task 925 is not an active desktop task
1791670154.060 10303  4915  5301 V RecentTasksController: Added fullscreen task: 925
1791670154.060 10303  4915  5301 V RecentTasksController: Task 924 is not an active desktop task
1791670154.060 10303  4915  5301 V RecentTasksController: Added fullscreen task: 924
1791670154.060 10303  4915  5301 V RecentTasksController: Task 921 is not an active desktop task
1791670154.060 10303  4915  5301 V RecentTasksController: Added fullscreen task: 921
1791670154.060 10303  4915  5301 V RecentTasksController: Task 713 is not an active desktop task
1791670154.060 10303  4915  5301 V RecentTasksController: Added fullscreen task: 713
1791670154.060 10303  4915  5301 V RecentTasksController: generateList - complete
1791670154.062 10312  5415  5415 E PagedView: validateNewPage: failed to find a page > mMinScrollX
1791670154.062 10312  5415  5415 E PagedView: validateNewPage: failed to find a page > mMinScrollX
1791670154.062 10312  5415  5453 D RecentTasksList: loadTasksInBackground - isDeviceLocked(0): false
1791670154.063 10312  5415  5453 D RecentTasksList: getTasks - loadTasksInBackground: 576
1791670154.063 10312  5415  5415 D OtherActivityInputConsumer: startTouchTrackingForWindowAnimation: isRecentsAnimationRunning=false
1791670154.063 10312  5415  5415 D TaskAnimationManager: startRecentsAnimation - running TaskAnimationMnaager count: 0
1791670154.064 10303  4915  5301 V ShellRecents: startRecentsTransition
1791670154.064 10303  4915  5301 D WindowManagerShell: PipDesktopState: Recents transition state changed: TRANSITION_STATE_REQUESTED
1791670154.064 10303  4915  5301 V ShellDesktopMode: DesktopTasksController: Recents transition state changed: TRANSITION_STATE_REQUESTED
1791670154.065 10303  4915  5301 V ShellRecents: RecentsTransitionHandler.startRealRecentsTransition(): displayId=0
1791670154.065 10303  4915  5301 V WindowManagerShell:  handleRecentsRequest displayId=0 deskActive=false
1791670154.065 10312  5415  5415 D RecentTasksList: getTasks - updating mResultsUi: 576
1791670154.065 10303  4915  5301 V WindowManagerShell: Directly starting a new transition type=START_RECENTS_TRANSITION(FIRST_CUSTOM+21) wct=WindowContainerTransaction { changes= {} hops= [{pendingIntent: options=Bundle[{android.activity.splashScreenStyle=-1, android.activity.sourceInfo=android.app.ActivityOptions$SourceInfo@ac706ae, android.pendingIntent.backgroundActivityAllowed=3, android.activity.launchDisplayId=0, android:activity.animAbortListener=null, android.activity.transientLaunch=true}]}, {setAnimationDelegate:  caller=android.os.BinderProxy@6f58ca8}] flags= 0 errorCallbackToken=null taskFragmentOrganizer=null } handler=com.android.wm.shell.recents.RecentsTransitionHandler@95843c1
1791670154.065 10312  5415  5415 D RecentTasksList: getTasks - updating mResultsUi: 576
1791670154.065 10312  5415  5415 D RecentsView: applyLoadPlan - taskGroups: [type=SINGLE task=[id=713 windowingMode=0 user=0 lastActiveTime=134812] null, type=SINGLE task=[id=921 windowingMode=1 user=0 lastActiveTime=2774205] null, type=SINGLE task=[id=924 windowingMode=1 user=0 lastActiveTime=2863604] null, type=SINGLE task=[id=925 windowingMode=1 user=0 lastActiveTime=3026833] null, type=SINGLE task=[id=928 windowingMode=1 user=0 lastActiveTime=3035219] null, type=SINGLE task=[id=929 windowingMode=1 user=0 lastActiveTime=3050924] null, type=SINGLE task=[id=930 windowingMode=1 user=0 lastActiveTime=3054698] null], taskListChangeId: 576
1791670154.066  1000  4337  5236 V WindowManager: deferTransitionReady deferReadyDepth=1 stack=com.android.server.wm.WindowOrganizerController.applyTransaction:717 com.android.server.wm.WindowOrganizerController.applyTransaction:651 com.android.server.wm.WindowOrganizerController.lambda$startTransition$3:388 com.android.server.wm.WindowOrganizerController.$r8$lambda$PHnU0rj5Bcvaq0dL-Wi7kOJt8bo:0 com.android.server.wm.WindowOrganizerController$$ExternalSyntheticLambda5.onCollectStarted:0
1791670154.067 10312  5415  5415 D TaskViewModel: unbind com.android.quickstep.recents.ui.viewmodel.TaskViewModel@bacd40f
1791670154.067 10312  5415  5415 D TaskViewModel: unbind com.android.quickstep.recents.ui.viewmodel.TaskViewModel@f28156e
1791670154.067 10312  5415  5415 D TaskViewModel: unbind com.android.quickstep.recents.ui.viewmodel.TaskViewModel@37214e9
1791670154.068 10312  5415  5415 D TaskViewModel: unbind com.android.quickstep.recents.ui.viewmodel.TaskViewModel@c0cc970
1791670154.068 10312  5415  5415 D TaskViewModel: unbind com.android.quickstep.recents.ui.viewmodel.TaskViewModel@c5cefb3
1791670154.068 10312  5415  5415 D TaskViewModel: unbind com.android.quickstep.recents.ui.viewmodel.TaskViewModel@f868922
1791670154.068  1000  1659  1659 I QTI PowerHAL: Power setMode: 5 to: 1
1791670154.069  1000  1659  1659 E QTI PowerHAL: Failed to acquire lock.
1791670154.069  1000  1659  1659 E QTI PowerHAL: Failed process_boost for boost_handle
1791670154.069  1000  1659  1659 E QTI PowerHAL: Failed to perform launch boost
1791670154.069 10312  5415  5415 D TaskViewModel: unbind com.android.quickstep.recents.ui.viewmodel.TaskViewModel@896d07a
1791670154.069 10312  5415  5415 W BitmapDrawable: BitmapDrawable created with null Bitmap
1791670154.070 10312  5415  5415 D TaskView: onBind com.android.launcher3.uioverrides.QuickstepLauncher@c0470f3 com.android.quickstep.LauncherActivityInterface@2761bed
1791670154.070 10312  5415  5415 D TaskViewModel: bind com.android.quickstep.recents.ui.viewmodel.TaskViewModel@8056a1b as SINGLE to taskIds: [930]
1791670154.072 10312  5415  5415 D TaskView: onBind com.android.launcher3.uioverrides.QuickstepLauncher@c0470f3 com.android.quickstep.LauncherActivityInterface@2761bed
1791670154.072 10312  5415  5415 D TaskViewModel: bind com.android.quickstep.recents.ui.viewmodel.TaskViewModel@c8497b8 as SINGLE to taskIds: [929]
1791670154.072 10312  5415  5415 D TaskView: onBind com.android.launcher3.uioverrides.QuickstepLauncher@c0470f3 com.android.quickstep.LauncherActivityInterface@2761bed
1791670154.072 10312  5415  5415 D TaskViewModel: bind com.android.quickstep.recents.ui.viewmodel.TaskViewModel@afed991 as SINGLE to taskIds: [928]
1791670154.073 10312  5415  5415 D TaskView: onBind com.android.launcher3.uioverrides.QuickstepLauncher@c0470f3 com.android.quickstep.LauncherActivityInterface@2761bed
1791670154.073 10312  5415  5415 D TaskViewModel: bind com.android.quickstep.recents.ui.viewmodel.TaskViewModel@bf300f6 as SINGLE to taskIds: [925]
1791670154.073 10312  5415  5415 D TaskView: onBind com.android.launcher3.uioverrides.QuickstepLauncher@c0470f3 com.android.quickstep.LauncherActivityInterface@2761bed
1791670154.073 10312  5415  5415 D TaskViewModel: bind com.android.quickstep.recents.ui.viewmodel.TaskViewModel@5068cf7 as SINGLE to taskIds: [924]
1791670154.074 10312  5415  5415 D TaskView: onBind com.android.launcher3.uioverrides.QuickstepLauncher@c0470f3 com.android.quickstep.LauncherActivityInterface@2761bed
1791670154.074 10312  5415  5415 D TaskViewModel: bind com.android.quickstep.recents.ui.viewmodel.TaskViewModel@c77764 as SINGLE to taskIds: [921]
1791670154.074 10312  5415  5415 D TaskView: onBind com.android.launcher3.uioverrides.QuickstepLauncher@c0470f3 com.android.quickstep.LauncherActivityInterface@2761bed
1791670154.074 10312  5415  5415 D TaskViewModel: bind com.android.quickstep.recents.ui.viewmodel.TaskViewModel@6a67dcd as SINGLE to taskIds: [713]
1791670154.074 10383  7958  7958 D VRI[GoogleDiscoverWindow]: visibilityChanged oldVisibility=false newVisibility=true
1791670154.075 10312  5415  5415 D TasksRepository: updateTaskRequests to: [929, 928, 925], removed: [], added: [929, 928, 925]
1791670154.075 10312  5415  5415 I TasksRepository: requestTaskData: 929
1791670154.075 10312  5415  5415 I TasksRepository: requestTaskData: 928
1791670154.075 10312  5415  5415 I TasksRepository: requestTaskData: 925
1791670154.077 10312  5415  5415 D RecentsView: onGestureAnimationStart - groupedTaskInfo: Desk ID= -1, Desk Display ID=-1, Tasks=[id=930 winMode=fullscreen visReq=true vis=true excluded=false baseIntent=com.f0x1d.logfox/.presentation.ui.activity.MainActivity], Type=FULLSCREEN, Minimized Task IDs=null
1791670154.077 10312  5415  5415 D RecentsView: showCurrentTask(onGestureAnimationStart) - groupedTaskInfo: Desk ID= -1, Desk Display ID=-1, Tasks=[id=930 winMode=fullscreen visReq=true vis=true excluded=false baseIntent=com.f0x1d.logfox/.presentation.ui.activity.MainActivity], Type=FULLSCREEN, Minimized Task IDs=null
1791670154.078  1000  4337  6103 D InputManagerService: pilferPointers
1791670154.078  1000  4337  6103 I InputDispatcher: Channel [Gesture Monitor] swipe-up is stealing input gesture for device 3 from [d23bb3f com.f0x1d.logfox/com.f0x1d.logfox.presentation.ui.activity.MainActivity, [Gesture Monitor] edge-swipe]
1791670154.078  1000  4337  5236 V WindowManager: continueTransitionReady deferReadyDepth=0 stack=com.android.server.wm.WindowOrganizerController.applyTransaction:864 com.android.server.wm.WindowOrganizerController.applyTransaction:651 com.android.server.wm.WindowOrganizerController.lambda$startTransition$3:388 com.android.server.wm.WindowOrganizerController.$r8$lambda$PHnU0rj5Bcvaq0dL-Wi7kOJt8bo:0 com.android.server.wm.WindowOrganizerController$$ExternalSyntheticLambda5.onCollectStarted:0
1791670154.078 10312  5415  5415 D RecentTasksList: getTasks - updating mResultsUi: 576
1791670154.078 10312  5415  5415 D TasksRepository: getAllTaskData: oldTasks [713, 921, 924, 925, 928, 929], newTasks: [713, 921, 924, 925, 928, 929, 930]
1791670154.078 10312  5415  5415 D TasksRepository: updateTaskRequests to: [930, 929, 928, 925], removed: [], added: [930]
1791670154.078 10312  5415  5415 I TasksRepository: requestTaskData: 930
1791670154.079 10303  4915  5652 D WallpaperService: onVisibilityChanged(true): com.android.systemui.wallpapers.ImageWallpaper$CanvasEngine@949cb7b
1791670154.082 10312  5415  5453 D b/417220811: Current thumbnail: null, replacing with android.graphics.Bitmap@4c1faa1
1791670154.082 10312  5415  5415 D ViewRootImpl: Skipping stats log for color mode
1791670154.083 10312  5415  5453 D b/417220811: Current thumbnail: null, replacing with android.graphics.Bitmap@598c255
1791670154.085 10312  5415  5415 D Current state display 0: newValue: Background
1791670154.086 10312  5415  5415 D AllAppsTransitionController: shouldProtectHeader: false skipScrim: false state: Background stateManager.getState(): Background
1791670154.086 10312  5415  5415 D BaseDepthController: mSurface is null and mCurrentBlur is: 30
1791670154.087 10383  7958  7958 I Surface : Creating surface for consumer unnamed-7958-64 with slotExpansion=1 for 64 slots
1791670154.087 10312  5415  5415 D AlphabeticalAppsList: Clearing FastScrollerSections.
1791670154.087 10312  5415  5415 D AlphabeticalAppsList: Adding FastScrollSection for work edu card.
1791670154.087 10312  5415  5415 D AlphabeticalAppsList: Adding apps with sections. HasPrivateApps: false
1791670154.087 10312  5415  5415 D AlphabeticalAppsList: addAppsWithSections: adding sectionName: … with appInfoTitle: 20 Minutes Till Dawn
1791670154.087 10312  5415  5415 D AlphabeticalAppsList: addAppsWithSections: adding sectionName: A with appInfoTitle: Activity Manager
1791670154.087 10312  5415  5415 D AlphabeticalAppsList: addAppsWithSections: adding sectionName: B with appInfoTitle: BCR
1791670154.087 10312  5415  5415 D AlphabeticalAppsList: addAppsWithSections: adding sectionName: C with appInfoTitle: CalibRaw
1791670154.087 10312  5415  5415 D AlphabeticalAppsList: addAppsWithSections: adding sectionName: Ç with appInfoTitle: Çeviri
1791670154.087 10312  5415  5415 D AlphabeticalAppsList: addAppsWithSections: adding sectionName: D with appInfoTitle: DeepL
1791670154.087 10312  5415  5415 D AlphabeticalAppsList: addAppsWithSections: adding sectionName: E with appInfoTitle: E-Bilet
1791670154.087 10312  5415  5415 D AlphabeticalAppsList: addAppsWithSections: adding sectionName: F with appInfoTitle: F-Droid
1791670154.087 10312  5415  5415 D AlphabeticalAppsList: addAppsWithSections: adding sectionName: G with appInfoTitle: Galeri
1791670154.087 10312  5415  5415 D AlphabeticalAppsList: addAppsWithSections: adding sectionName: H with appInfoTitle: Habit Tracker
1791670154.087 10312  5415  5415 D AlphabeticalAppsList: addAppsWithSections: adding sectionName: I with appInfoTitle: Iceraven
1791670154.087 10312  5415  5415 D AlphabeticalAppsList: addAppsWithSections: adding sectionName: İ with appInfoTitle: idefix
1791670154.087 10312  5415  5415 D AlphabeticalAppsList: addAppsWithSections: adding sectionName: K with appInfoTitle: Kaboom Metal
1791670154.087 10312  5415  5415 D AlphabeticalAppsList: addAppsWithSections: adding sectionName: L with appInfoTitle: LCW
1791670154.087 10312  5415  5415 D AlphabeticalAppsList: addAppsWithSections: adding sectionName: M with appInfoTitle: Magic Cubes
1791670154.087 10312  5415  5415 D AlphabeticalAppsList: addAppsWithSections: adding sectionName: N with appInfoTitle: n11
1791670154.087 10312  5415  5415 D AlphabeticalAppsList: addAppsWithSections: adding sectionName: O with appInfoTitle: obilet
1791670154.087 10312  5415  5415 D AlphabeticalAppsList: addAppsWithSections: adding sectionName: Ö with appInfoTitle: Ödüller
1791670154.087 10312  5415  5415 D AlphabeticalAppsList: addAppsWithSections: adding sectionName: P with appInfoTitle: PAC-MAN
1791670154.087 10312  5415  5415 D AlphabeticalAppsList: addAppsWithSections: adding sectionName: R with appInfoTitle: Re:X
1791670154.087 10312  5415  5415 D AlphabeticalAppsList: addAppsWithSections: adding sectionName: S with appInfoTitle: Saat
1791670154.087 10312  5415  5415 D AlphabeticalAppsList: addAppsWithSections: adding sectionName: Ş with appInfoTitle: Şifreler
1791670154.087 10312  5415  5415 D AlphabeticalAppsList: addAppsWithSections: adding sectionName: T with appInfoTitle: Tack
1791670154.087 10312  5415  5415 D AlphabeticalAppsList: addAppsWithSections: adding sectionName: U with appInfoTitle: Ucuzabilet
1791670154.087 10312  5415  5415 D AlphabeticalAppsList: addAppsWithSections: adding sectionName: V with appInfoTitle: VD Google
1791670154.087 10312  5415  5415 D AlphabeticalAppsList: addAppsWithSections: adding sectionName: W with appInfoTitle: WA Business
1791670154.087 10312  5415  5415 D AlphabeticalAppsList: addAppsWithSections: adding sectionName: X with appInfoTitle: X
1791670154.087 10312  5415  5415 D AlphabeticalAppsList: addAppsWithSections: adding sectionName: Y with appInfoTitle: Yandex Maps
1791670154.087 10312  5415  5415 D AlphabeticalAppsList: addAppsWithSections: adding sectionName: Z with appInfoTitle: Zank Remote
1791670154.087 10312  5415  5415 D AlphabeticalAppsList: addAppsWithSections: adding sectionName: … with appInfoTitle: @string/four_ones
1791670154.087 10312  5415  5415 D AlphabeticalAppsList: Adding FastScrollSection duplicate to scroll to the bottom.
1791670154.088 10383  7958  7958 I Surface : Creating surface for consumer VRI[GoogleDiscoverWindow]#64(BLAST Consumer)64 with slotExpansion=1 for 64 slots
1791670154.088 10312  5415  5415 D StatsLog: LAUNCHER_ALLAPPS_EXIT
1791670154.088 10312  5415  5415 D AlphabeticalAppsList: Clearing FastScrollerSections.
1791670154.088 10312  5415  5415 D AlphabeticalAppsList: Adding FastScrollSection for work edu card.
1791670154.088 10312  5415  5415 D AlphabeticalAppsList: Adding apps with sections. HasPrivateApps: false
1791670154.088 10312  5415  5415 D AlphabeticalAppsList: addAppsWithSections: adding sectionName: … with appInfoTitle: 20 Minutes Till Dawn
1791670154.088 10312  5415  5415 D AlphabeticalAppsList: addAppsWithSections: adding sectionName: A with appInfoTitle: Activity Manager
1791670154.088 10312  5415  5415 D AlphabeticalAppsList: addAppsWithSections: adding sectionName: B with appInfoTitle: BCR
1791670154.088 10312  5415  5415 D AlphabeticalAppsList: addAppsWithSections: adding sectionName: C with appInfoTitle: CalibRaw
1791670154.088 10312  5415  5415 D AlphabeticalAppsList: addAppsWithSections: adding sectionName: Ç with appInfoTitle: Çeviri
1791670154.088 10312  5415  5415 D AlphabeticalAppsList: addAppsWithSections: adding sectionName: D with appInfoTitle: DeepL
1791670154.088 10312  5415  5415 D AlphabeticalAppsList: addAppsWithSections: adding sectionName: E with appInfoTitle: E-Bilet
1791670154.088 10312  5415  5415 D AlphabeticalAppsList: addAppsWithSections: adding sectionName: F with appInfoTitle: F-Droid
1791670154.088 10312  5415  5415 D AlphabeticalAppsList: addAppsWithSections: adding sectionName: G with appInfoTitle: Galeri
1791670154.088 10312  5415  5415 D AlphabeticalAppsList: addAppsWithSections: adding sectionName: H with appInfoTitle: Habit Tracker
1791670154.088 10312  5415  5415 D AlphabeticalAppsList: addAppsWithSections: adding sectionName: I with appInfoTitle: Iceraven
1791670154.088 10312  5415  5415 D AlphabeticalAppsList: addAppsWithSections: adding sectionName: İ with appInfoTitle: idefix
1791670154.088 10312  5415  5415 D AlphabeticalAppsList: addAppsWithSections: adding sectionName: K with appInfoTitle: Kaboom Metal
1791670154.088 10312  5415  5415 D AlphabeticalAppsList: addAppsWithSections: adding sectionName: L with appInfoTitle: LCW
1791670154.088 10312  5415  5415 D AlphabeticalAppsList: addAppsWithSections: adding sectionName: M with appInfoTitle: Magic Cubes
1791670154.088 10312  5415  5415 D AlphabeticalAppsList: addAppsWithSections: adding sectionName: N with appInfoTitle: n11
1791670154.088 10312  5415  5415 D AlphabeticalAppsList: addAppsWithSections: adding sectionName: O with appInfoTitle: obilet
1791670154.088 10312  5415  5415 D AlphabeticalAppsList: addAppsWithSections: adding sectionName: Ö with appInfoTitle: Ödüller
1791670154.088 10312  5415  5415 D AlphabeticalAppsList: addAppsWithSections: adding sectionName: P with appInfoTitle: PAC-MAN
1791670154.088 10312  5415  5415 D AlphabeticalAppsList: addAppsWithSections: adding sectionName: R with appInfoTitle: Re:X
1791670154.088 10312  5415  5415 D AlphabeticalAppsList: addAppsWithSections: adding sectionName: S with appInfoTitle: Saat
1791670154.088 10312  5415  5415 D AlphabeticalAppsList: addAppsWithSections: adding sectionName: Ş with appInfoTitle: Şifreler
1791670154.088 10312  5415  5415 D AlphabeticalAppsList: addAppsWithSections: adding sectionName: T with appInfoTitle: Tack
1791670154.088 10312  5415  5415 D AlphabeticalAppsList: addAppsWithSections: adding sectionName: U with appInfoTitle: Ucuzabilet
1791670154.088 10312  5415  5415 D AlphabeticalAppsList: addAppsWithSections: adding sectionName: V with appInfoTitle: VD Google
1791670154.088 10312  5415  5415 D AlphabeticalAppsList: addAppsWithSections: adding sectionName: W with appInfoTitle: WA Business
1791670154.088 10312  5415  5415 D AlphabeticalAppsList: addAppsWithSections: adding sectionName: X with appInfoTitle: X
1791670154.088 10312  5415  5415 D AlphabeticalAppsList: addAppsWithSections: adding sectionName: Y with appInfoTitle: Yandex Maps
1791670154.088 10312  5415  5415 D AlphabeticalAppsList: addAppsWithSections: adding sectionName: Z with appInfoTitle: Zank Remote
1791670154.088 10312  5415  5415 D AlphabeticalAppsList: addAppsWithSections: adding sectionName: … with appInfoTitle: @string/four_ones
1791670154.088 10312  5415  5415 D AlphabeticalAppsList: Adding FastScrollSection duplicate to scroll to the bottom.
1791670154.090  1000  4337  5236 W Transition: #%d: Condition met too late, already in state=2: {start WCT appliedIGNORED}
1791670154.091 10303  4915  5301 V ShellRecents: [262045660] RecentsController.setTransition: id=android.os.BinderProxy@35b0c4f
1791670154.091 10303  4915  5301 V RecentTasksController: Notify recent tasks changed
1791670154.092  1000  4337  4485 D WindowManager: setClientSurface Surface(name=VRI-GoogleDiscoverWindow#4926)/@0x14785d9 for 4f451d3 GoogleDiscoverWindow
1791670154.096 10312  5415  5415 I Surface : Creating surface for consumer unnamed-5415-108 with slotExpansion=1 for 64 slots
1791670154.096 10312  5415  5415 I Surface : Creating surface for consumer VRI[QuickstepLauncher]#77(BLAST Consumer)77 with slotExpansion=1 for 64 slots
1791670154.098  1000  4337  4382 V WindowManager: Sent Transition (#313) createdAt=10-11 01:09:14.066
1791670154.098 10383  7958  7958 I csde    : onStart
1791670154.099 10312  5415  5415 D OverviewActionsView: updateForGroupedTask() called with: isGroupedTask = [false], canSaveAppPair = [false]
1791670154.099 10312  5415  5415 D OverviewActionsView: updateActionButtonsVisibility() called: showSingleTaskActions = [true], showGroupActions = [false]
1791670154.099 10312  5415  5415 D TasksRepository: updateTaskRequests to: [930, 929, 928], removed: [925], added: []
1791670154.099 10312  5415  5415 I TasksRepository: removeTasks: [925]
1791670154.099 10312  5415  5415 D OverviewActionsView: updateForGroupedTask() called with: isGroupedTask = [false], canSaveAppPair = [false]
1791670154.099 10312  5415  5415 D OverviewActionsView: updateActionButtonsVisibility() called: showSingleTaskActions = [true], showGroupActions = [false]
1791670154.099 10312  5415  5415 D OverviewActionsView: updateForGroupedTask() called with: isGroupedTask = [false], canSaveAppPair = [false]
1791670154.099 10312  5415  5415 D OverviewActionsView: updateActionButtonsVisibility() called: showSingleTaskActions = [true], showGroupActions = [false]
1791670154.100 10312  5415  5415 D BaseDepthController: setSurface:
1791670154.100 10312  5415  5415 D BaseDepthController: 	mWaitingOnSurfaceValidity: false
1791670154.100 10312  5415  5415 D BaseDepthController: 	mBaseSurface: Surface(name=VRI-com.android.launcher3/com.android.launcher3.uioverrides.QuickstepLauncher#4928)/@0xf5059f2
1791670154.100 10312  5415  5415 V BaseDepthController: Applying blur: 30 to Surface(name=VRI-com.android.launcher3/com.android.launcher3.uioverrides.QuickstepLauncher#4928)/@0xf5059f2 applyImmediately: false
1791670154.100 10383  7958  7958 I cruv    : onStart
1791670154.101 10312  5415  5415 D BaseDepthController: shouldBlurWorkspace: false targetState: Background currentStableState: Background mCurrentBlur: 30 mLauncher.getDepthBlurTargets(): [com.android.launcher3.Workspace{c04cee1 V.ED..... .......D 0,0-1440,3216 #7f0a054d app:id/workspace aid=1073741834}, com.android.launcher3.Hotseat{176cc63 I.ED..... .......D 0,2667-1440,3216 #7f0a0241 app:id/hotseat aid=1073741899}]
1791670154.102  1000  4337  4382 V WindowManager:     startWCT=WindowContainerTransaction { changes= {} hops= [{pendingIntent: options=Bundle[{android.activity.splashScreenStyle=-1, android.activity.sourceInfo=android.app.ActivityOptions$SourceInfo@5124b9e, android.pendingIntent.backgroundActivityAllowed=3, android.activity.launchDisplayId=0, android:activity.animAbortListener=null, android.activity.transientLaunch=true}]}, {setAnimationDelegate:  caller=android.os.BinderProxy@983f304}] flags= 0 errorCallbackToken=null taskFragmentOrganizer=null }
1791670154.102  1000  4337  4382 V WindowManager:     info={id=313 t=FIRST_CUSTOM+21 f=0x80 trk=0 r=[0@Point(0, 0)] c=[
1791670154.102  1000  4337  4382 V WindowManager:         {WCT{RemoteToken{902cd37 Task{bff31d8 #1 type=home}}} m=TO_FRONT f=SHOW_WALLPAPER|MOVE_TO_TOP|FLAG_CHANGED_INTERACTIVE leash=Surface(name=Task=1#35)/@0x8c19212 sb=Rect(0, 0 - 1440, 3216) eb=Rect(0, 0 - 1440, 3216) epz=Point(1440, 3216) d=0 taskParent=-1 winMode=1 userId=0},
1791670154.102  1000  4337  4382 V WindowManager:         {WCT{RemoteToken{e390803 Task{7e4ed9 #930 type=standard A=10761:com.f0x1d.logfox}}} m=TO_BACK f=FLAG_CHANGED_INTERACTIVE leash=Surface(name=Task=930#4886)/@0x5220c67 sb=Rect(0, 0 - 1440, 3216) eb=Rect(0, 0 - 1440, 3216) epz=Point(1440, 3216) d=0 taskParent=-1 winMode=1 userId=0},
1791670154.102  1000  4337  4382 V WindowManager:         {m=TO_FRONT f=IS_WALLPAPER leash=Surface(name=WallpaperWindowToken{a25394}#74)/@0x2c74ec8 sb=Rect(0, 0 - 1440, 3216) eb=Rect(0, 0 - 1440, 3216) epz=Point(1440, 3216) d=0}
1791670154.102  1000  4337  4382 V WindowManager:     ]}
1791670154.103 10383  7958  7958 I cprk    : (REDACTED) [%s] onStart()
1791670154.103 10383  7958  7958 I cpty    : Reloading theme data
1791670154.105 10383  7958  7958 E NetworkErrorMessage: (REDACTED) Invalid connectivity state: %s
1791670154.108 10383  7958  7958 I csde    : onResume
1791670154.109 10383  7958  7958 W elap    : missing event name
1791670154.109 10383  7958  7958 I cruv    : onResume
1791670154.111  1000  4337  5236 D WindowManager: setClientSurface Surface(name=VRI-com.android.launcher3/com.android.launcher3.uioverrides.QuickstepLauncher#4928)/@0x608867f for 74cb840 com.android.launcher3/com.android.launcher3.uioverrides.QuickstepLauncher
1791670154.111 10303  4915  5575 V WindowManagerShell: onTransitionReady(transaction=18627273208630)
1791670154.113 10303  4915  5301 V WindowManagerShell: onTransitionReady (#313) android.os.BinderProxy@35b0c4f: {id=313 t=FIRST_CUSTOM+21 f=0x80 trk=0 r=[0@Point(0, 0)] c=[
1791670154.113 10303  4915  5301 V WindowManagerShell:         {m=TO_FRONT f=SHOW_WALLPAPER|MOVE_TO_TOP|FLAG_CHANGED_INTERACTIVE leash=Surface(name=Task=1#35)/@0x199a8e5 sb=Rect(0, 0 - 1440, 3216) eb=Rect(0, 0 - 1440, 3216) epz=Point(1440, 3216) d=0 taskParent=-1 winMode=1 userId=0},
1791670154.113 10303  4915  5301 V WindowManagerShell:         {m=TO_BACK f=FLAG_CHANGED_INTERACTIVE leash=Surface(name=Task=930#4886)/@0x600dfba sb=Rect(0, 0 - 1440, 3216) eb=Rect(0, 0 - 1440, 3216) epz=Point(1440, 3216) d=0 taskParent=-1 winMode=1 userId=0},
1791670154.113 10303  4915  5301 V WindowManagerShell:         {m=TO_FRONT f=IS_WALLPAPER leash=Surface(name=WallpaperWindowToken{a25394}#74)/@0x6661e6b sb=Rect(0, 0 - 1440, 3216) eb=Rect(0, 0 - 1440, 3216) epz=Point(1440, 3216) d=0}
1791670154.113 10303  4915  5301 V WindowManagerShell:     ]}
1791670154.113 10303  4915  5301 V WindowManagerShell: Playing animation for (#313) android.os.BinderProxy@35b0c4f@0
1791670154.113 10303  4915  5301 V WindowManagerShell:  try firstHandler com.android.wm.shell.recents.RecentsTransitionHandler@95843c1
1791670154.113 10303  4915  5301 V ShellRecents: [262045660] RecentsController.start
1791670154.114 10303  4915  5301 V ShellRecents:   hiding home taskId=1
1791670154.114 10312  5415  5415 D ActivityAllAppsContainerView: rebindAdapters: force: false
1791670154.116 10312  5415  5415 D ActivityAllAppsContainerView: rebindAdapters: force: false
1791670154.116 10312  5415  5415 D KeyboardStateManager: hideKeyboard
1791670154.116 10312  5415  5415 D KeyboardStateManager: isImeShown: true
1791670154.116 10312  5415  5415 D KeyboardStateManager: hideKeyboard: calling wic.hide() because isImeShown is true
1791670154.116 10312  5415  5415 D InsetsController: hide(ime())
1791670154.117 10312  5415  5415 I ImeTracker: com.android.launcher3:a1447665: onRequestHide at ORIGIN_CLIENT reason HIDE_SOFT_INPUT_BY_INSETS_API fromUser false userId 0 displayId 0
1791670154.117 10312  5415  5415 I ImeTracker: com.android.launcher3:a1447665: onCancelled at PHASE_CLIENT_ALREADY_HIDDEN
1791670154.117 10312  5415  5415 D StatsLog: LAUNCHER_ALLAPPS_KEYBOARD_CLOSED
1791670154.118 10312  5415  5415 D OtherActivityInputConsumer: finishTouchTracking: mPassedWindowMoveSlop=true
1791670154.118 10312  5415  5415 D OtherActivityInputConsumer: finishTouchTracking: mInteractionHandler=com.android.quickstep.LauncherSwipeHandlerV2@6ee4115
1791670154.118 10312  5415  5415 D OtherActivityInputConsumer: finishTouchTracking: ev=MotionEvent { action=ACTION_UP, actionButton=0, id[0]=0, x[0]=1018.0, y[0]=2748.0, toolType[0]=TOOL_TYPE_FINGER, buttonState=0, classification=NONE, metaState=0, flags=0x0, edgeFlags=0x0, pointerCount=1, historySize=0, eventTime=3058025, downTime=3057949, deviceId=3, source=0x1002, displayId=0, eventId=853058230 }
1791670154.119 10312  5415  5415 D ActivityAllAppsContainerView: rebindAdapters: force: false
1791670154.119 10312  5415  5415 D KeyboardStateManager: hideKeyboard
1791670154.119 10312  5415  5415 D KeyboardStateManager: isImeShown: true
1791670154.119 10312  5415  5415 D KeyboardStateManager: hideKeyboard: calling wic.hide() because isImeShown is true
1791670154.119 10312  5415  5415 D InsetsController: hide(ime())
1791670154.119 10303  4915  5301 V ShellRecents:   adding pausing leaf taskId=930 at layer=8
1791670154.119 10312  5415  5415 I ImeTracker: com.android.launcher3:7241da18: onRequestHide at ORIGIN_CLIENT reason HIDE_SOFT_INPUT_BY_INSETS_API fromUser false userId 0 displayId 0
1791670154.119 10312  5415  5415 I ImeTracker: com.android.launcher3:7241da18: onCancelled at PHASE_CLIENT_ALREADY_HIDDEN
1791670154.119 10312  5415  5415 D StatsLog: LAUNCHER_ALLAPPS_KEYBOARD_CLOSED
1791670154.119 10312  5415  5415 D RecentTasksList: invalidateLoadedTasks - previous requestLoadId: 576
1791670154.119  1000  4337  6576 W PackageInfo: Large parcel: size=16392 pkg=com.google.android.gms uid=10280 sig=1108(1) prevAllowSquashing=false
1791670154.120 10303  4915  5301 V ShellRecents: Applying transaction=18627273208630
1791670154.120 10312  5415  5415 D ActivityAllAppsContainerView: rebindAdapters: force: false
1791670154.120 10312  5415  5415 D ActivityAllAppsContainerView: rebindAdapters: Not needed.
1791670154.120 10312  5415  5415 D AlphabeticalAppsList: Clearing FastScrollerSections.
1791670154.120 10312  5415  5415 D AlphabeticalAppsList: Adding apps with sections. HasPrivateApps: false
1791670154.121  1000  1659  1659 E QTI PowerHAL: Failed to acquire lock.
1791670154.121  1000  1659  1659 E QTI PowerHAL: Failed process_boost for boost_handle
1791670154.125 10312  5415  5415 D TaskThumbnailView: [TaskThumbnailView@4ce16a5] taskId: 929 - uiState changed from: Uninitialized to: SnapshotSplash(snapshot=Snapshot(bitmap=android.graphics.Bitmap@4c1faa1, thumbnailRotation=0, backgroundColor=-13619152), splash=com.android.launcher3.icons.FastBitmapDrawable@358e676)
1791670154.126 10312  5415  5453 D b/417220811: Current thumbnail: null, replacing with null
1791670154.127 10312  5415  5415 D TaskThumbnailView: [TaskThumbnailView@9a2da5d] taskId: 928 - uiState changed from: Uninitialized to: SnapshotSplash(snapshot=Snapshot(bitmap=android.graphics.Bitmap@598c255, thumbnailRotation=0, backgroundColor=-16777216), splash=com.android.launcher3.icons.FastBitmapDrawable@9515f50)
1791670154.127 10303  4915  5301 V ShellRecents: No matching remote found to takeover (#313)
1791670154.127 10303  4915  5301 V ShellSplitScreen: getSplitBoundsForTaskId: expected split bounds for taskId=930 but not found
1791670154.127 10303  4915  5301 V ShellRecents: [262045660] RecentsController.start: calling onAnimationStart with 2 apps
1791670154.127 10303  4915  5301 D WindowManagerShell: PipDesktopState: Recents transition state changed: TRANSITION_STATE_ANIMATING
1791670154.127 10303  4915  5301 V ShellDesktopMode: DesktopTasksController: Recents transition state changed: TRANSITION_STATE_ANIMATING
1791670154.128 10312  5415  5415 D RemoteTargetGluer: containsSplitTargets? false handleLength: 10 appsLength: 1
1791670154.128 10312  5415  5415 D RemoteTargetGluer: appCount: 1 handleLength: 10
1791670154.128 10312  5415  5415 D RemoteTargetGluer: Reduce handles, count: 1
1791670154.129 10312  5415  5415 D RecentsView: setRecentsAnimationTargets - recentsAnimationController: com.android.quickstep.RecentsAnimationController@abb2f8b, recentsAnimationTargets: com.android.quickstep.RecentsAnimationTargets@ab1c868
1791670154.129 10312  5415  5415 D RemoteTargetGluer: containsSplitTargets? false handleLength: 1 appsLength: 1
1791670154.129 10312  5415  5415 D RemoteTargetGluer: appCount: 1 handleLength: 1
1791670154.129 10303  4915  5301 V WindowManagerShell:  animated by firstHandler
1791670154.130  1000  4337  6379 D ConnectivityService: requestNetwork for uid/pid:10303/4915 asUid: 10312 activeRequest: null callbackRequest: 1383 [NetworkRequest [ REQUEST id=1384, [ Capabilities: INTERNET&NOT_RESTRICTED&TRUSTED&NOT_VCN_MANAGED&NOT_BANDWIDTH_CONSTRAINED Uid: 10312 RequestorUid: 10303 RequestorPkg: com.android.systemui UnderlyingNetworks: Null] ]] callback flags: 0 order: 2147483647 isUidTracked: false declaredMethods: AVAIL|BLK
1791670154.130 10312  5415  5415 D StatsLog: LAUNCHER_ONRESUME
1791670154.130 10312  5415  5415 D Current state display 0: newValue: Normal
1791670154.131 10312  5415  5415 D AllAppsTransitionController: shouldProtectHeader: false skipScrim: true state: Normal stateManager.getState(): Normal
1791670154.131 10312  5415  5455 D QuickstepModelDelegate: notifyAppTargetEvent action=1 launchLocation=workspace/0/[-1,-1]/[1,1]
1791670154.131 10312  5415  5415 D KeyboardStateManager: hideKeyboard
1791670154.131 10312  5415  5415 D KeyboardStateManager: isImeShown: true
1791670154.131 10312  5415  5415 D KeyboardStateManager: hideKeyboard: calling wic.hide() because isImeShown is true
1791670154.131 10312  5415  5415 D InsetsController: hide(ime())
1791670154.131 10312  5415  5415 I ImeTracker: com.android.launcher3:50cf1a1: onRequestHide at ORIGIN_CLIENT reason HIDE_SOFT_INPUT_BY_INSETS_API fromUser false userId 0 displayId 0
1791670154.131 10312  5415  5415 I ImeTracker: com.android.launcher3:50cf1a1: onCancelled at PHASE_CLIENT_ALREADY_HIDDEN
1791670154.131 10312  5415  5415 D StatsLog: LAUNCHER_ALLAPPS_KEYBOARD_CLOSED
1791670154.132  1000  4337  4553 E HandwritingModeController: Cannot get requestId: Handwriting was not initialized.
1791670154.132 10303  4915  5301 D WindowManagerShell: setLauncherKeepClearAreaHeight: visible=true, height=549
1791670154.132 10312  5415  5415 V BaseDepthController: Applying blur: 0 to Surface(name=VRI-com.android.launcher3/com.android.launcher3.uioverrides.QuickstepLauncher#4928)/@0xf5059f2 applyImmediately: false
1791670154.133 10312  5415  5415 D BaseDepthController: shouldBlurWorkspace: false targetState: Normal currentStableState: Background mCurrentBlur: 0 mLauncher.getDepthBlurTargets(): [com.android.launcher3.Workspace{c04cee1 V.ED..... ......ID 0,0-1440,3216 #7f0a054d app:id/workspace aid=1073741834}, com.android.launcher3.Hotseat{176cc63 V.ED..... ......ID 0,2667-1440,3216 #7f0a0241 app:id/hotseat aid=1073741899}]
1791670154.133 10312  5415  5415 V BaseDepthController: Applying blur: 0 to Surface(name=VRI-com.android.launcher3/com.android.launcher3.uioverrides.QuickstepLauncher#4928)/@0xf5059f2 applyImmediately: false
1791670154.133 10312  5415  5415 D BaseDepthController: shouldBlurWorkspace: false targetState: Normal currentStableState: Background mCurrentBlur: 0 mLauncher.getDepthBlurTargets(): [com.android.launcher3.Workspace{c04cee1 V.ED..... ......ID 0,0-1440,3216 #7f0a054d app:id/workspace aid=1073741834}, com.android.launcher3.Hotseat{176cc63 V.ED..... ......ID 0,2667-1440,3216 #7f0a0241 app:id/hotseat aid=1073741899}]
1791670154.133 10312  5415  5415 D RecentsView: onPrepareGestureEndAnimation - endTarget: HOME
1791670154.134 10303  4915  5301 V RecentTasksController: generateList(getRecentTasks)
1791670154.134 10303  4915  5301 V RecentTasksController: initializeDesksMap - allDeskIds: []
1791670154.134 10303  4915  5301 V RecentTasksController: Task 930 is not an active desktop task
1791670154.134 10303  4915  5301 V RecentTasksController: Added fullscreen task: 930
1791670154.134 10303  4915  5301 V RecentTasksController: Task 929 is not an active desktop task
1791670154.134 10303  4915  5301 V RecentTasksController: Added fullscreen task: 929
1791670154.134 10303  4915  5301 V RecentTasksController: Task 928 is not an active desktop task
1791670154.134 10303  4915  5301 V RecentTasksController: Added fullscreen task: 928
1791670154.134 10303  4915  5301 V RecentTasksController: generateList - complete
1791670154.135 10312  5415  5453 D PreloadThumbnailUseCase: Preloading thumbnails for task ids: [[id=928 windowingMode=1 user=0 lastActiveTime=3035219] null, [id=929 windowingMode=1 user=0 lastActiveTime=3050924] null, [id=930 windowingMode=1 user=0 lastActiveTime=3054698] null]
1791670154.137 10303  4915  5301 V ShellRecents: [262045660] RecentsController.setInputConsumerEnabled: set focus to recents
1791670154.137 10303  4915  5575 V ShellRecents: [262045660] RecentsController.detachNavigationBarFromApp
1791670154.138 10312  5415  5415 V BaseDepthController: Applying blur: 0 to Surface(name=VRI-com.android.launcher3/com.android.launcher3.uioverrides.QuickstepLauncher#4928)/@0xf5059f2 applyImmediately: false
1791670154.138 10312  5415  5415 D BaseDepthController: shouldBlurWorkspace: false targetState: Normal currentStableState: Background mCurrentBlur: 0 mLauncher.getDepthBlurTargets(): [com.android.launcher3.Workspace{c04cee1 V.ED..... .......D 0,0-1440,3216 #7f0a054d app:id/workspace aid=1073741834}, com.android.launcher3.Hotseat{176cc63 V.ED..... ........ 0,2667-1440,3216 #7f0a0241 app:id/hotseat aid=1073741899}]
1791670154.141 10312  5415  5415 D b/417220811: Task id: 925, thumbnailData: null, isLocked: false
1791670154.142 10312  5415  5415 D TaskThumbnailView: [TaskThumbnailView@6ae2063] taskId: 925 - uiState changed from: Uninitialized to: BackgroundOnly(backgroundColor=-16777216)
1791670154.142 10312  5415  5415 D b/417220811: Task id: 924, thumbnailData: null, isLocked: false
1791670154.142 10312  5415  5415 D TaskThumbnailView: [TaskThumbnailView@60abeeb] taskId: 924 - uiState changed from: Uninitialized to: BackgroundOnly(backgroundColor=-1)
1791670154.142 10312  5415  5415 D b/417220811: Task id: 921, thumbnailData: null, isLocked: false
1791670154.142 10312  5415  5415 D TaskThumbnailView: [TaskThumbnailView@5952ac9] taskId: 921 - uiState changed from: Uninitialized to: BackgroundOnly(backgroundColor=-15527148)
1791670154.142 10312  5415  5415 D b/417220811: Task id: 713, thumbnailData: null, isLocked: false
1791670154.142 10312  5415  5415 D TaskThumbnailView: [TaskThumbnailView@5545ec7] taskId: 713 - uiState changed from: Uninitialized to: BackgroundOnly(backgroundColor=-15461864)
1791670154.143  1000  4337  4574 D WifiNetworkFactory: got request NetworkRequest [ REQUEST id=1384, [ Capabilities: INTERNET&NOT_RESTRICTED&TRUSTED&NOT_VCN_MANAGED&NOT_BANDWIDTH_CONSTRAINED Uid: 10312 RequestorUid: 10303 RequestorPkg: com.android.systemui UnderlyingNetworks: Null] ]
1791670154.143  1000  4337  4582 D ConnectivityService: NetReassign [1384 : null → 100] [c 4] [a 2] [i 3]
1791670154.144  1000  4337  4574 D UntrustedWifiNetworkFactory: got request NetworkRequest [ REQUEST id=1384, [ Capabilities: INTERNET&NOT_RESTRICTED&TRUSTED&NOT_VCN_MANAGED&NOT_BANDWIDTH_CONSTRAINED Uid: 10312 RequestorUid: 10303 RequestorPkg: com.android.systemui UnderlyingNetworks: Null] ]
1791670154.144  1000  4337  4574 D OemPaidWifiNetworkFactory: got request NetworkRequest [ REQUEST id=1384, [ Capabilities: INTERNET&NOT_RESTRICTED&TRUSTED&NOT_VCN_MANAGED&NOT_BANDWIDTH_CONSTRAINED Uid: 10312 RequestorUid: 10303 RequestorPkg: com.android.systemui UnderlyingNetworks: Null] ]
1791670154.144  1000  4337  4574 D MultiInternetWifiNetworkFactory: got request NetworkRequest [ REQUEST id=1384, [ Capabilities: INTERNET&NOT_RESTRICTED&TRUSTED&NOT_VCN_MANAGED&NOT_BANDWIDTH_CONSTRAINED Uid: 10312 RequestorUid: 10303 RequestorPkg: com.android.systemui UnderlyingNetworks: Null] ]
1791670154.147 10312  5415  5415 V BaseDepthController: Applying blur: 0 to Surface(name=VRI-com.android.launcher3/com.android.launcher3.uioverrides.QuickstepLauncher#4928)/@0xf5059f2 applyImmediately: false
1791670154.148 10312  5415  5415 D BaseDepthController: shouldBlurWorkspace: false targetState: Normal currentStableState: Background mCurrentBlur: 0 mLauncher.getDepthBlurTargets(): [com.android.launcher3.Workspace{c04cee1 V.ED..... .......D 0,0-1440,3216 #7f0a054d app:id/workspace aid=1073741834}, com.android.launcher3.Hotseat{176cc63 V.ED..... ........ 0,2667-1440,3216 #7f0a0241 app:id/hotseat aid=1073741899}]
1791670154.151 10312  5415  5415 D TaskThumbnailView: [TaskThumbnailView@b8d0193] taskId: 930 - uiState changed from: Uninitialized to: LiveTile
1791670154.155 10312  5415  5415 V BaseDepthController: Applying blur: 0 to Surface(name=VRI-com.android.launcher3/com.android.launcher3.uioverrides.QuickstepLauncher#4928)/@0xf5059f2 applyImmediately: false
1791670154.155 10312  5415  5415 D BaseDepthController: shouldBlurWorkspace: false targetState: Normal currentStableState: Background mCurrentBlur: 0 mLauncher.getDepthBlurTargets(): [com.android.launcher3.Workspace{c04cee1 V.ED..... .......D 0,0-1440,3216 #7f0a054d app:id/workspace aid=1073741834}, com.android.launcher3.Hotseat{176cc63 V.ED..... ........ 0,2667-1440,3216 #7f0a0241 app:id/hotseat aid=1073741899}]
1791670154.172 10312  5415  5415 V BaseDepthController: Applying blur: 0 to Surface(name=VRI-com.android.launcher3/com.android.launcher3.uioverrides.QuickstepLauncher#4928)/@0xf5059f2 applyImmediately: false
1791670154.172 10312  5415  5415 D BaseDepthController: shouldBlurWorkspace: false targetState: Normal currentStableState: Background mCurrentBlur: 0 mLauncher.getDepthBlurTargets(): [com.android.launcher3.Workspace{c04cee1 V.ED..... .......D 0,0-1440,3216 #7f0a054d app:id/workspace aid=1073741834}, com.android.launcher3.Hotseat{176cc63 V.ED..... ........ 0,2667-1440,3216 #7f0a0241 app:id/hotseat aid=1073741899}]
1791670154.173 10312  5415  5415 D VRI[QuickstepLauncher]: WindowInsets changed: ime:null
1791670154.180  1000  4337  6379 W ApplicationInfo: Large ApplicationInfo parcel: size=24372 package=com.zhiliaoapp.musically splits=69 sharedLibs=8 resDirs=6 overlayPaths=6
1791670154.183 10312  5415  5415 V BaseDepthController: Applying blur: 0 to Surface(name=VRI-com.android.launcher3/com.android.launcher3.uioverrides.QuickstepLauncher#4928)/@0xf5059f2 applyImmediately: false
1791670154.183 10312  5415  5415 D BaseDepthController: shouldBlurWorkspace: false targetState: Normal currentStableState: Background mCurrentBlur: 0 mLauncher.getDepthBlurTargets(): [com.android.launcher3.Workspace{c04cee1 V.ED..... .......D 0,0-1440,3216 #7f0a054d app:id/workspace aid=1073741834}, com.android.launcher3.Hotseat{176cc63 V.ED..... ........ 0,2667-1440,3216 #7f0a0241 app:id/hotseat aid=1073741899}]
1791670154.189 10312  5415  5415 V BaseDepthController: Applying blur: 0 to Surface(name=VRI-com.android.launcher3/com.android.launcher3.uioverrides.QuickstepLauncher#4928)/@0xf5059f2 applyImmediately: false
1791670154.189 10312  5415  5415 D BaseDepthController: shouldBlurWorkspace: false targetState: Normal currentStableState: Background mCurrentBlur: 0 mLauncher.getDepthBlurTargets(): [com.android.launcher3.Workspace{c04cee1 V.ED..... .......D 0,0-1440,3216 #7f0a054d app:id/workspace aid=1073741834}, com.android.launcher3.Hotseat{176cc63 V.ED..... ........ 0,2667-1440,3216 #7f0a0241 app:id/hotseat aid=1073741899}]
1791670154.197 10312  5415  5415 V BaseDepthController: Applying blur: 0 to Surface(name=VRI-com.android.launcher3/com.android.launcher3.uioverrides.QuickstepLauncher#4928)/@0xf5059f2 applyImmediately: false
1791670154.197 10312  5415  5415 D BaseDepthController: shouldBlurWorkspace: false targetState: Normal currentStableState: Background mCurrentBlur: 0 mLauncher.getDepthBlurTargets(): [com.android.launcher3.Workspace{c04cee1 V.ED..... .......D 0,0-1440,3216 #7f0a054d app:id/workspace aid=1073741834}, com.android.launcher3.Hotseat{176cc63 V.ED..... ........ 0,2667-1440,3216 #7f0a0241 app:id/hotseat aid=1073741899}]
1791670154.209 10312  5415  5415 V BaseDepthController: Applying blur: 0 to Surface(name=VRI-com.android.launcher3/com.android.launcher3.uioverrides.QuickstepLauncher#4928)/@0xf5059f2 applyImmediately: false
1791670154.210 10312  5415  5415 D BaseDepthController: shouldBlurWorkspace: false targetState: Normal currentStableState: Background mCurrentBlur: 0 mLauncher.getDepthBlurTargets(): [com.android.launcher3.Workspace{c04cee1 V.ED..... .......D 0,0-1440,3216 #7f0a054d app:id/workspace aid=1073741834}, com.android.launcher3.Hotseat{176cc63 V.ED..... ........ 0,2667-1440,3216 #7f0a0241 app:id/hotseat aid=1073741899}]
1791670154.220  1000  4337  6379 W ApplicationInfo: Large ApplicationInfo parcel: size=24372 package=com.zhiliaoapp.musically splits=69 sharedLibs=8 resDirs=6 overlayPaths=6
1791670154.222 10312  5415  5415 V BaseDepthController: Applying blur: 0 to Surface(name=VRI-com.android.launcher3/com.android.launcher3.uioverrides.QuickstepLauncher#4928)/@0xf5059f2 applyImmediately: false
1791670154.222 10312  5415  5415 D BaseDepthController: shouldBlurWorkspace: false targetState: Normal currentStableState: Background mCurrentBlur: 0 mLauncher.getDepthBlurTargets(): [com.android.launcher3.Workspace{c04cee1 V.ED..... .......D 0,0-1440,3216 #7f0a054d app:id/workspace aid=1073741834}, com.android.launcher3.Hotseat{176cc63 V.ED..... ........ 0,2667-1440,3216 #7f0a0241 app:id/hotseat aid=1073741899}]
1791670154.230 10312  5415  5415 V BaseDepthController: Applying blur: 0 to Surface(name=VRI-com.android.launcher3/com.android.launcher3.uioverrides.QuickstepLauncher#4928)/@0xf5059f2 applyImmediately: false
1791670154.230 10312  5415  5415 D BaseDepthController: shouldBlurWorkspace: false targetState: Normal currentStableState: Background mCurrentBlur: 0 mLauncher.getDepthBlurTargets(): [com.android.launcher3.Workspace{c04cee1 V.ED..... .......D 0,0-1440,3216 #7f0a054d app:id/workspace aid=1073741834}, com.android.launcher3.Hotseat{176cc63 V.ED..... ........ 0,2667-1440,3216 #7f0a0241 app:id/hotseat aid=1073741899}]
1791670154.238 10312  5415  5415 V BaseDepthController: Applying blur: 0 to Surface(name=VRI-com.android.launcher3/com.android.launcher3.uioverrides.QuickstepLauncher#4928)/@0xf5059f2 applyImmediately: false
1791670154.238 10312  5415  5415 D BaseDepthController: setEarlyWakeup: true
1791670154.239 10312  5415  5415 D BaseDepthController: shouldBlurWorkspace: false targetState: Normal currentStableState: Background mCurrentBlur: 0 mLauncher.getDepthBlurTargets(): [com.android.launcher3.Workspace{c04cee1 V.ED..... .......D 0,0-1440,3216 #7f0a054d app:id/workspace aid=1073741834}, com.android.launcher3.Hotseat{176cc63 V.ED..... ........ 0,2667-1440,3216 #7f0a0241 app:id/hotseat aid=1073741899}]
1791670154.247 10312  5415  5415 V BaseDepthController: Applying blur: 0 to Surface(name=VRI-com.android.launcher3/com.android.launcher3.uioverrides.QuickstepLauncher#4928)/@0xf5059f2 applyImmediately: false
1791670154.247 10312  5415  5415 D BaseDepthController: shouldBlurWorkspace: false targetState: Normal currentStableState: Background mCurrentBlur: 0 mLauncher.getDepthBlurTargets(): [com.android.launcher3.Workspace{c04cee1 V.ED..... .......D 0,0-1440,3216 #7f0a054d app:id/workspace aid=1073741834}, com.android.launcher3.Hotseat{176cc63 V.ED..... ........ 0,2667-1440,3216 #7f0a0241 app:id/hotseat aid=1073741899}]
1791670154.257 10312  5415  5415 V BaseDepthController: Applying blur: 0 to Surface(name=VRI-com.android.launcher3/com.android.launcher3.uioverrides.QuickstepLauncher#4928)/@0xf5059f2 applyImmediately: false
1791670154.257 10312  5415  5415 D BaseDepthController: shouldBlurWorkspace: false targetState: Normal currentStableState: Background mCurrentBlur: 0 mLauncher.getDepthBlurTargets(): [com.android.launcher3.Workspace{c04cee1 V.ED..... .......D 0,0-1440,3216 #7f0a054d app:id/workspace aid=1073741834}, com.android.launcher3.Hotseat{176cc63 V.ED..... ........ 0,2667-1440,3216 #7f0a0241 app:id/hotseat aid=1073741899}]
1791670154.260  1000  1617  1785 E minksocket: MinkIPC_QRTR_Service: client with node 1 port 58ba went down
1791670154.261  1000  1617  1785 E minksocket: MinkIPC_QRTR_Service: client with node 1 port 58be went down
1791670154.267 10312  5415  5415 V BaseDepthController: Applying blur: 0 to Surface(name=VRI-com.android.launcher3/com.android.launcher3.uioverrides.QuickstepLauncher#4928)/@0xf5059f2 applyImmediately: false
1791670154.267 10312  5415  5415 D BaseDepthController: shouldBlurWorkspace: false targetState: Normal currentStableState: Background mCurrentBlur: 0 mLauncher.getDepthBlurTargets(): [com.android.launcher3.Workspace{c04cee1 V.ED..... .......D 0,0-1440,3216 #7f0a054d app:id/workspace aid=1073741834}, com.android.launcher3.Hotseat{176cc63 V.ED..... ........ 0,2667-1440,3216 #7f0a0241 app:id/hotseat aid=1073741899}]
1791670154.282 10312  5415  5415 V BaseDepthController: Applying blur: 0 to Surface(name=VRI-com.android.launcher3/com.android.launcher3.uioverrides.QuickstepLauncher#4928)/@0xf5059f2 applyImmediately: false
1791670154.282 10312  5415  5415 D BaseDepthController: shouldBlurWorkspace: false targetState: Normal currentStableState: Background mCurrentBlur: 0 mLauncher.getDepthBlurTargets(): [com.android.launcher3.Workspace{c04cee1 V.ED..... .......D 0,0-1440,3216 #7f0a054d app:id/workspace aid=1073741834}, com.android.launcher3.Hotseat{176cc63 V.ED..... ........ 0,2667-1440,3216 #7f0a0241 app:id/hotseat aid=1073741899}]
1791670154.290 10312  5415  5415 V BaseDepthController: Applying blur: 0 to Surface(name=VRI-com.android.launcher3/com.android.launcher3.uioverrides.QuickstepLauncher#4928)/@0xf5059f2 applyImmediately: false
1791670154.290 10312  5415  5415 D BaseDepthController: shouldBlurWorkspace: false targetState: Normal currentStableState: Background mCurrentBlur: 0 mLauncher.getDepthBlurTargets(): [com.android.launcher3.Workspace{c04cee1 V.ED..... .......D 0,0-1440,3216 #7f0a054d app:id/workspace aid=1073741834}, com.android.launcher3.Hotseat{176cc63 V.ED..... ........ 0,2667-1440,3216 #7f0a0241 app:id/hotseat aid=1073741899}]
1791670154.298 10312  5415  5415 V BaseDepthController: Applying blur: 0 to Surface(name=VRI-com.android.launcher3/com.android.launcher3.uioverrides.QuickstepLauncher#4928)/@0xf5059f2 applyImmediately: false
1791670154.298 10312  5415  5415 D BaseDepthController: shouldBlurWorkspace: false targetState: Normal currentStableState: Background mCurrentBlur: 0 mLauncher.getDepthBlurTargets(): [com.android.launcher3.Workspace{c04cee1 V.ED..... ........ 0,0-1440,3216 #7f0a054d app:id/workspace aid=1073741834}, com.android.launcher3.Hotseat{176cc63 V.ED..... ........ 0,2667-1440,3216 #7f0a0241 app:id/hotseat aid=1073741899}]
1791670154.305 10312  5415  5415 V BaseDepthController: Applying blur: 0 to Surface(name=VRI-com.android.launcher3/com.android.launcher3.uioverrides.QuickstepLauncher#4928)/@0xf5059f2 applyImmediately: false
1791670154.305 10312  5415  5415 D BaseDepthController: shouldBlurWorkspace: false targetState: Normal currentStableState: Background mCurrentBlur: 0 mLauncher.getDepthBlurTargets(): [com.android.launcher3.Workspace{c04cee1 V.ED..... ........ 0,0-1440,3216 #7f0a054d app:id/workspace aid=1073741834}, com.android.launcher3.Hotseat{176cc63 V.ED..... ........ 0,2667-1440,3216 #7f0a0241 app:id/hotseat aid=1073741899}]
1791670154.313 10312  5415  5415 V BaseDepthController: Applying blur: 0 to Surface(name=VRI-com.android.launcher3/com.android.launcher3.uioverrides.QuickstepLauncher#4928)/@0xf5059f2 applyImmediately: false
1791670154.313 10312  5415  5415 D BaseDepthController: shouldBlurWorkspace: false targetState: Normal currentStableState: Background mCurrentBlur: 0 mLauncher.getDepthBlurTargets(): [com.android.launcher3.Workspace{c04cee1 V.ED..... ........ 0,0-1440,3216 #7f0a054d app:id/workspace aid=1073741834}, com.android.launcher3.Hotseat{176cc63 V.ED..... ........ 0,2667-1440,3216 #7f0a0241 app:id/hotseat aid=1073741899}]
1791670154.321 10312  5415  5415 V BaseDepthController: Applying blur: 0 to Surface(name=VRI-com.android.launcher3/com.android.launcher3.uioverrides.QuickstepLauncher#4928)/@0xf5059f2 applyImmediately: false
1791670154.321 10312  5415  5415 D BaseDepthController: shouldBlurWorkspace: false targetState: Normal currentStableState: Background mCurrentBlur: 0 mLauncher.getDepthBlurTargets(): [com.android.launcher3.Workspace{c04cee1 V.ED..... ........ 0,0-1440,3216 #7f0a054d app:id/workspace aid=1073741834}, com.android.launcher3.Hotseat{176cc63 V.ED..... ........ 0,2667-1440,3216 #7f0a0241 app:id/hotseat aid=1073741899}]
1791670154.330 10312  5415  5415 V BaseDepthController: Applying blur: 0 to Surface(name=VRI-com.android.launcher3/com.android.launcher3.uioverrides.QuickstepLauncher#4928)/@0xf5059f2 applyImmediately: false
1791670154.330 10312  5415  5415 D BaseDepthController: shouldBlurWorkspace: false targetState: Normal currentStableState: Background mCurrentBlur: 0 mLauncher.getDepthBlurTargets(): [com.android.launcher3.Workspace{c04cee1 V.ED..... ........ 0,0-1440,3216 #7f0a054d app:id/workspace aid=1073741834}, com.android.launcher3.Hotseat{176cc63 V.ED..... ........ 0,2667-1440,3216 #7f0a0241 app:id/hotseat aid=1073741899}]
1791670154.338 10312  5415  5415 V BaseDepthController: Applying blur: 0 to Surface(name=VRI-com.android.launcher3/com.android.launcher3.uioverrides.QuickstepLauncher#4928)/@0xf5059f2 applyImmediately: false
1791670154.338 10312  5415  5415 D BaseDepthController: shouldBlurWorkspace: false targetState: Normal currentStableState: Background mCurrentBlur: 0 mLauncher.getDepthBlurTargets(): [com.android.launcher3.Workspace{c04cee1 V.ED..... ........ 0,0-1440,3216 #7f0a054d app:id/workspace aid=1073741834}, com.android.launcher3.Hotseat{176cc63 V.ED..... ........ 0,2667-1440,3216 #7f0a0241 app:id/hotseat aid=1073741899}]
1791670154.346 10312  5415  5415 V BaseDepthController: Applying blur: 0 to Surface(name=VRI-com.android.launcher3/com.android.launcher3.uioverrides.QuickstepLauncher#4928)/@0xf5059f2 applyImmediately: false
1791670154.347 10312  5415  5415 D BaseDepthController: shouldBlurWorkspace: false targetState: Normal currentStableState: Background mCurrentBlur: 0 mLauncher.getDepthBlurTargets(): [com.android.launcher3.Workspace{c04cee1 V.ED..... ........ 0,0-1440,3216 #7f0a054d app:id/workspace aid=1073741834}, com.android.launcher3.Hotseat{176cc63 V.ED..... ........ 0,2667-1440,3216 #7f0a0241 app:id/hotseat aid=1073741899}]
1791670154.355 10312  5415  5415 V BaseDepthController: Applying blur: 0 to Surface(name=VRI-com.android.launcher3/com.android.launcher3.uioverrides.QuickstepLauncher#4928)/@0xf5059f2 applyImmediately: false
1791670154.355 10312  5415  5415 D BaseDepthController: shouldBlurWorkspace: false targetState: Normal currentStableState: Background mCurrentBlur: 0 mLauncher.getDepthBlurTargets(): [com.android.launcher3.Workspace{c04cee1 V.ED..... ........ 0,0-1440,3216 #7f0a054d app:id/workspace aid=1073741834}, com.android.launcher3.Hotseat{176cc63 V.ED..... ........ 0,2667-1440,3216 #7f0a0241 app:id/hotseat aid=1073741899}]
1791670154.363 10312  5415  5415 V BaseDepthController: Applying blur: 0 to Surface(name=VRI-com.android.launcher3/com.android.launcher3.uioverrides.QuickstepLauncher#4928)/@0xf5059f2 applyImmediately: false
1791670154.363 10312  5415  5415 D BaseDepthController: shouldBlurWorkspace: false targetState: Normal currentStableState: Background mCurrentBlur: 0 mLauncher.getDepthBlurTargets(): [com.android.launcher3.Workspace{c04cee1 V.ED..... ........ 0,0-1440,3216 #7f0a054d app:id/workspace aid=1073741834}, com.android.launcher3.Hotseat{176cc63 V.ED..... ........ 0,2667-1440,3216 #7f0a0241 app:id/hotseat aid=1073741899}]
1791670154.371 10312  5415  5415 V BaseDepthController: Applying blur: 0 to Surface(name=VRI-com.android.launcher3/com.android.launcher3.uioverrides.QuickstepLauncher#4928)/@0xf5059f2 applyImmediately: false
1791670154.371 10312  5415  5415 D BaseDepthController: shouldBlurWorkspace: false targetState: Normal currentStableState: Background mCurrentBlur: 0 mLauncher.getDepthBlurTargets(): [com.android.launcher3.Workspace{c04cee1 V.ED..... ........ 0,0-1440,3216 #7f0a054d app:id/workspace aid=1073741834}, com.android.launcher3.Hotseat{176cc63 V.ED..... ........ 0,2667-1440,3216 #7f0a0241 app:id/hotseat aid=1073741899}]
1791670154.380 10312  5415  5415 V BaseDepthController: Applying blur: 0 to Surface(name=VRI-com.android.launcher3/com.android.launcher3.uioverrides.QuickstepLauncher#4928)/@0xf5059f2 applyImmediately: false
1791670154.380 10312  5415  5415 D BaseDepthController: shouldBlurWorkspace: false targetState: Normal currentStableState: Background mCurrentBlur: 0 mLauncher.getDepthBlurTargets(): [com.android.launcher3.Workspace{c04cee1 V.ED..... ........ 0,0-1440,3216 #7f0a054d app:id/workspace aid=1073741834}, com.android.launcher3.Hotseat{176cc63 V.ED..... ........ 0,2667-1440,3216 #7f0a0241 app:id/hotseat aid=1073741899}]
1791670154.391 10312  5415  5415 V BaseDepthController: Applying blur: 0 to Surface(name=VRI-com.android.launcher3/com.android.launcher3.uioverrides.QuickstepLauncher#4928)/@0xf5059f2 applyImmediately: false
1791670154.391 10312  5415  5415 D BaseDepthController: shouldBlurWorkspace: false targetState: Normal currentStableState: Background mCurrentBlur: 0 mLauncher.getDepthBlurTargets(): [com.android.launcher3.Workspace{c04cee1 V.ED..... ........ 0,0-1440,3216 #7f0a054d app:id/workspace aid=1073741834}, com.android.launcher3.Hotseat{176cc63 V.ED..... ........ 0,2667-1440,3216 #7f0a0241 app:id/hotseat aid=1073741899}]
1791670154.401 10312  5415  5415 D b/417220811: Current thumbnail: null, replacing with android.graphics.Bitmap@7a2ab35
1791670154.401 10312  5415  5415 D RecentsView: cleanupRemoteTargets - mRemoteTargetHandles: [com.android.quickstep.RemoteTargetGluer$RemoteTargetHandle@6b3bca]
1791670154.401 10312  5415  5415 D StatsLog: LAUNCHER_HOME_GESTURE
1791670154.402 10312  5415  5415 V BaseDepthController: Applying blur: 0 to Surface(name=VRI-com.android.launcher3/com.android.launcher3.uioverrides.QuickstepLauncher#4928)/@0xf5059f2 applyImmediately: false
1791670154.402 10312  5415  5415 D BaseDepthController: shouldBlurWorkspace: false targetState: Normal currentStableState: Background mCurrentBlur: 0 mLauncher.getDepthBlurTargets(): [com.android.launcher3.Workspace{c04cee1 V.ED..... ........ 0,0-1440,3216 #7f0a054d app:id/workspace aid=1073741834}, com.android.launcher3.Hotseat{176cc63 V.ED..... ........ 0,2667-1440,3216 #7f0a0241 app:id/hotseat aid=1073741899}]
1791670154.406 10303  4915  5301 V ShellRecents: [262045660] RecentsController.finishInner: toHome=true userLeave=true willFinishToHome=true state=0 hasPausingTasks=true reason=requested
1791670154.406 10303  4915  5301 V ShellRecents:   normal finish
1791670154.406 10303  4915  5301 V ShellRecents: [262045660] RecentsController.finishInner: Completing finish
1791670154.406 10303  4915  5301 V ShellRecents: [262045660] RecentsController.cleanup
1791670154.406 10303  4915  5301 D WindowManagerShell: PipDesktopState: Recents transition state changed: TRANSITION_STATE_NOT_RUNNING
1791670154.406 10303  4915  5301 V ShellDesktopMode: DesktopTasksController: Recents transition state changed: TRANSITION_STATE_NOT_RUNNING
1791670154.406 10303  4915  5301 V WindowManagerShell: Transition animation finished (aborted=false), notifying core (#313) android.os.BinderProxy@35b0c4f@0
1791670154.411 10312  5415  5415 D RecentsView: setRecentsAnimationTargets - recentsAnimationController: null, recentsAnimationTargets: null
1791670154.412 10312  5415  5415 V BaseDepthController: Applying blur: 0 to Surface(name=VRI-com.android.launcher3/com.android.launcher3.uioverrides.QuickstepLauncher#4928)/@0xf5059f2 applyImmediately: false
1791670154.412 10312  5415  5415 D BaseDepthController: shouldBlurWorkspace: false targetState: Normal currentStableState: Background mCurrentBlur: 0 mLauncher.getDepthBlurTargets(): [com.android.launcher3.Workspace{c04cee1 V.ED..... ........ 0,0-1440,3216 #7f0a054d app:id/workspace aid=1073741834}, com.android.launcher3.Hotseat{176cc63 V.ED..... ........ 0,2667-1440,3216 #7f0a0241 app:id/hotseat aid=1073741899}]
1791670154.413  1000  4337  4382 V WindowManager: Finish Transition (#313): created at 10-11 01:09:14.066 collect-started=0.262ms started=0.308ms ready=12.149ms sent=20.139ms commit=43.46ms finished=345.519ms
1791670154.416  1000  1659  1659 I QTI PowerHAL: Power setMode: 5 to: 0
1791670154.420 10761 16731 16731 D VRI[MainActivity]: visibilityChanged oldVisibility=true newVisibility=false
1791670154.421 10312  5415  5415 V BaseDepthController: Applying blur: 0 to Surface(name=VRI-com.android.launcher3/com.android.launcher3.uioverrides.QuickstepLauncher#4928)/@0xf5059f2 applyImmediately: false
1791670154.421 10312  5415  5415 D BaseDepthController: shouldBlurWorkspace: false targetState: Normal currentStableState: Background mCurrentBlur: 0 mLauncher.getDepthBlurTargets(): [com.android.launcher3.Workspace{c04cee1 V.ED..... ........ 0,0-1440,3216 #7f0a054d app:id/workspace aid=1073741834}, com.android.launcher3.Hotseat{176cc63 V.ED..... ........ 0,2667-1440,3216 #7f0a0241 app:id/hotseat aid=1073741899}]
1791670154.422 10303  4915  5301 V WindowManagerShell: Track 0 became idle
1791670154.422 10303  4915  5301 V WindowManagerShell: All active transition animations finished
1791670154.422 10303  4915  5301 V ShellRecents: [262045660] RecentsController.finishInner: calling finish callback
1791670154.427 10312  5415  5415 D ContextTracker: Unregistering callback: com.android.quickstep.util.ContextInitListener@3c3b061, reason=AbsSwipeUpHandler.invalidateHandler
1791670154.427 10312  5415  5415 D RecentsView: updateTaskStackListenerState: false
1791670154.428 10312  5415  5415 D OverviewActionsView: updateForGroupedTask() called with: isGroupedTask = [false], canSaveAppPair = [false]
1791670154.428 10312  5415  5415 D OverviewActionsView: updateActionButtonsVisibility() called: showSingleTaskActions = [true], showGroupActions = [false]
1791670154.428 10312  5415  5415 D OverviewActionsView: updateForGroupedTask() called with: isGroupedTask = [false], canSaveAppPair = [false]
1791670154.428 10312  5415  5415 D OverviewActionsView: updateActionButtonsVisibility() called: showSingleTaskActions = [true], showGroupActions = [false]
1791670154.428 10312  5415  5415 D RecentsView: onGestureAnimationEnd - mEnableDrawingLiveTile: false
1791670154.430 10312  5415  5415 V BaseDepthController: Applying blur: 0 to Surface(name=VRI-com.android.launcher3/com.android.launcher3.uioverrides.QuickstepLauncher#4928)/@0xf5059f2 applyImmediately: false
1791670154.430 10312  5415  5415 D BaseDepthController: shouldBlurWorkspace: false targetState: Normal currentStableState: Background mCurrentBlur: 0 mLauncher.getDepthBlurTargets(): [com.android.launcher3.Workspace{c04cee1 V.ED..... ........ 0,0-1440,3216 #7f0a054d app:id/workspace aid=1073741834}, com.android.launcher3.Hotseat{176cc63 V.ED..... ........ 0,2667-1440,3216 #7f0a0241 app:id/hotseat aid=1073741899}]
1791670154.431 10761 16731 16731 D WindowOnBackDispatcher: setTopOnBackInvokedCallback (unwrapped): android.app.Activity$$ExternalSyntheticLambda0@690c503
1791670154.434  1000  4337  4663 I Surface : Creating surface for consumer unnamed-4337-114 with slotExpansion=1 for 64 slots
1791670154.434  1000  4337  4663 I Surface : Creating surface for consumer ImageReader-1440x3216f1m1-4337-108 with slotExpansion=1 for 64 slots
1791670154.434  1000  4337  4663 W ImageReader_JNI: Unable to acquire a buffer item, very likely client tried to acquire more than maxImages buffers
1791670154.435  1000  4337  4485 D CoreBackPreview: Window{d23bb3f u0 com.f0x1d.logfox/com.f0x1d.logfox.presentation.ui.activity.MainActivity}: Setting back callback OnBackInvokedCallbackInfo{mCallback=android.window.IOnBackInvokedCallback$Stub$Proxy@aff0fe, mPriority=-1, mIsAnimationCallback=false, mOverrideBehavior=0}
1791670154.435 10312  5415  5415 D TaskThumbnailView: [TaskThumbnailView@b8d0193] taskId: 930 - uiState changed from: LiveTile to: SnapshotSplash(snapshot=Snapshot(bitmap=android.graphics.Bitmap@7a2ab35, thumbnailRotation=0, backgroundColor=-15134196), splash=com.android.launcher3.icons.FastBitmapDrawable@910c309)
1791670154.436 10312  5415  5415 W ImeBackCallbackProxy: Ime callback not found. Ignoring unregisterReceivedCallback. callbackId: 79381536 remaining callbacks: 0
1791670154.438 10312  5415  5415 V BaseDepthController: Applying blur: 0 to Surface(name=VRI-com.android.launcher3/com.android.launcher3.uioverrides.QuickstepLauncher#4928)/@0xf5059f2 applyImmediately: false
1791670154.438 10312  5415  5415 D BaseDepthController: shouldBlurWorkspace: false targetState: Normal currentStableState: Background mCurrentBlur: 0 mLauncher.getDepthBlurTargets(): [com.android.launcher3.Workspace{c04cee1 V.ED..... .......D 0,0-1440,3216 #7f0a054d app:id/workspace aid=1073741834}, com.android.launcher3.Hotseat{176cc63 V.ED..... .......D 0,2667-1440,3216 #7f0a0241 app:id/hotseat aid=1073741899}]
1791670154.446 10312  5415  5415 V BaseDepthController: Applying blur: 0 to Surface(name=VRI-com.android.launcher3/com.android.launcher3.uioverrides.QuickstepLauncher#4928)/@0xf5059f2 applyImmediately: false
1791670154.446 10312  5415  5415 D BaseDepthController: shouldBlurWorkspace: false targetState: Normal currentStableState: Background mCurrentBlur: 0 mLauncher.getDepthBlurTargets(): [com.android.launcher3.Workspace{c04cee1 V.ED..... ........ 0,0-1440,3216 #7f0a054d app:id/workspace aid=1073741834}, com.android.launcher3.Hotseat{176cc63 V.ED..... .......D 0,2667-1440,3216 #7f0a0241 app:id/hotseat aid=1073741899}]
1791670154.448  1000  4337  4553 I ImeTracker: com.android.launcher3:d98cda40: onRequestHide at ORIGIN_SERVER reason HIDE_UNSPECIFIED_WINDOW fromUser false userId 0 displayId 0
1791670154.449 10384  6896  6896 I SubtypeOperator: SubtypeOperator$1.onUnbindInput():44
1791670154.450  1000  4337  4582 D InetDiagMessage: Destroyed 0 sockets, proto=IPPROTO_TCP, family=AF_INET, states=14
1791670154.450 10384  6896  6896 I SubtypeOperator: SubtypeOperator$1.onBindInput():33
1791670154.451  1000  4337  4582 D InetDiagMessage: Destroyed 0 sockets, proto=IPPROTO_TCP, family=AF_INET6, states=14
1791670154.451  1000  4337  4582 D InetDiagMessage: Destroyed live tcp sockets for uids={10445} in 2ms
1791670154.451  1000  4337  4582 D InetDiagMessage: Destroyed 0 sockets, proto=IPPROTO_TCP, family=AF_INET, states=14
1791670154.452  1000  4337  4582 D InetDiagMessage: Destroyed 0 sockets, proto=IPPROTO_TCP, family=AF_INET6, states=14
1791670154.452 10384  6896  6896 I GoogleInputMethodService: GoogleInputMethodService.onFinishInput():2404
1791670154.452  1000  4337  4582 D InetDiagMessage: Destroyed live tcp sockets for uids={20445} in 1ms
1791670154.452 10384  6896  6896 I GoogleInputMethodService: GoogleInputMethodService.onStartInput():1552 onStartInput(EditorInfo{EditorInfo{packageName=com.android.launcher3, inputType=0, inputTypeString=NULL, enableLearning=false, autoCorrection=false, autoComplete=false, imeOptions=0, privateImeOptions=null, actionName=UNSPECIFIED, actionLabel=null, initialSelStart=-1, initialSelEnd=-1, initialCapsMode=0, label=null, fieldId=0, fieldName=null, extras=null, hintText=null, hintLocales=[]}}, false)
1791670154.453 10384  6896  6896 I LatinInputMethodServiceBase: LatinInputMethodServiceBase.updateInputViewCoverNavigation():360 Update input view padding, isNavbarOverInputWindow=true, bottom inset=134
1791670154.453 10384  6896 19985 I Module  : DeviceLockedStatusModuleProvider$Module.updateDeviceLockedStatusInternal():119 repeatCheckTimes = 0, locked = false
1791670154.457 10312  5415  5415 D InsetsController: hide(ime())
1791670154.457 10312  5415  5415 I ImeTracker: com.android.launcher3:d98cda40: onCancelled at PHASE_CLIENT_ALREADY_HIDDEN
1791670154.457 10384  6896 19985 I Module  : DeviceLockedStatusModuleProvider$Module.updateDeviceLockedStatusInternal():119 repeatCheckTimes = 1, locked = false
1791670154.457  1000  4337  6575 W PackageConfigPersister: App-specific configuration not found for packageName: com.android.launcher3 and userId: 0
1791670154.459  1000  1617  1785 E minksocket: MinkIPC_QRTR_Service: client with node 1 port 58bf went down
1791670154.460  1000  4337  6379 I ImeTracker: system_server:d1c03ccf: onRequestHide at ORIGIN_SERVER reason IME_REQUESTED_CHANGED_LISTENER fromUser false displayId 0
1791670154.460  1000  4337  4553 W InputChannel-JNI: Channel already disposed.
1791670154.461  1000  4337  4385 I ImeTracker: system_server:d1c03ccf: onCancelled at PHASE_SERVER_SHOULD_HIDE
1791670154.462  1000  1617  1785 E minksocket: MinkIPC_QRTR_Service: client with node 1 port 58c0 went down
1791670154.465  1000  1617  1785 E minksocket: MinkIPC_QRTR_Service: client with node 1 port 58c1 went down
1791670154.467 10312  5415  5415 V BaseDepthController: Applying blur: 0 to Surface(name=VRI-com.android.launcher3/com.android.launcher3.uioverrides.QuickstepLauncher#4928)/@0xf5059f2 applyImmediately: false
1791670154.467 10312  5415  5415 D BaseDepthController: shouldBlurWorkspace: false targetState: Normal currentStableState: Background mCurrentBlur: 0 mLauncher.getDepthBlurTargets(): [com.android.launcher3.Workspace{c04cee1 V.ED..... ........ 0,0-1440,3216 #7f0a054d app:id/workspace aid=1073741834}, com.android.launcher3.Hotseat{176cc63 V.ED..... ........ 0,2667-1440,3216 #7f0a0241 app:id/hotseat aid=1073741899}]
1791670154.467  1000  4337  4663 E ConsumerBase: [ImageReader-1440x3216f1m1-4337-108] abandonLocked: ConsumerBase is abandoned!
1791670154.468  1000  1617  1785 E minksocket: MinkIPC_QRTR_Service: client with node 1 port 58c3 went down
1791670154.468  1000  1617  1785 E minksocket: MinkIPC_QRTR_Service: client with node 1 port 58c4 went down
1791670154.469  1000  1617  1785 E minksocket: MinkIPC_QRTR_Service: client with node 1 port 58c5 went down
1791670154.479 10312  5415  5415 V BaseDepthController: Applying blur: 0 to Surface(name=VRI-com.android.launcher3/com.android.launcher3.uioverrides.QuickstepLauncher#4928)/@0xf5059f2 applyImmediately: false
1791670154.479 10312  5415  5415 D BaseDepthController: shouldBlurWorkspace: false targetState: Normal currentStableState: Background mCurrentBlur: 0 mLauncher.getDepthBlurTargets(): [com.android.launcher3.Workspace{c04cee1 V.ED..... ........ 0,0-1440,3216 #7f0a054d app:id/workspace aid=1073741834}, com.android.launcher3.Hotseat{176cc63 V.ED..... ........ 0,2667-1440,3216 #7f0a0241 app:id/hotseat aid=1073741899}]
1791670154.489 10312  5415  5415 V BaseDepthController: Applying blur: 0 to Surface(name=VRI-com.android.launcher3/com.android.launcher3.uioverrides.QuickstepLauncher#4928)/@0xf5059f2 applyImmediately: false
1791670154.490 10312  5415  5415 D BaseDepthController: shouldBlurWorkspace: false targetState: Normal currentStableState: Background mCurrentBlur: 0 mLauncher.getDepthBlurTargets(): [com.android.launcher3.Workspace{c04cee1 V.ED..... ........ 0,0-1440,3216 #7f0a054d app:id/workspace aid=1073741834}, com.android.launcher3.Hotseat{176cc63 V.ED..... ........ 0,2667-1440,3216 #7f0a0241 app:id/hotseat aid=1073741899}]
1791670154.495  1000  4337  6576 W ApplicationInfo: Large ApplicationInfo parcel: size=24372 package=com.zhiliaoapp.musically splits=69 sharedLibs=8 resDirs=6 overlayPaths=6
1791670154.505 10312  5415  5415 V BaseDepthController: Applying blur: 0 to Surface(name=VRI-com.android.launcher3/com.android.launcher3.uioverrides.QuickstepLauncher#4928)/@0xf5059f2 applyImmediately: false
1791670154.505 10312  5415  5415 D BaseDepthController: shouldBlurWorkspace: false targetState: Normal currentStableState: Background mCurrentBlur: 0 mLauncher.getDepthBlurTargets(): [com.android.launcher3.Workspace{c04cee1 V.ED..... ........ 0,0-1440,3216 #7f0a054d app:id/workspace aid=1073741834}, com.android.launcher3.Hotseat{176cc63 V.ED..... ........ 0,2667-1440,3216 #7f0a0241 app:id/hotseat aid=1073741899}]
1791670154.515 10303  4915  5301 V RecentTasksController: Notify recent tasks changed
1791670154.516 10312  5415  5415 D RecentTasksList: invalidateLoadedTasks - previous requestLoadId: -1
1791670154.520 10303  4915  5301 V RecentTasksController: generateList(getRecentTasks)
1791670154.520 10303  4915  5301 V RecentTasksController: initializeDesksMap - allDeskIds: []
1791670154.520 10303  4915  5301 V RecentTasksController: Task 930 is not an active desktop task
1791670154.520 10303  4915  5301 V RecentTasksController: Added fullscreen task: 930
1791670154.520 10303  4915  5301 V RecentTasksController: Task 929 is not an active desktop task
1791670154.520 10303  4915  5301 V RecentTasksController: Added fullscreen task: 929
1791670154.520 10303  4915  5301 V RecentTasksController: Task 928 is not an active desktop task
1791670154.520 10303  4915  5301 V RecentTasksController: Added fullscreen task: 928
1791670154.520 10303  4915  5301 V RecentTasksController: generateList - complete
1791670154.522 10312  5415  5453 D PreloadThumbnailUseCase: Preloading thumbnails for task ids: [[id=928 windowingMode=1 user=0 lastActiveTime=3035219] null, [id=929 windowingMode=1 user=0 lastActiveTime=3050924] null, [id=930 windowingMode=1 user=0 lastActiveTime=3058331] null]
1791670154.529 10312  5415  5415 V BaseDepthController: Applying blur: 0 to Surface(name=VRI-com.android.launcher3/com.android.launcher3.uioverrides.QuickstepLauncher#4928)/@0xf5059f2 applyImmediately: false
1791670154.529 10312  5415  5415 D BaseDepthController: shouldBlurWorkspace: false targetState: Normal currentStableState: Background mCurrentBlur: 0 mLauncher.getDepthBlurTargets(): [com.android.launcher3.Workspace{c04cee1 V.ED..... ........ 0,0-1440,3216 #7f0a054d app:id/workspace aid=1073741834}, com.android.launcher3.Hotseat{176cc63 V.ED..... ........ 0,2667-1440,3216 #7f0a0241 app:id/hotseat aid=1073741899}]
1791670154.563 10312  5415  5415 V BaseDepthController: Applying blur: 0 to Surface(name=VRI-com.android.launcher3/com.android.launcher3.uioverrides.QuickstepLauncher#4928)/@0xf5059f2 applyImmediately: false
1791670154.563 10312  5415  5415 D BaseDepthController: setEarlyWakeup: false
1791670154.564 10312  5415  5415 D BaseDepthController: shouldBlurWorkspace: false targetState: Normal currentStableState: Background mCurrentBlur: 0 mLauncher.getDepthBlurTargets(): [com.android.launcher3.Workspace{c04cee1 V.ED..... ........ 0,0-1440,3216 #7f0a054d app:id/workspace aid=1073741834}, com.android.launcher3.Hotseat{176cc63 V.ED..... ........ 0,2667-1440,3216 #7f0a0241 app:id/hotseat aid=1073741899}]
1791670154.575 10385 16867 16867 W ps      : type=1400 audit(0.0:8172): avc:  denied  { read } for  name="pid_max" dev="proc" ino=973506 scontext=u:r:untrusted_app_34:s0:c129,c257,c512,c768 tcontext=u:object_r:proc_pid_max:s0 tclass=file permissive=0 app=com.garanti.cepsubesi
1791670154.613  1000  4337  6576 W ApplicationInfo: Large ApplicationInfo parcel: size=24372 package=com.zhiliaoapp.musically splits=69 sharedLibs=8 resDirs=6 overlayPaths=6
1791670154.613  1000  4337  4337 W AccessibilityManagerService:  wait for adding window timeout: 15
1791670154.610  root    36    36 I IRQ 16  : no longer affine to CPU4
1791670154.621 10303  3632  3632 D Screenshot: finishDismiss
1791670154.639 10312  5415  5415 D CellLayout: Adding view to ShortcutsAndWidgetsContainer: com.android.launcher3.BubbleTextView{7db3bb8 VFED..CL. ......ID 0,0-171,221 #47}
1791670154.639 10312  5415  5415 D CellLayout: Adding view to ShortcutsAndWidgetsContainer: com.android.launcher3.BubbleTextView{db880f7 VFED..CL. ......ID 216,0-387,221 #14b}
1791670154.639 10312  5415  5415 D CellLayout: Adding view to ShortcutsAndWidgetsContainer: com.android.launcher3.BubbleTextView{cdaad91 VFED..CL. ......ID 0,266-171,487 #1b}
1791670154.639 10312  5415  5415 D CellLayout: Adding view to ShortcutsAndWidgetsContainer: com.android.launcher3.BubbleTextView{92444f6 VFED..CL. ......ID 216,266-387,487 #127}
1791670154.641 10312  5415  5415 D b/383526431: animateOpen: content child count before: 4
1791670154.641 10312  5415  5415 D b/383526431: animateOpen: content child count after pending page changes: 4
1791670154.641 10312  5415  5415 D b/383526431: animateOpen: content child count after cancelling animation: 4
1791670154.642 10312  5415  5415 V BaseDepthController: Applying blur: 0 to Surface(name=VRI-com.android.launcher3/com.android.launcher3.uioverrides.QuickstepLauncher#4928)/@0xf5059f2 applyImmediately: false
1791670154.642 10312  5415  5415 D BaseDepthController: shouldBlurWorkspace: false targetState: Normal currentStableState: Background mCurrentBlur: 0 mLauncher.getDepthBlurTargets(): [com.android.launcher3.Workspace{c04cee1 V.ED..... ........ 0,0-1440,3216 #7f0a054d app:id/workspace aid=1073741834}, com.android.launcher3.Hotseat{176cc63 V.ED..... .......D 0,2667-1440,3216 #7f0a0241 app:id/hotseat aid=1073741899}]
1791670154.643 10312  5415  5415 D b/311077782: Folder.animateOpen
1791670154.643 10312  5415  5415 V BaseDepthController: Applying blur: 0 to Surface(name=VRI-com.android.launcher3/com.android.launcher3.uioverrides.QuickstepLauncher#4928)/@0xf5059f2 applyImmediately: false
1791670154.644 10312  5415  5415 D BaseDepthController: shouldBlurWorkspace: false targetState: Normal currentStableState: Background mCurrentBlur: 0 mLauncher.getDepthBlurTargets(): [com.android.launcher3.Workspace{c04cee1 V.ED..... .......D 0,0-1440,3216 #7f0a054d app:id/workspace aid=1073741834}, com.android.launcher3.Hotseat{176cc63 V.ED..... ......ID 0,2667-1440,3216 #7f0a0241 app:id/hotseat aid=1073741899}]
1791670154.644 10312  5415  5415 V BaseDepthController: Applying blur: 0 to Surface(name=VRI-com.android.launcher3/com.android.launcher3.uioverrides.QuickstepLauncher#4928)/@0xf5059f2 applyImmediately: false
1791670154.644 10312  5415  5415 D BaseDepthController: shouldBlurWorkspace: false targetState: Normal currentStableState: Background mCurrentBlur: 0 mLauncher.getDepthBlurTargets(): [com.android.launcher3.Workspace{c04cee1 V.ED..... .......D 0,0-1440,3216 #7f0a054d app:id/workspace aid=1073741834}, com.android.launcher3.Hotseat{176cc63 V.ED..... ......ID 0,2667-1440,3216 #7f0a0241 app:id/hotseat aid=1073741899}]
1791670154.644 10312  5415  5415 V BaseDepthController: Applying blur: 0 to Surface(name=VRI-com.android.launcher3/com.android.launcher3.uioverrides.QuickstepLauncher#4928)/@0xf5059f2 applyImmediately: false
1791670154.645 10312  5415  5415 D BaseDepthController: shouldBlurWorkspace: false targetState: Normal currentStableState: Background mCurrentBlur: 0 mLauncher.getDepthBlurTargets(): [com.android.launcher3.Workspace{c04cee1 V.ED..... .......D 0,0-1440,3216 #7f0a054d app:id/workspace aid=1073741834}, com.android.launcher3.Hotseat{176cc63 V.ED..... ......ID 0,2667-1440,3216 #7f0a0241 app:id/hotseat aid=1073741899}]
1791670154.645 10312  5415  5415 V BaseDepthController: Applying blur: 0 to Surface(name=VRI-com.android.launcher3/com.android.launcher3.uioverrides.QuickstepLauncher#4928)/@0xf5059f2 applyImmediately: false
1791670154.645 10312  5415  5415 D BaseDepthController: shouldBlurWorkspace: false targetState: Normal currentStableState: Background mCurrentBlur: 0 mLauncher.getDepthBlurTargets(): [com.android.launcher3.Workspace{c04cee1 V.ED..... .......D 0,0-1440,3216 #7f0a054d app:id/workspace aid=1073741834}, com.android.launcher3.Hotseat{176cc63 V.ED..... ......ID 0,2667-1440,3216 #7f0a0241 app:id/hotseat aid=1073741899}]
1791670154.645 10312  5415  5415 V BaseDepthController: Applying blur: 0 to Surface(name=VRI-com.android.launcher3/com.android.launcher3.uioverrides.QuickstepLauncher#4928)/@0xf5059f2 applyImmediately: false
1791670154.645 10312  5415  5415 D BaseDepthController: shouldBlurWorkspace: false targetState: Normal currentStableState: Background mCurrentBlur: 0 mLauncher.getDepthBlurTargets(): [com.android.launcher3.Workspace{c04cee1 V.ED..... .......D 0,0-1440,3216 #7f0a054d app:id/workspace aid=1073741834}, com.android.launcher3.Hotseat{176cc63 V.ED..... ......ID 0,2667-1440,3216 #7f0a0241 app:id/hotseat aid=1073741899}]
1791670154.646 10312  5415  5415 D StatsLog: LAUNCHER_FOLDER_OPEN
1791670154.646 10312  5415  5415 D ScalingWorkspaceRevealAnim: onAnimationEnd, workspace and hotseat are visible
1791670154.646 10312  5415  5415 V BaseDepthController: Applying blur: 0 to Surface(name=VRI-com.android.launcher3/com.android.launcher3.uioverrides.QuickstepLauncher#4928)/@0xf5059f2 applyImmediately: false
1791670154.647 10312  5415  5415 D BaseDepthController: shouldBlurWorkspace: false targetState: Normal currentStableState: Background mCurrentBlur: 0 mLauncher.getDepthBlurTargets(): [com.android.launcher3.Workspace{c04cee1 V.ED..... ......ID 0,0-1440,3216 #7f0a054d app:id/workspace aid=1073741834}, com.android.launcher3.Hotseat{176cc63 V.ED..... ......ID 0,2667-1440,3216 #7f0a0241 app:id/hotseat aid=1073741899}]
1791670154.648 10312  5415  5415 D RecentsView: reset - mEnableDrawingLiveTile: false, mRecentsAnimationController: null
1791670154.648 10312  5415  5415 D TaskThumbnailView: [TaskThumbnailView@b8d0193] taskId: null - uiState changed from: SnapshotSplash(snapshot=Snapshot(bitmap=android.graphics.Bitmap@7a2ab35, thumbnailRotation=0, backgroundColor=-15134196), splash=com.android.launcher3.icons.FastBitmapDrawable@910c309) to: Uninitialized
1791670154.648 10312  5415  5415 D TaskThumbnailView: [TaskThumbnailView@4ce16a5] taskId: null - uiState changed from: SnapshotSplash(snapshot=Snapshot(bitmap=android.graphics.Bitmap@4c1faa1, thumbnailRotation=0, backgroundColor=-13619152), splash=com.android.launcher3.icons.FastBitmapDrawable@358e676) to: Uninitialized
1791670154.648 10312  5415  5415 D TaskThumbnailView: [TaskThumbnailView@9a2da5d] taskId: null - uiState changed from: SnapshotSplash(snapshot=Snapshot(bitmap=android.graphics.Bitmap@598c255, thumbnailRotation=0, backgroundColor=-16777216), splash=com.android.launcher3.icons.FastBitmapDrawable@9515f50) to: Uninitialized
1791670154.648 10312  5415  5415 D TaskThumbnailView: [TaskThumbnailView@6ae2063] taskId: null - uiState changed from: BackgroundOnly(backgroundColor=-16777216) to: Uninitialized
1791670154.649 10312  5415  5415 D TaskThumbnailView: [TaskThumbnailView@60abeeb] taskId: null - uiState changed from: BackgroundOnly(backgroundColor=-1) to: Uninitialized
1791670154.649 10312  5415  5415 D TaskThumbnailView: [TaskThumbnailView@5952ac9] taskId: null - uiState changed from: BackgroundOnly(backgroundColor=-15527148) to: Uninitialized
1791670154.649 10312  5415  5415 D TaskThumbnailView: [TaskThumbnailView@5545ec7] taskId: null - uiState changed from: BackgroundOnly(backgroundColor=-15461864) to: Uninitialized
1791670154.657 10312  5415  5415 D OverviewActionsView: updateForGroupedTask() called with: isGroupedTask = [false], canSaveAppPair = [false]
1791670154.657 10312  5415  5415 D OverviewActionsView: updateActionButtonsVisibility() called: showSingleTaskActions = [true], showGroupActions = [false]
1791670154.657 10312  5415  5415 D TasksRepository: updateTaskRequests to: [], removed: [928, 929, 930], added: []
1791670154.657 10312  5415  5415 I TasksRepository: removeTasks: [928, 929, 930]
1791670154.658 10312  5415  5415 V BaseDepthController: Applying blur: 0 to Surface(name=VRI-com.android.launcher3/com.android.launcher3.uioverrides.QuickstepLauncher#4928)/@0xf5059f2 applyImmediately: false
1791670154.658 10312  5415  5415 D BaseDepthController: shouldBlurWorkspace: false targetState: Normal currentStableState: Normal mCurrentBlur: 0 mLauncher.getDepthBlurTargets(): [com.android.launcher3.Workspace{c04cee1 V.ED..... ........ 0,0-1440,3216 #7f0a054d app:id/workspace aid=1073741834}, com.android.launcher3.Hotseat{176cc63 V.ED..... ........ 0,2667-1440,3216 #7f0a0241 app:id/hotseat aid=1073741899}]
1791670154.661  1000  4337  4553 W InputChannel-JNI: Channel already disposed.
1791670154.662 10384  6896  6896 I GoogleInputMethodService: GoogleInputMethodService.onFinishInput():2404
1791670154.664 10384  6896  6896 I GoogleInputMethodService: GoogleInputMethodService.onStartInput():1552 onStartInput(EditorInfo{EditorInfo{packageName=com.android.launcher3, inputType=0, inputTypeString=NULL, enableLearning=false, autoCorrection=false, autoComplete=false, imeOptions=0, privateImeOptions=null, actionName=UNSPECIFIED, actionLabel=null, initialSelStart=-1, initialSelEnd=-1, initialCapsMode=0, label=null, fieldId=0, fieldName=null, extras=null, hintText=null, hintLocales=[]}}, false)
1791670154.665 10384  6896 19969 I Module  : DeviceLockedStatusModuleProvider$Module.updateDeviceLockedStatusInternal():119 repeatCheckTimes = 0, locked = false
1791670154.665 10384  6896  6896 I LatinInputMethodServiceBase: LatinInputMethodServiceBase.updateInputViewCoverNavigation():360 Update input view padding, isNavbarOverInputWindow=true, bottom inset=134
1791670154.667 10384  6896 13584 I Module  : DeviceLockedStatusModuleProvider$Module.updateDeviceLockedStatusInternal():119 repeatCheckTimes = 1, locked = false
1791670154.668  1000  4337  6576 W PackageConfigPersister: App-specific configuration not found for packageName: com.android.launcher3 and userId: 0
1791670154.672 10312  5415  5415 V BaseDepthController: Applying blur: 0 to Surface(name=VRI-com.android.launcher3/com.android.launcher3.uioverrides.QuickstepLauncher#4928)/@0xf5059f2 applyImmediately: false
1791670154.672 10312  5415  5415 D BaseDepthController: shouldBlurWorkspace: false targetState: Normal currentStableState: Normal mCurrentBlur: 0 mLauncher.getDepthBlurTargets(): [com.android.launcher3.Workspace{c04cee1 V.ED..... ........ 0,0-1440,3216 #7f0a054d app:id/workspace aid=1073741834}, com.android.launcher3.Hotseat{176cc63 V.ED..... ........ 0,2667-1440,3216 #7f0a0241 app:id/hotseat aid=1073741899}]
1791670154.680 10312  5415  5415 V BaseDepthController: Applying blur: 0 to Surface(name=VRI-com.android.launcher3/com.android.launcher3.uioverrides.QuickstepLauncher#4928)/@0xf5059f2 applyImmediately: false
1791670154.680 10312  5415  5415 D BaseDepthController: shouldBlurWorkspace: false targetState: Normal currentStableState: Normal mCurrentBlur: 0 mLauncher.getDepthBlurTargets(): [com.android.launcher3.Workspace{c04cee1 V.ED..... ........ 0,0-1440,3216 #7f0a054d app:id/workspace aid=1073741834}, com.android.launcher3.Hotseat{176cc63 V.ED..... ........ 0,2667-1440,3216 #7f0a0241 app:id/hotseat aid=1073741899}]
1791670154.688 10312  5415  5415 V BaseDepthController: Applying blur: 0 to Surface(name=VRI-com.android.launcher3/com.android.launcher3.uioverrides.QuickstepLauncher#4928)/@0xf5059f2 applyImmediately: false
1791670154.688 10312  5415  5415 D BaseDepthController: shouldBlurWorkspace: false targetState: Normal currentStableState: Normal mCurrentBlur: 0 mLauncher.getDepthBlurTargets(): [com.android.launcher3.Workspace{c04cee1 V.ED..... ........ 0,0-1440,3216 #7f0a054d app:id/workspace aid=1073741834}, com.android.launcher3.Hotseat{176cc63 V.ED..... ........ 0,2667-1440,3216 #7f0a0241 app:id/hotseat aid=1073741899}]
1791670154.697 10312  5415  5415 V BaseDepthController: Applying blur: 0 to Surface(name=VRI-com.android.launcher3/com.android.launcher3.uioverrides.QuickstepLauncher#4928)/@0xf5059f2 applyImmediately: false
1791670154.697 10312  5415  5415 D BaseDepthController: shouldBlurWorkspace: false targetState: Normal currentStableState: Normal mCurrentBlur: 0 mLauncher.getDepthBlurTargets(): [com.android.launcher3.Workspace{c04cee1 V.ED..... ........ 0,0-1440,3216 #7f0a054d app:id/workspace aid=1073741834}, com.android.launcher3.Hotseat{176cc63 V.ED..... ........ 0,2667-1440,3216 #7f0a0241 app:id/hotseat aid=1073741899}]
1791670154.705 10312  5415  5415 V BaseDepthController: Applying blur: 0 to Surface(name=VRI-com.android.launcher3/com.android.launcher3.uioverrides.QuickstepLauncher#4928)/@0xf5059f2 applyImmediately: false
1791670154.706 10312  5415  5415 D BaseDepthController: shouldBlurWorkspace: false targetState: Normal currentStableState: Normal mCurrentBlur: 0 mLauncher.getDepthBlurTargets(): [com.android.launcher3.Workspace{c04cee1 V.ED..... ........ 0,0-1440,3216 #7f0a054d app:id/workspace aid=1073741834}, com.android.launcher3.Hotseat{176cc63 V.ED..... ........ 0,2667-1440,3216 #7f0a0241 app:id/hotseat aid=1073741899}]
1791670154.713 10312  5415  5415 V BaseDepthController: Applying blur: 0 to Surface(name=VRI-com.android.launcher3/com.android.launcher3.uioverrides.QuickstepLauncher#4928)/@0xf5059f2 applyImmediately: false
1791670154.713 10312  5415  5415 D BaseDepthController: shouldBlurWorkspace: false targetState: Normal currentStableState: Normal mCurrentBlur: 0 mLauncher.getDepthBlurTargets(): [com.android.launcher3.Workspace{c04cee1 V.ED..... ........ 0,0-1440,3216 #7f0a054d app:id/workspace aid=1073741834}, com.android.launcher3.Hotseat{176cc63 V.ED..... ........ 0,2667-1440,3216 #7f0a0241 app:id/hotseat aid=1073741899}]
1791670154.718 10761 16731 16868 D ProfileInstaller: Skipping profile installation for com.f0x1d.logfox
1791670154.723 10312  5415  5415 V BaseDepthController: Applying blur: 0 to Surface(name=VRI-com.android.launcher3/com.android.launcher3.uioverrides.QuickstepLauncher#4928)/@0xf5059f2 applyImmediately: false
1791670154.723 10312  5415  5415 D BaseDepthController: shouldBlurWorkspace: false targetState: Normal currentStableState: Normal mCurrentBlur: 0 mLauncher.getDepthBlurTargets(): [com.android.launcher3.Workspace{c04cee1 V.ED..... ........ 0,0-1440,3216 #7f0a054d app:id/workspace aid=1073741834}, com.android.launcher3.Hotseat{176cc63 V.ED..... ........ 0,2667-1440,3216 #7f0a0241 app:id/hotseat aid=1073741899}]
1791670154.731 10312  5415  5415 V BaseDepthController: Applying blur: 0 to Surface(name=VRI-com.android.launcher3/com.android.launcher3.uioverrides.QuickstepLauncher#4928)/@0xf5059f2 applyImmediately: false
1791670154.731 10312  5415  5415 D BaseDepthController: shouldBlurWorkspace: false targetState: Normal currentStableState: Normal mCurrentBlur: 0 mLauncher.getDepthBlurTargets(): [com.android.launcher3.Workspace{c04cee1 V.ED..... ........ 0,0-1440,3216 #7f0a054d app:id/workspace aid=1073741834}, com.android.launcher3.Hotseat{176cc63 V.ED..... ........ 0,2667-1440,3216 #7f0a0241 app:id/hotseat aid=1073741899}]
1791670154.738 10312  5415  5415 V BaseDepthController: Applying blur: 0 to Surface(name=VRI-com.android.launcher3/com.android.launcher3.uioverrides.QuickstepLauncher#4928)/@0xf5059f2 applyImmediately: false
1791670154.739 10312  5415  5415 D BaseDepthController: shouldBlurWorkspace: false targetState: Normal currentStableState: Normal mCurrentBlur: 0 mLauncher.getDepthBlurTargets(): [com.android.launcher3.Workspace{c04cee1 V.ED..... ........ 0,0-1440,3216 #7f0a054d app:id/workspace aid=1073741834}, com.android.launcher3.Hotseat{176cc63 V.ED..... ........ 0,2667-1440,3216 #7f0a0241 app:id/hotseat aid=1073741899}]
1791670154.746 10312  5415  5415 V BaseDepthController: Applying blur: 0 to Surface(name=VRI-com.android.launcher3/com.android.launcher3.uioverrides.QuickstepLauncher#4928)/@0xf5059f2 applyImmediately: false
1791670154.746 10312  5415  5415 D BaseDepthController: shouldBlurWorkspace: false targetState: Normal currentStableState: Normal mCurrentBlur: 0 mLauncher.getDepthBlurTargets(): [com.android.launcher3.Workspace{c04cee1 V.ED..... ........ 0,0-1440,3216 #7f0a054d app:id/workspace aid=1073741834}, com.android.launcher3.Hotseat{176cc63 V.ED..... ........ 0,2667-1440,3216 #7f0a0241 app:id/hotseat aid=1073741899}]
1791670154.746 10312  5415  5415 V BaseDepthController: Applying blur: 0 to Surface(name=VRI-com.android.launcher3/com.android.launcher3.uioverrides.QuickstepLauncher#4928)/@0xf5059f2 applyImmediately: false
1791670154.746 10312  5415  5415 D BaseDepthController: shouldBlurWorkspace: false targetState: Normal currentStableState: Normal mCurrentBlur: 0 mLauncher.getDepthBlurTargets(): [com.android.launcher3.Workspace{c04cee1 V.ED..... ........ 0,0-1440,3216 #7f0a054d app:id/workspace aid=1073741834}, com.android.launcher3.Hotseat{176cc63 V.ED..... ........ 0,2667-1440,3216 #7f0a0241 app:id/hotseat aid=1073741899}]
1791670154.748  root 11925 16859 W adbd    : timed out while waiting for FUNCTIONFS_BIND, trying again
1791670154.748  root 11925 16859 I adbd    : UsbFfs: connection terminated: monitor thread finished
1791670154.791  root 11925 11938 I adbd    : opening control endpoint /dev/usb-ffs/adb/ep0
1791670154.791  root 11938 11938 I         : read descriptors
1791670154.791  root 11938 11938 I         : read strings
1791670155.131  1000  1659  1659 E QTI PowerHAL: Failed to acquire lock.
1791670155.131  1000  1659  1659 E QTI PowerHAL: Failed process_boost for boost_handle
1791670155.171  root   765   765 E [TP]touchpanel: touchpanel0: Touchpanel id 0 :Down[1103 1993    0]
1791670155.202  1000  4337  6379 D CompatChangeReporter: Compat change id reported: 151861875; UID 10551; state: ENABLED
1791670155.203  1000  4337  6379 V GrammaticalInflectionUtils: AttributionSource: android.content.AttributionSource@6ef94739 does not have READ_SYSTEM_GRAMMATICAL_GENDER permission.
1791670155.206  1000  4337  6379 D CompatChangeReporter: Compat change id reported: 306666082; UID 10551; state: ENABLED
1791670155.215  1000  1659  1659 I QTI PowerHAL: Power setMode: 5 to: 1
1791670155.220  1000  1659  1659 E QTI PowerHAL: Failed to acquire lock.
1791670155.220  1000  1659  1659 E QTI PowerHAL: Failed process_boost for boost_handle
1791670155.220  1000  1659  1659 E QTI PowerHAL: Failed to perform launch boost
1791670155.232  1000  4337  6379 D CorePackageUpdate: onRecentTaskRemoved Removing task: 928
1791670155.232  1000  4337  6379 D CorePackageUpdate: Couldn't find a persistent state for task= 928
1791670155.234 10303  4915  5301 V WindowManagerShell: Transition requested (#314): android.os.BinderProxy@79f9555 TransitionRequestInfo { type = OPEN, triggerTask = TaskInfo{userId=0 taskId=932 effectiveUid=10551 displayId=0 isRunning=true baseIntent=Intent { act=android.intent.action.MAIN cat=[android.intent.category.LAUNCHER] flg=0x10200000 cmp=com.oplus.camera/.Camera } baseActivity=ComponentInfo{com.oplus.camera/com.oplus.camera.Camera} topActivity=ComponentInfo{com.oplus.camera/com.oplus.camera.Camera} origActivity=null realActivity=ComponentInfo{com.oplus.camera/com.oplus.camera.Camera} realActivityIsAppLockEnabled=false numActivities=1 lastActiveTime=3059150 supportsMultiWindow=true supportsMultiWindowWithoutConstraints=true resizeMode=0 isResizeable=true minWidth=-1 minHeight=-1 defaultMinSize=220 token=WCT{android.os.BinderProxy@330ab6a} topActivityType=1 pictureInPictureParams=null shouldDockBigOverlays=false launchIntoPipHostTaskId=-1 lastParentTaskIdBeforePip=-1 displayCutoutSafeInsets=Rect(0, 126 - 0, 0) topActivityInfo=ActivityInfo{def785b com.oplus.camera.Camera} launchCookies=[android.os.BinderProxy@70428f8] positionInParent=Point(0, 0) parentTaskId=-1 isFocused=false isInteractive=false isVisible=false isVisibleRequested=false isTopActivityNoDisplay=false isSleeping=false locusId=null displayAreaFeatureId=1 isTopActivityTransparent=false isActivityStackTransparent=false lastNonFullscreenBounds=null leafTaskBoundsFromOptions= false capturedLink=null capturedLinkTimestamp=0 requestedVisibleTypes=503 topActivityRequestOpenInBrowserEducationTimestamp=0 appCompatTaskInfo=AppCompatTaskInfo { topActivityInSizeCompat=false isLeafTask= true eligibleForLetterboxEducation= false isLetterboxEducationEnabled= false isLetterboxDoubleTapEnabled= false eligibleForUserAspectRatioButton= false topActivityBoundsLetterboxed= false isFromLetterboxDoubleTap= false topActivityLetterboxVerticalPosition= -1 topActivityLetterboxHorizontalPosition= -1 topActivityLetterboxWidth=-1 topActivityLetterboxHeight=-1 topActivityAppBounds=Rect(0, 0 - 1440, 3216) isUserFullscreenOverrideEnabled=false isSystemFullscreenOverrideEnabled=false hasMinAspectRatioOverride=false topActivityLetterboxBounds=null topNonResizableActivityAspectRatio=-1.0} topActivityMainWindowFrame=null isAppBubble=false isTopAppLocked=false}, pipChange = null, remoteTransitionInfo = RemoteTransitionInfo { remoteTransition = android.window.IRemoteTransition$Stub$Proxy@2261436, debugName = QuickstepLaunch, filter = null }, displayChanges = null, requestedLocation = null, userChange = null, windowingLayerChange = null, fullscreenRequestChange = null, flags = 0, debugId = 314 }
1791670155.235 10303  4915  5301 W DisconnectHandler: No disconnect change found in the transition, not handling request.
1791670155.235  1000  4337  6379 V ActivityTaskManager: TaskLaunchParamsModifier: phase=3 task=Task{def6e29 #932 type=standard A=10551:com.oplus.camera} activity=ActivityRecord{263110576 u0 com.oplus.camera/.Camera t-1} display-from-option=0 display-id=0 task-display-area-windowing-mode=1 suggested-display-area=DefaultTaskDisplayArea@93298560 inherit-from-source=fullscreen non-freeform-task-display-area display-area=DefaultTaskDisplayArea@93298560 skip-bounds-fullscreen
1791670155.235  1000  4337  6379 I ActivityTaskManager: START u0 {act=android.intent.action.MAIN cat=[android.intent.category.LAUNCHER] flg=0x10200000 xflg=0x4 cmp=com.oplus.camera/.Camera bnds=[1004,1859][1175,2080]} with LAUNCH_SINGLE_TOP from uid 10312 (com.android.launcher3) (sr=65190772) (BAL_ALLOW_VISIBLE_WINDOW) result code=0
1791670155.235 10303  4915  5301 W DisconnectHandler: No disconnect change found in the transition, not handling request.
1791670155.235 10303  4915  5301 V ShellDesktopMode: DesktopTasksController: skipping handleRequest reason=triggerTask's display doesn't support desktop mode
1791670155.235 10303  4915  5301 D ShellSplitScreen: logExit: no-op, mLoggerSessionId is null
1791670155.235 10303  4915  5301 V WindowManagerShell: RemoteTransition directly requested for (#314) android.os.BinderProxy@79f9555: RemoteTransition { remoteTransition = android.window.IRemoteTransition$Stub$Proxy@2261436, appThread = null, debugName = QuickstepLaunch, filter = null }
1791670155.235 10303  4915  5301 V WindowManagerShell: Transition (#314): request handled by DefaultMixedHandler
1791670155.236 10312  5415  5415 D StatsLog: LAUNCHER_APP_LAUNCH_TAP
1791670155.237 10312  5415  5455 D QuickstepModelDelegate: notifyAppTargetEvent action=1 launchLocation=folder/hotseat/3/[3,0]/[1,1]
1791670155.238  1000  4337  4385 V GrammaticalInflectionUtils: AttributionSource: android.content.AttributionSource@6ef94739 does not have READ_SYSTEM_GRAMMATICAL_GENDER permission.
1791670155.239 10312  5415  5415 D RecentsView: onTaskDisplayChanged: 932, new displayId = 0
1791670155.240  1000  4337  6379 D CompatChangeReporter: Compat change id reported: 309578419; UID 10551; state: ENABLED
1791670155.241  root  4167  4167 W Zygote  : Resorting to Java fork code; multipleOK = false
1791670155.244 10312  5415  5415 W SplitSelectStateCtor: Missing session instanceIds
1791670155.244 10312  5415  5415 D StatsLog: LAUNCHER_SPLIT_SELECTION_EXIT_INTERRUPTED
1791670155.246  1000  4337  6103 W TransitionChain: Combining kgOccludeChg into #314(OPEN|R|0x0) from startAct
1791670155.250 10303  4915  5301 V RecentTasksController: Notify recent tasks changed
1791670155.250 10303  4915  5301 D ShellDesktopMode: DesktopRepository(0): Removes freeform task: taskId=928
1791670155.250 10303  4915  5301 W ShellDesktopMode: DesktopRepository(0): No display id found for task: taskId=928
1791670155.250 10303  4915  5301 V RecentTasksController: Notify recent tasks changed
1791670155.250 10303  4915  5301 D WindowManagerShell: setLauncherKeepClearAreaHeight: visible=false, height=549
1791670155.250 10303  4915  5301 D WindowManagerShell: onKeyguardOccludingTaskChanged displayId=0 taskId=932
1791670155.253 10312  5415  5415 D RecentTasksList: invalidateLoadedTasks - previous requestLoadId: -1
1791670155.253 10312  5415  5415 D RecentTasksList: invalidateLoadedTasks - previous requestLoadId: -1
1791670155.254  1000  4337  6576 W InputChannel-JNI: Channel already disposed.
1791670155.258 10303  4915  5338 D WindowOnBackDispatcher: setTopOnBackInvokedCallback (unwrapped): android.view.ViewRootImpl$$ExternalSyntheticLambda14@e0c6427
1791670155.258  1000  4337  6576 D CoreBackPreview: Window{17c5eba u0 Splash Screen com.oplus.camera}: Setting back callback OnBackInvokedCallbackInfo{mCallback=android.window.IOnBackInvokedCallback$Stub$Proxy@a55b961, mPriority=0, mIsAnimationCallback=false, mOverrideBehavior=0}
1791670155.259  1000  4337  6576 D WindowManager: setClientSurface Surface(name=VRI-Splash Screen com.oplus.camera#4940)/@0x701ac86 for 17c5eba Splash Screen com.oplus.camera
1791670155.261 10303  4915  5338 I Surface : Creating surface for consumer unnamed-4915-271 with slotExpansion=1 for 64 slots
1791670155.262 10303  4915  5338 I Surface : Creating surface for consumer VRI[camera]#255(BLAST Consumer)255 with slotExpansion=1 for 64 slots
1791670155.264  root  4167  4167 D Zygote  : Forked child process 16870
1791670155.267  1000  4337  4392 I ActivityManager: Start proc 16870:com.oplus.camera/u0a551 for next-top-activity {com.oplus.camera/com.oplus.camera.Camera}
1791670155.274  root 16870 16870 I libprocessgroup: Created cgroup /sys/fs/cgroup/apps/uid_10551/pid_16870
1791670155.276 10551 16870 16870 I KernelSU: handle_setresuid from 0 to 10551
1791670155.281 10551 16870 16870 I Zygote  : Process 16870 created for com.oplus.camera
1791670155.281 10551 16870 16870 I om.oplus.camera: Using generational CollectorTypeCMC GC.
1791670155.287  1000  4337  4382 V WindowManager: Sent Transition (#314) createdAt=10-11 01:09:15.206 via request=TransitionRequestInfo { type = OPEN, triggerTask = TaskInfo{userId=0 taskId=932 effectiveUid=10551 displayId=0 isRunning=true baseIntent=Intent { act=android.intent.action.MAIN cat=[android.intent.category.LAUNCHER] flg=0x10200000 cmp=com.oplus.camera/.Camera } baseActivity=ComponentInfo{com.oplus.camera/com.oplus.camera.Camera} topActivity=ComponentInfo{com.oplus.camera/com.oplus.camera.Camera} origActivity=null realActivity=ComponentInfo{com.oplus.camera/com.oplus.camera.Camera} realActivityIsAppLockEnabled=false numActivities=1 lastActiveTime=3059150 supportsMultiWindow=true supportsMultiWindowWithoutConstraints=true resizeMode=0 isResizeable=true minWidth=-1 minHeight=-1 defaultMinSize=220 token=WCT{RemoteToken{34bc65e Task{def6e29 #932 type=standard A=10551:com.oplus.camera}}} topActivityType=1 pictureInPictureParams=null shouldDockBigOverlays=false launchIntoPipHostTaskId=-1 lastParentTaskIdBeforePip=-1 displayCutoutSafeInsets=Rect(0, 126 - 0, 0) topActivityInfo=ActivityInfo{8684a3f com.oplus.camera.Camera} launchCookies=[android.os.BinderProxy@6c0ff0c] positionInParent=Point(0, 0) parentTaskId=-1 isFocused=false isInteractive=false isVisible=false isVisibleRequested=false isTopActivityNoDisplay=false isSleeping=false locusId=null displayAreaFeatureId=1 isTopActivityTransparent=false isActivityStackTransparent=false lastNonFullscreenBounds=null leafTaskBoundsFromOptions= false capturedLink=null capturedLinkTimestamp=0 requestedVisibleTypes=503 topActivityRequestOpenInBrowserEducationTimestamp=0 appCompatTaskInfo=AppCompatTaskInfo { topActivityInSizeCompat=false isLeafTask= true eligibleForLetterboxEducation= false isLetterboxEducationEnabled= false isLetterboxDoubleTapEnabled= false eligibleForUserAspectRatioButton= false topActivityBoundsLetterboxed= false isFromLetterboxDoubleTap= false topActivityLetterboxVerticalPosition= -1 topActivityLetterboxHorizontalPosition= -1 topActivityLetterboxWidth=-1 topActivityLetterboxHeight=-1 topActivityAppBounds=Rect(0, 0 - 1440, 3216) isUserFullscreenOverrideEnabled=false isSystemFullscreenOverrideEnabled=false hasMinAspectRatioOverride=false topActivityLetterboxBounds=null topNonResizableActivityAspectRatio=-1.0} topActivityMainWindowFrame=null isAppBubble=false isTopAppLocked=false}, pipChange = null, remoteTransitionInfo = RemoteTransitionInfo { remoteTransition = android.window.IRemoteTransition$Stub$Proxy@d2a7055, debugName = QuickstepLaunch, filter = null }, displayChanges = null, requestedLocation = null, userChange = null, windowingLayerChange = null, fullscreenRequestChange = null, flags = 0, debugId = 314 }
1791670155.288 10303  4915  5301 V ShellTaskOrganizer: Task appeared taskId=932 listener=FullscreenTaskListener
1791670155.288  1000  4337  4382 V WindowManager:     startWCT=WindowContainerTransaction { changes= {} hops= [] flags= 0 errorCallbackToken=null taskFragmentOrganizer=null }
1791670155.288 10303  4915  5301 V ShellTaskOrganizer: Fullscreen Task Appeared: #932
1791670155.289 10303  4915  5301 D ShellPackageUpdate: PackageUpdateController: Setting handlePackageUpdate for task: 932
1791670155.289  1000  4337  4382 V WindowManager:     info={id=314 t=OPEN f=0x0 trk=0 r=[0@Point(0, 0)] c=[
1791670155.289  1000  4337  4382 V WindowManager:         {WCT{RemoteToken{34bc65e Task{def6e29 #932 type=standard A=10551:com.oplus.camera}}} m=OPEN f=MOVE_TO_TOP|FLAG_CHANGED_INTERACTIVE leash=Surface(name=Task=932#4937)/@0xe207574 sb=Rect(0, 0 - 1440, 3216) eb=Rect(0, 0 - 1440, 3216) epz=Point(1440, 3216) d=0 taskParent=-1 winMode=1 userId=0},
1791670155.289  1000  4337  4382 V WindowManager:         {WCT{RemoteToken{902cd37 Task{bff31d8 #1 type=home}}} m=TO_BACK f=SHOW_WALLPAPER|FLAG_CHANGED_INTERACTIVE leash=Surface(name=Task=1#35)/@0x8c19212 sb=Rect(0, 0 - 1440, 3216) eb=Rect(0, 0 - 1440, 3216) epz=Point(1440, 3216) d=0 taskParent=-1 winMode=1 userId=0},
1791670155.289  1000  4337  4382 V WindowManager:         {m=TO_BACK f=IS_WALLPAPER leash=Surface(name=WallpaperWindowToken{a25394}#74)/@0x2c74ec8 sb=Rect(0, 0 - 1440, 3216) eb=Rect(0, 0 - 1440, 3216) epz=Point(1440, 3216) d=0}
1791670155.289  1000  4337  4382 V WindowManager:     ]}
1791670155.289 10303  4915  8837 V WindowManagerShell: onTransitionReady(transaction=18627273208821)
1791670155.291  1000  4337  6575 E TransitionChain: Can't collect into a chain with no transition
1791670155.291 10303  4915  5301 V RecentTasksController: Notify recent tasks changed
1791670155.292 10303  4915  5301 V WindowManagerShell: onTransitionReady (#314) android.os.BinderProxy@79f9555: {id=314 t=OPEN f=0x0 trk=0 r=[0@Point(0, 0)] c=[
1791670155.292 10303  4915  5301 V WindowManagerShell:         {m=OPEN f=MOVE_TO_TOP|FLAG_CHANGED_INTERACTIVE leash=Surface(name=Task=932#4937)/@0x898403b sb=Rect(0, 0 - 1440, 3216) eb=Rect(0, 0 - 1440, 3216) epz=Point(1440, 3216) d=0 taskParent=-1 winMode=1 userId=0},
1791670155.292 10303  4915  5301 V WindowManagerShell:         {m=TO_BACK f=SHOW_WALLPAPER|FLAG_CHANGED_INTERACTIVE leash=Surface(name=Task=1#35)/@0x5078358 sb=Rect(0, 0 - 1440, 3216) eb=Rect(0, 0 - 1440, 3216) epz=Point(1440, 3216) d=0 taskParent=-1 winMode=1 userId=0},
1791670155.292 10303  4915  5301 V WindowManagerShell:         {m=TO_BACK f=IS_WALLPAPER leash=Surface(name=WallpaperWindowToken{a25394}#74)/@0xc47ecb1 sb=Rect(0, 0 - 1440, 3216) eb=Rect(0, 0 - 1440, 3216) epz=Point(1440, 3216) d=0}
1791670155.292 10303  4915  5301 V WindowManagerShell:     ]}
1791670155.292 10303  4915  5301 V WindowManagerShell: Playing animation for (#314) android.os.BinderProxy@79f9555@0
1791670155.292 10303  4915  5301 V WindowManagerShell:  try firstHandler com.android.wm.shell.transition.DefaultMixedHandler@b62c806
1791670155.292 10303  4915  5301 V WindowManagerShell: Mixed transition for opening an intent with a remote transition and PIP or Desktop #314
1791670155.292 10303  4915  5301 V WindowManagerShell: tryAnimateOpenIntentWithRemoteAndPipOrDesktop
1791670155.292 10303  4915  5301 V WindowManagerShell:  Delegate animation for (#314) to RemoteTransition { remoteTransition = android.window.IRemoteTransition$Stub$Proxy@2261436, appThread = null, debugName = QuickstepLaunch, filter = null }
1791670155.293 10303  4915  5301 V WindowManagerShell:  animated by firstHandler
1791670155.293 10551 16870 16870 D nativeloader: Load libframework-connectivity-tiramisu-jni.so using APEX ns com_android_tethering for caller /apex/com.android.tethering/javalib/framework-connectivity-t.jar: ok
1791670155.300 10312  5415  5415 D RecentTasksList: invalidateLoadedTasks - previous requestLoadId: -1
1791670155.306  root  6836 24683 V BinderSender: Uid 10551 starts
1791670155.308 10551 16870 16870 D ApplicationLoaders: Returning zygote-cached class loader: /system/framework/org.apache.http.legacy.jar
1791670155.309  root  6836 24683 V BinderSender: Uid 10551 already starts
1791670155.310 10551 16870 16870 D nativeloader: Configuring clns-9 for other apk /system/framework/oplus-support-wrapper.jar. target_sdk_version=35, uses_libraries=ALL, library_path=/data/app/~~pwrM1FFZPcTDtyIFM23IXQ==/com.oplus.camera-6To1ae9Bp6KmV_a4LzhBKw==/lib/arm64:/data/app/~~pwrM1FFZPcTDtyIFM23IXQ==/com.oplus.camera-6To1ae9Bp6KmV_a4LzhBKw==/base.apk!/lib/arm64-v8a, permitted_path=/data:/mnt/expand:/data/user/0/com.oplus.camera
1791670155.312 10551 16870 16870 W om.oplus.camera: Can't mmap dex file /system_ext/framework/com.oplus.camera.unit.sdk.jar!classes.dex directly; please zipalign to 4 bytes. Falling back to extracting file.
1791670155.316  1000  4337  4502 V GrammaticalInflectionUtils: AttributionSource: android.content.AttributionSource@889b0b60 does not have READ_SYSTEM_GRAMMATICAL_GENDER permission.
1791670155.321 10383  6979 11921 I floq    : (REDACTED) HDM. appOpsListener %s %s
1791670155.322 10383  6979 11921 I floq    : (REDACTED) HDM. Ignoring irrelevant audio permission changes for package %s
1791670155.322  root  4167  4167 W Zygote  : Resorting to Java fork code; multipleOK = false
1791670155.333 10551 16870 16870 D nativeloader: Configuring clns-10 for other apk /system_ext/framework/com.oplus.camera.unit.sdk.jar. target_sdk_version=35, uses_libraries=ALL, library_path=/data/app/~~pwrM1FFZPcTDtyIFM23IXQ==/com.oplus.camera-6To1ae9Bp6KmV_a4LzhBKw==/lib/arm64:/data/app/~~pwrM1FFZPcTDtyIFM23IXQ==/com.oplus.camera-6To1ae9Bp6KmV_a4LzhBKw==/base.apk!/lib/arm64-v8a, permitted_path=/data:/mnt/expand:/data/user/0/com.oplus.camera
1791670155.335  root  4167  4167 D Zygote  : Forked child process 16908
1791670155.335 10551 16870 16870 D ApplicationLoaders: Returning zygote-cached class loader: /system_ext/framework/androidx.window.extensions.jar
1791670155.335 10551 16870 16870 D ApplicationLoaders: Returning zygote-cached class loader: /system_ext/framework/androidx.window.sidecar.jar
1791670155.336  1000  4337  4392 I ActivityManager: Start proc 16908:com.google.android.apps.adm/u0a416 for bound-service {com.google.android.apps.adm/androidx.work.impl.background.systemjob.SystemJobService}
1791670155.342 10551 16870 16870 I om.oplus.camera: Could not load runtime generated app image: Boot image chunk count mismatch (0 != 1) in image /data/user/0/com.oplus.camera/cache/oat_primary/arm64/base.art
1791670155.342 10383  7958  7958 I csde    : onPause
1791670155.343 10383  7958  7958 I cruv    : onPause
1791670155.343 10383  7958  7958 W elap    : measuring already stopped.
1791670155.348 10303  4915  5301 V RecentTasksController: Notify recent tasks changed
1791670155.350 10303  4915  5301 V RecentTasksController: generateList(getRecentTasks)
1791670155.350 10303  4915  5301 V RecentTasksController: initializeDesksMap - allDeskIds: []
1791670155.350 10303  4915  5301 V RecentTasksController: Task 932 is not an active desktop task
1791670155.350 10303  4915  5301 V RecentTasksController: Added fullscreen task: 932
1791670155.350 10303  4915  5301 V RecentTasksController: Task 930 is not an active desktop task
1791670155.350 10303  4915  5301 V RecentTasksController: Added fullscreen task: 930
1791670155.350 10303  4915  5301 V RecentTasksController: Task 929 is not an active desktop task
1791670155.350 10303  4915  5301 V RecentTasksController: Added fullscreen task: 929
1791670155.350 10303  4915  5301 V RecentTasksController: generateList - complete
1791670155.351 10312  5415  5453 D PreloadThumbnailUseCase: Preloading thumbnails for task ids: [[id=929 windowingMode=1 user=0 lastActiveTime=3050924] null, [id=930 windowingMode=1 user=0 lastActiveTime=3058331] null, [id=932 windowingMode=1 user=0 lastActiveTime=3059150] null]
1791670155.363 10312  5415  5415 D RecentTasksList: invalidateLoadedTasks - previous requestLoadId: -1
1791670155.371 10416 16908 16908 I KernelSU: handle_setresuid from 0 to 10416
1791670155.371 10416 16908 16908 I KernelSU: handle umount for uid: 10416, pid: 16908
1791670155.371 10416 16908 16908 I KernelSU: umount_tw_func: unmounting: /apex/com.android.art/bin/dex2oat flags: 0x2
1791670155.371 10416 16908 16908 I KernelSU: umount_tw_func: unmounting: /system/apex/com.android.art/bin/dex2oat64 flags: 0x2
1791670155.371 10416 16908 16908 I KernelSU: umount_tw_func: unmounting: /system/apex/com.android.art/bin/dex2oat32 flags: 0x2
1791670155.371 10416 16908 16908 I KernelSU: umount_tw_func: unmounting: /system/apex/com.android.art/bin/dex2oat flags: 0x2
1791670155.371 10416 16908 16908 I KernelSU: umount_tw_func: unmounting: /apex/com.android.art/bin/dex2oat32 flags: 0x2
1791670155.371 10416 16908 16908 I KernelSU: umount_tw_func: unmounting: /apex/com.android.art/bin/dex2oat64 flags: 0x2
1791670155.371 10416 16908 16908 I KernelSU: umount_tw_func: unmounting: /system/etc/hosts flags: 0x2
1791670155.370  root 16908 16908 I libprocessgroup: Created cgroup /sys/fs/cgroup/apps/uid_10416/pid_16908
1791670155.371 10416 16908 16908 I KernelSU: umount_tw_func: unmounting: /vendor/etc/media_profiles_vendor.xml flags: 0x2
1791670155.371 10416 16908 16908 I KernelSU: umount_tw_func: unmounting: /odm/lib64 flags: 0x2
1791670155.371 10416 16908 16908 I KernelSU: umount_tw_func: unmounting: /odm/lib/rfsa/adsp flags: 0x2
1791670155.376 10551 16870 16870 D CompatChangeReporter: Compat change id reported: 202956589; UID 10551; state: ENABLED
1791670155.371 10416 16908 16908 I KernelSU: umount_tw_func: unmounting: /odm/etc/camera flags: 0x2
1791670155.371 10416 16908 16908 I KernelSU: umount_tw_func: unmounting: /system_ext/framework flags: 0x2
1791670155.371 10416 16908 16908 I KernelSU: umount_tw_func: unmounting: /system_ext/etc/permissions flags: 0x2
1791670155.371 10416 16908 16908 I KernelSU: umount_tw_func: unmounting: /system_ext/etc/default-permissions flags: 0x2
1791670155.371 10416 16908 16908 I KernelSU: umount_tw_func: unmounting: /system/framework flags: 0x2
1791670155.371 10416 16908 16908 I KernelSU: umount_tw_func: unmounting: /mnt/ooscamera flags: 0x2
1791670155.382 10551 16870 16870 I GameProps: Game props config loaded, games=1, enabled=false
1791670155.372  root 21373 21373 I susfs   : [0][21373][susfs_run_sus_path_loop] re-flag AS_FLAGS_SUS_PATH on path '/sdcard/Android/data/zed.rainxch.githubstore', fi->inode.i_ino: '0', fi->inode.i_state: 0x200000000
1791670155.386 10551 16870 16870 V GraphicsEnvironment: Currently set values for:
1791670155.386 10551 16870 16870 V GraphicsEnvironment:   angle_gl_driver_selection_pkgs=[]
1791670155.386 10551 16870 16870 V GraphicsEnvironment:   angle_gl_driver_selection_values=[]
1791670155.386 10551 16870 16870 V GraphicsEnvironment: com.oplus.camera is not listed in per-application setting
1791670155.386 10551 16870 16870 V GraphicsEnvironment: No special selections for ANGLE, returning default driver choice
1791670155.387 10551 16870 16870 V GraphicsEnvironment: Neither updatable production driver nor prerelease driver is supported.
1791670155.372  root 21373 21373 I susfs   : [0][21373][susfs_run_sus_path_loop] re-flag AS_FLAGS_SUS_PATH on path '/sdcard/Android/data/com.reddit.frontpage', fi->inode.i_ino: '0', fi->inode.i_state: 0x200000000
1791670155.373  root 21373 21373 I susfs   : [0][21373][susfs_run_sus_path_loop] re-flag AS_FLAGS_SUS_PATH on path '/sdcard/Android/data/net.streamdek.mobile', fi->inode.i_ino: '0', fi->inode.i_state: 0x200000000
1791670155.373  root 21373 21373 I susfs   : [0][21373][susfs_run_sus_path_loop] re-flag AS_FLAGS_SUS_PATH on path '/sdcard/Android/data/com.deniscerri.ytdl', fi->inode.i_ino: '330401', fi->inode.i_state: 0x200000000
1791670155.373  root 21373 21373 I susfs   : [0][21373][susfs_run_sus_path_loop] re-flag AS_FLAGS_SUS_PATH on path '/sdcard/Android/data/com.twitter.android', fi->inode.i_ino: '0', fi->inode.i_state: 0x200000000
1791670155.392 10551 16870 16870 V OCAM_MyApplication: attachBaseContext, E
1791670155.392 10551 16870 16870 V OCAM_MyApplication: attachBaseContext, sbPreBindApplication: false
1791670155.392 10551 16870 16870 V OCAM_OppoCamera_TRACE: traceBeginSection, msg: CameraStartupPerformance.attachBaseContext
1791670155.393 10551 16870 16922 D OCAM_ThreadManager: setUxThreadValue: pid is: 16870, tid is 16922 value is 130, keyThreadTag: TaskBusThread
1791670155.393 10551 16870 16923 D OCAM_ThreadManager: setUxThreadValue: pid is: 16870, tid is 16923 value is 130, keyThreadTag: TaskBusThread
1791670155.394 10551 16870 16924 D OCAM_ThreadManager: setUxThreadValue: pid is: 16870, tid is 16924 value is 130, keyThreadTag: TaskBusThread
1791670155.394 10551 16870 16922 E OCAM_AppOsenseResClientHelper: init, sbKeyThreadFeatureOpen: false
1791670155.394 10551 16870 16921 D OCAM_ThreadManager: setUxThreadValue: pid is: 16870, tid is 16921 value is 130, keyThreadTag: TaskBusThread
1791670155.393 10416 16908 16908 I KernelSU: umount_tw_func: unmounting: /system/priv-app flags: 0x2
1791670155.394 10416 16908 16908 I KernelSU: umount_tw_func: unmounting: /system/etc/sysconfig flags: 0x2
1791670155.394 10416 16908 16908 I KernelSU: umount_tw_func: unmounting: /system/etc flags: 0x2
1791670155.395 10551 16870 16870 V OCAM_OppoCamera_TRACE: traceBeginSection, msg: CameraStartupPerformance.preloadClassForDlOpen
1791670155.394 10416 16908 16908 I KernelSU: umount_tw_func: unmounting: /product/media flags: 0x2
1791670155.394  root 21373 21373 I susfs   : [0][21373][susfs_run_sus_path_loop] re-flag AS_FLAGS_SUS_PATH on path '/sdcard/Android/data/com.vega', fi->inode.i_ino: '0', fi->inode.i_state: 0x200000000
1791670155.395 10551 16870 16923 V OCAM_OppoCamera_TRACE: traceBeginSection, msg: initCoreThread
1791670155.395 10551 16870 16870 E OCAM_MyApplication: load class error
1791670155.395 10551 16870 16870 E OCAM_MyApplication: java.lang.ClassNotFoundException: android.graphics.OplusBaseRenderNode
1791670155.395 10551 16870 16870 E OCAM_MyApplication: 	at java.lang.Class.classForName(Native Method)
1791670155.395 10551 16870 16870 E OCAM_MyApplication: 	at java.lang.Class.forName(Class.java:591)
1791670155.395 10551 16870 16870 E OCAM_MyApplication: 	at java.lang.Class.forName(Class.java:496)
1791670155.395 10551 16870 16870 E OCAM_MyApplication: 	at com.oplus.camera.MyApplication.l(MyApplication.java:11)
1791670155.395 10551 16870 16870 E OCAM_MyApplication: 	at com.oplus.camera.MyApplication.attachBaseContext(MyApplication.java:80)
1791670155.395 10551 16870 16870 E OCAM_MyApplication: 	at android.app.Application.attach(Application.java:356)
1791670155.395 10551 16870 16870 E OCAM_MyApplication: 	at android.app.Instrumentation.newApplication(Instrumentation.java:1363)
1791670155.395 10551 16870 16870 E OCAM_MyApplication: 	at android.app.LoadedApk.makeApplicationInner(LoadedApk.java:1658)
1791670155.395 10551 16870 16870 E OCAM_MyApplication: 	at android.app.LoadedApk.makeApplicationInner(LoadedApk.java:1590)
1791670155.395 10551 16870 16870 E OCAM_MyApplication: 	at android.app.ActivityThread.handleBindApplication(ActivityThread.java:8304)
1791670155.395 10551 16870 16870 E OCAM_MyApplication: 	at android.app.ActivityThread.-$$Nest$mhandleBindApplication(ActivityThread.java:0)
1791670155.395 10551 16870 16870 E OCAM_MyApplication: 	at android.app.ActivityThread$H.handleMessage(ActivityThread.java:2765)
1791670155.395 10551 16870 16870 E OCAM_MyApplication: 	at android.os.Handler.dispatchMessageImpl(Handler.java:142)
1791670155.395 10551 16870 16870 E OCAM_MyApplication: 	at android.os.Handler.dispatchMessage(Handler.java:125)
1791670155.395 10551 16870 16870 E OCAM_MyApplication: 	at android.os.Looper.loopOnce(Looper.java:296)
1791670155.395 10551 16870 16870 E OCAM_MyApplication: 	at android.os.Looper.loop(Looper.java:397)
1791670155.395 10551 16870 16870 E OCAM_MyApplication: 	at android.app.ActivityThread.main(ActivityThread.java:9581)
1791670155.395 10551 16870 16870 E OCAM_MyApplication: 	at java.lang.reflect.Method.invoke(Native Method)
1791670155.395 10551 16870 16870 E OCAM_MyApplication: 	at com.android.internal.os.RuntimeInit$MethodAndArgsCaller.run(RuntimeInit.java:578)
1791670155.395 10551 16870 16870 E OCAM_MyApplication: 	at com.android.internal.os.ZygoteInit.main(ZygoteInit.java:939)
1791670155.395 10551 16870 16870 E OCAM_MyApplication: Caused by: java.lang.ClassNotFoundException: android.graphics.OplusBaseRenderNode
1791670155.395 10551 16870 16870 E OCAM_MyApplication: 	... 20 more
1791670155.395 10551 16870 16923 V OCAM_OppoCamera_TRACE: traceEndSection, msg: initCoreThread
1791670155.395 10551 16870 16921 V OCAM_OppoCamera_TRACE: traceBeginSection, msg: initCoreThread
1791670155.395 10551 16870 16921 V OCAM_OppoCamera_TRACE: traceEndSection, msg: initCoreThread
1791670155.395 10551 16870 16870 V OCAM_OppoCamera_TRACE: traceEndSection, msg: CameraStartupPerformance.preloadClassForDlOpen
1791670155.395 10551 16870 16924 V OCAM_OppoCamera_TRACE: traceBeginSection, msg: initCoreThread
1791670155.395 10551 16870 16924 V OCAM_OppoCamera_TRACE: traceEndSection, msg: initCoreThread
1791670155.395 10551 16870 16870 V OCAM_OppoCamera_TRACE: traceBeginSection, msg: CameraStartupPerformance.preloadSharedPreferences
1791670155.396 10551 16870 16922 V OCAM_OppoCamera_TRACE: traceBeginSection, msg: initCoreThread
1791670155.396 10551 16870 16922 V OCAM_OppoCamera_TRACE: traceEndSection, msg: initCoreThread
1791670155.396 10551 16870 16870 V OCAM_OppoCamera_TRACE: traceEndSection, msg: CameraStartupPerformance.preloadSharedPreferences
1791670155.401 10551 16870 16870 D nativeloader: Load /data/app/~~pwrM1FFZPcTDtyIFM23IXQ==/com.oplus.camera-6To1ae9Bp6KmV_a4LzhBKw==/lib/arm64/libpreview_show.so using class loader ns clns-11 (caller=/data/app/~~pwrM1FFZPcTDtyIFM23IXQ==/com.oplus.camera-6To1ae9Bp6KmV_a4LzhBKw==/base.apk!classes12.dex): ok
1791670155.402 10551 16870 16870 V OCAM_Util: attachBaseContext, context: android.app.ContextImpl@a7cbded
1791670155.402 10551 16870 16870 V OCAM_CommonUtil: attachBaseContext, context: android.app.ContextImpl@a7cbded
1791670155.402 10551 16870 16870 E OCAM_OplusCameraSceneCollector: get gcSupression err java.lang.NoSuchMethodException: dalvik.system.VMRuntime.SupressionGC [int, int]
1791670155.394  root 21373 21373 I susfs   : [0][21373][susfs_run_sus_path_loop] re-flag AS_FLAGS_SUS_PATH on path '/sdcard/Android/data/com.microsoft.office.outlook', fi->inode.i_ino: '0', fi->inode.i_state: 0x200000000
1791670155.394  root 21373 21373 I susfs   : [0][21373][susfs_run_sus_path_loop] re-flag AS_FLAGS_SUS_PATH on path '/sdcard/Android/data/com.google.android.apps.docs.editors.slides', fi->inode.i_ino: '0', fi->inode.i_state: 0x200000000
1791670155.394  root 21373 21373 I susfs   : [0][21373][susfs_run_sus_path_loop] re-flag AS_FLAGS_SUS_PATH on path '/sdcard/Android/data/ru.yandex.yandexmaps', fi->inode.i_ino: '0', fi->inode.i_state: 0x200000000
1791670155.394  root 21373 21373 I susfs   : [0][21373][susfs_run_sus_path_loop] re-flag AS_FLAGS_SUS_PATH on path '/sdcard/Android/data/com.iett.otobusumnerede', fi->inode.i_ino: '0', fi->inode.i_state: 0x200000000
1791670155.394  root 21373 21373 I susfs   : [0][21373][susfs_run_sus_path_loop] re-flag AS_FLAGS_SUS_PATH on path '/sdcard/Android/data/com.OyunErbabi.XGamepadTester', fi->inode.i_ino: '0', fi->inode.i_state: 0x200000000
1791670155.394  root 21373 21373 I susfs   : [0][21373][susfs_run_sus_path_loop] re-flag AS_FLAGS_SUS_PATH on path '/sdcard/Android/data/com.abtnprojects.ambatana', fi->inode.i_ino: '0', fi->inode.i_state: 0x200000000
1791670155.394  root 21373 21373 I susfs   : [0][21373][susfs_run_sus_path_loop] re-flag AS_FLAGS_SUS_PATH on path '/sdcard/Android/data/com.dv.adm', fi->inode.i_ino: '0', fi->inode.i_state: 0x200000000
1791670155.394  root 21373 21373 I susfs   : [0][21373][susfs_run_sus_path_loop] re-flag AS_FLAGS_SUS_PATH on path '/sdcard/Android/data/net.zedge.android', fi->inode.i_ino: '0', fi->inode.i_state: 0x200000000
1791670155.394  root 21373 21373 I susfs   : [0][21373][susfs_run_sus_path_loop] re-flag AS_FLAGS_SUS_PATH on path '/sdcard/Android/data/org.swiftapps.swiftbackup', fi->inode.i_ino: '0', fi->inode.i_state: 0x200000000
1791670155.394  root 21373 21373 I susfs   : [0][21373][susfs_run_sus_path_loop] re-flag AS_FLAGS_SUS_PATH on path '/sdcard/Android/data/com.mxtech.videoplayer.pro', fi->inode.i_ino: '0', fi->inode.i_state: 0x200000000
1791670155.395  root 21373 21373 I susfs   : [0][21373][susfs_run_sus_path_loop] re-flag AS_FLAGS_SUS_PATH on path '/sdcard/Android/data/org.forkclient.messenger.beta', fi->inode.i_ino: '0', fi->inode.i_state: 0x200000000
1791670155.403 10551 16870 16870 I MMKV    : Disable checkProcessMode()
1791670155.395  root 21373 21373 I susfs   : [0][21373][susfs_run_sus_path_loop] re-flag AS_FLAGS_SUS_PATH on path '/sdcard/Android/data/org.proninyaroslav.libretorrent', fi->inode.i_ino: '0', fi->inode.i_state: 0x200000000
1791670155.405 10551 16870 16870 D nativeloader: Load /data/app/~~pwrM1FFZPcTDtyIFM23IXQ==/com.oplus.camera-6To1ae9Bp6KmV_a4LzhBKw==/lib/arm64/libmmkv.so using class loader ns clns-11 (caller=/data/app/~~pwrM1FFZPcTDtyIFM23IXQ==/com.oplus.camera-6To1ae9Bp6KmV_a4LzhBKw==/base.apk!classes22.dex): ok
1791670155.405 10551 16870 16870 I MMKV    : <native-bridge.cpp:104::JNI_OnLoad> current API level = 37, libc++_shared=0
1791670155.395  root 21373 21373 I susfs   : [0][21373][susfs_run_sus_path_loop] re-flag AS_FLAGS_SUS_PATH on path '/sdcard/Android/data/com.donanimhaber.dhandroid', fi->inode.i_ino: '0', fi->inode.i_state: 0x200000000
1791670155.395  root 21373 21373 I susfs   : [0][21373][susfs_run_sus_path_loop] re-flag AS_FLAGS_SUS_PATH on path '/sdcard/Android/data/com.snowcorp.stickerly.android', fi->inode.i_ino: '0', fi->inode.i_state: 0x200000000
1791670155.395  root 21373 21373 I susfs   : [0][21373][susfs_run_sus_path_loop] re-flag AS_FLAGS_SUS_PATH on path '/sdcard/Android/data/ru.yandex.metro', fi->inode.i_ino: '330401', fi->inode.i_state: 0x200000000
1791670155.395  root 21373 21373 I susfs   : [0][21373][susfs_run_sus_path_loop] re-flag AS_FLAGS_SUS_PATH on path '/sdcard/Android/data/com.istomgames.tappynyan', fi->inode.i_ino: '0', fi->inode.i_state: 0x200000000
1791670155.405 10551 16870 16870 I MMKV    : <MMKV.cpp:156::initialize> version v1.2.10, page size 4096, arch arm64-v8a
1791670155.395  root 21373 21373 I susfs   : [0][21373][susfs_run_sus_path_loop] re-flag AS_FLAGS_SUS_PATH on path '/sdcard/Android/data/com.mi.earphone', fi->inode.i_ino: '0', fi->inode.i_state: 0x200000000
1791670155.405 10551 16870 16870 I MMKV    : <MMKV.cpp:167::initialize> armv8 AES instructions is supported
1791670155.405 10551 16870 16870 I MMKV    : <MMKV.cpp:175::initialize> armv8 CRC32 instructions is supported
1791670155.405 10551 16870 16870 I MMKV    : <MMKV.cpp:198::initializeMMKV> root dir: /data/user/0/com.oplus.camera/files/mmkv
1791670155.395  root 21373 21373 I susfs   : [0][21373][susfs_run_sus_path_loop] re-flag AS_FLAGS_SUS_PATH on path '/sdcard/Android/data/com.orion.store', fi->inode.i_ino: '0', fi->inode.i_state: 0x200000000
1791670155.405 10551 16870 16870 W OCAM_TaskBus: init sContext: com.oplus.camera.MyApplication@4744be9
1791670155.405 10551 16870 16870 V OCAM_MyApplication: initCameraUnit
1791670155.405 10551 16870 16870 V OCAM_OppoCamera_TRACE: traceBeginSection, msg: CameraStartupPerformance.initCameraUnit
1791670155.405 10551 16870 16923 V OCAM_OppoCamera_TRACE: traceBeginSection, msg: InitCameraUnitTask
1791670155.405 10551 16870 16870 V OCAM_OppoCamera_TRACE: traceEndSection, msg: CameraStartupPerformance.initCameraUnit
1791670155.405 10551 16870 16870 V OCAM_OppoCamera_TRACE: traceEndSection, msg: CameraStartupPerformance.attachBaseContext
1791670155.406 10551 16870 16923 D OCAM_CameraUnitProxy: initCameraUnit
1791670155.406 10551 16870 16870 V OCAM_MyApplication: attachBaseContext X, config parse ver2: false
1791670155.406 10551 16870 16923 D OCAM_CameraUnitProxy: checkCameraPermission, permissionGranted: true
1791670155.395  root 21373 21373 I susfs   : [0][21373][susfs_run_sus_path_loop] re-flag AS_FLAGS_SUS_PATH on path '/sdcard/Android/data/com.trendyol.go', fi->inode.i_ino: '0', fi->inode.i_state: 0x200000000
1791670155.395  root 21373 21373 I susfs   : [0][21373][susfs_run_sus_path_loop] re-flag AS_FLAGS_SUS_PATH on path '/sdcard/Android/data/com.instagram.android', fi->inode.i_ino: '0', fi->inode.i_state: 0x200000000
1791670155.395  root 21373 21373 I susfs   : [0][21373][susfs_run_sus_path_loop] re-flag AS_FLAGS_SUS_PATH on path '/sdcard/Android/data/io.github.jqssun.helium', fi->inode.i_ino: '0', fi->inode.i_state: 0x200000000
1791670155.395  root 21373 21373 I susfs   : [0][21373][susfs_run_sus_path_loop] re-flag AS_FLAGS_SUS_PATH on path '/sdcard/Android/data/com.inovel.app.yemeksepeti', fi->inode.i_ino: '0', fi->inode.i_state: 0x200000000
1791670155.395  root 21373 21373 I susfs   : [0][21373][susfs_run_sus_path_loop] re-flag AS_FLAGS_SUS_PATH on path '/sdcard/Android/data/com.fugo.wowzen', fi->inode.i_ino: '0', fi->inode.i_state: 0x200000000
1791670155.395  root 21373 21373 I susfs   : [0][21373][susfs_run_sus_path_loop] re-flag AS_FLAGS_SUS_PATH on path '/sdcard/Android/data/com.teknotakipultraclient.android', fi->inode.i_ino: '0', fi->inode.i_state: 0x200000000
1791670155.395  root 21373 21373 I susfs   : [0][21373][susfs_run_sus_path_loop] re-flag AS_FLAGS_SUS_PATH on path '/sdcard/Android/data/com.jndapp.adaptive.material.you.iconpack', fi->inode.i_ino: '0', fi->inode.i_state: 0x200000000
1791670155.395  root 21373 21373 I susfs   : [0][21373][susfs_run_sus_path_loop] re-flag AS_FLAGS_SUS_PATH on path '/sdcard/Android/data/com.bigcube.magiccubes', fi->inode.i_ino: '0', fi->inode.i_state: 0x200000000
1791670155.395  root 21373 21373 I susfs   : [0][21373][susfs_run_sus_path_loop] re-flag AS_FLAGS_SUS_PATH on path '/sdcard/Android/data/com.google.android.apps.photos', fi->inode.i_ino: '0', fi->inode.i_state: 0x200000000
1791670155.395  root 21373 21373 I susfs   : [0][21373][susfs_run_sus_path_loop] re-flag AS_FLAGS_SUS_PATH on path '/sdcard/Android/data/com.facebook.stella', fi->inode.i_ino: '350349', fi->inode.i_state: 0x200000000
1791670155.395  root 21373 21373 I susfs   : [0][21373][susfs_run_sus_path_loop] re-flag AS_FLAGS_SUS_PATH on path '/sdcard/Android/data/com.rosan.installer.x.revived', fi->inode.i_ino: '0', fi->inode.i_state: 0x200000000
1791670155.396  root 21373 21373 I susfs   : [0][21373][susfs_run_sus_path_loop] re-flag AS_FLAGS_SUS_PATH on path '/sdcard/Android/data/com.bitaksi.musteri', fi->inode.i_ino: '289936', fi->inode.i_state: 0x200000000
1791670155.396  root 21373 21373 I susfs   : [0][21373][susfs_run_sus_path_loop] re-flag AS_FLAGS_SUS_PATH on path '/sdcard/Android/data/me.zhanghai.android.files', fi->inode.i_ino: '81790', fi->inode.i_state: 0x200000000
1791670155.396  root 21373 21373 I susfs   : [0][21373][susfs_run_sus_path_loop] re-flag AS_FLAGS_SUS_PATH on path '/sdcard/Android/data/dev.imranr.obtainium', fi->inode.i_ino: '267887', fi->inode.i_state: 0x200000000
1791670155.396  root 21373 21373 I susfs   : [0][21373][susfs_run_sus_path_loop] re-flag AS_FLAGS_SUS_PATH on path '/sdcard/Android/data/app.morphe.android.apps.youtube.music', fi->inode.i_ino: '20652', fi->inode.i_state: 0x200000000
1791670155.396  root 21373 21373 I susfs   : [0][21373][susfs_run_sus_path_loop] re-flag AS_FLAGS_SUS_PATH on path '/sdcard/Android/data/ch.protonvpn.android', fi->inode.i_ino: '20597', fi->inode.i_state: 0x200000000
1791670155.396  root 21373 21373 I susfs   : [0][21373][susfs_run_sus_path_loop] re-flag AS_FLAGS_SUS_PATH on path '/sdcard/Android/data/com.opera.mini.native', fi->inode.i_ino: '20571', fi->inode.i_state: 0x200000000
1791670155.396  root 21373 21373 I susfs   : [0][21373][susfs_run_sus_path_loop] re-flag AS_FLAGS_SUS_PATH on path '/sdcard/Android/data/com.apk.editor', fi->inode.i_ino: '20553', fi->inode.i_state: 0x200000000
1791670155.396  root 21373 21373 I susfs   : [0][21373][susfs_run_sus_path_loop] re-flag AS_FLAGS_SUS_PATH on path '/sdcard/Android/data/com.linkedin.android', fi->inode.i_ino: '20572', fi->inode.i_state: 0x200000000
1791670155.396  root 21373 21373 I susfs   : [0][21373][susfs_run_sus_path_loop] re-flag AS_FLAGS_SUS_PATH on path '/sdcard/Android/data/com.mobilatolye.android.enuygun', fi->inode.i_ino: '20495', fi->inode.i_state: 0x200000000
1791670155.396  root 21373 21373 I susfs   : [0][21373][susfs_run_sus_path_loop] re-flag AS_FLAGS_SUS_PATH on path '/sdcard/Android/data/com.instafel.android', fi->inode.i_ino: '20494', fi->inode.i_state: 0x200000000
1791670155.396  root 21373 21373 I susfs   : [0][21373][susfs_run_sus_path_loop] re-flag AS_FLAGS_SUS_PATH on path '/sdcard/Android/data/com.amazon.mShop.android.shopping', fi->inode.i_ino: '20482', fi->inode.i_state: 0x200000000
1791670155.396  root 21373 21373 I susfs   : [0][21373][susfs_run_sus_path_loop] re-flag AS_FLAGS_SUS_PATH on path '/sdcard/Android/data/com.bp.box', fi->inode.i_ino: '20477', fi->inode.i_state: 0x200000000
1791670155.396  root 21373 21373 I susfs   : [0][21373][susfs_run_sus_path_loop] re-flag AS_FLAGS_SUS_PATH on path '/sdcard/Android/data/io.github.forkmaintainers.iceraven', fi->inode.i_ino: '20373', fi->inode.i_state: 0x200000000
1791670155.396  root 21373 21373 I susfs   : [0][21373][susfs_run_sus_path_loop] re-flag AS_FLAGS_SUS_PATH on path '/sdcard/Android/data/com.lima.doodlejump', fi->inode.i_ino: '20437', fi->inode.i_state: 0x200000000
1791670155.396  root 21373 21373 I susfs   : [0][21373][susfs_run_sus_path_loop] re-flag AS_FLAGS_SUS_PATH on path '/sdcard/Android/data/de.duecki.calibraw', fi->inode.i_ino: '20425', fi->inode.i_state: 0x200000000
1791670155.396  root 21373 21373 I susfs   : [0][21373][susfs_run_sus_path_loop] re-flag AS_FLAGS_SUS_PATH on path '/sdcard/Android/data/ru.zdevs.zarchiver', fi->inode.i_ino: '20385', fi->inode.i_state: 0x200000000
1791670155.396  root 21373 21373 I susfs   : [0][21373][susfs_run_sus_path_loop] re-flag AS_FLAGS_SUS_PATH on path '/sdcard/Android/data/com.skgames.trafficrider', fi->inode.i_ino: '20343', fi->inode.i_state: 0x200000000
1791670155.396  root 21373 21373 I susfs   : [0][21373][susfs_run_sus_path_loop] re-flag AS_FLAGS_SUS_PATH on path '/sdcard/Android/data/com.carriez.flutter_hbb', fi->inode.i_ino: '20340', fi->inode.i_state: 0x200000000
1791670155.396  root 21373 21373 I susfs   : [0][21373][susfs_run_sus_path_loop] re-flag AS_FLAGS_SUS_PATH on path '/sdcard/Android/data/com.tools.netgel.netx', fi->inode.i_ino: '20287', fi->inode.i_state: 0x200000000
1791670155.396  root 21373 21373 I susfs   : [0][21373][susfs_run_sus_path_loop] re-flag AS_FLAGS_SUS_PATH on path '/sdcard/Android/data/de.felixnuesse.disky', fi->inode.i_ino: '20286', fi->inode.i_state: 0x200000000
1791670155.396  root 21373 21373 I susfs   : [0][21373][susfs_run_sus_path_loop] re-flag AS_FLAGS_SUS_PATH on path '/sdcard/Android/data/com.youmusic.magictiles', fi->inode.i_ino: '20408', fi->inode.i_state: 0x200000000
1791670155.396  root 21373 21373 I susfs   : [0][21373][susfs_run_sus_path_loop] re-flag AS_FLAGS_SUS_PATH on path '/sdcard/Android/data/com.chess', fi->inode.i_ino: '20397', fi->inode.i_state: 0x200000000
1791670155.396  root 21373 21373 I susfs   : [0][21373][susfs_run_sus_path_loop] re-flag AS_FLAGS_SUS_PATH on path '/sdcard/Android/data/com.zhiliaoapp.musically', fi->inode.i_ino: '19809', fi->inode.i_state: 0x200000000
1791670155.396  root 21373 21373 I susfs   : [0][21373][susfs_run_sus_path_loop] re-flag AS_FLAGS_SUS_PATH on path '/sdcard/Android/data/com.inomera.sm', fi->inode.i_ino: '19797', fi->inode.i_state: 0x200000000
1791670155.396  root 21373 21373 I susfs   : [0][21373][susfs_run_sus_path_loop] re-flag AS_FLAGS_SUS_PATH on path '/sdcard/Android/data/com.lcwaikiki.android', fi->inode.i_ino: '19782', fi->inode.i_state: 0x200000000
1791670155.396  root 21373 21373 I susfs   : [0][21373][susfs_run_sus_path_loop] re-flag AS_FLAGS_SUS_PATH on path '/sdcard/Android/data/com.minar.birday', fi->inode.i_ino: '21179', fi->inode.i_state: 0x200000000
1791670155.397  root 21373 21373 I susfs   : [0][21373][susfs_run_sus_path_loop] re-flag AS_FLAGS_SUS_PATH on path '/sdcard/Android/data/com.whatsapp.w4b', fi->inode.i_ino: '21155', fi->inode.i_state: 0x200000000
1791670155.397  root 21373 21373 I susfs   : [0][21373][susfs_run_sus_path_loop] re-flag AS_FLAGS_SUS_PATH on path '/sdcard/Android/data/com.tranzmate', fi->inode.i_ino: '20813', fi->inode.i_state: 0x200000000
1791670155.397  root 21373 21373 I susfs   : [0][21373][susfs_run_sus_path_loop] re-flag AS_FLAGS_SUS_PATH on path '/sdcard/Android/data/com.google.android.apps.docs.editors.sheets', fi->inode.i_ino: '20776', fi->inode.i_state: 0x200000000
1791670155.397  root 21373 21373 I susfs   : [0][21373][susfs_run_sus_path_loop] re-flag AS_FLAGS_SUS_PATH on path '/sdcard/Android/data/app.morphe.android.youtube', fi->inode.i_ino: '20751', fi->inode.i_state: 0x200000000
1791670155.397  root 21373 21373 I susfs   : [0][21373][susfs_run_sus_path_loop] re-flag AS_FLAGS_SUS_PATH on path '/sdcard/Android/data/tr.com.dominos', fi->inode.i_ino: '20740', fi->inode.i_state: 0x200000000
1791670155.397  root 21373 21373 I susfs   : [0][21373][susfs_run_sus_path_loop] re-flag AS_FLAGS_SUS_PATH on path '/sdcard/Android/data/com.xiaomi.wearable', fi->inode.i_ino: '0', fi->inode.i_state: 0x200000000
1791670155.397  root 21373 21373 I susfs   : [0][21373][susfs_run_sus_path_loop] re-flag AS_FLAGS_SUS_PATH on path '/sdcard/Android/data/dev.narikdesign.nothingadaptive', fi->inode.i_ino: '20502', fi->inode.i_state: 0x200000000
1791670155.397  root 21373 21373 I susfs   : [0][21373][susfs_run_sus_path_loop] re-flag AS_FLAGS_SUS_PATH on path '/sdcard/Android/data/dev.mamii.instafel.updater', fi->inode.i_ino: '20584', fi->inode.i_state: 0x200000000
1791670155.397  root 21373 21373 I susfs   : [0][21373][susfs_run_sus_path_loop] re-flag AS_FLAGS_SUS_PATH on path '/sdcard/Android/data/org.codeaurora.snapcam', fi->inode.i_ino: '20569', fi->inode.i_state: 0x200000000
1791670155.397  root 21373 21373 I susfs   : [0][21373][susfs_run_sus_path_loop] re-flag AS_FLAGS_SUS_PATH on path '/sdcard/Android/data/app.comaps', fi->inode.i_ino: '293460', fi->inode.i_state: 0x200000000
1791670155.397  root 21373 21373 I susfs   : [0][21373][susfs_run_sus_path_loop] re-flag AS_FLAGS_SUS_PATH on path '/sdcard/Android/data/com.sahibinden', fi->inode.i_ino: '330944', fi->inode.i_state: 0x200000000
1791670155.397  root 21373 21373 I susfs   : [0][21373][susfs_run_sus_path_loop] re-flag AS_FLAGS_SUS_PATH on path '/sdcard/Android/data/com.tencent.mm', fi->inode.i_ino: '107442', fi->inode.i_state: 0x200000000
1791670155.397  root 21373 21373 I susfs   : [0][21373][susfs_run_sus_path_loop] re-flag AS_FLAGS_SUS_PATH on path '/sdcard/Android/data/com.kmplayer', fi->inode.i_ino: '273258', fi->inode.i_state: 0x200000000
1791670155.397  root 21373 21373 I susfs   : [0][21373][susfs_run_sus_path_loop] re-flag AS_FLAGS_SUS_PATH on path '/sdcard/Android/data/com.harmonicear', fi->inode.i_ino: '20929', fi->inode.i_state: 0x200000000
1791670155.397  root 21373 21373 I susfs   : [0][21373][susfs_run_sus_path_loop] re-flag AS_FLAGS_SUS_PATH on path '/sdcard/Android/data/com.google.android.videos', fi->inode.i_ino: '20896', fi->inode.i_state: 0x200000000
1791670155.397  root 21373 21373 I susfs   : [0][21373][susfs_run_sus_path_loop] re-flag AS_FLAGS_SUS_PATH on path '/sdcard/Android/data/com.android.chrome', fi->inode.i_ino: '20895', fi->inode.i_state: 0x200000000
1791670155.397  root 21373 21373 I susfs   : [0][21373][susfs_run_sus_path_loop] re-flag AS_FLAGS_SUS_PATH on path '/sdcard/Android/data/com.google.android.apps.maps', fi->inode.i_ino: '76286', fi->inode.i_state: 0x200000000
1791670155.397  root 21373 21373 I susfs   : [0][21373][susfs_run_sus_path_loop] re-flag AS_FLAGS_SUS_PATH on path '/sdcard/Android/data/com.dolap.android', fi->inode.i_ino: '20878', fi->inode.i_state: 0x200000000
1791670155.397  root 21373 21373 I susfs   : [0][21373][susfs_run_sus_path_loop] re-flag AS_FLAGS_SUS_PATH on path '/sdcard/Android/data/com.google.android.apps.docs', fi->inode.i_ino: '20880', fi->inode.i_state: 0x200000000
1791670155.397  root 21373 21373 I susfs   : [0][21373][susfs_run_sus_path_loop] re-flag AS_FLAGS_SUS_PATH on path '/sdcard/Android/data/com.reveny.devicecheck', fi->inode.i_ino: '11425', fi->inode.i_state: 0x200000000
1791670155.397  root 21373 21373 I susfs   : [0][21373][susfs_run_sus_path_loop] re-flag AS_FLAGS_SUS_PATH on path '/sdcard/Android/data/com.pozitron.hepsiburada', fi->inode.i_ino: '11612', fi->inode.i_state: 0x200000000
1791670155.397  root 21373 21373 I susfs   : [0][21373][susfs_run_sus_path_loop] re-flag AS_FLAGS_SUS_PATH on path '/sdcard/Android/data/com.eltavine.duckdetector', fi->inode.i_ino: '11436', fi->inode.i_state: 0x200000000
1791670155.397  root 21373 21373 I susfs   : [0][21373][susfs_run_sus_path_loop] re-flag AS_FLAGS_SUS_PATH on path '/sdcard/Android/data/com.belbim.istanbulkart', fi->inode.i_ino: '11468', fi->inode.i_state: 0x200000000
1791670155.398  root 21373 21373 I susfs   : [0][21373][susfs_run_sus_path_loop] re-flag AS_FLAGS_SUS_PATH on path '/sdcard/Android/data/com.gmail.heagoo.apkeditor.pro', fi->inode.i_ino: '20723', fi->inode.i_state: 0x200000000
1791670155.398  root 21373 21373 I susfs   : [0][21373][susfs_run_sus_path_loop] re-flag AS_FLAGS_SUS_PATH on path '/sdcard/Android/data/com.instagram.barcelona', fi->inode.i_ino: '48931', fi->inode.i_state: 0x200000000
1791670155.398  root 21373 21373 I susfs   : [0][21373][susfs_run_sus_path_loop] re-flag AS_FLAGS_SUS_PATH on path '/sdcard/Android/data/com.facebook.orca', fi->inode.i_ino: '49069', fi->inode.i_state: 0x200000000
1791670155.411 10416 16908 16908 I Zygote  : Process 16908 created for com.google.android.apps.adm
1791670155.398  root 21373 21373 I susfs   : [0][21373][susfs_run_sus_path_loop] re-flag AS_FLAGS_SUS_PATH on path '/sdcard/Android/data/com.gpiktv.app', fi->inode.i_ino: '49125', fi->inode.i_state: 0x200000000
1791670155.398  root 21373 21373 I susfs   : [0][21373][susfs_run_sus_path_loop] re-flag AS_FLAGS_SUS_PATH on path '/sdcard/Android/data/com.google.android.apps.docs.editors.docs', fi->inode.i_ino: '49123', fi->inode.i_state: 0x200000000
1791670155.398  root 21373 21373 I susfs   : [0][21373][susfs_run_sus_path_loop] re-flag AS_FLAGS_SUS_PATH on path '/sdcard/Android/data/com.valvesoftware.android.steam.community', fi->inode.i_ino: '49129', fi->inode.i_state: 0x200000000
1791670155.398  root 21373 21373 I susfs   : [0][21373][susfs_run_sus_path_loop] re-flag AS_FLAGS_SUS_PATH on path '/sdcard/Android/data/com.microsoft.xboxone.smartglass', fi->inode.i_ino: '44144', fi->inode.i_state: 0x200000000
1791670155.398  root 21373 21373 I susfs   : [0][21373][susfs_run_sus_path_loop] re-flag AS_FLAGS_SUS_PATH on path '/sdcard/Android/data/com.akylas.documentscanner', fi->inode.i_ino: '44300', fi->inode.i_state: 0x200000000
1791670155.398  root 21373 21373 I susfs   : [0][21373][susfs_run_sus_path_loop] re-flag AS_FLAGS_SUS_PATH on path '/sdcard/Android/data/com.nothing.icon.pro', fi->inode.i_ino: '38197', fi->inode.i_state: 0x200000000
1791670155.398  root 21373 21373 I susfs   : [0][21373][susfs_run_sus_path_loop] re-flag AS_FLAGS_SUS_PATH on path '/sdcard/Android/data/eu.darken.sdmse', fi->inode.i_ino: '38159', fi->inode.i_state: 0x200000000
1791670155.398  root 21373 21373 I susfs   : [0][21373][susfs_run_sus_path_loop] re-flag AS_FLAGS_SUS_PATH on path '/sdcard/Android/data/com.facebook.katana', fi->inode.i_ino: '46105', fi->inode.i_state: 0x200000000
1791670155.398  root 21373 21373 I susfs   : [0][21373][susfs_run_sus_path_loop] re-flag AS_FLAGS_SUS_PATH on path '/sdcard/Android/data/com.alensw.PicFolder', fi->inode.i_ino: '46100', fi->inode.i_state: 0x200000000
1791670155.398  root 21373 21373 I susfs   : [0][21373][susfs_run_sus_path_loop] re-flag AS_FLAGS_SUS_PATH on path '/sdcard/Android/data/com.google.android.apps.adm', fi->inode.i_ino: '46101', fi->inode.i_state: 0x200000000
1791670155.412 10551 16870 16870 D DesktopExperienceFlags: Toggle override initialized to: false
1791670155.413 10551 16870 16870 D CompatChangeReporter: Compat change id reported: 312399441; UID 10551; state: ENABLED
1791670155.413 10551 16870 16923 W CameraUnitLog: initLog, autoTestLogOn:false, isLogOn:false, isTrialVersion():false, isConfigForceOpen:false, isPanic:false, isMpVersion:false
1791670155.413 10551 16870 16923 W CameraUnit, CameraUnitImpl: checkAuthenticationPermission, api {versionName: 1.1.183, versionCode: 100004}; SdkConfig: {version name: 5.045.58, version code: 341000, type: release}
1791670155.414 10551 16870 16870 D OCAM_CameraInfoProvider: onCreate
1791670155.415 10416 16908 16908 I ndroid.apps.adm: Using generational CollectorTypeCMC GC.
1791670155.421 10551 16870 16870 D CardWidget.Utils: Utils sIsDebug sync ret: false
1791670155.421 10551 16870 16870 I Utils   : Utils sIsDebug sync ret: false
1791670155.422 10551 16870 16870 E CardWidget.Compatibility.AssistantScreenSelector: queryAssistantMetaData get ast metaData err! com.coloros.assistantscreen
1791670155.422 10551 16870 16870 E CardWidget.Compatibility.AssistantScreenSelector: getSmartEngineApkVersionCode getPackageInfo err! com.oplus.smartengine
1791670155.422 10551 16870 16870 D CardWidget.Compatibility.AssistantScreenSelector: get SmartEngine versionCode: 0
1791670155.426 10551 16870 16870 V OCAM_MyApplication: onCreate, E
1791670155.426 10551 16870 16870 V OCAM_OppoCamera_TRACE: traceBeginSection, msg: CameraStartupPerformance.onCameraApplicationCreated
1791670155.426 10551 16870 16870 D OCAM_MyApplication: monitorActivityLifeCycle E
1791670155.426 10551 16870 16870 D OCAM_MyApplication: monitorActivityLifeCycle X
1791670155.426 10416 16908 16908 D nativeloader: Load libframework-connectivity-tiramisu-jni.so using APEX ns com_android_tethering for caller /apex/com.android.tethering/javalib/framework-connectivity-t.jar: ok
1791670155.427 10551 16870 16870 I OCAM_CameraSingleton: single instance created, current obj: ng.i$a@d3a8291
1791670155.428 10551 16870 16870 V OCAM_LocationManager: registerLocationListener, listener: ng.a@2d7f5f6
1791670155.430 10551 16870 16941 I CameraUnit, CameraUnitImpl: setDeathRecipient
1791670155.430 10551 16870 16941 E OplusCameraManagerGlobal: setDeathRecipient
1791670155.430 10551 16870 16941 I OplusCameraManagerGlobal: Connecting to camera service
1791670155.430 10551 16870 16923 E CapabilityBase.a: Unable to fetch metadata from teh manifest com.oplus.ocs
1791670155.431 10551 16870 16870 I MMKV    : Disable checkProcessMode()
1791670155.431 10551 16870 16870 I MMKV    : <MMKV.cpp:198::initializeMMKV> root dir: /data/user/0/com.oplus.camera/files/mmkv
1791670155.433 10551 16870 16870 D OCAM_SPDataBuffer: SPDataBuffer: create SPDataBuffer at com.oplus.camera_preferences
1791670155.433 10551 16870 16942 D ApsAdapter, CameraPerformance: setUxThreadValue, pid is: 16870, tid is 16942 value is 136, keyThreadTag: ConfigInitThread
1791670155.433 10551 16870 16870 V OCAM_MyApplication: startTaskBus
1791670155.433 10551 16870 16870 V OCAM_OppoCamera_TRACE: traceBeginSection, msg: CameraStartupPerformance.startTaskBus
1791670155.433 10551 16870 16942 E ApsAdapter, OsenseResClientHelper: init, sbKeyThreadFeatureOpen: false
1791670155.434 10551 16870 16870 E OCAM_CameraThreadExector: thread name is null
1791670155.434 10551 16870 16944 D OCAM_ThreadManager: setUxThreadValue: pid is: 16870, tid is 16944 value is 130, keyThreadTag: TaskBusThread
1791670155.434 10551 16870 16945 D OCAM_ThreadManager: setUxThreadValue: pid is: 16870, tid is 16945 value is 130, keyThreadTag: TaskBusThread
1791670155.434 10551 16870 16945 I OCAM_TaskBusRunnable: TaskBusRunable.run setUx for 16945
1791670155.434 10551 16870 16870 V OCAM_OppoCamera_TRACE: traceEndSection, msg: CameraStartupPerformance.startTaskBus
1791670155.434 10551 16870 16945 V OCAM_OppoCamera_TRACE: traceBeginSection, msg: InitCameraConfigTask
1791670155.434 10551 16870 16947 D OCAM_ThreadManager: setUxThreadValue: pid is: 16870, tid is 16947 value is 130, keyThreadTag: TaskBusThread
1791670155.434 10551 16870 16947 I OCAM_TaskBusRunnable: TaskBusRunable.run setUx for 16947
1791670155.434 10551 16870 16947 V OCAM_OppoCamera_TRACE: traceBeginSection, msg: InitThreadMonitorTask
1791670155.434 10551 16870 16945 V OCAM_CameraConfig: initialize, sbInit: false
1791670155.434 10551 16870 16947 W OCAM_ThreadMonitor: prepare()
1791670155.435 10551 16870 16943 D ApsAdapter, CameraPerformance: setUxThreadValue, pid is: 16870, tid is 16943 value is 136, keyThreadTag: ConfigInitThread
1791670155.435 10551 16870 16870 I OCAM_CameraSingleton: single instance created, current obj: y6.e$b@53df285
1791670155.435 10551 16870 16870 D OCAM_OplusDeviceStateManager_OplusDeviceStateManager: init default
1791670155.435 10551 16870 16870 W OCAM_OplusDeviceStateManagerCompat: OplusDeviceStateManager init failed due to: can't find system class.
1791670155.438 10551 16870 16946 D OCAM_ThreadManager: setUxThreadValue: pid is: 16870, tid is 16946 value is 130, keyThreadTag: TaskBusThread
1791670155.438 10551 16870 16946 I OCAM_TaskBusRunnable: TaskBusRunable.run setUx for 16946
1791670155.438 10551 16870 16946 V OCAM_OppoCamera_TRACE: traceBeginSection, msg: initStoragePathTask
1791670155.439 10551 16870 16946 D OCAM_Storage: initializeStoragePath()
1791670155.440 10551 16870 16870 D OCAM_OplusDeviceStateManagerCompat: onDeviceStateChanged, getSoftwareFoldingMode: -1
1791670155.440 10551 16870 16946 D OCAM_SPDataBuffer: SPDataBuffer: create SPDataBuffer at com.oplus.camera_preferences_0
1791670155.440 10551 16870 16946 E OCAM_Storage: initializeCachedDeletedMediaIds, sCachedMediaIds: []
1791670155.440 10551 16870 16870 D OCAM_OplusDeviceStateManagerCompat: onDeviceStateChanged, getFolderAngle: -1
1791670155.441 10551 16870 16870 D OCAM_OplusDeviceStateManagerCompat: onDeviceStateChanged, sFoldAngle: -1
1791670155.441 10551 16870 16870 D OCAM_OplusDeviceStateManagerCompat: onDeviceStateChanged, getFoldStateBySystem: -1
1791670155.442 10551 16870 16870 D OCAM_OplusDeviceStateManagerCompat: onDeviceStateChanged, mLastCachedDeviceState: -1, state: 0
1791670155.442 10551 16870 16945 D nativeloader: Load /system_ext/lib64/libOplusStringJNI.so using ns default for caller /system_ext/framework/com.oplus.camera.unit.sdk.jar in same partition (is_bridged=0): ok
1791670155.442 10551 16870 16946 V OCAM_OppoCamera_TRACE: traceEndSection, msg: initStoragePathTask
1791670155.442 10551 16870 16870 V OCAM_OppoCamera_TRACE: traceEndSection, msg: CameraStartupPerformance.onCameraApplicationCreated
1791670155.442 10551 16870 16946 D OCAM_TaskBusRunnable: TaskBusRunable.run executeTask: initStoragePathTask, cost time: 4ms.
1791670155.442 10551 16870 16946 D OCAM_TaskBus: needDisableUx: false corePoolSize: 4 mDoneTasks: 1 mAllTasksCls: 12 this:yh.c@802039
1791670155.442 10551 16870 16946 V OCAM_OppoCamera_TRACE: traceEndSection, msg: initStoragePathTask
1791670155.442 10551 16870 16870 D OCAM_LottieUtil: hookThreadPool success
1791670155.442 10551 16870 16946 V OCAM_OppoCamera_TRACE: traceBeginSection, msg: InitAlgoListModelTask
1791670155.441 10551 16870 16944 I OCAM_TaskBusRunnable: TaskBusRunable.run setUx for 16944
1791670155.442 10551 16870 16870 V OCAM_MyApplication: onCreate, X
1791670155.442 10551 16870 16944 V OCAM_OppoCamera_TRACE: traceBeginSection, msg: InitDcsTask
1791670155.442 10551 16870 16946 V OCAM_OppoCamera_TRACE: traceEndSection, msg: InitAlgoListModelTask
1791670155.442 10551 16870 16946 D OCAM_TaskBusRunnable: TaskBusRunable.run executeTask: InitAlgoListModelTask, cost time: 0ms.
1791670155.442 10551 16870 16946 D OCAM_TaskBus: needDisableUx: false corePoolSize: 4 mDoneTasks: 2 mAllTasksCls: 12 this:yh.c@802039
1791670155.442 10551 16870 16946 V OCAM_OppoCamera_TRACE: traceEndSection, msg: InitAlgoListModelTask
1791670155.442 10551 16870 16946 V OCAM_OppoCamera_TRACE: traceBeginSection, msg: InitActivityContextUtil
1791670155.442 10551 16870 16944 D OCAM_DcsReporter: init app context
1791670155.443 10551 16870 16946 V OCAM_OppoCamera_TRACE: traceEndSection, msg: InitActivityContextUtil
1791670155.443 10551 16870 16946 D OCAM_TaskBusRunnable: TaskBusRunable.run executeTask: InitActivityContextUtil, cost time: 1ms.
1791670155.443 10551 16870 16946 D OCAM_TaskBus: needDisableUx: false corePoolSize: 4 mDoneTasks: 3 mAllTasksCls: 12 this:yh.c@802039
1791670155.443 10551 16870 16946 V OCAM_OppoCamera_TRACE: traceEndSection, msg: InitActivityContextUtil
1791670155.443 10551 16870 16946 V OCAM_OppoCamera_TRACE: traceBeginSection, msg: InitCameraConfigHeavyTask
1791670155.444 10551 16870 16944 D OplusTrack-OplusTrack: packageName:com.oplus.camera,isDebug:true
1791670155.445 10551 16870 16944 D OplusTrack-OplusTrack: setSession timeout is 10
1791670155.445 10551 16870 16944 V OCAM_OppoCamera_TRACE: traceEndSection, msg: InitDcsTask
1791670155.445 10551 16870 16944 D OCAM_TaskBusRunnable: TaskBusRunable.run executeTask: InitDcsTask, cost time: 3ms.
1791670155.445 10551 16870 16944 D OCAM_TaskBus: needDisableUx: false corePoolSize: 4 mDoneTasks: 4 mAllTasksCls: 12 this:yh.c@802039
1791670155.445 10551 16870 16944 V OCAM_OppoCamera_TRACE: traceEndSection, msg: InitDcsTask
1791670155.445 10551 16870 16944 V OCAM_OppoCamera_TRACE: traceBeginSection, msg: InitCameraConfigAsyncTask
1791670155.445  1000  4337  6103 D CorePackageUpdate: Couldn't find a persistent state for task= 932
1791670155.445 10551 16870 16944 I OCAM_Task: initCameraConfig
1791670155.445 10551 16870 16944 V OCAM_CameraThreadExector: thread name: feature_init
1791670155.445 10551 16870 16944 V OCAM_CameraThreadExector: thread name: Camera Initialize
1791670155.445 10551 16870 16944 V OCAM_CameraThreadExector: thread name: init MyRegionAdapter
1791670155.445 10551 16870 16944 V OCAM_OppoCamera_TRACE: traceEndSection, msg: InitCameraConfigAsyncTask
1791670155.445 10551 16870 16944 D OCAM_TaskBusRunnable: TaskBusRunable.run executeTask: InitCameraConfigAsyncTask, cost time: 0ms.
1791670155.445 10551 16870 16944 D OCAM_TaskBus: needDisableUx: false corePoolSize: 4 mDoneTasks: 5 mAllTasksCls: 12 this:yh.c@802039
1791670155.445 10551 16870 16944 V OCAM_OppoCamera_TRACE: traceEndSection, msg: InitCameraConfigAsyncTask
1791670155.445 10551 16870 16944 V OCAM_OppoCamera_TRACE: traceBeginSection, msg: InitActivityUtilTask
1791670155.445 10551 16870 16944 V OCAM_OppoCamera_TRACE: traceEndSection, msg: InitActivityUtilTask
1791670155.445 10551 16870 16944 D OCAM_TaskBusRunnable: TaskBusRunable.run executeTask: InitActivityUtilTask, cost time: 0ms.
1791670155.445 10551 16870 16944 D OCAM_TaskBus: needDisableUx: false corePoolSize: 4 mDoneTasks: 6 mAllTasksCls: 12 this:yh.c@802039
1791670155.445 10551 16870 16944 V OCAM_OppoCamera_TRACE: traceEndSection, msg: InitActivityUtilTask
1791670155.445 10551 16870 16944 V OCAM_OppoCamera_TRACE: traceBeginSection, msg: InitVibrateManagerTask
1791670155.445  1000  4337  6103 D CompatChangeReporter: Compat change id reported: 324203798; UID 10551; state: ENABLED
1791670155.445 10551 16870 16944 V OCAM_OppoCamera_TRACE: traceEndSection, msg: InitVibrateManagerTask
1791670155.445 10551 16870 16944 D OCAM_TaskBusRunnable: TaskBusRunable.run executeTask: InitVibrateManagerTask, cost time: 0ms.
1791670155.445 10551 16870 16944 D OCAM_TaskBus: needDisableUx: false corePoolSize: 4 mDoneTasks: 7 mAllTasksCls: 12 this:yh.c@802039
1791670155.445 10551 16870 16944 V OCAM_OppoCamera_TRACE: traceEndSection, msg: InitVibrateManagerTask
1791670155.446 10551 16870 16945 W OplusString: [WARNING] string_util.cpp: 324  OplusStringJNI_needGetString() length: 29041, flag: 91, 10, 10
1791670155.446 10551 16870 16945 D ApsAdapter, UpdateHelper: getValidConfigData, no rus, use ota, path: /odm/etc/camera/config/oplus_camera_config
1791670155.446 10551 16870 16947 V OCAM_OppoCamera_TRACE: traceEndSection, msg: InitThreadMonitorTask
1791670155.446 10551 16870 16947 D OCAM_TaskBusRunnable: TaskBusRunable.run executeTask: InitThreadMonitorTask, cost time: 12ms.
1791670155.447 10551 16870 16947 D OCAM_TaskBus: needDisableUx: false corePoolSize: 4 mDoneTasks: 8 mAllTasksCls: 12 this:yh.c@802039
1791670155.447 10551 16870 16947 V OCAM_OppoCamera_TRACE: traceEndSection, msg: InitThreadMonitorTask
1791670155.447 10551 16870 16947 V OCAM_OppoCamera_TRACE: traceBeginSection, msg: InitCaptureDeferTask
1791670155.447 10551 16870 16947 V OCAM_CameraThreadExector: thread name: Capture Defer Init
1791670155.447 10551 16870 16947 V OCAM_OppoCamera_TRACE: traceEndSection, msg: InitCaptureDeferTask
1791670155.447 10551 16870 16947 D OCAM_TaskBusRunnable: TaskBusRunable.run executeTask: InitCaptureDeferTask, cost time: 0ms.
1791670155.447 10551 16870 16947 D OCAM_TaskBus: needDisableUx: true corePoolSize: 4 mDoneTasks: 9 mAllTasksCls: 12 this:yh.c@802039
1791670155.447 10551 16870 16947 V OCAM_OppoCamera_TRACE: traceBeginSection, msg: disableKeyThreadValue_16947
1791670155.447 10551 16870 16947 V OCAM_OppoCamera_TRACE: traceEndSection, msg: disableKeyThreadValue_16947
1791670155.447 10551 16870 16947 V OCAM_OppoCamera_TRACE: traceEndSection, msg: InitCaptureDeferTask
1791670155.447 10551 16870 16947 D OCAM_ThreadManager: setUxThreadValue: pid is: 16870, tid is 16947 value is 130, keyThreadTag: TemporaryThread
1791670155.448 10551 16870 16947 E CameraUnit_TRACE: traceBeginSection, msg: parseFromProtobuf
1791670155.448 10551 16870 16947 D CameraUnit, CameraConfigure: decodeConfigFileVersion1, rusVersionNum: 1, odmVersionNum: 1
1791670155.448 10551 16870 16947 E CameraUnit_TRACE: traceBeginSection, msg: FeatureApi.parse
1791670155.448 10551 16870 16955 D ApsAdapter, CameraPerformance: setUxThreadValue, pid is: 16870, tid is 16955 value is 129, keyThreadTag: UnitHandlerThread
1791670155.449 10551 16870 16945 D ApsAdapter, ApsUtils: initConfigData, old format without version
1791670155.449 10551 16870 16946 I OCAM_CameraConfig: confirmInitCompleted cost: 6052us.
1791670155.449 10551 16870 16945 V OCAM_CameraConfig: isLightVersion: false
1791670155.449 10551 16870 16945 V OCAM_CameraConfig: initialize X
1791670155.449 10551 16870 16946 V OCAM_CamCmdUtil: initialize, sSupportCamCmdValue: 0
1791670155.450 10551 16870 16945 V OCAM_QuickWhitelist: getRusUpdatePath, updatePath: /data/user/0/com.oplus.camera/files/odm/etc/camera/config/quick_visibility_white_list, fileExists: false
1791670155.450 10551 16870 16945 D OCAM_QuickWhitelist: init, quickVisibilityWhitelist: []
1791670155.450 10551 16870 16945 V OCAM_QuickWhitelist: notifyQuickWhitelistUpdate
1791670155.451 10551 16870 16945 V OCAM_QuickWhitelist: ++notifyQuickWhitelistUpdate
1791670155.451 10551 16870 16945 V OCAM_OppoCamera_TRACE: traceEndSection, msg: InitCameraConfigTask
1791670155.451 10551 16870 16945 D OCAM_TaskBusRunnable: TaskBusRunable.run executeTask: InitCameraConfigTask, cost time: 17ms.
1791670155.451 10551 16870 16945 D OCAM_TaskBus: needDisableUx: true corePoolSize: 4 mDoneTasks: 10 mAllTasksCls: 12 this:yh.c@802039
1791670155.451 10551 16870 16945 V OCAM_OppoCamera_TRACE: traceBeginSection, msg: disableKeyThreadValue_16945
1791670155.451 10551 16870 16945 V OCAM_OppoCamera_TRACE: traceEndSection, msg: disableKeyThreadValue_16945
1791670155.451 10551 16870 16945 V OCAM_OppoCamera_TRACE: traceEndSection, msg: InitCameraConfigTask
1791670155.451 10551 16870 16944 V OCAM_OppoCamera_TRACE: traceBeginSection, msg: InitPerformanceTask
1791670155.452 10551 16870 16942 I ApsAdapter, Util: getThreadId, getTid err
1791670155.452 10551 16870 16942 I ApsAdapter, Util: getThreadId, getTid err
1791670155.452 10551 16870 16957 D ApsAdapter, CameraPerformance: setUxThreadValue, pid is: 16870, tid is 16957 value is 129, keyThreadTag: PreviewImageThread
1791670155.452 10551 16870 16942 I ApsAdapter, Util: getThreadId, getTid err
1791670155.452 10551 16870 16942 I ApsAdapter, Util: getThreadId, getTid err
1791670155.452 10551 16870 16942 D CameraUnit, Util: checkCameraPermission, permissionGranted: true
1791670155.452 10551 16870 16942 E CameraUnitLog: setIsVendorTagConfigInitialize : false > false
1791670155.453 10551 16870 16959 D ApsAdapter, CameraPerformance: setUxThreadValue, pid is: 16870, tid is 16959 value is 132, keyThreadTag: CaptureImageThread
1791670155.453 10551 16870 16954 I DisplayManager: Choreographer implicitly registered for the refresh rate.
1791670155.453 10551 16870 16958 D ApsAdapter, CameraPerformance: setUxThreadValue, pid is: 16870, tid is 16958 value is 136, keyThreadTag: PreviewFrameThread
1791670155.454 10551 16870 16946 V CameraUnit, PowerDebugUtil: updatePWDebugSysPropVal, PW_DEBUG pwVal: 0, captureVal: 0
1791670155.454 10551 16870 16946 E PowerDebugUtil: updatePWDebugVal, PW_DEBUG sPWVal: 0, sCaptureFlow: 0
1791670155.454 10551 16870 16950 E ActivityThread: Failed to find provider info for com.oplus.statistics.provider
1791670155.454 10551 16870 16946 V OCAM_CameraSettingsConfig: initialize, sbInit: false
1791670155.454 10551 16870 16951 W OCAM_ThreadMonitor: ***** Monitor thread start *****
1791670155.454 10551 16870 16950 D OplusTrack-ContentProviderRecorder: get provider client failed.
1791670155.454 10551 16870 16950 W OplusTrack-ContentProviderRecorder: not support content provider
1791670155.455 10551 16870 16943 I ApsAdapter, Util: getThreadId, getTid err
1791670155.455 10551 16870 16960 D ApsAdapter, CameraPerformance: setUxThreadValue, pid is: 16870, tid is 16960 value is 136, keyThreadTag: PreviewReceivedWorkThread
1791670155.456 10551 16870 16943 I ApsAdapter, Util: getThreadId, getTid err
1791670155.456  1000  4337  6576 W ActivityManager: Unable to start service Intent { xflg=0x4 cmp=com.nearme.statistics.rom/.service.ReceiverService (has extras) } U=0: not found
1791670155.459 10551 16870 16961 D ApsAdapter, CameraPerformance: setUxThreadValue, pid is: 16870, tid is 16961 value is 136, keyThreadTag: ConfigInitThread
1791670155.459 10312  5415  5432 W System  : A resource failed to call release.
1791670155.459 10312  5415  5432 W System  : A resource failed to call release.
1791670155.459 10312  5415  5432 W System  : A resource failed to call release.
1791670155.459 10312  5415  5432 W System  : A resource failed to call release.
1791670155.459 10551 16870 16961 I CameraUnit, CameraConfigHelper: initialize config, justParseVendorTag: false
1791670155.459 10551 16870 16961 E OplusCameraManagerGlobal: setCallInfo
1791670155.460  1000  4337  6601 W ActivityManager: pid 16870 com.oplus.camera sent binder code 10006 with flags 2 and got error -74
1791670155.460 10551 16870 16961 W OplusString: [WARNING] string_util.cpp: 324  OplusStringJNI_needGetString() length: 18590, flag: 123, 13, 10
1791670155.460 10551 16870 16946 D OCAM_CameraVendorTagConfig: isCaptureDeferSupported, sCaptureDeferSupported: null
1791670155.460 10551 16870 16945 E OCAM_CameraVendorTagConfig: isScreenFoldInwardLeftAndRight, sDeviceScreenForm: normal
1791670155.460 10551 16870 16946 D OCAM_SpruceUtil: sIsSupportSpruceNode: false
1791670155.461 10551 16870 16945 I OCAM_CameraSingleton: single instance created, current obj: com.oplus.camera.upgrade.aps.i$a@78236cf
1791670155.461 10551 16870 16945 D OCAM_TuningParameterUpgradeUtil: checkTuningUpgrade
1791670155.461 10551 16870 16946 V OCAM_CameraSettingsConfig: initialize X
1791670155.462 10551 16870 16945 V OCAM_MyApplication: checkDataManagerStatus X
1791670155.463  root  6836  7966 V BinderSender: Uid 10416 starts
1791670155.463  1000  1617  1785 E minksocket: MinkIPC_QRTR_Service: client with node 1 port 58c2 went down
1791670155.464 10551 16870 16964 D ApsAdapter, CameraPerformance: setUxThreadValue, pid is: 16870, tid is 16964 value is 129, keyThreadTag: UnitHandlerThread
1791670155.464 10551 16870 16923 I CameraUnitClient: handleAuthenticate, isAuthed: true, supportAsyncAuth: false
1791670155.465 10551 16870 16954 I AdrenoGLES-0: QUALCOMM build                   : a1cf8ab5e3, I428bf45773
1791670155.465 10551 16870 16954 I AdrenoGLES-0: Build Date                       : 11/09/23
1791670155.465 10551 16870 16954 I AdrenoGLES-0: OpenGL ES Shader Compiler Version: EV031.35.01.12
1791670155.465 10551 16870 16954 I AdrenoGLES-0: Local Branch                     :
1791670155.465 10551 16870 16954 I AdrenoGLES-0: Remote Branch                    : refs/tags/AU_LINUX_ANDROID_LA.UM.9.14.11.00.00.571.148
1791670155.465 10551 16870 16954 I AdrenoGLES-0: Remote Branch                    : NONE
1791670155.465 10551 16870 16954 I AdrenoGLES-0: Reconstruct Branch               : NOTHING
1791670155.465 10551 16870 16954 I AdrenoGLES-0: Build Config                     : S P 10.0.7 AArch64
1791670155.465 10551 16870 16954 I AdrenoGLES-0: Driver Path                      : /vendor/lib64/egl/libGLESv2_adreno.so
1791670155.465  1000  1617  1785 E minksocket: MinkIPC_QRTR_Service: client with node 1 port 58c6 went down
1791670155.465 10551 16870 16923 V OCAM_CameraCharacteristicsUtil: initialize
1791670155.466 10551 16870 16923 V OCAM_CameraThreadExector: thread name: initCameraInfo
1791670155.466 10551 16870 16923 V OCAM_CameraCharacteristicsUtil: initialize, X
1791670155.466 10551 16870 16923 V OCAM_OppoCamera_TRACE: traceEndSection, msg: InitCameraUnitTask
1791670155.466 10551 16870 16945 E ActivityThread: Failed to find provider info for com.oplus.customize.coreapp.configmanager.configprovider.AppFeatureProvider
1791670155.466 10551 16870 16946 V OCAM_SizeUtils: initialize, sbInit: false
1791670155.467 10551 16870 16944 V OCAM_Performance: init
1791670155.467 10551 16870 16946 V OCAM_SizeUtils: displaycontent, getDefaultDisplay().getHeight(): 3216 wm.getDefaultDisplay().getWidth(): 1440 metrics.density: 2.8 metrics.densityDpi: 448
1791670155.467 10551 16870 16946 V OCAM_MyApplication: startDaemonService, stopService and startForegroundService
1791670155.467 10551 16870 16946 V OCAM_OppoCamera_TRACE: traceBeginSection, msg: CameraStartupPerformance.startDaemonService
1791670155.467 10312  5415  5432 W System  : A resource failed to call release.
1791670155.467 10312  5415  5432 W System  : A resource failed to call release.
1791670155.467 10312  5415  5432 W System  : A resource failed to call release.
1791670155.467 10551 16870 16961 I CameraUnit, JsonParser: loadConfigFile, path: /odm/etc/camera/config/camera_unit_config
1791670155.468 10551 16870 16961 I CameraUnit, JsonParser: parserDefaultSupportPreviewSizes, values: ["1920X1080","1280X720"]
1791670155.468 10551 16870 16961 I CameraUnit, JsonParser: parserDefaultSupportVideoSizes, values: ["4000X3000","3840X2160","2752X2064","1920X1080","1280X720"]
1791670155.468 10551 16870 16961 E CameraUnit, JsonParser: parserCaptureStreamNumberConfig, don't have config in the camera_unit_config file, parseKey: capture_stream_number
1791670155.468 10551 16870 16961 I CameraUnit, JsonParser: parserDngDescription, camera: rear_main, desc: OP Pro HB Color Profile 0
1791670155.468 10551 16870 16961 I CameraUnit, JsonParser: parserDngDescription, camera: rear_wide, desc: OP Pro HB Color Profile 3
1791670155.468 10551 16870 16961 I CameraUnit, JsonParser: parserDngDescription, camera: rear_tele, desc: OP Pro HB Color Profile 2
1791670155.468 10551 16870 16961 I CameraUnit, JsonParser: initAllModeFeatures
1791670155.468 10551 16870 16944 W OCAM_QualityReport: No permission to reach tracing node.
1791670155.468  1000  4337  6601 W ActivityManager: Skipping manifest association check for null package. SourceUid: 10551, SourcePkg: null, TargetUid: 10551, TargetPkg: com.oplus.camera
1791670155.469 10551 16870 16944 I OCAM_QualityReport: isTraceSupported, isPreVersion: false, accessPermission: false
1791670155.469 10551 16870 16944 D OCAM_QualityReport: init, mbIsTraceSupported: false
1791670155.469 10551 16870 16944 V OCAM_OppoCamera_TRACE: traceEndSection, msg: InitPerformanceTask
1791670155.469 10551 16870 16944 D OCAM_TaskBusRunnable: TaskBusRunable.run executeTask: InitPerformanceTask, cost time: 18ms.
1791670155.469 10551 16870 16944 D OCAM_TaskBus: needDisableUx: true corePoolSize: 4 mDoneTasks: 11 mAllTasksCls: 12 this:yh.c@802039
1791670155.469 10551 16870 16944 V OCAM_OppoCamera_TRACE: traceBeginSection, msg: disableKeyThreadValue_16944
1791670155.469 10551 16870 16944 V OCAM_OppoCamera_TRACE: traceEndSection, msg: disableKeyThreadValue_16944
1791670155.469 10551 16870 16944 V OCAM_OppoCamera_TRACE: traceEndSection, msg: InitPerformanceTask
1791670155.469 10551 16870 16944 V OCAM_OppoCamera_TRACE: traceBeginSection, msg: initCameraInfo
1791670155.469 10551 16870 16944 D OCAM_ThreadManager: setUxThreadValue: pid is: 16870, tid is 16944 value is 130, keyThreadTag: TemporaryThread
1791670155.467 10312  5415  5432 W System  : A resource failed to call release.
1791670155.470 10312  5415  5432 W System  : A resource failed to call HardwareBuffer.close.
1791670155.470 10551 16870 16944 E CameraUnit_TRACE: traceBeginSection, msg: getAllSupportCameraType
1791670155.472 10551 16870 16946 V OCAM_OppoCamera_TRACE: traceEndSection, msg: CameraStartupPerformance.startDaemonService
1791670155.472 10551 16870 16946 V OCAM_Util: initialize, sbInit: false
1791670155.478 10551 16870 16870 V OCAM_OplusCamera: attachBaseContext
1791670155.478 10551 16870 16870 W OCAM_OplusCamera: attachBaseContext, dpi not same, so change it
1791670155.479 10551 16870 16961 I CameraUnit, FeatureImpl: initCategoryAndValueType, do not have matching category featureName: beauty
1791670155.480 10551 16870 16946 D nativeloader: Load /data/app/~~pwrM1FFZPcTDtyIFM23IXQ==/com.oplus.camera-6To1ae9Bp6KmV_a4LzhBKw==/lib/arm64/libFormatConverter.so using class loader ns clns-11 (caller=/data/app/~~pwrM1FFZPcTDtyIFM23IXQ==/com.oplus.camera-6To1ae9Bp6KmV_a4LzhBKw==/base.apk!classes12.dex): ok
1791670155.481 10551 16870 16954 I AdrenoGLES-0: PFP: 0x016dc094, ME: 0x00000000
1791670155.481 10551 16870 16870 D AppCompatDelegate: Checking for metadata for AppLocalesMetadataHolderService : Service not found
1791670155.482 10416 16908 16908 D ApplicationLoaders: Returning zygote-cached class loader: /system/framework/org.apache.http.legacy.jar
1791670155.482 10416 16908 16908 D ApplicationLoaders: Returning zygote-cached class loader: /system_ext/framework/androidx.window.extensions.jar
1791670155.482 10416 16908 16908 D ApplicationLoaders: Returning zygote-cached class loader: /system_ext/framework/androidx.window.sidecar.jar
1791670155.484 10551 16870 16946 D OCAM_CameraCharacteristicsUtil: waitForInitialization() - start
1791670155.484 10551 16870 16870 V OCAM_OplusCamera: getResources, now densityDpi is: 448, so reset densityDpi to DefaultDensity
1791670155.486 10551 16870 16961 I CameraUnit, JsonParser: initAllModeFeatures X, spend time: 18
1791670155.486 10551 16870 16961 E CameraUnit_TRACE: traceBeginSection, msg: CameraCharacteristicsHelper.initialize
1791670155.488 10551 16870 16870 V OCAM_QuickActivity: START onCreate: Activity = com.oplus.camera.Camera@eb3d7ea
1791670155.488 10551 16870 16870 I OCAM_OpenGLUtils: setColorMode, colorMode: 0
1791670155.489 10551 16870 16870 E OCAM_OplusCamera: onSuperPreCreate, E this: com.oplus.camera.Camera@eb3d7ea
1791670155.489 10551 16870 16870 V OCAM_OppoCamera_TRACE: traceBeginSection, msg: CameraStartupPerformance.onCameraActivityCreate
1791670155.489 10551 16870 16870 V OCAM_OppoCamera_TRACE: traceBeginSection, msg: CameraManager.initialization
1791670155.490 10551 16870 16870 I OCAM_CameraCore: CameraManager
1791670155.490 10551 16870 16870 W OCAM_CameraCore: Create OneCamera
1791670155.490 10551 16870 16870 V OCAM_OppoCamera_TRACE: traceBeginSection, msg: CameraManager.initOneCamera
1791670155.491 10551 16870 16961 D ApsAdapter, CameraPerformance: setUxThreadValue, pid is: 16870, tid is 16967 value is 129, keyThreadTag: UnitHandlerThread
1791670155.491 10551 16870 16961 D CameraUnit, RomVersion: initRomVersion, final ROM version: OnePlus/lemonadep/lemonadep:17/CP2A.260605.016/5:userdebug/release-keys
1791670155.491 10551 16870 16961 D CameraUnit, CameraCharacteristicsWrapper_0: Get cached value from value of shared preferences, camera: 0
1791670155.492 10551 16870 16967 D CameraUnit, CameraCharacteristicsWrapper_0: start get camera characteristics, camera: 0
1791670155.492 10551 16870 16967 I CameraManagerGlobal: Connecting to camera service
1791670155.492 10551 16870 16870 I OCAM_OneCameraImpl: OneCameraImpl
1791670155.493 10551 16870 16870 I OCAM_OneCameraImpl: OneCameraStateMachine, spend time: 1
1791670155.493 10551 16870 16870 V OCAM_OppoCamera_TRACE: traceEndSection, msg: CameraManager.initOneCamera
1791670155.493 10551 16870 16961 D CameraUnit, CameraCharacteristicsWrapper_0: 26 cached value(s) built, camera: 0
1791670155.493 10551 16870 16961 V CameraUnit, CameraCharacteristicsHelper: initialize, cameraId: 0, cameraIdType: 0, cameraType: rear_main, availableStreamFpsRanges: null
1791670155.493 10551 16870 16961 D CameraUnit, CameraCharacteristicsWrapper_1: Get cached value from value of shared preferences, camera: 1
1791670155.493 10551 16870 16870 V OCAM_OppoCamera_TRACE: traceBeginSection, msg: ModeManager.ctr
1791670155.496 10551 16870 16969 D OCAM_ThreadManager: setUxThreadValue: pid is: 16870, tid is 16969 value is 129, keyThreadTag: CameraHandlerThread
1791670155.496 10551 16870 16970 D OCAM_ThreadManager: setUxThreadValue: pid is: 16870, tid is 16970 value is 129, keyThreadTag: CameraHandlerThread
1791670155.497 10551 16870 16969 W OCAM_ThreadMonitor: Start monitor 'CameraUnitControl' (16969)
1791670155.498 10551 16870 16961 D CameraUnit, CameraCharacteristicsWrapper_1: 15 cached value(s) built, camera: 1
1791670155.498 10551 16870 16961 V CameraUnit, CameraCharacteristicsHelper: initialize, cameraId: 1, cameraIdType: 1, cameraType: front_main, availableStreamFpsRanges: null
1791670155.498 10551 16870 16961 D CameraUnit, CameraCharacteristicsWrapper_2: Get cached value from value of shared preferences, camera: 2
1791670155.498 10551 16870 16961 D CameraUnit, CameraCharacteristicsWrapper_2: 6 cached value(s) built, camera: 2
1791670155.500 10551 16870 16870 I OCAM_CameraSingleton: single instance created, current obj: ja.y0$a@bfda851
1791670155.500 10551 16870 16870 V OCAM_OppoCamera_TRACE: traceEndSection, msg: ModeManager.ctr
1791670155.500 10551 16870 16961 V CameraUnit, CameraCharacteristicsHelper: initialize, cameraId: 2, cameraIdType: 2, cameraType: rear_wide, availableStreamFpsRanges: null
1791670155.500 10551 16870 16870 V OCAM_OppoCamera_TRACE: traceEndSection, msg: CameraManager.initialization
1791670155.500 10551 16870 16870 E OCAM_CameraVendorTagConfig: isHasselbladStyle, sHasselbladStyle: 1
1791670155.500 10551 16870 16961 D CameraUnit, CameraCharacteristicsWrapper_3: Get cached value from value of shared preferences, camera: 3
1791670155.500 10551 16870 16961 D CameraUnit, CameraCharacteristicsWrapper_3: 5 cached value(s) built, camera: 3
1791670155.500 10551 16870 16961 V CameraUnit, CameraCharacteristicsHelper: initialize, cameraId: 3, cameraIdType: 6, cameraType: rear_tele, availableStreamFpsRanges: null
1791670155.500 10551 16870 16961 D CameraUnit, CameraCharacteristicsWrapper_4: Get cached value from value of shared preferences, camera: 4
1791670155.500 10551 16870 16961 D CameraUnit, CameraCharacteristicsWrapper_4: 5 cached value(s) built, camera: 4
1791670155.500 10551 16870 16961 V CameraUnit, CameraCharacteristicsHelper: initialize, cameraId: 4, cameraIdType: 13, cameraType: rear_mono_1, availableStreamFpsRanges: null
1791670155.500 10551 16870 16961 D CameraUnit, CameraCharacteristicsWrapper_5: Get cached value from value of shared preferences, camera: 5
1791670155.502 10551 16870 16870 V OCAM_OppoCamera_TRACE: traceBeginSection, msg: FilterHelper.init
1791670155.502 10551 16870 16921 V OCAM_OppoCamera_TRACE: traceBeginSection, msg: initFilter
1791670155.502 10551 16870 16975 D OCAM_ThreadManager: setUxThreadValue: pid is: 16870, tid is 16975 value is 130, keyThreadTag: CameraHandlerThread
1791670155.502 10551 16870 16921 V OCAM_OppoCamera_TRACE: traceBeginSection, msg: initFilterHelper
1791670155.503 10551 16870 16870 D OCAM_Performance: registerOsenseEventCallback
1791670155.504 10551 16870 16870 E OCAM_Performance: registerOsenseEventCallback, unable to register, result: -1
1791670155.504 10551 16870 16926 D OCAM_ThreadManager: setUxThreadValue: pid is: 16870, tid is 16926 value is 130, keyThreadTag: TemporaryThread
1791670155.504 10551 16870 16926 V OCAM_OppoCamera_TRACE: traceBeginSection, msg: setDataReadHalMemory
1791670155.504 10551 16870 16870 V OCAM_OplusCamera: updateAppVersionInfo
1791670155.504 10551 16870 16921 I IPU_FilterProcessUnit: FilterProcessUnit
1791670155.504 10551 16870 16870 V OCAM_OplusCamera: updateAppVersionInfo, Camera versionInfo: 5.045.451__25-07-21 18:15
1791670155.504 10551 16870 16926 I OplusCameraManagerGlobal: readMemoryInfo, cmd: CMD_READ_MEM
1791670155.504 10551 16870 16926 D ActivityThread: Too many transaction errors, throttling transaction error callback.
1791670155.504 10551 16870 16926 E OCAM_Performance: readMemoryInfo, unsupported OS version
1791670155.504 10551 16870 16926 V OCAM_Performance: getMemValue memValue:
1791670155.504 10551 16870 16926 E OCAM_Performance: getMemValue, e: org.json.JSONException: End of input at character 0 of
1791670155.504 10551 16870 16926 V OCAM_OppoCamera_TRACE: traceEndSection, msg: setDataReadHalMemory
1791670155.504 10551 16870 16926 V OCAM_OppoCamera_TRACE: traceBeginSection, msg: setDataReadCameraServerMemory
1791670155.504 10551 16870 16926 I OplusCameraManagerGlobal: readMemoryInfo, cmd: CMD_READ_MEM
1791670155.504 10551 16870 16926 D ActivityThread: Too many transaction errors, throttling transaction error callback.
1791670155.505 10551 16870 16926 E OCAM_Performance: readMemoryInfo, unsupported OS version
1791670155.505 10551 16870 16926 V OCAM_Performance: getMemValue memValue:
1791670155.505 10551 16870 16926 E OCAM_Performance: getMemValue, e: org.json.JSONException: End of input at character 0 of
1791670155.505 10551 16870 16926 V OCAM_OppoCamera_TRACE: traceEndSection, msg: setDataReadCameraServerMemory
1791670155.505 10551 16870 16926 V OCAM_OppoCamera_TRACE: traceBeginSection, msg: setDataReadAppMemory
1791670155.505 10551 16870 16921 I IPU_FilterProcessUnit: FilterProcessUnit X, spend time: 1
1791670155.505 10551 16870 16870 V OCAM_DensityUtil: supportResolutionSwitch, getPhysicalWidth: 1080
1791670155.505 10551 16870 16870 V OCAM_DensityUtil: supportResolutionSwitch, getPhysicalWidth: 1440
1791670155.505 10551 16870 16921 D IPU_BaseProcessUnitSDK: setInitParameter, key:mKeyName: origin_bitmap, mType: class android.graphics.Bitmap, value: null
1791670155.505 10551 16870 16921 D IPU_BaseProcessUnitSDK: setInitParameter, key:mKeyName: origin_image_format, mType: class java.lang.Integer, value: 0
1791670155.505 10551 16870 16921 D IPU_BaseProcessUnitSDK: setInitParameter, key:mKeyName: origin_image_width, mType: class java.lang.Integer, value: 0
1791670155.505 10551 16870 16921 D IPU_BaseProcessUnitSDK: setInitParameter, key:mKeyName: origin_image_height, mType: class java.lang.Integer, value: 0
1791670155.505 10551 16870 16921 D IPU_BaseProcessUnitSDK: setInitParameter, key:mKeyName: process_type, mType: class java.lang.Integer, value: 1
1791670155.505 10551 16870 16921 D IPU_BaseProcessUnitSDK: setInitParameter, key:mKeyName: capture_algo_list, mType: class java.lang.String, value: aps_algo_filter
1791670155.505 10551 16870 16921 D IPU_BaseProcessUnitSDK: setInitParameter, key:mKeyName: package_name, mType: class java.lang.String, value: com.oplus.camera
1791670155.505 10551 16870 16870 D OCAM_DensityUtil: initializeDefaultDisplay, acquire sDefaultDensity: 640
1791670155.505 10551 16870 16870 D OCAM_DeviceUtil: updateFolderAngle, sFoldAngle: -1, sSensorAngle: -1
1791670155.505 10551 16870 16921 D IPU_BaseProcessUnitSDK: setProcessParameter, key:mKeyName: format, mType: class java.lang.Integer, value: 0
1791670155.505 10551 16870 16921 D IPU_BaseProcessUnitSDK: setProcessParameter, key:mKeyName: renderMode, mType: class java.lang.Integer, value: 1
1791670155.506 10551 16870 16921 D IPU_BaseProcessUnitSDK: setProcessParameter, key:mKeyName: scaleSize, mType: class java.lang.Float, value: 1.0
1791670155.506 10551 16870 16870 I OCAM_CameraSingleton: single instance created, current obj: qa.w$a@3320a8
1791670155.512 10551 16870 16870 V OCAM_CameraThreadExector: thread name: notifyAthena
1791670155.512 10551 16870 16978 D OCAM_ThreadManager: setUxThreadValue: pid is: 16870, tid is 16978 value is 129, keyThreadTag: CameraHandlerThread
1791670155.512 10551 16870 16926 V OCAM_OppoCamera_TRACE: traceBeginSection, msg: disableKeyThreadValue_16926
1791670155.512 10551 16870 16921 D IPU_BaseProcessUnitSDK: setProcessParameter, key:mKeyName: context, mType: class android.content.Context, value: com.oplus.camera.Camera@eb3d7ea
1791670155.512 10551 16870 16926 V OCAM_OppoCamera_TRACE: traceEndSection, msg: disableKeyThreadValue_16926
1791670155.512 10551 16870 16921 D IPU_BaseProcessUnitSDK: setProcessParameter, key:mKeyName: process_type, mType: class java.lang.Integer, value: 10
1791670155.512 10551 16870 16921 D IPU_BaseProcessUnitSDK: setProcessParameter, key:mKeyName: check_init_module_type, mType: class java.lang.Integer, value: 0
1791670155.512 10551 16870 16921 D IPU_BaseProcessUnitSDK: setProcessParameter, key:mKeyName: intensity, mType: class java.lang.Integer, value: 100
1791670155.513 10551 16870 16870 V OCAM_OplusCamera: getResources, now densityDpi is: 480, so reset densityDpi to DefaultDensity
1791670155.513 10551 16870 16870 W OCAM_OplusCamera: setCameraOrientation, orientation: 0 => 0
1791670155.513 10551 16870 16926 E OCAM_Performance: readMemoryByPids, e: java.lang.ClassNotFoundException: android.os.PerformanceManager
1791670155.513 10551 16870 16921 D IPU_BaseProcessUnitSDK: setProcessParameter, key:mKeyName: preview_width, mType: class java.lang.Integer, value: 0
1791670155.513 10551 16870 16921 D IPU_BaseProcessUnitSDK: setProcessParameter, key:mKeyName: preview_height, mType: class java.lang.Integer, value: 0
1791670155.513 10551 16870 16921 D IPU_BaseProcessUnitSDK: setProcessParameter, key:mKeyName: input_texture, mType: class java.lang.Integer, value: 0
1791670155.513 10551 16870 16921 D IPU_BaseProcessUnitSDK: setProcessParameter, key:mKeyName: output_texture, mType: class java.lang.Integer, value: 0
1791670155.514 10551 16870 16921 D IPU_BaseProcessUnitSDK: setProcessParameter, key:mKeyName: texture_format, mType: class java.lang.Integer, value: 6408
1791670155.514 10551 16870 16921 D IPU_BaseProcessUnitSDK: setProcessParameter, key:mKeyName: texture_data_space, mType: class java.lang.Integer, value: 0
1791670155.515 10551 16870 16921 D IPU_BaseProcessUnitSDK: setProcessParameter, key:mKeyName: filter_type, mType: class java.lang.String, value: null
1791670155.515 10551 16870 16921 D IPU_BaseProcessUnitSDK: setProcessParameter, key:mKeyName: soft_light_type, mType: class java.lang.Integer, value: 0
1791670155.515 10551 16870 16921 D IPU_BaseProcessUnitSDK: setProcessParameter, key:mKeyName: padding, mType: class java.lang.Float, value: 0.0
1791670155.515 10551 16870 16979 I OCAM_OplusCamera: mApsServiceThread, mApsConnection: null
1791670155.515 10551 16870 16921 D IPU_BaseProcessUnitSDK: setProcessParameter, key:mKeyName: angle, mType: class java.lang.Float, value: 0.0
1791670155.515 10551 16870 16926 V OCAM_OppoCamera_TRACE: traceEndSection, msg: setDataReadAppMemory
1791670155.515 10551 16870 16921 D IPU_BaseProcessUnitSDK: setProcessParameter, key:mKeyName: filter_open, mType: class java.lang.Boolean, value: false
1791670155.515 10551 16870 16921 D IPU_BaseProcessUnitSDK: setProcessParameter, key:mKeyName: vignette_open, mType: class java.lang.Boolean, value: false
1791670155.515 10551 16870 16921 D IPU_BaseProcessUnitSDK: setProcessParameter, key:mKeyName: vignette_amount, mType: class java.lang.Float, value: 0.0
1791670155.515 10551 16870 16977 D OCAM_ThreadManager: setUxThreadValue: pid is: 16870, tid is 16977 value is 129, keyThreadTag: CameraHandlerThread
1791670155.516 10551 16870 16921 D IPU_BaseProcessUnitSDK: setProcessParameter, key:mKeyName: vignette_feather, mType: class java.lang.Float, value: 0.0
1791670155.516 10551 16870 16921 D IPU_BaseProcessUnitSDK: setProcessParameter, key:mKeyName: vignette_highlights, mType: class java.lang.Float, value: 0.0
1791670155.516 10551 16870 16921 D IPU_BaseProcessUnitSDK: setProcessParameter, key:mKeyName: vignette_exposure, mType: class java.lang.Float, value: 0.0
1791670155.516 10551 16870 16921 D IPU_BaseProcessUnitSDK: setProcessParameter, key:mKeyName: vignette_roundness, mType: class java.lang.Float, value: 0.0
1791670155.516 10551 16870 16870 D OCAM_BaseOrientationDecision: setSensorOrientation, 0 -> 0
1791670155.516 10551 16870 16921 D IPU_BaseProcessUnitSDK: setProcessParameter, key:mKeyName: vignette_size, mType: class java.lang.Float, value: 0.0
1791670155.516 10551 16870 16921 D IPU_BaseProcessUnitSDK: setProcessParameter, key:mKeyName: grain_amount, mType: class java.lang.Float, value: 0.0
1791670155.516 10551 16870 16921 D IPU_BaseProcessUnitSDK: setProcessParameter, key:mKeyName: grain_highlight, mType: class java.lang.Float, value: 0.0
1791670155.516 10551 16870 16921 D IPU_BaseProcessUnitSDK: setProcessParameter, key:mKeyName: grain_size, mType: class java.lang.Float, value: 0.0
1791670155.516 10551 16870 16870 I OCAM_CameraSingleton: single instance created, current obj: jj.e$a@2c9d5ee
1791670155.516 10551 16870 16870 D OCAM_MemoryDataBuffer: MemoryDataBuffer: create MemoryDataBuffer at com.oplus.camera_preferences
1791670155.516 10551 16870 16961 D CameraUnit, CameraCharacteristicsWrapper_5: 26 cached value(s) built, camera: 5
1791670155.516 10551 16870 16921 D IPU_BaseProcessUnitSDK: setProcessParameter, key:mKeyName: grain_roughness, mType: class java.lang.Float, value: 0.0
1791670155.516 10551 16870 16921 D IPU_BaseProcessUnitSDK: setProcessParameter, key:mKeyName: is_camera, mType: class java.lang.Boolean, value: true
1791670155.516 10551 16870 16921 D IPU_BaseProcessUnitSDK: setProcessParameter, key:mKeyName: is_export, mType: class java.lang.Boolean, value: true
1791670155.516 10551 16870 16921 D IPU_BaseProcessUnitSDK: setProcessParameter, key:mKeyName: is_brand_oplus_r, mType: class java.lang.Boolean, value: false
1791670155.517 10551 16870 16926 D OCAM_InfluenceFactorInfo: setData, <HAL> mHalTotal: 0, mHalDumpsysTotal: 0, <CAMERA_SERVER> mCameraServerTotal: 0, mCameraServerDumpsysTotal: 0, <APP> mAppTotal: 59722, mAppDumpsysTotal: 59722, isMPVersion: false
1791670155.517 10551 16870 16921 D IPU_FilterProcessUnitSDK: processImage begin params, [vignette_amount, 0.0, filter_type, , grain_highlight, 0.0, input_texture, 0, check_init_module_type, 0, grain_amount, 0.0, preview_width, 0, scaleSize, 1.0, grain_size, 0.0, texture_format, 6408, filter_open, false, vignette_feather, 0.0, vignette_size, 0.0, vignette_open, false, preview_height, 0, soft_light_type, 0, vignette_roundness, 0.0, vignette_exposure, 0.0, format, 0, context, com.oplus.camera.Camera@eb3d7ea, texture_data_space, 0, is_export, true, is_camera, true, process_type, 10, output_texture, 0, renderMode, 1, vignette_highlights, 0.0, intensity, 100, is_brand_oplus_r, false, padding, 0.0, grain_roughness, 0.0, angle, 0.0],bitmap:null
1791670155.517 10551 16870 16921 D IPU_FilterProcessUnitSDK: processImage , 10
1791670155.517 10551 16870 16870 E OCAM_CommonUtil: isSupportDocScan, some thing has error!
1791670155.517 10551 16870 16870 E OCAM_CommonUtil: android.content.pm.PackageManager$NameNotFoundException: com.coloros.ocrscanner
1791670155.517 10551 16870 16870 E OCAM_CommonUtil: 	at android.app.ApplicationPackageManager.getPackageInfoAsUser(ApplicationPackageManager.java:294)
1791670155.517 10551 16870 16870 E OCAM_CommonUtil: 	at android.app.ApplicationPackageManager.getPackageInfo(ApplicationPackageManager.java:254)
1791670155.517 10551 16870 16870 E OCAM_CommonUtil: 	at android.app.ApplicationPackageManager.getPackageInfo(ApplicationPackageManager.java:248)
1791670155.517 10551 16870 16870 E OCAM_CommonUtil: 	at d6.c0.p(CommonUtil.java:20)
1791670155.517 10551 16870 16870 E OCAM_CommonUtil: 	at jj.e.d(DataBaseOperator.java:125)
1791670155.517 10551 16870 16870 E OCAM_CommonUtil: 	at jj.e.<init>(DataBaseOperator.java:63)
1791670155.517 10551 16870 16870 E OCAM_CommonUtil: 	at jj.e$a.create(DataBaseOperator.java:2)
1791670155.517 10551 16870 16870 E OCAM_CommonUtil: 	at tk.f0.get(CameraSingleton.java:22)
1791670155.517 10551 16870 16870 E OCAM_CommonUtil: 	at jj.e.c(DataBaseOperator.java:2)
1791670155.517 10551 16870 16870 E OCAM_CommonUtil: 	at com.oplus.camera.Camera.Q(Camera.java:511)
1791670155.517 10551 16870 16870 E OCAM_CommonUtil: 	at h6.b0.onCreate(QuickActivity.java:53)
1791670155.517 10551 16870 16870 E OCAM_CommonUtil: 	at android.app.Activity.performCreate(Activity.java:9340)
1791670155.517 10551 16870 16870 E OCAM_CommonUtil: 	at android.app.Activity.performCreate(Activity.java:9318)
1791670155.517 10551 16870 16870 E OCAM_CommonUtil: 	at android.app.Instrumentation.callActivityOnCreate(Instrumentation.java:1543)
1791670155.517 10551 16870 16870 E OCAM_CommonUtil: 	at android.app.ActivityThread.performLaunchActivity(ActivityThread.java:4563)
1791670155.517 10551 16870 16870 E OCAM_CommonUtil: 	at android.app.ActivityThread.handleLaunchActivity(ActivityThread.java:4785)
1791670155.517 10551 16870 16870 E OCAM_CommonUtil: 	at android.app.servertransaction.LaunchActivityItem.execute(LaunchActivityItem.java:224)
1791670155.517 10551 16870 16870 E OCAM_CommonUtil: 	at android.app.servertransaction.TransactionExecutor.executeNonLifecycleItem(TransactionExecutor.java:133)
1791670155.517 10551 16870 16870 E OCAM_CommonUtil: 	at android.app.servertransaction.TransactionExecutor.executeTransactionItems(TransactionExecutor.java:103)
1791670155.517 10551 16870 16870 E OCAM_CommonUtil: 	at android.app.servertransaction.TransactionExecutor.execute(TransactionExecutor.java:80)
1791670155.517 10551 16870 16870 E OCAM_CommonUtil: 	at android.app.ActivityThread$H.handleMessage(ActivityThread.java:3036)
1791670155.517 10551 16870 16870 E OCAM_CommonUtil: 	at android.os.Handler.dispatchMessageImpl(Handler.java:142)
1791670155.517 10551 16870 16870 E OCAM_CommonUtil: 	at android.os.Handler.dispatchMessage(Handler.java:125)
1791670155.517 10551 16870 16870 E OCAM_CommonUtil: 	at android.os.Looper.loopOnce(Looper.java:296)
1791670155.517 10551 16870 16870 E OCAM_CommonUtil: 	at android.os.Looper.loop(Looper.java:397)
1791670155.517 10551 16870 16870 E OCAM_CommonUtil: 	at android.app.ActivityThread.main(ActivityThread.java:9581)
1791670155.517 10551 16870 16870 E OCAM_CommonUtil: 	at java.lang.reflect.Method.invoke(Native Method)
1791670155.517 10551 16870 16870 E OCAM_CommonUtil: 	at com.android.internal.os.RuntimeInit$MethodAndArgsCaller.run(RuntimeInit.java:578)
1791670155.517 10551 16870 16870 E OCAM_CommonUtil: 	at com.android.internal.os.ZygoteInit.main(ZygoteInit.java:939)
1791670155.517 10551 16870 16921 W libc    : Access denied finding property "ro.vendor.oplus.market.enname"
1791670155.518 10551 16870 16921 W libc    : Access denied finding property "ro.vendor.oplus.market.name"
1791670155.518 10551 16870 16921 E IPU_CouiUtil: isHasselbladStyle, sHasselbladStyle: 1
1791670155.518 10551 16870 16921 W libc    : Access denied finding property "ro.vendor.oplus.market.enname"
1791670155.518 10551 16870 16921 W libc    : Access denied finding property "ro.vendor.oplus.market.name"
1791670155.518 10551 16870 16921 W libc    : Access denied finding property "ro.vendor.oplus.market.enname"
1791670155.518 10551 16870 16921 W libc    : Access denied finding property "ro.vendor.oplus.market.name"
1791670155.518 10551 16870 16921 W libc    : Access denied finding property "ro.vendor.oplus.market.enname"
1791670155.518 10551 16870 16921 W libc    : Access denied finding property "ro.vendor.oplus.market.name"
1791670155.519 10551 16870 16921 E ActivityThread: Failed to find provider info for com.oplus.customize.coreapp.configmanager.configprovider.AppFeatureProvider
1791670155.520 10551 16870 16870 V OCAM_DataBaseOperator: initialize, insertIntoDb: false
1791670155.520 10551 16870 16870 V OCAM_CameraEntry: initCallPkg, mCallPkg: com.android.launcher3, mCameraEntryTypeFromFramework: -1
1791670155.520 10551 16870 16870 V OCAM_CameraEntry: parseIntent, mCameraEntryType: 1, mCallPkg: com.android.launcher3, mAction: android.intent.action.MAIN
1791670155.520 10551 16870 16870 V OCAM_CameraEntry: updateOverrideCameraModeStatus, currentTime: 1791670155520, timeStamp: 1791670125997, mCameraEnterTimeGap: 29523
1791670155.520 10551 16870 16870 D OCAM_CameraEntry: updateDisplayId, sLastDisplayId: -1, displayId: 0
1791670155.520 10551 16870 16870 V OCAM_CameraEntry: onCreate, mCameraEntryType: 1, mCallPkg: com.android.launcher3, mAction: android.intent.action.MAIN, sLastDisplayId: 0
1791670155.521 10551 16870 16870 W OCAM_DisplayDensityUtil: initScreenHeightWidth, sScreenHeight: 3216, sScreenWidth: 1440, folderOpen: false
1791670155.522 10551 16870 16961 V CameraUnit, CameraCharacteristicsHelper: initialize, cameraId: 5, cameraIdType: 12, cameraType: rear_sat, availableStreamFpsRanges: null
1791670155.522 10551 16870 16961 E CameraUnit_TRACE: traceEndSection, msg: CameraCharacteristicsHelper.initialize
1791670155.522 10551 16870 16944 E CameraUnit_TRACE: traceEndSection, msg: getAllSupportCameraType
1791670155.522  1000  4337  6601 D FileUtils: Rounded bytes from 11796553728 to 16000000000
1791670155.523 10551 16870 16870 D OCAM_LayoutUtil: initMenuControlPanelHeight, sbLongScreen: true, isFoldProject: false, sSettingMenuPanelHeight: 320, sControlPanelHeight: 896, sControlPanelButtonHeight: 760, sSettingMenuItemHeight: 320, sPreviewMarginTop: 320, sHeadLineHeight: 240, sNavigationBarHeight: 0, ratio: 2.2333333333333334, screenHeight: 3216
1791670155.523 10551 16870 16870 I OCAM_CameraCore: initialize
1791670155.523 10551 16870 16870 V OCAM_OppoCamera_TRACE: traceBeginSection, msg: CameraManager.initialize
1791670155.523 10551 16870 16961 W OplusString: [WARNING] string_util.cpp: 324  OplusStringJNI_needGetString() length: 99627, flag: 123, 10, 10
1791670155.524 10551 16870 16944 I CameraUnit, ModeFactory: createMode, name: video_mode
1791670155.524 10551 16870 16870 V OCAM_CameraCore: initialize, OneCamera ready
1791670155.524 10551 16870 16961 D ApsAdapter, UpdateHelper: getValidConfigData, no rus, use ota, path: /odm/etc/camera/config/oplus_camera_algo_switch_config
1791670155.524 10551 16870 16870 V OCAM_CameraEntry: getIntentLegacyId, mCameraEntryType: 1, cameraId from dataManager: 1
1791670155.524 10551 16870 16870 V OCAM_CameraEntry: getIntentLegacyId, mCameraEntryType: 1, final cameraId: 1
1791670155.524 10551 16870 16870 V OCAM_ModeEntry: setCameraId, cameraId: -1 -> 1
1791670155.524 10551 16870 16870 V OCAM_OppoCamera_TRACE: traceBeginSection, msg: initialize.checkPreInitStatus
1791670155.524 10551 16870 16870 V OCAM_MyApplication: checkPreInitStatus X
1791670155.524 10551 16870 16870 V OCAM_OppoCamera_TRACE: traceEndSection, msg: initialize.checkPreInitStatus
1791670155.524 10551 16870 16870 E OCAM_CommonUtil: isSupportDocScan, some thing has error!
1791670155.524 10551 16870 16870 E OCAM_CommonUtil: android.content.pm.PackageManager$NameNotFoundException: com.coloros.ocrscanner
1791670155.524 10551 16870 16870 E OCAM_CommonUtil: 	at android.app.ApplicationPackageManager.getPackageInfoAsUser(ApplicationPackageManager.java:294)
1791670155.524 10551 16870 16870 E OCAM_CommonUtil: 	at android.app.ApplicationPackageManager.getPackageInfo(ApplicationPackageManager.java:254)
1791670155.524 10551 16870 16870 E OCAM_CommonUtil: 	at android.app.ApplicationPackageManager.getPackageInfo(ApplicationPackageManager.java:248)
1791670155.524 10551 16870 16870 E OCAM_CommonUtil: 	at d6.c0.p(CommonUtil.java:20)
1791670155.524 10551 16870 16870 E OCAM_CommonUtil: 	at com.oplus.camera.CameraManager.D0(CameraManager.java:75)
1791670155.524 10551 16870 16870 E OCAM_CommonUtil: 	at com.oplus.camera.Camera.Q(Camera.java:776)
1791670155.524 10551 16870 16870 E OCAM_CommonUtil: 	at h6.b0.onCreate(QuickActivity.java:53)
1791670155.524 10551 16870 16870 E OCAM_CommonUtil: 	at android.app.Activity.performCreate(Activity.java:9340)
1791670155.524 10551 16870 16870 E OCAM_CommonUtil: 	at android.app.Activity.performCreate(Activity.java:9318)
1791670155.524 10551 16870 16870 E OCAM_CommonUtil: 	at android.app.Instrumentation.callActivityOnCreate(Instrumentation.java:1543)
1791670155.524 10551 16870 16870 E OCAM_CommonUtil: 	at android.app.ActivityThread.performLaunchActivity(ActivityThread.java:4563)
1791670155.524 10551 16870 16870 E OCAM_CommonUtil: 	at android.app.ActivityThread.handleLaunchActivity(ActivityThread.java:4785)
1791670155.524 10551 16870 16870 E OCAM_CommonUtil: 	at android.app.servertransaction.LaunchActivityItem.execute(LaunchActivityItem.java:224)
1791670155.524 10551 16870 16870 E OCAM_CommonUtil: 	at android.app.servertransaction.TransactionExecutor.executeNonLifecycleItem(TransactionExecutor.java:133)
1791670155.524 10551 16870 16870 E OCAM_CommonUtil: 	at android.app.servertransaction.TransactionExecutor.executeTransactionItems(TransactionExecutor.java:103)
1791670155.524 10551 16870 16870 E OCAM_CommonUtil: 	at android.app.servertransaction.TransactionExecutor.execute(TransactionExecutor.java:80)
1791670155.524 10551 16870 16870 E OCAM_CommonUtil: 	at android.app.ActivityThread$H.handleMessage(ActivityThread.java:3036)
1791670155.524 10551 16870 16870 E OCAM_CommonUtil: 	at android.os.Handler.dispatchMessageImpl(Handler.java:142)
1791670155.524 10551 16870 16870 E OCAM_CommonUtil: 	at android.os.Handler.dispatchMessage(Handler.java:125)
1791670155.524 10551 16870 16870 E OCAM_CommonUtil: 	at android.os.Looper.loopOnce(Looper.java:296)
1791670155.524 10551 16870 16870 E OCAM_CommonUtil: 	at android.os.Looper.loop(Looper.java:397)
1791670155.524 10551 16870 16870 E OCAM_CommonUtil: 	at android.app.ActivityThread.main(ActivityThread.java:9581)
1791670155.524 10551 16870 16870 E OCAM_CommonUtil: 	at java.lang.reflect.Method.invoke(Native Method)
1791670155.524 10551 16870 16870 E OCAM_CommonUtil: 	at com.android.internal.os.RuntimeInit$MethodAndArgsCaller.run(RuntimeInit.java:578)
1791670155.524 10551 16870 16870 E OCAM_CommonUtil: 	at com.android.internal.os.ZygoteInit.main(ZygoteInit.java:939)
1791670155.525 10551 16870 16870 D OCAM_SPDataBuffer: SPDataBuffer: create SPDataBuffer at com.oplus.camera_preferences_1
1791670155.525 10551 16870 16870 V OCAM_CameraCore: isCurrentPid, oldPid: 15229, currentPid: 16870
1791670155.526 10551 16870 16961 D ApsAdapter, AlgoSwitchConfig: parseConfigData, sApsVersion: 3, sApsMode: 1
1791670155.527 10551 16870 16870 V OCAM_OppoCamera_TRACE: traceBeginSection, msg: ModeManager.initProcessor
1791670155.527 10551 16870 16870 V OCAM_OppoCamera_TRACE: traceBeginSection, msg: ModeManager.initProcessor.CaptureProcessor
1791670155.527 10551 16870 16961 D ApsAdapter, AlgoSwitchConfig: parsePreviewConfig, config: common@0, pipeline: video, e1: No value for master_input_width
1791670155.527 10551 16870 16961 D ApsAdapter, AlgoSwitchConfig: parsePreviewConfig, config: common@1, pipeline: video, e1: No value for master_input_width
1791670155.527 10551 16870 16961 D ApsAdapter, AlgoSwitchConfig: parsePreviewConfig, config: commonDummy@0, pipeline: video, e1: No value for master_input_width
1791670155.527 10551 16870 16961 D ApsAdapter, AlgoSwitchConfig: parsePreviewConfig, config: commonDummy@1, pipeline: video, e1: No value for master_input_width
1791670155.527 10551 16870 16961 D ApsAdapter, AlgoSwitchConfig: parsePreviewConfig, config: commonVideoDummy@0, pipeline: video, e1: No value for master_input_width
1791670155.527 10551 16870 16961 D ApsAdapter, AlgoSwitchConfig: parsePreviewConfig, config: commonVideoDummy@0, pipeline: asd, e1: No value for master_input_width
1791670155.527 10551 16870 16961 D ApsAdapter, AlgoSwitchConfig: parsePreviewConfig, config: commonVideoDummy@1, pipeline: video, e1: No value for master_input_width
1791670155.527 10551 16870 16961 D ApsAdapter, AlgoSwitchConfig: parsePreviewConfig, config: commonVideoDummy@1, pipeline: asd, e1: No value for master_input_width
1791670155.527 10551 16870 16961 D ApsAdapter, AlgoSwitchConfig: parsePreviewConfig, config: idPhoto@0, pipeline: video, e1: No value for master_input_width
1791670155.527 10551 16870 16961 D ApsAdapter, AlgoSwitchConfig: parsePreviewConfig, config: idPhoto@0, pipeline: asd, e1: No value for master_input_width
1791670155.527 10551 16870 16961 D ApsAdapter, AlgoSwitchConfig: parsePreviewConfig, config: idPhoto@1, pipeline: video, e1: No value for master_input_width
1791670155.527 10551 16870 16961 D ApsAdapter, AlgoSwitchConfig: parsePreviewConfig, config: idPhoto@1, pipeline: asd, e1: No value for master_input_width
1791670155.527 10551 16870 16961 D ApsAdapter, AlgoSwitchConfig: parsePreviewConfig, config: minimalDummy@0, pipeline: video, e1: No value for master_input_width
1791670155.527 10551 16870 16961 D ApsAdapter, AlgoSwitchConfig: parsePreviewConfig, config: minimalDummy@0, pipeline: asd, e1: No value for master_input_width
1791670155.527 10551 16870 16961 D ApsAdapter, AlgoSwitchConfig: parsePreviewConfig, config: minimalDummy@1, pipeline: video, e1: No value for master_input_width
1791670155.527 10551 16870 16961 D ApsAdapter, AlgoSwitchConfig: parsePreviewConfig, config: minimalDummy@1, pipeline: asd, e1: No value for master_input_width
1791670155.527 10551 16870 16961 D ApsAdapter, AlgoSwitchConfig: parsePreviewConfig, config: night@0, pipeline: video, e1: No value for master_input_width
1791670155.527 10551 16870 16961 D ApsAdapter, AlgoSwitchConfig: parsePreviewConfig, config: night@1, pipeline: video, e1: No value for master_input_width
1791670155.527 10551 16870 16961 D ApsAdapter, AlgoSwitchConfig: parsePreviewConfig, config: portrait@0, pipeline: video, e1: No value for master_input_width
1791670155.527 10551 16870 16961 D ApsAdapter, AlgoSwitchConfig: parsePreviewConfig, config: portrait@1, pipeline: video, e1: No value for master_input_width
1791670155.527 10551 16870 16961 D ApsAdapter, AlgoSwitchConfig: parsePreviewConfig, config: xpan@0, pipeline: video, e1: No value for master_input_width
1791670155.527 10551 16870 16961 D ApsAdapter, AlgoSwitchConfig: parsePreviewConfig, config: xpan@0, pipeline: asd, e1: No value for master_input_width
1791670155.527 10551 16870 16961 D ApsAdapter, AlgoSwitchConfig: parsePreviewConfig, config: panorama@0, pipeline: video, e1: No value for master_input_width
1791670155.527 10551 16870 16961 D ApsAdapter, AlgoSwitchConfig: parsePreviewConfig, config: panorama@0, pipeline: asd, e1: No value for master_input_width
1791670155.527 10551 16870 16961 D ApsAdapter, AlgoSwitchConfig: parsePreviewConfig, config: panorama@1, pipeline: video, e1: No value for master_input_width
1791670155.527 10551 16870 16961 D ApsAdapter, AlgoSwitchConfig: parsePreviewConfig, config: panorama@1, pipeline: asd, e1: No value for master_input_width
1791670155.527 10551 16870 16870 V OCAM_OppoCamera_TRACE: traceBeginSection, msg: CaptureProcessor.init
1791670155.527 10551 16870 16961 D ApsAdapter, AlgoSwitchConfig: parsePreviewConfig, config: professional@0, pipeline: video, e1: No value for master_input_width
1791670155.527 10551 16870 16961 D ApsAdapter, AlgoSwitchConfig: parsePreviewConfig, config: professional@0, pipeline: asd, e1: No value for master_input_width
1791670155.527 10551 16870 16961 D ApsAdapter, AlgoSwitchConfig: parsePreviewConfig, config: focusPeaking@0, pipeline: video, e1: No value for master_input_width
1791670155.527 10551 16870 16961 D ApsAdapter, AlgoSwitchConfig: parsePreviewConfig, config: focusPeaking@0, pipeline: asd, e1: No value for master_input_width
1791670155.527 10551 16870 16961 D ApsAdapter, AlgoSwitchConfig: parsePreviewConfig, config: focusPeaking@2, pipeline: video, e1: No value for master_input_width
1791670155.527 10551 16870 16870 V OCAM_OppoCamera_TRACE: traceEndSection, msg: CaptureProcessor.init
1791670155.527 10551 16870 16961 D ApsAdapter, AlgoSwitchConfig: parsePreviewConfig, config: focusPeaking@2, pipeline: asd, e1: No value for master_input_width
1791670155.527 10551 16870 16961 D ApsAdapter, AlgoSwitchConfig: parsePreviewConfig, config: focusPeaking@3, pipeline: video, e1: No value for master_input_width
1791670155.527 10551 16870 16961 D ApsAdapter, AlgoSwitchConfig: parsePreviewConfig, config: focusPeaking@3, pipeline: asd, e1: No value for master_input_width
1791670155.527 10551 16870 16870 V OCAM_OppoCamera_TRACE: traceEndSection, msg: ModeManager.initProcessor.CaptureProcessor
1791670155.527 10551 16870 16961 D ApsAdapter, AlgoSwitchConfig: parsePreviewConfig, config: sticker@0, pipeline: preview, e1: No value for master_input_width
1791670155.527 10551 16870 16870 V OCAM_OppoCamera_TRACE: traceBeginSection, msg: ModeManager.initProcessor.ThumbnailProcessor
1791670155.527 10551 16870 16961 D ApsAdapter, AlgoSwitchConfig: parsePreviewConfig, config: sticker@0, pipeline: video, e1: No value for master_input_width
1791670155.527 10551 16870 16961 D ApsAdapter, AlgoSwitchConfig: parsePreviewConfig, config: sticker@0, pipeline: asd, e1: No value for master_input_width
1791670155.527 10551 16870 16961 D ApsAdapter, AlgoSwitchConfig: parsePreviewConfig, config: sticker@1, pipeline: preview, e1: No value for master_input_width
1791670155.528 10551 16870 16961 D ApsAdapter, AlgoSwitchConfig: parsePreviewConfig, config: sticker@1, pipeline: video, e1: No value for master_input_width
1791670155.528 10551 16870 16961 D ApsAdapter, AlgoSwitchConfig: parsePreviewConfig, config: groupshot@0, pipeline: video, e1: No value for master_input_width
1791670155.528 10551 16870 16961 D ApsAdapter, AlgoSwitchConfig: parsePreviewConfig, config: groupshot@0, pipeline: asd, e1: No value for master_input_width
1791670155.528 10551 16870 16961 D ApsAdapter, AlgoSwitchConfig: parsePreviewConfig, config: commonVideo@0, pipeline: asd, e1: No value for master_input_width
1791670155.528 10551 16870 16961 D ApsAdapter, AlgoSwitchConfig: parsePreviewConfig, config: commonVideo@1, pipeline: asd, e1: No value for master_input_width
1791670155.528 10551 16870 16961 D ApsAdapter, AlgoSwitchConfig: parsePreviewConfig, config: 4kVideo@0, pipeline: asd, e1: No value for master_input_width
1791670155.528 10551 16870 16961 D ApsAdapter, AlgoSwitchConfig: parsePreviewConfig, config: 4kVideo@1, pipeline: preview, e1: No value for master_input_width
1791670155.528 10551 16870 16961 D ApsAdapter, AlgoSwitchConfig: parsePreviewConfig, config: 4kVideo@1, pipeline: video, e1: No value for master_input_width
1791670155.528 10551 16870 16961 D ApsAdapter, AlgoSwitchConfig: parsePreviewConfig, config: 4kVideo@1, pipeline: asd, e1: No value for master_input_width
1791670155.528 10551 16870 16961 D ApsAdapter, AlgoSwitchConfig: parsePreviewConfig, config: superEISVideo@0, pipeline: video, e1: No value for master_input_width
1791670155.528 10551 16870 16961 D ApsAdapter, AlgoSwitchConfig: parsePreviewConfig, config: superEISVideo@0, pipeline: asd, e1: No value for master_input_width
1791670155.528 10551 16870 16961 D ApsAdapter, AlgoSwitchConfig: parsePreviewConfig, config: superEISVideo@1, pipeline: preview, e1: No value for master_input_width
1791670155.528 10551 16870 16961 D ApsAdapter, AlgoSwitchConfig: parsePreviewConfig, config: superEISVideo@1, pipeline: video, e1: No value for master_input_width
1791670155.528 10551 16870 16961 D ApsAdapter, AlgoSwitchConfig: parsePreviewConfig, config: superEISVideo@1, pipeline: asd, e1: No value for master_input_width
1791670155.528 10551 16870 16961 D ApsAdapter, AlgoSwitchConfig: parsePreviewConfig, config: superEISProVideo@0, pipeline: asd, e1: No value for master_input_width
1791670155.528 10551 16870 16961 D ApsAdapter, AlgoSwitchConfig: parsePreviewConfig, config: superEISProVideo@1, pipeline: preview, e1: No value for master_input_width
1791670155.528 10551 16870 16961 D ApsAdapter, AlgoSwitchConfig: parsePreviewConfig, config: superEISProVideo@1, pipeline: video, e1: No value for master_input_width
1791670155.528 10551 16870 16961 D ApsAdapter, AlgoSwitchConfig: parsePreviewConfig, config: superEISProVideo@1, pipeline: asd, e1: No value for master_input_width
1791670155.528 10551 16870 16961 D ApsAdapter, AlgoSwitchConfig: parsePreviewConfig, config: fastVideo@0, pipeline: asd, e1: No value for master_input_width
1791670155.528 10551 16870 16961 D ApsAdapter, AlgoSwitchConfig: parsePreviewConfig, config: fastVideo@1, pipeline: asd, e1: No value for master_input_width
1791670155.528 10551 16870 16961 D ApsAdapter, AlgoSwitchConfig: parsePreviewConfig, config: slowVideo@0, pipeline: video, e1: No value for master_input_width
1791670155.528 10551 16870 16961 D ApsAdapter, AlgoSwitchConfig: parsePreviewConfig, config: slowVideo@0, pipeline: asd, e1: No value for master_input_width
1791670155.528 10551 16870 16961 D ApsAdapter, AlgoSwitchConfig: parsePreviewConfig, config: commonSatHal@0, pipeline: video, e1: No value for master_input_width
1791670155.528 10551 16870 16961 D ApsAdapter, AlgoSwitchConfig: parsePreviewConfig, config: commonSatHal@1, pipeline: preview, e1: No value for master_input_width
1791670155.528 10551 16870 16870 I OCAM_CameraSingleton: single instance created, current obj: ah.b0$a@661ea9b
1791670155.528 10551 16870 16961 D ApsAdapter, AlgoSwitchConfig: parsePreviewConfig, config: commonSatHal@1, pipeline: video, e1: No value for master_input_width
1791670155.528 10551 16870 16961 D ApsAdapter, AlgoSwitchConfig: parsePreviewConfig, config: commonSatHal@1, pipeline: asd, e1: No value for master_input_width
1791670155.528 10551 16870 16961 D ApsAdapter, AlgoSwitchConfig: parsePreviewConfig, config: commonVideoSatHal@0, pipeline: asd, e1: No value for master_input_width
1791670155.528 10551 16870 16961 D ApsAdapter, AlgoSwitchConfig: parsePreviewConfig, config: commonVideoSatHal@1, pipeline: asd, e1: No value for master_input_width
1791670155.528 10551 16870 16961 D ApsAdapter, AlgoSwitchConfig: parsePreviewConfig, config: liveHDR@0, pipeline: asd, e1: No value for master_input_width
1791670155.528 10551 16870 16961 D ApsAdapter, AlgoSwitchConfig: parsePreviewConfig, config: ultraNight@0, pipeline: asd, e1: No value for master_input_width
1791670155.528 10551 16870 16870 V OCAM_OppoCamera_TRACE: traceBeginSection, msg: ThumbnailProcessor.init
1791670155.528 10551 16870 16961 D ApsAdapter, AlgoSwitchConfig: parsePreviewConfig, config: hyperlapseVideo@0, pipeline: asd, e1: No value for master_input_width
1791670155.528 10551 16870 16961 D ApsAdapter, AlgoSwitchConfig: parsePreviewConfig, config: hyperlapseProVideo@0, pipeline: asd, e1: No value for master_input_width
1791670155.528 10551 16870 16961 D ApsAdapter, AlgoSwitchConfig: parsePreviewConfig, config: aiEnhancement@0, pipeline: asd, e1: No value for master_input_width
1791670155.528 10551 16870 16961 D ApsAdapter, AlgoSwitchConfig: parsePreviewConfig, config: movie@0, pipeline: asd, e1: No value for master_input_width
1791670155.528 10551 16870 16870 I OCAM_CameraSingleton: single instance created, current obj: ah.q$a@c0e4e38
1791670155.528 10551 16870 16961 D ApsAdapter, AlgoSwitchConfig: parsePreviewConfig, config: movieNoEis@0, pipeline: asd, e1: No value for master_input_width
1791670155.528 10551 16870 16961 D ApsAdapter, AlgoSwitchConfig: parsePreviewConfig, config: microscope@0, pipeline: video, e1: No value for master_input_width
1791670155.528 10551 16870 16961 D ApsAdapter, AlgoSwitchConfig: parsePreviewConfig, config: microscope@0, pipeline: asd, e1: No value for master_input_width
1791670155.528 10551 16870 16961 D ApsAdapter, AlgoSwitchConfig: parsePreviewConfig, config: longExposure@0, pipeline: video, e1: No value for master_input_width
1791670155.528 10551 16870 16961 D ApsAdapter, AlgoSwitchConfig: parsePreviewConfig, config: longExposure@0, pipeline: asd, e1: No value for master_input_width
1791670155.528 10551 16870 16870 V OCAM_OppoCamera_TRACE: traceEndSection, msg: ThumbnailProcessor.init
1791670155.528 10551 16870 16870 V OCAM_OppoCamera_TRACE: traceEndSection, msg: ModeManager.initProcessor.ThumbnailProcessor
1791670155.528 10551 16870 16870 V OCAM_OppoCamera_TRACE: traceBeginSection, msg: ModeManager.initProcessor.ModeSwitcher
1791670155.528 10551 16870 16945 D OCAM_CaptureDeferTaskUtils: init, capture defer is not supported
1791670155.529 10551 16870 16870 V OCAM_OppoCamera_TRACE: traceEndSection, msg: ModeManager.initProcessor.ModeSwitcher
1791670155.529 10551 16870 16870 V OCAM_OppoCamera_TRACE: traceBeginSection, msg: ModeManager.initProcessor.CameraSwitcher
1791670155.529 10551 16870 16945 V OCAM_Util: notifyAthenaNew, memAvailableKb: 3607961600
1791670155.529 10551 16870 16945 W OCAM_MemoryUtils: getMemoryInfo, mi.totalMem11796553728, mi.availMem: 3610025984
1791670155.529 10551 16870 16945 I OCAM_Util: notifyAthenaNew: enough memory, no need to clean
1791670155.529 10551 16870 16870 V OCAM_OppoCamera_TRACE: traceEndSection, msg: ModeManager.initProcessor.CameraSwitcher
1791670155.529 10551 16870 16870 V OCAM_OppoCamera_TRACE: traceEndSection, msg: ModeManager.initProcessor
1791670155.530 10551 16870 16870 V OCAM_MyApplication: needDelayOpenForColdLaunch, sbColdLauch: true
1791670155.530 10551 16870 16870 V OCAM_OppoCamera_TRACE: traceBeginSection, msg: initialize.openCamera
1791670155.530 10551 16870 16870 V OCAM_OppoCamera_TRACE: traceEndSection, msg: initialize.openCamera
1791670155.530 10551 16870 16969 V OCAM_OppoCamera_TRACE: traceBeginSection, msg: OpenCamera.getCurrentProperCameraId
1791670155.531 10551 16870 16870 V OCAM_OppoCamera_TRACE: traceBeginSection, msg: checkCameraReadyState
1791670155.531 10551 16870 16870 W OCAM_CameraCore: checkCameraReadyState, ready to open camera
1791670155.531 10551 16870 16870 V OCAM_OppoCamera_TRACE: traceEndSection, msg: checkCameraReadyState
1791670155.531 10551 16870 16870 D OCAM_InverseManager: init, context.hashCode(): 246667242, cameraEntryType: 1
1791670155.531 10551 16870 16967 D CameraUnit, CameraCharacteristicsWrapper_0: complete get camera characteristics, camera: 0
1791670155.531 10551 16870 16967 D CameraUnit, CameraCharacteristicsWrapper_1: start get camera characteristics, camera: 1
1791670155.532 10551 16870 16969 V OCAM_OppoCamera_TRACE: traceBeginSection, msg: ModeSwitcher.getCurrentSessionModeName.getLogicCameraId
1791670155.532 10551 16870 16969 D OCAM_CameraCharacteristicsUtil: printCameraInfo, ProperCameraIdTrack.
1791670155.532 10551 16870 16969 D OCAM_CameraCharacteristicsUtil: sFrontCameraTypeList: []
1791670155.532 10551 16870 16969 D OCAM_CameraCharacteristicsUtil: sBackCameraTypeList: []
1791670155.532 10551 16870 16969 D OCAM_CameraCharacteristicsUtil: sAllCameraIdTypeMap: {}
1791670155.532 10551 16870 16969 D OCAM_CameraEntry: getLogicCameraId, ProperCameraIdTrack, mode: common, legacyId: 1
1791670155.533 10551 16870 16969 D OCAM_CameraCharacteristicsUtil: waitForInitialization() - start
1791670155.533 10551 16870 16870 D OCAM_InverseManager: init, X246667242, cameraEntryType: 1, mInverseViewMap.size(): 0
1791670155.533 10551 16870 16944 D CameraUnit, ModeFactory: getMode, mode name: video_mode
1791670155.537 10551 16870 16967 D CameraUnit, CameraCharacteristicsWrapper_1: complete get camera characteristics, camera: 1
1791670155.537 10551 16870 16967 D CameraUnit, CameraCharacteristicsWrapper_2: start get camera characteristics, camera: 2
1791670155.539 10551 16870 16967 D CameraUnit, CameraCharacteristicsWrapper_2: complete get camera characteristics, camera: 2
1791670155.539 10551 16870 16967 D CameraUnit, CameraCharacteristicsWrapper_3: start get camera characteristics, camera: 3
1791670155.539 10551 16870 16944 I CameraUnit, BaseMode: updateAllParameterRange, featureName: com.oplus.configure.video.fovc, parameterName: com.oplus.configure.video.fovc, configValue: [on, off], after convert: [on, off]
1791670155.539 10551 16870 16944 I CameraUnit, BaseMode: updateAllParameterRange, featureName: beauty, parameterName: beauty, configValue: [com.oplus.preview.video.beauty.exfoliating, com.oplus.preview.video.beauty.thin_face], after convert: [null, null]
1791670155.540 10551 16870 16944 I CameraUnit, BaseMode: updateAllParameterRange, featureName: com.oplus.configure.video.stabilization, parameterName: com.oplus.configure.video.stabilization, configValue: [super_stabilization, video_stabilization], after convert: [super_stabilization, video_stabilization]
1791670155.540 10551 16870 16944 I CameraUnit, BaseMode: updateAllParameterRange, featureName: com.oplus.video.stabilization.mode, parameterName: com.oplus.video.stabilization.mode, configValue: [0, 1], after convert: [0, 1]
1791670155.540 10551 16870 16944 I CameraUnit, BaseMode: updateAllParameterRange, featureName: com.oplus.configure.video.fps, parameterName: com.oplus.configure.video.fps, configValue: [video_30fps, video_60fps, video_120fps], after convert: [video_30fps, video_60fps, video_120fps]
1791670155.540 10551 16870 16944 I CameraUnit, BaseMode: updateAllParameterRange, featureName: com.oplus.preview.focus.mode, parameterName: com.oplus.preview.focus.mode, configValue: [2, 3, 4], after convert: [2, 3, 4]
1791670155.540 10551 16870 16944 I CameraUnit, BaseMode: updateAllParameterRange, featureName: com.oplus.preview.flash.mode, parameterName: com.oplus.preview.flash.mode, configValue: [off, torch], after convert: [off, torch]
1791670155.540 10551 16870 16944 I CameraUnit, BaseMode: updateAllParameterRange, featureName: com.oplus.configure.video.night, parameterName: com.oplus.configure.video.night, configValue: [normal_night_video, ultra_night_video], after convert: [normal_night_video, ultra_night_video]
1791670155.540 10551 16870 16944 D CameraUnit, VideoMode: createCameraDeviceInfo, cameraType: rear_main
1791670155.542 10551 16870 16944 I OCAM_CameraCharacteristicsUtil: initCameraInfo, cameraType: rear_main, cameraId: 0, isFront: false
1791670155.542 10551 16870 16944 I CameraUnit, BaseMode: updateAllParameterRange, featureName: com.oplus.configure.video.fovc, parameterName: com.oplus.configure.video.fovc, configValue: [on, off], after convert: [on, off]
1791670155.542 10551 16870 16944 I CameraUnit, BaseMode: updateAllParameterRange, featureName: com.oplus.configure.video.fps, parameterName: com.oplus.configure.video.fps, configValue: [video_30fps, video_60fps], after convert: [video_30fps, video_60fps]
1791670155.542 10551 16870 16967 D CameraUnit, CameraCharacteristicsWrapper_3: complete get camera characteristics, camera: 3
1791670155.542 10551 16870 16944 I CameraUnit, BaseMode: updateAllParameterRange, featureName: com.oplus.configure.video.stabilization, parameterName: com.oplus.configure.video.stabilization, configValue: [super_stabilization_front], after convert: [super_stabilization_front]
1791670155.543 10551 16870 16967 D CameraUnit, CameraCharacteristicsWrapper_4: start get camera characteristics, camera: 4
1791670155.543 10551 16870 16944 D CameraUnit, VideoMode: createCameraDeviceInfo, cameraType: front_main
1791670155.543 10551 16870 16944 I OCAM_CameraCharacteristicsUtil: initCameraInfo, cameraType: front_main, cameraId: 1, isFront: true
1791670155.543 10551 16870 16944 I CameraUnit, BaseMode: updateAllParameterRange, featureName: com.oplus.configure.video.fps, parameterName: com.oplus.configure.video.fps, configValue: [video_30fps, video_60fps], after convert: [video_30fps, video_60fps]
1791670155.543 10551 16870 16944 I CameraUnit, BaseMode: updateAllParameterRange, featureName: com.oplus.preview.focus.mode, parameterName: com.oplus.preview.focus.mode, configValue: [2, 3, 4], after convert: [2, 3, 4]
1791670155.543 10551 16870 16944 I CameraUnit, BaseMode: updateAllParameterRange, featureName: com.oplus.configure.video.fovc, parameterName: com.oplus.configure.video.fovc, configValue: [on, off], after convert: [on, off]
1791670155.543 10551 16870 16944 I CameraUnit, BaseMode: updateAllParameterRange, featureName: com.oplus.configure.video.stabilization, parameterName: com.oplus.configure.video.stabilization, configValue: [super_stabilization], after convert: [super_stabilization]
1791670155.543 10551 16870 16944 I CameraUnit, BaseMode: updateAllParameterRange, featureName: com.oplus.video.stabilization.mode, parameterName: com.oplus.video.stabilization.mode, configValue: [0, 1], after convert: [0, 1]
1791670155.543 10551 16870 16944 I CameraUnit, BaseMode: updateAllParameterRange, featureName: com.oplus.configure.video.night, parameterName: com.oplus.configure.video.night, configValue: [normal_night_video, ultra_night_video], after convert: [normal_night_video, ultra_night_video]
1791670155.543 10551 16870 16944 D CameraUnit, VideoMode: createCameraDeviceInfo, cameraType: rear_wide
1791670155.543 10551 16870 16944 I OCAM_CameraCharacteristicsUtil: initCameraInfo, cameraType: rear_wide, cameraId: 2, isFront: false
1791670155.543 10551 16870 16944 I CameraUnit, ModeFactory: createMode, name: professional_mode
1791670155.545  1000  4337  6379 D CompatChangeReporter: Compat change id reported: 297989574; UID 10551; state: ENABLED
1791670155.546 10551 16870 16961 I ApsAdapter, Util: getThreadId, getTid err
1791670155.547 10551 16870 16944 D CameraUnit, ModeFactory: getMode, mode name: professional_mode
1791670155.547 10551 16870 16944 I CameraUnit, BaseMode: updateAllParameterRange, featureName: com.oplus.preview.focus.mode, parameterName: com.oplus.preview.focus.mode, configValue: [1, 3, 4], after convert: [1, 3, 4]
1791670155.547 10551 16870 16944 I CameraUnit, BaseMode: updateAllParameterRange, featureName: com.oplus.preview.flash.mode, parameterName: com.oplus.preview.flash.mode, configValue: [on, off, auto, torch], after convert: [on, off, auto, torch]
1791670155.547 10551 16870 16870 V OCAM_OppoCamera_TRACE: traceBeginSection, msg: initialize.CameraUIManagerInstance
1791670155.548 10551 16870 16967 D CameraUnit, CameraCharacteristicsWrapper_4: complete get camera characteristics, camera: 4
1791670155.548 10551 16870 16967 D CameraUnit, CameraCharacteristicsWrapper_5: start get camera characteristics, camera: 5
1791670155.548 10551 16870 16870 D OCAM_MainUIContainer: ContainerCtr, MainUIContainer
1791670155.549 10551 16870 16870 V OCAM_VolumeEventDeliverAdapt: updateDeliverType, mVolumeFunction: shutter
1791670155.549 10551 16870 16870 V OCAM_VolumeEventDeliverAdapt: updateCurrentDeliverType, type: 1
1791670155.550 10551 16870 16967 D CameraUnit, CameraCharacteristicsWrapper_5: complete get camera characteristics, camera: 5
1791670155.551 10551 16870 16870 D OCAM_CameraControlUI: ContainerCtr, X!
1791670155.552 10551 16870 16986 D ApsAdapter, CameraPerformance: setUxThreadValue, pid is: 16870, tid is 16986 value is 129, keyThreadTag: PictureMetaArriveThread
1791670155.553 10551 16870 16870 D nativeloader: Load /data/app/~~pwrM1FFZPcTDtyIFM23IXQ==/com.oplus.camera-6To1ae9Bp6KmV_a4LzhBKw==/lib/arm64/libNativeWindowJNI.so using class loader ns clns-11 (caller=/data/app/~~pwrM1FFZPcTDtyIFM23IXQ==/com.oplus.camera-6To1ae9Bp6KmV_a4LzhBKw==/base.apk!classes12.dex): ok
1791670155.554 10551 16870 16870 I OCAM_PreviewHDRControl: initPreviewHdrForceConfig, mOverrideHdrEnable: false, mOverrideHdrDs: DATASPACE_DISPLAY_P3_HLG, mOverrideHdrFormat: RGBA_1010102
1791670155.554 10551 16870 16870 I OCAM_PreviewHDRControl: printConfig, previewHdrSupport: false, previewHdrSwitch: ON, supportCapModeList: , videoSupportPreviewHdr: false
1791670155.555 10551 16870 16947 E CameraUnit, CameraConfigure: protobuf version: aee017a5953
1791670155.555 10551 16870 16947 E CameraUnit, CameraConfigure: protobuf parser cost time: 107
1791670155.555 10551 16870 16947 E CameraUnit_TRACE: traceEndSection, msg: FeatureApi.parse
1791670155.555 10551 16870 16947 E CameraUnit_TRACE: traceBeginSection, msg: FeatureApi.initFeatureTable
1791670155.555 10551 16870 16947 D CameraUnit, CameraConfigure: initCameraFeatureTable, modeName: common, modeTableSize: 0
1791670155.555 10551 16870 16870 D OCAM_CameraPreviewUI: updatePreviewChangeDuration, duration: 600.0
1791670155.555 10551 16870 16870 D OCAM_InverseManager: registerInverse, context.hashCode(): 246667242, mInverseViewMap: 1, inverseType: preview
1791670155.555 10551 16870 16870 D OCAM_CameraPreviewUI: ContainerCtr, X! mSizeChangeDuration: 600.0
1791670155.555 10551 16870 16870 D OCAM_EffectPanelUIContainer: ContainerCtr, X!
1791670155.556 10551 16870 16870 D OCAM_SettingUIContainer: ContainerCtr, X!
1791670155.556 10551 16870 16961 V ApsAdapter, ApsAdapterImpl: createProcessThread, thread id: 16986
1791670155.556 10551 16870 16870 D OCAM_ZoomUIContainer: ContainerCtr, X!
1791670155.556 10551 16870 16961 V ApsAdapter, ApsAdapterImpl: connectAps
1791670155.556 10551 16870 16870 D OCAM_HintControl: ContainerCtr, X!
1791670155.556 10551 16870 16870 I OCAM_SeamlessUIControl: create
1791670155.557 10551 16870 16986 V ApsAdapter, ApsAdapterImpl: ImageProcessHandler, handleMessage, what: 1
1791670155.558 10416 16908 16908 W ndroid.apps.adm: Failed to find entry 'classes.dex': Entry not found
1791670155.558 10303  4915  5575 V WindowManagerShell: Received remote transition finished callback for (#314)
1791670155.558 10551 16870 16870 I OCAM_Util: isGallerySupportFeature, feature: isIntegrationUITransitionSupported, support: false
1791670155.558 10416 16908 16908 W ndroid.apps.adm: Failed to find entry 'classes.dex': Entry not found
1791670155.558 10551 16870 16870 I OCAM_Util: isFrameworkSupport no such method
1791670155.559 10551 16870 16870 I OCAM_Util: isSupportIntegration, support: false, cameraSupport: true, gallerySupport : false, frameworkSupport : false, isVoiceInteractionRoot : false, animationLevel: -1
1791670155.559 10416 16908 16908 W ndroid.apps.adm: Failed to find entry 'classes.dex': Entry not found
1791670155.559 10551 16870 16870 I OCAM_SeamlessUIControl: initSupportInfo, support: false
1791670155.559 10551 16870 16870 D OCAM_SeamlessUIControl: initControlCameraTask
1791670155.559 10551 16870 16921 D OCAM_CameraCharacteristicsUtil: waitForInitialization() - start
1791670155.559 10416 16908 16908 W ndroid.apps.adm: Failed to find entry 'classes.dex': Entry not found
1791670155.559 10551 16870 16870 D OCAM_CameraUIManager: ContainerCtr, X!
1791670155.559 10551 16870 16870 V OCAM_OppoCamera_TRACE: traceEndSection, msg: initialize.CameraUIManagerInstance
1791670155.560 10551 16870 16870 V OCAM_ModeManager: setNewModeWhenStart, start! modeName: common
1791670155.560 10551 16870 16870 V OCAM_PreviewProcessor: setIsNeedStopView, mbNeedStopView: false -> false
1791670155.561 10551 16870 16986 D ApsAdapter, ApsUtils: loadLibrary, libName: APSClient-cmd-jni
1791670155.561 10551 16870 16947 D CameraUnit, CameraConfigure: initCameraFeatureTable, modeName: fastvideo_mode, modeTableSize: 0
1791670155.561 10551 16870 16870 V OCAM_VideoWatermarkTexturePreview: VideoWatermarkTexturePreview
1791670155.562 10551 16870 16870 I OCAM_HdrTransformTexturePreview: create
1791670155.562 10551 16870 16947 D CameraUnit, CameraConfigure: initCameraFeatureTable, modeName: slowvideo_mode, modeTableSize: 0
1791670155.562 10551 16870 16944 I OCAM_CameraCharacteristicsUtil: initCameraInfo, cameraType: rear_tele, cameraId: 6, isFront: false
1791670155.562 10551 16870 16870 I OCAM_FocusPeakingTexturePreview: create
1791670155.562 10551 16870 16944 I CameraUnit, ModeFactory: createMode, name: photo_mode
1791670155.562 10303  4915  5301 V WindowManagerShell: Transition animation finished (aborted=false), notifying core (#314) android.os.BinderProxy@79f9555@0
1791670155.563 10551 16870 16870 V OCAM_p0_BaseMode: BaseMode, constructor init, modeName: common
1791670155.563 10551 16870 16870 V OCAM_FaceBeautyHelper: setCurrentModeCheck, sbCurrentModeSupportDoubleMode: true
1791670155.564 10551 16870 16947 D CameraUnit, CameraConfigure: initCameraFeatureTable, modeName: portrait_mode, modeTableSize: 0
1791670155.564 10551 16870 16870 V OCAM_j_BaseMode: BaseMode, constructor init, modeName: commonVideo
1791670155.564 10551 16870 16870 D OCAM_CameraCharacteristicsUtil: waitForInitialization() - start
1791670155.565 10551 16870 16947 E CameraUnit, CameraConfigure: Conflict feature not config: portrait_mode/front_main/key_should_reopen_hdr_mode
1791670155.565 10551 16870 16947 E CameraUnit, CameraConfigure: Conflict feature not config: portrait_mode/front_main/key_should_reopen_hdr_mode
1791670155.565 10551 16870 16947 D CameraUnit, CameraConfigure: initCameraFeatureTable, modeName: super_text_mode, modeTableSize: 0
1791670155.565  1000  4337  4382 V WindowManager: Finish Transition (#314): created at 10-11 01:09:15.206 collect-started=0.152ms request-sent=26.678ms started=31.341ms ready=72.657ms sent=76.115ms commit=29.729ms finished=358.394ms
1791670155.565 10551 16870 16947 E CameraUnit, CameraConfigure: Conflict feature not config: super_text_mode/common/pref_camera_flashmode_key
1791670155.565 10551 16870 16947 E CameraUnit, CameraConfigure: Conflict feature not config: super_text_mode/common/pref_camera_flashmode_key
1791670155.566 10551 16870 16926 W OCAM_Performance: readJankCpuInfo, some thing has error!android.os.PerformanceManager
1791670155.566 10551 16870 16947 D CameraUnit, CameraConfigure: initCameraFeatureTable, modeName: long_exposure_mode, modeTableSize: 0
1791670155.567 10551 16870 16926 V OCAM_Performance: requestInstantCpuLoad, sCpuSampleCount++: 1
1791670155.567 10551 16870 16926 V OCAM_Performance: requestInstantCpuLoad exception: java.lang.NoSuchMethodException: com.oplus.osense.OsenseResEventClient.requestInstantCpuLoad []
1791670155.567 10551 16870 16926 V OCAM_LaunchPerformance: setInfluenceFactorInfo influenceFactorInfo: com.oplus.camera.performance.statistics.InfluenceFactorInfo@fecbbfe, sOnCreateTime: 1791670155503, sOnResumeTime: 0
1791670155.567 10551 16870 16947 D CameraUnit, CameraConfigure: initCameraFeatureTable, modeName: multi_camera_mode, modeTableSize: 0
1791670155.567 10551 16870 16947 D CameraUnit, CameraConfigure: initCameraFeatureTable, modeName: panorama_mode, modeTableSize: 0
1791670155.567 10551 16870 16947 D CameraUnit, CameraConfigure: initCameraFeatureTable, modeName: video_mode, modeTableSize: 0
1791670155.567 10383  7958  7958 D VRI[GoogleDiscoverWindow]: visibilityChanged oldVisibility=true newVisibility=false
1791670155.568 10551 16870 16944 D CameraUnit, ModeFactory: getMode, mode name: photo_mode
1791670155.568 10303  4915  5652 D WallpaperService: onVisibilityChanged(false): com.android.systemui.wallpapers.ImageWallpaper$CanvasEngine@949cb7b
1791670155.568 10551 16870 16944 V CameraUnit, BaseMode: updateAllParameterRange, no need update
1791670155.568 10551 16870 16986 E vndksupport: Could not load libalog.so from sphal namespace: dlopen failed: library "libalog.so" not found.
1791670155.568 10551 16870 16986 E ALOG_JNI: libalog.so dlopen failed!! dlerror:(null)
1791670155.568 10551 16870 16986 D nativeloader: Load /system_ext/lib64/libAPSClient-cmd-jni.so using ns default for caller /system_ext/framework/com.oplus.camera.unit.sdk.jar in same partition (is_bridged=0): ok
1791670155.569 10303  4915 16871 D KeyguardService: setOccluded(true)
1791670155.569 10303  4915 16871 D KeyguardViewMediator: setOccluded(true)
1791670155.569 10303  4915  4915 D KeyguardViewMediator: handleSetOccluded(true)
1791670155.569 10303  4915  5301 V WindowManagerShell: Track 0 became idle
1791670155.569 10303  4915  5301 V WindowManagerShell: All active transition animations finished
1791670155.570 10303  4915  4915 D KeyguardViewMediator: KeyguardViewMediator queue processing message: SET_OCCLUDED
1791670155.570 10551 16870 16986 D ApsAdapter, APSClientKeyBase: key: exifData_sensorName_STRING_BASIC_
1791670155.570 10551 16870 16986 D ApsAdapter, APSClientKeyBase: key: exifData_exifRotate_INT_BASIC_
1791670155.570 10551 16870 16986 D ApsAdapter, APSClientKeyBase: key: exifData_exifIso_LONG_BASIC_
1791670155.570 10551 16870 16986 D ApsAdapter, APSClientKeyBase: key: exifData_exifWhiteBalanceMode_INT_BASIC_
1791670155.570 10551 16870 16986 D ApsAdapter, APSClientKeyBase: key: exifData_flashValue_INT_BASIC_
1791670155.570 10551 16870 16986 D ApsAdapter, APSClientKeyBase: key: exifData_exifLatitudeRef_STRING_BASIC_
1791670155.570 10551 16870 16986 D ApsAdapter, APSClientKeyBase: key: exifData_exifLongitudeRef_STRING_BASIC_
1791670155.570 10551 16870 16986 D ApsAdapter, APSClientKeyBase: key: exifData_exifAltitudeRef_INT_BASIC_
1791670155.570 10551 16870 16986 D ApsAdapter, APSClientKeyBase: key: exifData_docExifGpsDateStamp_STRING_BASIC_
1791670155.570 10551 16870 16986 D ApsAdapter, APSClientKeyBase: key: exifData_exifDateTime_STRING_BASIC_
1791670155.570 10551 16870 16986 D ApsAdapter, APSClientKeyBase: key: exifData_exifSubDateTime_STRING_BASIC_
1791670155.570 10551 16870 16986 D ApsAdapter, APSClientKeyBase: key: exifData_exifModel_STRING_BASIC_
1791670155.570 10551 16870 16986 D ApsAdapter, APSClientKeyBase: key: exifData_exifManufacture_STRING_BASIC_
1791670155.570 10551 16870 16986 D ApsAdapter, APSClientKeyBase: key: exifData_exifComments_STRING_BASIC_
1791670155.570 10551 16870 16986 D ApsAdapter, APSClientKeyBase: key: exifData_mirror_BOOLEAN_BASIC_
1791670155.570 10551 16870 16986 D ApsAdapter, APSClientKeyBase: key: exifData_exifFNumber_numerator_LONG_BASIC_
1791670155.570 10551 16870 16986 D ApsAdapter, APSClientKeyBase: key: exifData_exifFNumber_denominator_LONG_BASIC_
1791670155.570 10551 16870 16986 D ApsAdapter, APSClientKeyBase: key: exifData_exifExpTime_numerator_LONG_BASIC_
1791670155.570 10551 16870 16986 D ApsAdapter, APSClientKeyBase: key: exifData_exifExpTime_denominator_LONG_BASIC_
1791670155.570 10551 16870 16986 D ApsAdapter, APSClientKeyBase: key: exifData_exifAperture_numerator_LONG_BASIC_
1791670155.570 10551 16870 16986 D ApsAdapter, APSClientKeyBase: key: exifData_exifAperture_denominator_LONG_BASIC_
1791670155.570 10551 16870 16986 D ApsAdapter, APSClientKeyBase: key: exifData_exifExposureBias_numerator_LONG_BASIC_
1791670155.570 10551 16870 16986 D ApsAdapter, APSClientKeyBase: key: exifData_exifExposureBias_denominator_LONG_BASIC_
1791670155.570 10551 16870 16986 D ApsAdapter, APSClientKeyBase: key: exifData_exifFocalLength_numerator_LONG_BASIC_
1791670155.570 10551 16870 16986 D ApsAdapter, APSClientKeyBase: key: exifData_exifFocalLength_denominator_LONG_BASIC_
1791670155.570 10551 16870 16986 D ApsAdapter, APSClientKeyBase: key: exifData_exifLatitude_numerator_1_LONG_BASIC_
1791670155.570 10551 16870 16986 D ApsAdapter, APSClientKeyBase: key: exifData_exifLatitude_denominator_1_LONG_BASIC_
1791670155.570 10551 16870 16986 D ApsAdapter, APSClientKeyBase: key: exifData_exifLatitude_numerator_2_LONG_BASIC_
1791670155.570 10551 16870 16986 D ApsAdapter, APSClientKeyBase: key: exifData_exifLatitude_denominator_2_LONG_BASIC_
1791670155.570 10551 16870 16986 D ApsAdapter, APSClientKeyBase: key: exifData_exifLatitude_numerator_3_LONG_BASIC_
1791670155.570 10551 16870 16986 D ApsAdapter, APSClientKeyBase: key: exifData_exifLatitude_denominator_3_LONG_BASIC_
1791670155.570 10551 16870 16986 D ApsAdapter, APSClientKeyBase: key: exifData_exifLongitude_numerator_1_LONG_BASIC_
1791670155.570 10551 16870 16986 D ApsAdapter, APSClientKeyBase: key: exifData_exifLongitude_denominator_1_LONG_BASIC_
1791670155.570 10551 16870 16986 D ApsAdapter, APSClientKeyBase: key: exifData_exifLongitude_numerator_2_LONG_BASIC_
1791670155.570 10551 16870 16986 D ApsAdapter, APSClientKeyBase: key: exifData_exifLongitude_denominator_2_LONG_BASIC_
1791670155.570 10551 16870 16986 D ApsAdapter, APSClientKeyBase: key: exifData_exifLongitude_numerator_3_LONG_BASIC_
1791670155.570 10551 16870 16986 D ApsAdapter, APSClientKeyBase: key: exifData_exifLongitude_denominator_3_LONG_BASIC_
1791670155.570 10551 16870 16986 D ApsAdapter, APSClientKeyBase: key: exifData_exifAltitude_numerator_LONG_BASIC_
1791670155.570 10551 16870 16986 D ApsAdapter, APSClientKeyBase: key: exifData_exifAltitude_denominator_LONG_BASIC_
1791670155.570 10551 16870 16986 D ApsAdapter, APSClientKeyBase: key: exifData_docExifGpsTimeStamp_numerator_1_LONG_BASIC_
1791670155.570 10551 16870 16986 D ApsAdapter, APSClientKeyBase: key: exifData_docExifGpsTimeStamp_denominator_1_LONG_BASIC_
1791670155.570 10551 16870 16986 D ApsAdapter, APSClientKeyBase: key: exifData_docExifGpsTimeStamp_numerator_2_LONG_BASIC_
1791670155.570 10551 16870 16986 D ApsAdapter, APSClientKeyBase: key: exifData_docExifGpsTimeStamp_denominator_2_LONG_BASIC_
1791670155.570 10551 16870 16986 D ApsAdapter, APSClientKeyBase: key: exifData_docExifGpsTimeStamp_numerator_3_LONG_BASIC_
1791670155.570 10551 16870 16986 D ApsAdapter, APSClientKeyBase: key: exifData_docExifGpsTimeStamp_denominator_3_LONG_BASIC_
1791670155.570 10551 16870 16986 D ApsAdapter, APSClientKeyBase: key: exifData_apsSizeDataType_size_LONG_BASIC_
1791670155.570 10551 16870 16986 D ApsAdapter, APSClientKeyBase: key: exifData_apsSizeDataType_buffer_BYTE_BASIC_ARRAY_
1791670155.570 10551 16870 16986 D ApsAdapter, APSClientKeyBase: key: exifData_supportDCIP3_BOOLEAN_BASIC_
1791670155.570 10551 16870 16986 D ApsAdapter, APSClientKeyBase: key: exifData_supportLocation_BOOLEAN_BASIC_
1791670155.570 10551 16870 16986 D ApsAdapter, APSClientKeyBase: key: exifData_supportLocationTimeStamp_BOOLEAN_BASIC_
1791670155.570 10551 16870 16986 D ApsAdapter, APSClientKeyBase: key: exifData_imageWidth_INT_BASIC_
1791670155.571 10551 16870 16986 D ApsAdapter, APSClientKeyBase: key: exifData_imageHeight_INT_BASIC_
1791670155.571 10551 16870 16986 D ApsAdapter, APSClientKeyBase: key: exifData_tiffYcrcbPositioning_INT_BASIC_
1791670155.571 10312  5415  5415 D VRI[QuickstepLauncher]: visibilityChanged oldVisibility=true newVisibility=false
1791670155.571 10551 16870 16986 D ApsAdapter, APSClientKeyBase: key: exifData_tiffResolutionUnit_INT_BASIC_
1791670155.571 10551 16870 16986 D ApsAdapter, APSClientKeyBase: key: exifData_tiffXResolution_numerator_LONG_BASIC_
1791670155.571 10551 16870 16986 D ApsAdapter, APSClientKeyBase: key: exifData_tiffXResolution_denominator_LONG_BASIC_
1791670155.571 10551 16870 16986 D ApsAdapter, APSClientKeyBase: key: exifData_tiffYResolution_numerator_LONG_BASIC_
1791670155.571 10551 16870 16986 D ApsAdapter, APSClientKeyBase: key: exifData_tiffYResolution_denominator_LONG_BASIC_
1791670155.571 10551 16870 16986 D ApsAdapter, APSClientKeyBase: key: exifData_exifExposureProgram_INT_BASIC_
1791670155.571 10551 16870 16986 D ApsAdapter, APSClientKeyBase: key: exifData_exifVersion_STRING_BASIC_
1791670155.571 10551 16870 16986 D ApsAdapter, APSClientKeyBase: key: exifData_exifComponentsConfig_STRING_BASIC_
1791670155.571 10551 16870 16986 D ApsAdapter, APSClientKeyBase: key: exifData_exifShutterSpeed_numerator_LONG_BASIC_
1791670155.571 10551 16870 16986 D ApsAdapter, APSClientKeyBase: key: exifData_exifShutterSpeed_denominator_LONG_BASIC_
1791670155.571 10551 16870 16986 D ApsAdapter, APSClientKeyBase: key: exifData_exifBrightness_numerator_LONG_BASIC_
1791670155.571 10551 16870 16986 D ApsAdapter, APSClientKeyBase: key: exifData_exifBrightness_denominator_LONG_BASIC_
1791670155.571 10551 16870 16986 D ApsAdapter, APSClientKeyBase: key: exifData_exifMaxAperture_numerator_LONG_BASIC_
1791670155.571 10551 16870 16986 D ApsAdapter, APSClientKeyBase: key: exifData_exifMaxAperture_denominator_LONG_BASIC_
1791670155.571 10551 16870 16986 D ApsAdapter, APSClientKeyBase: key: exifData_exifMeteringMode_INT_BASIC_
1791670155.571 10551 16870 16986 D ApsAdapter, APSClientKeyBase: key: exifData_exifMakerNote_STRING_BASIC_
1791670155.571 10551 16870 16986 D ApsAdapter, APSClientKeyBase: key: exifData_exifFlashPixVersion_STRING_BASIC_
1791670155.571 10551 16870 16986 D ApsAdapter, APSClientKeyBase: key: exifData_exifColorSpace_INT_BASIC_
1791670155.571 10551 16870 16986 D ApsAdapter, APSClientKeyBase: key: exifData_exifSensingMethod_INT_BASIC_
1791670155.571 10551 16870 16986 D ApsAdapter, APSClientKeyBase: key: exifData_exifSceneType_STRING_BASIC_
1791670155.571 10551 16870 16986 D ApsAdapter, APSClientKeyBase: key: exifData_exifExposureMode_INT_BASIC_
1791670155.571 10551 16870 16986 D ApsAdapter, APSClientKeyBase: key: exifData_exifFocalLength35mm_INT_BASIC_
1791670155.571 10551 16870 16986 D ApsAdapter, APSClientKeyBase: key: exifData_exifSceneCaptureType_INT_BASIC_
1791670155.571 10551 16870 16986 D ApsAdapter, APSClientKeyBase: key: exifData_interopIndexStr_STRING_BASIC_
1791670155.571 10551 16870 16986 D ApsAdapter, APSClientKeyBase: key: exifData_interopVersion_STRING_BASIC_
1791670155.571 10551 16870 16986 D ApsAdapter, APSClientKeyBase: key: exifData_heicQuality_INT_BASIC_
1791670155.571 10551 16870 16986 D ApsAdapter, APSClientKeyBase: key: create_userId_INT_BASIC_
1791670155.571 10551 16870 16986 D ApsAdapter, APSClientKeyBase: key: create_isCameraUnit_BOOLEAN_BASIC_
1791670155.571 10551 16870 16986 D ApsAdapter, APSClientKeyBase: key: create_apsVersion_INT_BASIC_
1791670155.571 10551 16870 16986 D ApsAdapter, APSClientKeyBase: key: create_result_INT_BASIC_
1791670155.571 10551 16870 16986 D ApsAdapter, APSClientKeyBase: key: algoinit_params_STRING_BASIC_ARRAYVALUE_
1791670155.571 10551 16870 16986 D ApsAdapter, APSClientKeyBase: key: algoinit_vendorTagIds_STRING_BASIC_ARRAYVALUE_
1791670155.571 10551 16870 16986 D ApsAdapter, APSClientKeyBase: key: algoinit_result_INT_BASIC_
1791670155.571 10551 16870 16986 D ApsAdapter, APSClientKeyBase: key: unint_params_STRING_BASIC_ARRAYVALUE_
1791670155.571 10551 16870 16986 D ApsAdapter, APSClientKeyBase: key: unint_result_INT_BASIC_
1791670155.571 10551 16870 16986 D ApsAdapter, APSClientKeyBase: key: addframebuff_params_STRING_BASIC_ARRAYVALUE_
1791670155.571 10551 16870 16986 D ApsAdapter, APSClientKeyBase: key: addframebuff_result_INT_BASIC_
1791670155.571 10551 16870 16986 D ApsAdapter, APSClientKeyBase: key: processimages_watermarkbuffer_BYTE_BASIC_ARRAY_
1791670155.571 10551 16870 16986 D ApsAdapter, APSClientKeyBase: key: processimages_watermarkbuffer_top_BYTE_BASIC_ARRAY_
1791670155.571 10551 16870 16986 D ApsAdapter, APSClientKeyBase: key: processimages_watermarkbuffer_right_BYTE_BASIC_ARRAY_
1791670155.571 10551 16870 16986 D ApsAdapter, APSClientKeyBase: key: processimages_watermarkbuffer_bottom_BYTE_BASIC_ARRAY_
1791670155.571 10551 16870 16986 D ApsAdapter, APSClientKeyBase: key: processimages_watermarkbuffer_overlay_BYTE_BASIC_ARRAY_
1791670155.571 10551 16870 16986 D ApsAdapter, APSClientKeyBase: key: processimages_watermarkbuffer_background_BYTE_BASIC_ARRAY_
1791670155.571 10551 16870 16986 D ApsAdapter, APSClientKeyBase: key: processimages_watermark_left_elements_BYTE_BASIC_ARRAY_
1791670155.571 10551 16870 16986 D ApsAdapter, APSClientKeyBase: key: processimages_watermark_top_elements_BYTE_BASIC_ARRAY_
1791670155.571 10551 16870 16986 D ApsAdapter, APSClientKeyBase: key: processimages_watermark_right_elements_BYTE_BASIC_ARRAY_
1791670155.571 10551 16870 16986 D ApsAdapter, APSClientKeyBase: key: processimages_watermark_bottom_elements_BYTE_BASIC_ARRAY_
1791670155.571 10551 16870 16986 D ApsAdapter, APSClientKeyBase: key: processimages_watermark_overlay_elements_BYTE_BASIC_ARRAY_
1791670155.571 10551 16870 16986 D ApsAdapter, APSClientKeyBase: key: processimages_watermark_background_elements_BYTE_BASIC_ARRAY_
1791670155.571 10551 16870 16986 D ApsAdapter, APSClientKeyBase: key: processimages_params_STRING_BASIC_ARRAYVALUE_
1791670155.571 10551 16870 16986 D ApsAdapter, APSClientKeyBase: key: executeDeferJob_params_STRING_BASIC_ARRAYVALUE_
1791670155.571 10551 16870 16986 D ApsAdapter, APSClientKeyBase: key: executeDeferJob_result_STRING_BASIC_ARRAYVALUE_
1791670155.571 10551 16870 16986 D ApsAdapter, APSClientKeyBase: key: executeDeferJob_executeDeferJobCmd_INT_BASIC_
1791670155.571 10551 16870 16986 D ApsAdapter, APSClientKeyBase: key: previewdecision_params_STRING_BASIC_ARRAYVALUE_
1791670155.571 10551 16870 16986 D ApsAdapter, APSClientKeyBase: key: previewdecision_cameraMetadata_CAMERAMETADATA_OBJECT_
1791670155.571 10551 16870 16986 D ApsAdapter, APSClientKeyBase: key: previewdecision_result_STRING_BASIC_ARRAYVALUE_
1791670155.569 10551 16870 16944 I OCAM_CameraCharacteristicsUtil: initCameraInfo, cameraType: rear_mono_1, cameraId: 13, isFront: false
1791670155.571 10551 16870 16986 D ApsAdapter, APSClientKeyBase: key: addpreviewframebuff_imageBufferArray_IMAGEBUFFER_OBJECT_ARRAY_
1791670155.571 10551 16870 16986 D ApsAdapter, APSClientKeyBase: key: addpreviewframebuff_metaBufferObj_IMAGEBUFFER_OBJECT_
1791670155.571 10551 16870 16986 D ApsAdapter, APSClientKeyBase: key: addpreviewframebuff_metaImage_IMAGE_OBJECT_
1791670155.571 10551 16870 16986 D ApsAdapter, APSClientKeyBase: key: addpreviewframebuff_metaBuffer_HARDWAREBUFFER_OBJECT_
1791670155.571 10551 16870 16986 D ApsAdapter, APSClientKeyBase: key: addpreviewframebuff_metaObj_CAPTURERESULT_OBJECT_
1791670155.571 10551 16870 16986 D ApsAdapter, APSClientKeyBase: key: addpreviewframebuff_roleVector_INT_BASIC_ARRAY_
1791670155.571 10551 16870 16986 D ApsAdapter, APSClientKeyBase: key: addpreviewframebuff_physicalIdVector_INT_BASIC_ARRAY_
1791670155.571 10551 16870 16986 D ApsAdapter, APSClientKeyBase: key: addpreviewframebuff_metaMap_CAMERAMETADATA_OBJECT_ARRAYMAP_
1791670155.571 10551 16870 16986 D ApsAdapter, APSClientKeyBase: key: addpreviewframebuff_watermarkbuffer_BYTE_BASIC_ARRAY_
1791670155.571 10551 16870 16986 D ApsAdapter, APSClientKeyBase: key: addpreviewframebuff_params_STRING_BASIC_ARRAYVALUE_
1791670155.571 10551 16870 16986 D ApsAdapter, APSClientKeyBase: key: addpreviewframebuff_result_INT_BASIC_
1791670155.571 10551 16870 16986 D ApsAdapter, APSClientKeyBase: key: attachpreviewsurface_targetCameraLogicId_INT_BASIC_
1791670155.571 10551 16870 16986 D ApsAdapter, APSClientKeyBase: key: attachpreviewsurface_previewSurface_SURFACE_OBJECT_
1791670155.571 10551 16870 16986 D ApsAdapter, APSClientKeyBase: key: attachpreviewsurface_previewSurfaceHash_INT_BASIC_
1791670155.571 10551 16870 16986 D ApsAdapter, APSClientKeyBase: key: detachpreviewsurface_targetCameraLogicId_INT_BASIC_
1791670155.571 10551 16870 16986 D ApsAdapter, APSClientKeyBase: key: stop_result_INT_BASIC_
1791670155.571 10551 16870 16986 D ApsAdapter, APSClientKeyBase: key: runtimeinfo_mInputMemSize_INT_BASIC_
1791670155.571 10551 16870 16986 D ApsAdapter, APSClientKeyBase: key: runtimeinfo_mSingleAlgoMaxRunMem_INT_BASIC_
1791670155.571 10551 16870 16986 D ApsAdapter, APSClientKeyBase: key: runtimeinfo_mTotalTimeEstimate_INT_BASIC_
1791670155.571 10551 16870 16986 D ApsAdapter, APSClientKeyBase: key: runtimeinfo_mProcessCntPending_INT_BASIC_
1791670155.571 10551 16870 16986 D ApsAdapter, APSClientKeyBase: key: setenableapspipeline_params_STRING_BASIC_ARRAYVALUE_
1791670155.571 10551 16870 16986 D ApsAdapter, APSClientKeyBase: key: setenableapspipeline_result_INT_BASIC_
1791670155.571 10551 16870 16986 D ApsAdapter, APSClientKeyBase: key: setenableapsalgonode_params_STRING_BASIC_ARRAYVALUE_
1791670155.571 10551 16870 16986 D ApsAdapter, APSClientKeyBase: key: setenableapsalgonode_result_INT_BASIC_
1791670155.571 10551 16870 16986 D ApsAdapter, APSClientKeyBase: key: beforecapture_params_STRING_BASIC_ARRAYVALUE_
1791670155.571 10551 16870 16986 D ApsAdapter, APSClientKeyBase: key: beforecapture_result_INT_BASIC_
1791670155.571 10551 16870 16986 D ApsAdapter, APSClientKeyBase: key: processbitmap_params_STRING_BASIC_ARRAYVALUE_
1791670155.571 10551 16870 16986 D ApsAdapter, APSClientKeyBase: key: processbitmap_logicmetaobj_CAMERAMETADATA_OBJECT_
1791670155.571 10551 16870 16986 D ApsAdapter, APSClientKeyBase: key: processbitmap_bitmapobj_BITMAP_OBJECT_
1791670155.571 10551 16870 16986 D ApsAdapter, APSClientKeyBase: key: startcapture_params_STRING_BASIC_ARRAYVALUE_
1791670155.571 10551 16870 16986 D ApsAdapter, APSClientKeyBase: key: startcapture_result_INT_BASIC_
1791670155.571 10551 16870 16986 D ApsAdapter, APSClientKeyBase: key: getapsversion_result_STRING_BASIC_
1791670155.571 10551 16870 16986 D ApsAdapter, APSClientKeyBase: key: getdumpalgolist_params_INT_BASIC_
1791670155.571 10551 16870 16986 D ApsAdapter, APSClientKeyBase: key: getdumpalgolist_result_STRING_BASIC_ARRAYVALUE_
1791670155.571 10551 16870 16986 D ApsAdapter, APSClientKeyBase: key: setdumpflag_params_INT_BASIC_ARRAY_
1791670155.571 10551 16870 16986 D ApsAdapter, APSClientKeyBase: key: setdumpflag_params_INT_BASIC_
1791670155.571 10551 16870 16986 D ApsAdapter, APSClientKeyBase: key: setdumpflag_result_INT_BASIC_
1791670155.571 10551 16870 16986 E ApsAdapter, APSClient: APSClient, classloaderdalvik.system.PathClassLoader[DexPathList[[zip file "/system_ext/framework/com.oplus.camera.unit.sdk.jar"],nativeLibraryDirectories=[/data/app/~~pwrM1FFZPcTDtyIFM23IXQ==/com.oplus.camera-6To1ae9Bp6KmV_a4LzhBKw==/lib/arm64, /data/app/~~pwrM1FFZPcTDtyIFM23IXQ==/com.oplus.camera-6To1ae9Bp6KmV_a4LzhBKw==/base.apk!/lib/arm64-v8a, /system/lib64, /system_ext/lib64]]], mbAPSClientJNICmdVersion: true, jniVersion: V002.000.000
1791670155.572 10551 16870 16944 I CameraUnit, BaseMode: updateAllParameterRange, featureName: com.oplus.configure.video.3hdr, parameterName: com.oplus.configure.video.3hdr, configValue: [on], after convert: [on]
1791670155.572 10551 16870 16944 I CameraUnit, BaseMode: updateAllParameterRange, featureName: com.oplus.configure.video.fovc, parameterName: com.oplus.configure.video.fovc, configValue: [on, off], after convert: [on, off]
1791670155.572 10551 16870 16944 I CameraUnit, BaseMode: updateAllParameterRange, featureName: com.oplus.configure.video.stabilization, parameterName: com.oplus.configure.video.stabilization, configValue: [video_stabilization], after convert: [video_stabilization]
1791670155.572 10551 16870 16944 I CameraUnit, BaseMode: updateAllParameterRange, featureName: com.oplus.configure.video.fps, parameterName: com.oplus.configure.video.fps, configValue: [video_30fps, video_60fps], after convert: [video_30fps, video_60fps]
1791670155.572 10551 16870 16944 I CameraUnit, BaseMode: updateAllParameterRange, featureName: com.oplus.preview.focus.mode, parameterName: com.oplus.preview.focus.mode, configValue: [2, 3, 4], after convert: [2, 3, 4]
1791670155.572 10551 16870 16944 I CameraUnit, BaseMode: updateAllParameterRange, featureName: com.oplus.preview.flash.mode, parameterName: com.oplus.preview.flash.mode, configValue: [off, torch], after convert: [off, torch]
1791670155.572 10551 16870 16944 I CameraUnit, BaseMode: updateAllParameterRange, featureName: com.oplus.sat.none.zoom.ratio, parameterName: com.oplus.sat.none.zoom.ratio, configValue: [0.6f, 1.0f, 5.0f], after convert: [0.6, 1.0, 5.0]
1791670155.572 10551 16870 16944 D CameraUnit, VideoMode: createCameraDeviceInfo, cameraType: rear_sat
1791670155.572 10551 16870 16944 I OCAM_CameraCharacteristicsUtil: initCameraInfo, cameraType: rear_sat, cameraId: 12, isFront: false
1791670155.572 10551 16870 16961 D CameraUnit, StatisticsManager: report, mAppId: 20230, mEventId: start, params: {pack_name=com.oplus.camera, enter_time=1791670155572, rear_front=rear}
1791670155.572 10551 16870 16944 I CameraUnit, ModeFactory: createMode, name: multi_camera_mode
1791670155.573 10551 16870 16944 D CameraUnit, ModeFactory: getMode, mode name: multi_camera_mode
1791670155.573 10551 16870 16944 V CameraUnit, BaseMode: updateAllParameterRange, no need update
1791670155.573 10551 16870 16926 D OCAM_MemoryDataBuffer: MemoryDataBuffer: create MemoryDataBuffer at com.oplus.camera_statistics
1791670155.573 10416 16908 16908 D nativeloader: Configuring clns-9 for other apk /data/app/~~WGIMrW4r0QhAPfkVxjpq1g==/com.google.android.apps.adm-QKWqf7RxZyrPaCjoN2HA6Q==/base.apk:/data/app/~~WGIMrW4r0QhAPfkVxjpq1g==/com.google.android.apps.adm-QKWqf7RxZyrPaCjoN2HA6Q==/split_config.arm64_v8a.apk:/data/app/~~WGIMrW4r0QhAPfkVxjpq1g==/com.google.android.apps.adm-QKWqf7RxZyrPaCjoN2HA6Q==/split_config.en.apk:/data/app/~~WGIMrW4r0QhAPfkVxjpq1g==/com.google.android.apps.adm-QKWqf7RxZyrPaCjoN2HA6Q==/split_config.tr.apk:/data/app/~~WGIMrW4r0QhAPfkVxjpq1g==/com.google.android.apps.adm-QKWqf7RxZyrPaCjoN2HA6Q==/split_config.xxhdpi.apk. target_sdk_version=36, uses_libraries=, library_path=/data/app/~~WGIMrW4r0QhAPfkVxjpq1g==/com.google.android.apps.adm-QKWqf7RxZyrPaCjoN2HA6Q==/lib/arm64:/data/app/~~WGIMrW4r0QhAPfkVxjpq1g==/com.google.android.apps.adm-QKWqf7RxZyrPaCjoN2HA6Q==/base.apk!/lib/arm64-v8a:/data/app/~~WGIMrW4r0QhAPfkVxjpq1g==/com.google.android.apps.adm-QKWqf7RxZyrPaCjoN2HA6Q==/split_config.arm64_v8a.apk!/lib/arm64-v8a:/data/app/~~WGIMrW4r0QhAPfkVxjpq1g==/com
1791670155.573 10551 16870 16944 I OCAM_CameraCharacteristicsUtil: initCameraInfo, cameraType: rear_main_front_main, cameraId: 100, isFront: true
1791670155.573 10551 16870 16944 E OCAM_CameraCharacteristicsUtil: initCameraInfo, cameraType: rear_main_front_sub, cameraId: 101
1791670155.574 10303  4915  5301 V ShellDesktopMode: DesktopDisplayEventHandler: handlePotentialReconnect: default display; aborting.
1791670155.574  1000  4337  6576 D ConnectivityService: requestNetwork for uid/pid:10303/4915 asUid: 10551 activeRequest: null callbackRequest: 1385 [NetworkRequest [ REQUEST id=1386, [ Capabilities: INTERNET&NOT_RESTRICTED&TRUSTED&NOT_VCN_MANAGED&NOT_BANDWIDTH_CONSTRAINED Uid: 10551 RequestorUid: 10303 RequestorPkg: com.android.systemui UnderlyingNetworks: Null] ]] callback flags: 0 order: 2147483647 isUidTracked: false declaredMethods: AVAIL|BLK
1791670155.574 10303  4915  5301 V ShellDesktopMode: DesktopDisplayEventHandler: onKeyguardVisibilityChanged: defaultDeskDisplayIds=[0]
1791670155.574 10551 16870 16926 V OCAM_Performance: add, switchCameraPerformanceData: {"mCurCameraId":1,"mLastCameraId":0,"mSwitchCameraDuration":0}
1791670155.575 10303  4915  5301 V ShellDesktopMode: DesktopDisplayEventHandler: createDefaultDesksIfNeeded displays=[0] userId=null
1791670155.575 10303  4915  5301 V ShellDesktopMode: FullscreenReconnectHandler: handlePotentialReconnect: displayId=0, userId=0, reason=keyguard unlocked.
1791670155.576 10303  4915  5301 V ShellDesktopMode: FullscreenReconnectHandler: handlePotentialReconnect: No preserved display found for uniqueDisplayId=local:4630946292801050754; aborting.
1791670155.576 10303  4915  5301 V WindowManagerShell: PipDisplayReconnectHandler: handlePotentialReconnect: displayId=0, userId=0, reason= keyguard unlocked.
1791670155.576 10303  4915  5301 V WindowManagerShell: PipDisplayReconnectHandler: handlePotentialReconnect: No preserved display found for uniqueDisplayId=local:4630946292801050754; aborting.
1791670155.577 10551 16870 16926 W OCAM_Performance: readJankCpuInfo, some thing has error!android.os.PerformanceManager
1791670155.577 10551 16870 16961 I CameraUnit, CameraConfigHelper: initialize config X, spend time: 118
1791670155.577 10551 16870 16961 E CameraUnitLog: setIsVendorTagConfigInitialize : false > true
1791670155.577 10551 16870 16961 W CameraUnitLog: initLog, sbIsVendorTagConfigInitialize : true
1791670155.577 10551 16870 16961 W CameraUnitLog: initLog, autoTestLogOn:false, isLogOn:false, isTrialVersion():false, isConfigForceOpen:false, isPanic:false, isMpVersion:false
1791670155.578 10303  4915  5301 V ShellDesktopMode: DesktopDisplayEventHandler: shouldCreateOrWarmUpDesk skipping displayId=0 reason: desktop ineligible
1791670155.578 10551 16870 16926 V OplusTrack-OplusTrack: onCommon logTag is 204,eventID:switch_camera_performance,flagSendTo:1
1791670155.579  1000  4337  4481 W ActivityManager: Unable to start service Intent { xflg=0x4 cmp=com.nearme.statistics.rom/.service.ReceiverService (has extras) } U=0: not found
1791670155.579 10551 16870 16989 E ActivityThread: Failed to find provider info for com.oplus.statistics.provider
1791670155.579 10551 16870 16989 W OplusTrack-ContentProviderRecorder: not support content provider
1791670155.580  1000  4337  6575 W ActivityManager: Unable to start service Intent { xflg=0x4 cmp=com.nearme.statistics.rom/.service.ReceiverService (has extras) } U=0: not found
1791670155.582 10551 16870 16944 D OCAM_CameraCharacteristicsUtil: initCameraInfo, 2 front camera(s) found
1791670155.582 10551 16870 16944 V OCAM_OppoCamera_TRACE: traceEndSection, msg: initCameraInfo
1791670155.582 10551 16870 16944 V OCAM_CameraCharacteristicsUtil: initCameraInfo, sbInitializing: false
1791670155.582 10551 16870 16946 D OCAM_CameraCharacteristicsUtil: waitForInitialization() - end
1791670155.582 10551 16870 16944 D OCAM_CameraCharacteristicsUtil: initialize, sAllCameraIdTypeMap's size is error, clear cache
1791670155.582 10551 16870 16944 D OCAM_CameraCharacteristicsUtil: clearCameraIdTypeCache
1791670155.582 10551 16870 16944 V OCAM_OppoCamera_TRACE: traceBeginSection, msg: disableKeyThreadValue_16944
1791670155.582 10551 16870 16944 V OCAM_OppoCamera_TRACE: traceEndSection, msg: disableKeyThreadValue_16944
1791670155.585 10551 16870 16921 D OCAM_CameraCharacteristicsUtil: waitForInitialization() - end
1791670155.585 10551 16870 16870 D OCAM_CameraCharacteristicsUtil: waitForInitialization() - end
1791670155.585 10303  4915  5387 D Bubbles : handleKeyguardOrDreamChange isUnlockedShade=true keyguardShowing=false dreamingOrInPreview=false
1791670155.585 10551 16870 16870 V OCAM_FaceBeautyHelper: setCurrentModeCheck, sbCurrentModeSupportDoubleMode: true
1791670155.585 10551 16870 16921 D OCAM_FilterHelper: initialPortraitMonoFilter,rear_portrait_mono_1 id = 0, sbHasMono1 is false
1791670155.586 10551 16870 16921 V OCAM_FilterHelper: checkOtherAppEntryFilter E, sbFromOtherAppEntryCopy false
1791670155.586 10551 16870 16921 V OCAM_FilterHelper: checkOtherAppEntryFilter X
1791670155.586 10551 16870 16921 V OCAM_OppoCamera_TRACE: traceEndSection, msg: FilterHelper.init
1791670155.586 10551 16870 16921 V OCAM_OppoCamera_TRACE: traceEndSection, msg: initFilterHelper
1791670155.586 10551 16870 16921 V OCAM_OppoCamera_TRACE: traceEndSection, msg: initFilter
1791670155.587 10551 16870 16969 D OCAM_CameraCharacteristicsUtil: waitForInitialization() - end
1791670155.587 10551 16870 16969 V OCAM_OppoCamera_TRACE: traceEndSection, msg: ModeSwitcher.getCurrentSessionModeName.getLogicCameraId
1791670155.587 10551 16870 16969 V OCAM_ModeSwitcher: getCurrentProperCameraId, ProperCameraIdTrack, mode: common, cameraId: 1, currentProperCameraId: 1
1791670155.587 10551 16870 16969 V OCAM_OppoCamera_TRACE: traceEndSection, msg: OpenCamera.getCurrentProperCameraId
1791670155.587 10551 16870 16969 D OCAM_DeviceProcessor: openCamera, properCameraId: 1, cameraId: 1, openType: 0, folderOpen: false
1791670155.587 10551 16870 16969 V OCAM_OppoCamera_TRACE: traceBeginSection, msg: OpenCamera.getAndCachedCameraCharacteristics
1791670155.588 10551 16870 16969 V OCAM_OppoCamera_TRACE: traceBeginSection, msg: CameraCharacteristicsUtil.getCameraInfo.front_main
1791670155.588 10551 16870 16870 V OCAM_VideoMode: VideoMode, modeName: commonVideo, mRecordProcessor: bh.b0@2549a0a
1791670155.589 10551 16870 16870 E OCAM_ModeManager: setNewModeWhenStart, newMode: common
1791670155.589 10551 16870 16969 V OCAM_OppoCamera_TRACE: traceEndSection, msg: CameraCharacteristicsUtil.getCameraInfo.front_main
1791670155.589 10551 16870 16969 D OCAM_CameraCharacteristicsUtil: getCameraInfo, key: photo_mode_front_main, cameraDeviceInfo: com.oplus.ocs.camera.CameraDeviceInfo@2b0d27b
1791670155.589 10551 16870 16969 V OCAM_OppoCamera_TRACE: traceEndSection, msg: OpenCamera.getAndCachedCameraCharacteristics
1791670155.589 10551 16870 16969 V OCAM_OppoCamera_TRACE: traceBeginSection, msg: OpenCamera.CheckAlgoConfigStatus
1791670155.589 10551 16870 16969 V OCAM_MyApplication: checkPreviewConfigStatus X
1791670155.589 10551 16870 16969 V OCAM_OppoCamera_TRACE: traceEndSection, msg: OpenCamera.CheckAlgoConfigStatus
1791670155.589 10551 16870 16870 V OCAM_FeatureManager: doActionWhenModeExit
1791670155.590 10551 16870 16870 V OCAM_OppoCamera_TRACE: traceBeginSection, msg: doActionWhenModeExit
1791670155.590 10551 16870 16969 V OCAM_DeviceProcessor: openCamera, normal open
1791670155.590 10551 16870 16969 W OCAM_CameraCore: openCamera, ID: 1
1791670155.590 10551 16870 16969 V OCAM_CameraCore: changeDeviceState, -1 -> 1
1791670155.590 10551 16870 16969 I OCAM_OneCameraImpl: openCamera, cameraId: 1, this: v6.a1@b8d4898
1791670155.590 10551 16870 16969 I OCAM_OneCameraImpl: openCamera, normal open
1791670155.590 10551 16870 16969 W OCAM_OneCameraImpl: openCamera start, cameraId: 1, cameraType: front_main, mCameraUnitClient: com.oplus.ocs.camera.CameraUnitClient@4d668f1
1791670155.590 10551 16870 16969 V OCAM_OppoCamera_TRACE: traceBeginSection, msg: CameraStartupPerformance.openCamera
1791670155.591 10551 16870 16926 V OCAM_LaunchPerformance: setOpenCameraTime, sOpenCameraTime: 1791670155590
1791670155.591 10551 16870 16870 W OCAM_FeatureManager: updateConfigure, supported featureList: [com.oplus.camera.feature.quick_video, com.oplus.camera.feature.google_lens, com.oplus.camera.feature.remosaic, com.oplus.camera.feature.focus_exposure, com.oplus.camera.feature.zoom, com.oplus.camera.feature.gesture_recognition, com.oplus.camera.feature.filter, com.oplus.camera.feature.ae_af_lock, com.oplus.camera.feature.qr_code_scanner, com.oplus.camera.feature.front_light_effect, com.oplus.camera.feature.beauty, com.oplus.camera.feature.live_photo, com.oplus.camera.feature.lens_dirty, com.oplus.preview.capture.ai, com.oplus.camera.feature.face_detect, com.oplus.preview.focus.mode, com.oplus.preview.capture.hdrMode, com.oplus.camera.feature.frame_ratio, com.oplus.camera.feature.assist_view, com.oplus.camera.feature.time_shutter, com.oplus.camera.feature.ai_scene, com.oplus.camera.feature.dark_detect, com.oplus.preview.flash.mode], modeName: common, targetCameraId: 1, cameraType: front_main, modeNameForCameraUnit: photo_mode
1791670155.591 10551 16870 16870 V OCAM_OppoCamera_TRACE: traceBeginSection, msg: generateFeatures
1791670155.591 10551 16870 16870 V OCAM_FeatureManager: generateFeatures
1791670155.591 10551 16870 16870 D OCAM_FeatureFactory: getFeatureByFeatureName, featureName: com.oplus.camera.feature.quick_video E
1791670155.591 10551 16870 16924 V OCAM_OppoCamera_TRACE: traceBeginSection, msg: generateFeatures-child
1791670155.591 10551 16870 16924 V OCAM_OppoCamera_TRACE: traceBeginSection, msg: generateFeatures-child
1791670155.591 10551 16870 16924 D OCAM_FeatureFactory: getFeatureByFeatureName, featureName: com.oplus.camera.feature.google_lens E
1791670155.591 10551 16870 16947 E CameraUnit, CameraConfigure: initialize, configParseVersion: 1, cost time: 143
1791670155.592 10551 16870 16870 D OCAM_FeatureFactory: getFeatureByFeatureName, featureName: com.oplus.camera.feature.quick_video X
1791670155.592 10551 16870 16870 V OCAM_BaseFeaturePresenter: setFeatureListener, featureListener: tg.p0@7897755 mode: common
1791670155.592 10551 16870 16870 D OCAM_FeatureFactory: getFeatureByFeatureName, featureName: com.oplus.camera.feature.remosaic E
1791670155.592 10551 16870 16870 D OCAM_FeatureFactory: getFeatureByFeatureName, featureName: com.oplus.camera.feature.remosaic X
1791670155.592 10551 16870 16870 V OCAM_BaseFeaturePresenter: setFeatureListener, featureListener: tg.p0@7897755 mode: common
1791670155.592 10551 16870 16870 D OCAM_FeatureFactory: getFeatureByFeatureName, featureName: com.oplus.camera.feature.focus_exposure E
1791670155.592 10551 16870 16870 D OCAM_FeatureFactory: getFeatureByFeatureName, featureName: com.oplus.camera.feature.focus_exposure X
1791670155.593 10551 16870 16870 V OCAM_BaseFeaturePresenter: setFeatureListener, featureListener: tg.p0@7897755 mode: common
1791670155.593 10551 16870 16870 D OCAM_FeatureFactory: getFeatureByFeatureName, featureName: com.oplus.camera.feature.zoom E
1791670155.593 10551 16870 16924 D OCAM_FeatureFactory: getFeatureByFeatureName, featureName: com.oplus.camera.feature.google_lens X
1791670155.593 10551 16870 16924 V OCAM_BaseFeaturePresenter: setFeatureListener, featureListener: tg.p0@7897755 mode: common
1791670155.593 10551 16870 16924 D OCAM_FeatureFactory: getFeatureByFeatureName, featureName: com.oplus.camera.feature.gesture_recognition E
1791670155.593 10551 16870 16870 D OCAM_FeatureFactory: getFeatureByFeatureName, featureName: com.oplus.camera.feature.zoom X
1791670155.593 10551 16870 16870 V OCAM_BaseFeaturePresenter: setFeatureListener, featureListener: tg.p0@7897755 mode: common
1791670155.593 10551 16870 16870 D OCAM_FeatureFactory: getFeatureByFeatureName, featureName: com.oplus.camera.feature.filter E
1791670155.593 10551 16870 16870 D OCAM_FeatureFactory: getFeatureByFeatureName, featureName: com.oplus.camera.feature.filter X
1791670155.593 10551 16870 16870 V OCAM_BaseFeaturePresenter: setFeatureListener, featureListener: tg.p0@7897755 mode: common
1791670155.593 10551 16870 16870 D OCAM_FeatureFactory: getFeatureByFeatureName, featureName: com.oplus.camera.feature.ae_af_lock E
1791670155.593 10551 16870 16870 D OCAM_FeatureFactory: getFeatureByFeatureName, featureName: com.oplus.camera.feature.ae_af_lock X
1791670155.593 10551 16870 16870 D OCAM_FeatureFactory: getFeatureByFeatureName, featureName: com.oplus.camera.feature.qr_code_scanner E
1791670155.594 10551 16870 16870 D OCAM_FeatureFactory: getFeatureByFeatureName, featureName: com.oplus.camera.feature.qr_code_scanner X
1791670155.594 10551 16870 16870 V OCAM_BaseFeaturePresenter: setFeatureListener, featureListener: tg.p0@7897755 mode: common
1791670155.594 10551 16870 16870 D OCAM_FeatureFactory: getFeatureByFeatureName, featureName: com.oplus.camera.feature.front_light_effect E
1791670155.594 10551 16870 16870 D OCAM_FeatureFactory: getFeatureByFeatureName, featureName: com.oplus.camera.feature.front_light_effect X
1791670155.594 10551 16870 16870 V OCAM_BaseFeaturePresenter: setFeatureListener, featureListener: tg.p0@7897755 mode: common
1791670155.594 10551 16870 16870 D OCAM_FeatureFactory: getFeatureByFeatureName, featureName: com.oplus.camera.feature.beauty E
1791670155.594 10551 16870 16924 D OCAM_FeatureFactory: getFeatureByFeatureName, featureName: com.oplus.camera.feature.gesture_recognition X
1791670155.594 10551 16870 16924 V OCAM_BaseFeaturePresenter: setFeatureListener, featureListener: tg.p0@7897755 mode: common
1791670155.594 10551 16870 16924 D OCAM_FeatureFactory: getFeatureByFeatureName, featureName: com.oplus.camera.feature.live_photo E
1791670155.594 10551 16870 16870 D OCAM_FaceBeautyUIManager: FaceBeautyUIManager constructor
1791670155.594 10551 16870 16924 E OCAM_LivePhotoPresenter: CACHE_LIVE_PHOTO_DIR:/data/vendor/camera_process/0/
1791670155.595 10551 16870 16870 D OCAM_FeatureFactory: getFeatureByFeatureName, featureName: com.oplus.camera.feature.beauty X
1791670155.595 10551 16870 16870 V OCAM_BaseFeaturePresenter: setFeatureListener, featureListener: tg.p0@7897755 mode: common
1791670155.595 10551 16870 16870 D OCAM_FeatureFactory: getFeatureByFeatureName, featureName: com.oplus.camera.feature.lens_dirty E
1791670155.595 10551 16870 16870 D OCAM_FeatureFactory: getFeatureByFeatureName, featureName: com.oplus.camera.feature.lens_dirty X
1791670155.595 10551 16870 16870 V OCAM_BaseFeaturePresenter: setFeatureListener, featureListener: tg.p0@7897755 mode: common
1791670155.595 10551 16870 16870 D OCAM_FeatureFactory: getFeatureByFeatureName, featureName: com.oplus.preview.capture.ai E
1791670155.595 10551 16870 16870 D OCAM_FeatureFactory: getFeatureByFeatureName, featureName: com.oplus.preview.capture.ai X
1791670155.595 10551 16870 16870 D OCAM_FeatureFactory: getFeatureByFeatureName, featureName: com.oplus.camera.feature.face_detect E
1791670155.595 10551 16870 16870 D OCAM_FeatureFactory: getFeatureByFeatureName, featureName: com.oplus.camera.feature.face_detect X
1791670155.595 10551 16870 16870 V OCAM_BaseFeaturePresenter: setFeatureListener, featureListener: tg.p0@7897755 mode: common
1791670155.595 10551 16870 16870 D OCAM_FeatureFactory: getFeatureByFeatureName, featureName: com.oplus.preview.focus.mode E
1791670155.595 10551 16870 16870 D OCAM_FeatureFactory: getFeatureByFeatureName, featureName: com.oplus.preview.focus.mode X
1791670155.595 10551 16870 16870 D OCAM_FeatureFactory: getFeatureByFeatureName, featureName: com.oplus.preview.capture.hdrMode E
1791670155.595 10551 16870 16946 W VideoCapabilities: Unrecognized profile/level 0/3 for video/mpeg2
1791670155.595 10551 16870 16870 V OCAM_HdrPresenter: mode: common, camera ID: 1, bokeh: false, video: false
1791670155.595 10551 16870 16870 D OCAM_MemoryDataBuffer: MemoryDataBuffer: create MemoryDataBuffer at com.oplus.camera_preferences_1
1791670155.595 10551 16870 16924 D OCAM_FeatureFactory: getFeatureByFeatureName, featureName: com.oplus.camera.feature.live_photo X
1791670155.595 10551 16870 16924 V OCAM_BaseFeaturePresenter: setFeatureListener, featureListener: tg.p0@7897755 mode: common
1791670155.596 10551 16870 16924 D OCAM_FeatureFactory: getFeatureByFeatureName, featureName: com.oplus.camera.feature.frame_ratio E
1791670155.596 10551 16870 16870 D OCAM_FeatureFactory: getFeatureByFeatureName, featureName: com.oplus.preview.capture.hdrMode X
1791670155.596 10551 16870 16870 V OCAM_BaseFeaturePresenter: setFeatureListener, featureListener: tg.p0@7897755 mode: common
1791670155.596 10551 16870 16870 D OCAM_FeatureFactory: getFeatureByFeatureName, featureName: com.oplus.camera.feature.assist_view E
1791670155.596 10551 16870 16870 D OCAM_FeatureFactory: getFeatureByFeatureName, featureName: com.oplus.camera.feature.assist_view X
1791670155.596 10551 16870 16924 D OCAM_FeatureFactory: getFeatureByFeatureName, featureName: com.oplus.camera.feature.frame_ratio X
1791670155.596 10551 16870 16870 V OCAM_BaseFeaturePresenter: setFeatureListener, featureListener: tg.p0@7897755 mode: common
1791670155.596 10551 16870 16870 D OCAM_FeatureFactory: getFeatureByFeatureName, featureName: com.oplus.camera.feature.time_shutter E
1791670155.596 10551 16870 16924 V OCAM_BaseFeaturePresenter: setFeatureListener, featureListener: tg.p0@7897755 mode: common
1791670155.596 10551 16870 16924 D OCAM_FeatureFactory: getFeatureByFeatureName, featureName: com.oplus.camera.feature.ai_scene E
1791670155.596 10551 16870 16924 D OCAM_FeatureFactory: getFeatureByFeatureName, featureName: com.oplus.camera.feature.ai_scene X
1791670155.596 10551 16870 16924 V OCAM_BaseFeaturePresenter: setFeatureListener, featureListener: tg.p0@7897755 mode: common
1791670155.596 10551 16870 16924 D OCAM_FeatureFactory: getFeatureByFeatureName, featureName: com.oplus.camera.feature.dark_detect E
1791670155.596 10551 16870 16924 D OCAM_FeatureFactory: getFeatureByFeatureName, featureName: com.oplus.camera.feature.dark_detect X
1791670155.596 10551 16870 16924 V OCAM_BaseFeaturePresenter: setFeatureListener, featureListener: tg.p0@7897755 mode: common
1791670155.596 10551 16870 16924 D OCAM_FeatureFactory: getFeatureByFeatureName, featureName: com.oplus.preview.flash.mode E
1791670155.596 10551 16870 16870 D OCAM_FeatureFactory: getFeatureByFeatureName, featureName: com.oplus.camera.feature.time_shutter X
1791670155.596 10551 16870 16870 V OCAM_BaseFeaturePresenter: setFeatureListener, featureListener: tg.p0@7897755 mode: common
1791670155.596 10551 16870 16947 V OCAM_OppoCamera_TRACE: traceBeginSection, msg: disableKeyThreadValue_16947
1791670155.596 10551 16870 16947 V OCAM_OppoCamera_TRACE: traceEndSection, msg: disableKeyThreadValue_16947
1791670155.597 10551 16870 16924 D OCAM_FlashPresenter: FlashPresenter, mModeName common cameraId 1
1791670155.597 10551 16870 16924 D OCAM_FeatureFactory: getFeatureByFeatureName, featureName: com.oplus.preview.flash.mode X
1791670155.597 10551 16870 16924 V OCAM_BaseFeaturePresenter: setFeatureListener, featureListener: tg.p0@7897755 mode: common
1791670155.597 10551 16870 16924 V OCAM_OppoCamera_TRACE: traceEndSection, msg: generateFeatures-child
1791670155.597 10551 16870 16870 V OCAM_FeatureManager: generateFeatures X
1791670155.597 10551 16870 16924 V OCAM_OppoCamera_TRACE: traceEndSection, msg: generateFeatures-child
1791670155.597 10551 16870 16870 V OCAM_OppoCamera_TRACE: traceEndSection, msg: generateFeatures
1791670155.597 10551 16870 16870 V OCAM_OppoCamera_TRACE: traceEndSection, msg: doActionWhenModeExit
1791670155.597 10551 16870 16870 V OCAM_FeatureManager: doActionWhenModeExit X
1791670155.597 10551 16870 16870 I OCAM_RunningMode: setCurrentMode, mode: tg.p0@7897755
1791670155.597 10416 16908 16908 I GameProps: Game props config loaded, games=1, enabled=false
1791670155.597 10551 16870 16946 W VideoCapabilities: Unsupported mime image/vnd.android.heic
1791670155.597 10551 16870 16870 V OCAM_OppoCamera_TRACE: traceBeginSection, msg: initialize.HintControlInit
1791670155.597 10551 16870 16870 V OCAM_OppoCamera_TRACE: traceEndSection, msg: initialize.HintControlInit
1791670155.597 10551 16870 16870 V OCAM_OppoCamera_TRACE: traceBeginSection, msg: initialize.setContentView
1791670155.600 10551 16870 16870 D CompatChangeReporter: Compat change id reported: 309578419; UID 10551; state: ENABLED
1791670155.604 10551 16870 16870 D OCAM_AddonCompatUtil: surfaceCreated, excluded from snapshot
1791670155.605 10551 16870 16870 D OCAM_AddonCompatUtil: surfaceCreated, excluded from snapshot
1791670155.605 10416 16908 16908 V GraphicsEnvironment: Currently set values for:
1791670155.605 10416 16908 16908 V GraphicsEnvironment:   angle_gl_driver_selection_pkgs=[]
1791670155.605 10416 16908 16908 V GraphicsEnvironment:   angle_gl_driver_selection_values=[]
1791670155.605 10416 16908 16908 V GraphicsEnvironment: com.google.android.apps.adm is not listed in per-application setting
1791670155.605 10416 16908 16908 V GraphicsEnvironment: No special selections for ANGLE, returning default driver choice
1791670155.606 10416 16908 16908 V GraphicsEnvironment: Neither updatable production driver nor prerelease driver is supported.
1791670155.610 10551 16870 16870 D OCAM_InverseManager: registerInverse, context.hashCode(): 246667242, mInverseViewMap: 2, inverseType: common
1791670155.610  1000  4337  4574 D WifiNetworkFactory: got request NetworkRequest [ REQUEST id=1386, [ Capabilities: INTERNET&NOT_RESTRICTED&TRUSTED&NOT_VCN_MANAGED&NOT_BANDWIDTH_CONSTRAINED Uid: 10551 RequestorUid: 10303 RequestorPkg: com.android.systemui UnderlyingNetworks: Null] ]
1791670155.610 10551 16870 16969 E CameraUnit, ProducerImpl: ProducerImpl, classloader: dalvik.system.PathClassLoader[DexPathList[[zip file "/system_ext/framework/com.oplus.camera.unit.sdk.jar"],nativeLibraryDirectories=[/data/app/~~pwrM1FFZPcTDtyIFM23IXQ==/com.oplus.camera-6To1ae9Bp6KmV_a4LzhBKw==/lib/arm64, /data/app/~~pwrM1FFZPcTDtyIFM23IXQ==/com.oplus.camera-6To1ae9Bp6KmV_a4LzhBKw==/base.apk!/lib/arm64-v8a, /system/lib64, /system_ext/lib64]]]
1791670155.611  1000  4337  4574 D UntrustedWifiNetworkFactory: got request NetworkRequest [ REQUEST id=1386, [ Capabilities: INTERNET&NOT_RESTRICTED&TRUSTED&NOT_VCN_MANAGED&NOT_BANDWIDTH_CONSTRAINED Uid: 10551 RequestorUid: 10303 RequestorPkg: com.android.systemui UnderlyingNetworks: Null] ]
1791670155.611 10551 16870 16870 V OCAM_MainShutterButton: setButtonTypeAndInvalidate, mShutterButtonType: 1, mInfoInsideColor: button_color_inside_white, mRingShape: button_shape_ring_none, mInfoRingColor: button_color_ring_default, mInfoInsideRectColor: 1, mbMoreModeShown: false, mBackgroundColor: button_color_background_default
1791670155.611 10551 16870 16870 V OCAM_MainShutterButton: setButtonType, type: 1 => 1
1791670155.612 10551 16870 16870 V OCAM_CameraThreadExector: thread name: countTimePaintInit
1791670155.612  1000  4337  4574 D OemPaidWifiNetworkFactory: got request NetworkRequest [ REQUEST id=1386, [ Capabilities: INTERNET&NOT_RESTRICTED&TRUSTED&NOT_VCN_MANAGED&NOT_BANDWIDTH_CONSTRAINED Uid: 10551 RequestorUid: 10303 RequestorPkg: com.android.systemui UnderlyingNetworks: Null] ]
1791670155.613  1000  4337  4574 D MultiInternetWifiNetworkFactory: got request NetworkRequest [ REQUEST id=1386, [ Capabilities: INTERNET&NOT_RESTRICTED&TRUSTED&NOT_VCN_MANAGED&NOT_BANDWIDTH_CONSTRAINED Uid: 10551 RequestorUid: 10303 RequestorPkg: com.android.systemui UnderlyingNetworks: Null] ]
1791670155.613  1000  4337  4582 D ConnectivityService: NetReassign [1386 : null → 100] [c 0] [a 10] [i 19]
1791670155.614 10551 16870 16946 W VideoCapabilities: Unrecognized profile/level 0/3 for video/mpeg2
1791670155.615 10551 16870 16946 W VideoCapabilities: Unrecognized profile/level 0/3 for video/mpeg2
1791670155.615 10551 16870 16870 D OCAM_InverseManager: registerInverse, context.hashCode(): 246667242, mInverseViewMap: 3, inverseType: background
1791670155.616 10551 16870 16946 W VideoCapabilities: Unsupported mime image/vnd.android.heic
1791670155.617 10551 16870 16870 D OCAM_InverseManager: registerInverse, context.hashCode(): 246667242, mInverseViewMap: 4, inverseType: background
1791670155.617 10551 16870 16946 W VideoCapabilities: Unsupported mime image/vnd.android.heic
1791670155.619 10551 16870 16870 V OCAM_OppoCamera_TRACE: traceEndSection, msg: initialize.setContentView
1791670155.619 10551 16870 16870 V OCAM_ModeManager: onBeforeCameraCoreCreated
1791670155.619 10551 16870 16870 V OCAM_OppoCamera_TRACE: traceBeginSection, msg: ModeManager.init
1791670155.619 10551 16870 16870 V OCAM_CameraUIManager: onCreateCameraPriorityUI
1791670155.619 10551 16870 16986 I APS core: persist.sys.assert.panic() persist.camera.assert.panic() ro.build.release_type()ro.version.confidential() persist.sys.log.user() mpVersion(0) needOpenDebugLogInMp(0) needOpenDebugLogInDev(0) needOpenDebugLogInPre(0) isPreVersion(0)
1791670155.619 10551 16870 16870 V OCAM_OppoCamera_TRACE: traceBeginSection, msg: UIManager.onCreateCameraPriorityUI
1791670155.619 10551 16870 16870 I OCAM_HintManager: hideLooperCameraScreenHintText
1791670155.619 10551 16870 16870 I OCAM_HintManager: hideHint:false
1791670155.619 10551 16870 16870 D OCAM_HintManager: invalidateAllHint, mAllHint: [], mTempCompatibleHint: [], mTempHint: [], mConditionHint: [], mSpecialHint: [], mNightHint: []
1791670155.620 10551 16870 16870 V OCAM_PreviewRenderer: requestLayoutContentPane, mRenderLock.lock()
1791670155.620 10551 16870 16870 V OCAM_PreviewRenderer: requestLayoutContentPane, mRenderLock.unlock()
1791670155.620 10551 16870 16870 I OCAM_BaseGLProcessor: startThread, threadName:PreviewGLThread
1791670155.620 10551 16870 16870 V OCAM_BaseScreenMode_COMMON0: getPreviewRegionRectByKey, key: PreviewRegionKey{mPreviewWidth=0, mPreviewHeight=0, mScreenWidth=1440, mScreenHeight=3216, mbLowRack=false, mCaptureMode=null, mClassName='COMMON0'}, rect: null, mPreviewRegionMap: 0
1791670155.621 10551 16870 16870 D OCAM_CommonBaseScreenMode: getPreviewRegion, ratioType: -1, ratio: NaN, screenRatio: 2.2333333, aspectTolerance: 0.03
1791670155.621 10551 16870 16870 W OCAM_LayoutUtil: getPreviewTopMargin, ratio is -1, so return 0.
1791670155.621 10551 16870 16870 E OCAM_BaseScreenMode_COMMON0: ratioType is invalid, so do not save this rect Rect(0, 320 - 1440, 320), it's incorrect!
1791670155.621 10551 16870 16870 V OCAM_OppoCamera_TRACE: traceEndSection, msg: UIManager.onCreateCameraPriorityUI
1791670155.621 10551 16870 16870 I OCAM_PreviewRenderer: createCameraScreenNail, frontCamera: true, displayOrientation: 90
1791670155.621 10551 16870 16870 V OCAM_PreviewAnimManager: setNeedAnim, needAnim: false
1791670155.622 10551 16870 16870 V OCAM_SurfaceTextureScreenNail: setDisplayOrientation, orientation: 90
1791670155.622 10551 16870 16870 V OCAM_OppoCamera_TRACE: traceEndSection, msg: ModeManager.init
1791670155.622 10551 16870 16870 V OCAM_FeatureManager: doActionWhenModeEnter
1791670155.622 10551 16870 16969 V OCAM_OppoCamera_TRACE: traceEndSection, msg: CameraStartupPerformance.openCamera
1791670155.622 10551 16870 17000 D OCAM_ThreadManager: setUxThreadValue: pid is: 16870, tid is 17000 value is 130, keyThreadTag: CustomGLThread
1791670155.622 10551 16870 17000 I OCAM_GLThread: glThread run start
1791670155.622 10551 16870 16870 V OCAM_OppoCamera_TRACE: traceBeginSection, msg: doActionWhenModeEnter
1791670155.623 10551 16870 16965 V OCAM_DeviceProcessor: onCameraOpenActionDone, enterRearCamera: true
1791670155.623 10551 16870 16870 V OCAM_OppoCamera_TRACE: traceEndSection, msg: doActionWhenModeEnter
1791670155.623 10551 16870 16870 V OCAM_FeatureManager: doActionWhenModeEnter X
1791670155.623 10551 16870 17000 I OCAM_GLThread: guardedRun, noticed surfaceView surface lost tid: 1792
1791670155.623 10551 16870 16870 V OCAM_p0_BaseMode: initCameraMode
1791670155.623 10551 16870 16870 V OCAM_CommonCapMode: onInitCameraMode
1791670155.623 10551 16870 16870 V OCAM_CommonCapMode: initMemory, mMaxMemory: 536870912
1791670155.623 10551 16870 16870 V OCAM_p0_BaseMode: setInBurstShotCapturing :false -> false
1791670155.623 10551 16870 16998 E CameraUnit, Camera2Impl: openCameraDevice, cameraId: 1
1791670155.624 10551 16870 16870 V OCAM_CommonVideoMode: checkSpecialEffectSwitch, face beauty is open
1791670155.624 10551 16870 16870 V OCAM_CommonVideoMode: restoreSpecialEffectStatus, isAnySwitchOn: true, isSavedStatus: true
1791670155.625 10551 16870 16870 I IPU_WatermarkProcessUnit: WatermarkProcessUnit
1791670155.625 10551 16870 17001 D OCAM_ThreadManager: setUxThreadValue: pid is: 16870, tid is 17001 value is 129, keyThreadTag: CameraHandlerThread
1791670155.625 10551 16870 16870 I IPU_WatermarkProcessUnit: WatermarkProcessUnit X, spend time: 0
1791670155.625 10551 16870 16870 D OCAM_SPDataBuffer: SPDataBuffer: create SPDataBuffer at rom_update_info
1791670155.625 10551 16870 16870 I IPU_WatermarkProcessUnit: init
1791670155.626 10551 16870 16870 V IPU_WM_LocationUtils: parseSensorAreaList
1791670155.626 10551 16870 16870 V IPU_WM_LocationUtils: parseSensorAreaConfigFromAsset
1791670155.627 10551 16870 16946 V OCAM_Util: isSupportH265Encoder, width: 7680, height: 4320, support: true
1791670155.627 10551 16870 16870 D IPU_WM_LocationUtils: getAssertData, path:sensor_area.json, streamNum:14386
1791670155.627 10551 16870 16946 V OCAM_DensityUtil: supportResolutionSwitch, getPhysicalWidth: 1080
1791670155.627 10551 16870 16946 V OCAM_DensityUtil: supportResolutionSwitch, getPhysicalWidth: 1440
1791670155.627 10551 16870 16946 D OCAM_DensityUtil: initializeDefaultDisplay, acquire sDefaultDensity: 640
1791670155.627 10551 16870 16946 D OCAM_DeviceUtil: updateFolderAngle, sFoldAngle: -1, sSensorAngle: -1
1791670155.627 10551 16870 16870 D IPU_WM_LocationUtils: getAssertData, path:sensor_area_replace.json, streamNum:18630
1791670155.627 10551 16870 16946 V OCAM_UpdateUtil: setInitState, sbInit: true
1791670155.627 10551 16870 16870 D IPU_WM_LocationUtils: getAssertData, path:common_area.json, streamNum:2429
1791670155.631 10551 16870 16870 V IPU_WM_LocationUtils: parseSensorAreaConfigFromAsset X
1791670155.631 10551 16870 16870 V IPU_WM_LocationUtils: parseSensorAreaList X
1791670155.631 10551 16870 16870 D IPU_WM_IpuDisplayManager: init: start
1791670155.631 10551 16870 16946 W libc    : Access denied finding property "vendor.camera.simulation.debug.state"
1791670155.631 10551 16870 16946 V OCAM_Util: initialize X
1791670155.631 10551 16870 16946 V OCAM_OppoCamera_TRACE: traceEndSection, msg: InitCameraConfigHeavyTask
1791670155.632 10551 16870 16946 D OCAM_TaskBusRunnable: TaskBusRunable.run executeTask: InitCameraConfigHeavyTask, cost time: 188ms.
1791670155.632 10551 16870 16946 D OCAM_TaskBus: needDisableUx: true corePoolSize: 4 mDoneTasks: 12 mAllTasksCls: 12 this:yh.c@802039
1791670155.632 10551 16870 16946 V OCAM_OppoCamera_TRACE: traceBeginSection, msg: disableKeyThreadValue_16946
1791670155.632 10551 16870 16946 V OCAM_OppoCamera_TRACE: traceEndSection, msg: disableKeyThreadValue_16946
1791670155.632 10551 16870 16946 V OCAM_OppoCamera_TRACE: traceEndSection, msg: InitCameraConfigHeavyTask
1791670155.633 10551 16870 16979 V OCAM_MyApplication: checkStopServiceStatus X
1791670155.637 10551 16870 16870 W libc    : Access denied finding property "ro.vendor.oplus.market.watermark"
1791670155.637 10551 16870 16870 W libc    : Access denied finding property "ro.vendor.oplus.market.enname"
1791670155.637 10551 16870 16870 W libc    : Access denied finding property "ro.vendor.oplus.market.name"
1791670155.637 10551 16870 16870 E IPU_WM_MarketNameInfo: getVendorMarketNameCache, sMarketNameCache: LE2127
1791670155.637 10551 16870 16870 V IPU_WM_MarketNameInfo: initMarketNameInfo, mMarketName: LE2127, colorFlag: , isRealMe: false, isDomestic: false
1791670155.638 10551 16870 16870 I IPU_WatermarkProcessUnit: init X, spend time: 13
1791670155.639 10551 16870 16870 E OCAM_p0_BaseMode: addEventObserver, mEventObserversHolder: d6.a2@e013dcd, this: tg.p0@7897755
1791670155.640  1047  4180 24272 I CameraService: CameraService::connect call (PID 16870 "com.oplus.camera", camera ID 1) and Camera API version 2
1791670155.640 10551 16870 16870 D OCAM_OtaUpdateManager: updateFromOtherAppData, start
1791670155.640 10551 16870 16870 D OCAM_OtaUpdateManager: updateFromOtherAppData, already updated
1791670155.640 10551 16870 16870 I OCAM_CameraCore: initialize X
1791670155.640 10551 16870 16870 V OCAM_OppoCamera_TRACE: traceEndSection, msg: CameraManager.initialize
1791670155.641 10551 16870 16870 V OCAM_CameraThreadExector: thread name: CameraUpdate
1791670155.642 10551 16870 16870 V OCAM_CameraEntry: getIntentLegacyId, mCameraEntryType: 1, cameraId from dataManager: 1
1791670155.642 10551 16870 16870 V OCAM_CameraEntry: getIntentLegacyId, mCameraEntryType: 1, final cameraId: 1
1791670155.642 10551 16870 16870 V OCAM_CameraThreadExector: thread name: CameraInit
1791670155.642 10551 16870 16870 E OCAM_OplusCamera: onSuperPreCreate, X this: com.oplus.camera.Camera@eb3d7ea
1791670155.642 10551 16870 16965 V OCAM_UpdateUtil: queryUpdateRomProvider, fileName: camera_update_app_operation
1791670155.642  1047  1635  3956 I CamX    : [ALWAYS_ON  ] opluscamxhwenvironment.cpp:530 LoadOPPackageName() [OP_EXT] mClientPackageName: 0, activityName:
1791670155.642 10551 16870 16947 W OCAM_OCAM_%s: initLog, sbAutoTestLogOnBySystemProperty:false, sbLogOn:false, sbLaoOn:false, sbAutoTestAllLogOnByInject:false, sbAutoTestLaoLogOnByInject:false, isTrialVersion():false, isConfigForceOpen:false, isPanic:false, isMpVersion:false
1791670155.642 10551 16870 16947 W CameraUnitLog: initLog, sbIsVendorTagConfigInitialize : true
1791670155.642 10551 16870 16947 W CameraUnitLog: initLog, autoTestLogOn:false, isLogOn:false, isTrialVersion():false, isConfigForceOpen:false, isPanic:false, isMpVersion:false
1791670155.642 10551 16870 16944 I MMKV    : Disable checkProcessMode()
1791670155.642 10551 16870 16947 W OCAM_TraceUtil: init, sbTraceOn: false, traceOn: false, autoTraceOn: false, isNotMPVersion: true, isForceLogOpen: false
1791670155.642 10551 16870 16947 D OplusTrack-OplusTrack: onError...
1791670155.642 10551 16870 16944 I MMKV    : <MMKV.cpp:198::initializeMMKV> root dir: /data/user/0/com.oplus.camera/files/mmkv
1791670155.643  1000  4337  4337 V WindowManager: AppCompatCamera: Camera 1 is open for package com.oplus.camera
1791670155.643  1047  4180 24272 I CameraProviderManager: Camera device device@3.5/legacy/1 torch status is now NOT_AVAILABLE
1791670155.643  1047  4180 24272 I CameraService: onTorchStatusChangedLocked: Torch status changed for cameraId=1, newStatus=0
1791670155.643  1047  4180 24272 E CameraService: onTorchStatusChangedLocked: cannot get torch status of camera 1: No such file or directory (-2)
1791670155.643  1047  1635  3956 I CamX    : [ALWAYS_ON  ] camxhal3.cpp:683 open() HalOp: Begin OPEN, logicalCameraId: 1, cameraId: 1
1791670155.644  1000  1703  1703 I libdisplayconfigqti: kSetCameraLaunchStatus
1791670155.644  1000  1703  1703 I libdisplayconfigqti: ParseSetCameraLaunchStatus
1791670155.644  1000  1703  1703 I SDM     : ResourceImpl::SetMaxBandwidthMode: new bandwidth mode=1
1791670155.644 10551 16870 16965 E ActivityThread: Failed to find provider info for com.oplus.romupdate.provider.db
1791670155.645  1047  1635  3956 I CamX    : [ALWAYS_ON  ] camxhal3.cpp:757 open() HalOp: End OPEN, logicalCameraId: 1, cameraId: 1
1791670155.645 10551 16870 16986 E APS_CORE: [ERROR][ ALGO_JNI ] APSInterface.cpp: 86  loadAPSAdapterLib()  gAPSAdapterOps.heifWinBufReflectJavaFlag: 0
1791670155.645 10551 16870 16986 W libc    : Access denied finding property "vendor.oplus.aps.refcount"
1791670155.645 10551 16870 16870 E OCAM_OplusCamera: onCreateTasks, E this: com.oplus.camera.Camera@eb3d7ea
1791670155.645 10551 16870 16965 E OCAM_UpdateUtil: queryUpdateRomProvider, query uri err: java.lang.NullPointerException: Attempt to invoke virtual method 'android.database.Cursor android.content.ContentProviderClient.query(android.net.Uri, java.lang.String[], java.lang.String, java.lang.String[], java.lang.String)' on a null object reference
1791670155.645 10551 16870 16870 W OCAM_CameraCore: onCreate
1791670155.646 10551 16870 16965 E ActivityThread: Failed to find provider info for com.oplus.romupdate.provider.db
1791670155.646 10551 16870 16965 E OCAM_UpdateUtil: queryUpdateRomProvider, query uri err: java.lang.NullPointerException: Attempt to invoke virtual method 'android.database.Cursor android.content.ContentProviderClient.query(android.net.Uri, java.lang.String[], java.lang.String, java.lang.String[], java.lang.String)' on a null object reference
1791670155.647 10551 16870 16965 E ActivityThread: Failed to find provider info for com.oplus.romupdate.provider.db
1791670155.649  wifi  4184  4184 W wificond: No handler for scan result notification from interface with index: 25
1791670155.649  1041  4165  4174 D audio_hw_primary: adev_set_parameters: enter: cameraFacing=front
1791670155.649  root  4784  4784 I [schedu][0xdb4194d9e][22:09:15.649355] wlan: [4784:I:OSIF] vdev 0, scan id 41294 type COMPLETED(1) reason COMPLETED(1) scan found 22 bss
1791670155.653  1000  4337  4574 D WifiNative: Scan result ready event
1791670155.653  1000  4337  4579 I Nl80211Proxy: Sending Nl80211 message: GenericNetlinkMsg{ nlHeader{StructNlMsgHdr{ nlmsg_len{20}, nlmsg_type{21()}, nlmsg_flags{769(NLM_F_REQUEST|NLM_F_DUMP)}, nlmsg_seq{1009}, nlmsg_pid{0} }}, genNlHeader{StructGenNlMsgHdr{ command{5}, version{1}, reserved{0} }}, attributes{[]} }
1791670155.654  1000  4337  4579 I Nl80211Proxy: Received NLMSG_DONE for message GenericNetlinkMsg{ nlHeader{StructNlMsgHdr{ nlmsg_len{20}, nlmsg_type{21()}, nlmsg_flags{769(NLM_F_REQUEST|NLM_F_DUMP)}, nlmsg_seq{1009}, nlmsg_pid{0} }}, genNlHeader{StructGenNlMsgHdr{ command{5}, version{1}, reserved{0} }}, attributes{[]} }
1791670155.654  1000  4337  4579 I Nl80211Proxy: Sending Nl80211 message: GenericNetlinkMsg{ nlHeader{StructNlMsgHdr{ nlmsg_len{28}, nlmsg_type{21()}, nlmsg_flags{769(NLM_F_REQUEST|NLM_F_DUMP)}, nlmsg_seq{1010}, nlmsg_pid{0} }}, genNlHeader{StructGenNlMsgHdr{ command{32}, version{1}, reserved{0} }}, attributes{[StructNlAttr{ nla_len{8}, nla_type{3}, nla_value{19000000}, }]} }
1791670155.654  1000  4337  4579 I Nl80211Proxy: Received NLMSG_DONE for message GenericNetlinkMsg{ nlHeader{StructNlMsgHdr{ nlmsg_len{28}, nlmsg_type{21()}, nlmsg_flags{769(NLM_F_REQUEST|NLM_F_DUMP)}, nlmsg_seq{1010}, nlmsg_pid{0} }}, genNlHeader{StructGenNlMsgHdr{ command{32}, version{1}, reserved{0} }}, attributes{[StructNlAttr{ nla_len{8}, nla_type{3}, nla_value{19000000}, }]} }
1791670155.655  1000  4337  4579 W IE_Capabilities: Unknown RSN cipher suite: 6ac0f00
1791670155.656  1000  4337  4579 D WificondScannerImpl: Filtering out 10 scan results.
1791670155.658 10280  5540  7790 I WifiScanner: onFullResults
1791670155.658 10280  5540  7816 I WifiScanner: onFullResults
1791670155.659 10551 16870 16986 E APS_CORE: [ERROR][ JSON_PARSER ] APSJsonParser.cpp: 367  str2nums()  value type: Int32 json format illegal
1791670155.660  wifi  1679  1679 E [androi][0xdb41ca4fc][22:09:15.660760] wlan: [1679:E:OSIF] wlan_hdd_set_station_stats_request_pending: peer is null
1791670155.660  1000  4337  4574 D PasspointManager: ANQP entry not found for: 5c:7d:ae:e9:b0:d4:<SUPERBOX_Wi-Fi_7230>
1791670155.660  1000  4337  4574 D PasspointManager: ANQP entry not found for: 5c:7d:ae:f1:b0:d4:<SUPERBOX_Wi-Fi_7230>
1791670155.660  1000  4337  4574 D PasspointManager: ANQP entry not found for: 62:7d:ae:f1:b0:d4:<>
1791670155.662 10551 16870 16999 W CameraUnit, StateCallback: onOpened,android.hardware.camera2.impl.CameraDeviceImpl@ffa951d, CameraUnit version: 5.045.58
1791670155.662 10551 16870 16998 E CameraUnit, ProducerImpl: setApsFinishAddFrame, mbApsFinishAddFrame: true->true
1791670155.662 10551 16870 16998 E CameraUnit, ProducerImpl: setApsStartCaptureWhenStage1, mbApsStartCaptureWhenStage1: false->false
1791670155.662 10551 16870 16970 W OCAM_OneCameraImpl: onCameraOpened, cameraId: 1, cameraDevice: com.oplus.ocs.camera.CameraDevice@5b0b163
1791670155.663 10551 16870 16969 W OCAM_DeviceProcessor: onCameraOpened, wait for resuming [start]
1791670155.663 10551 16870 16969 W OCAM_DeviceProcessor: onCameraOpened, wait for resuming [end]
1791670155.664 10551 16870 16998 W CameraUnit, Util: initScreenHeightWidth sScreenHeight: 3216, sScreenWidth: 1440
1791670155.665 10551 16870 16945 E OCAM_DeviceProcessor: openCamera, preload finish
1791670155.665 10551 16870 16969 W OCAM_PreviewProcessor: createCaptureSession, wait for prerequisite [start]
1791670155.665 10551 16870 16969 W OCAM_PreviewProcessor: createCaptureSession, wait for prerequisite [end]
1791670155.665 10551 16870 16945 E OCAM_CameraCore: mCameraDeviceStateObserver, state: 1
1791670155.665 10551 16870 16945 W OCAM_CameraCore: onAfterCameraOpened
1791670155.665 10551 16870 16969 D ConfigureParameter: initMap, key size: 100
1791670155.665 10551 16870 16945 E CameraUnit, ProducerImpl: setParameter, mPreviewParameterBuilder is null!
1791670155.666 10551 16870 16986 E APS_CORE: [ERROR][ LOGIC ] APSRefFrameSelector.cpp: 521  APSRefFrameSelector()  dlsym pClarityEvaluateRawCrop failed, error msg: undefined symbol: multi_img_clarity_evaluation_v2
1791670155.666 10551 16870 16986 E APS_CORE: [ERROR][ LOGIC ] APSRefFrameSelector.cpp: 527  APSRefFrameSelector()  dlsym pClarityEvaluateRawPickFrame failed, error msg: undefined symbol: multi_img_clarity_evaluation_pickframe
1791670155.666 10551 16870 16986 E APS_CORE: [ERROR][ LOGIC ] APSRefFrameSelector.cpp: 532  APSRefFrameSelector()  dlsym pClarityEvaluate failed, error msg: undefined symbol: multi_img_clarity_evaluation
1791670155.666 10551 16870 16945 W OCAM_CameraCore: onAfterCameraOpened, mbPreviewOKMessageEnd: false, mbAllowOpeningCameraWhenPaused: false, isFirstTimeInitialized: false
1791670155.666 10551 16870 16986 E APS_CORE: [ERROR][ LOGIC ] APSRefFrameSelector.cpp: 544  APSRefFrameSelector()  dlsym failed, error msg: dlopen failed: library "/odm/lib64/libarcsoft_turbo_hdr_grf.so" not found, try to load /odm/lib64/libarcsoft_turbo_fusion_raw_grf.so
1791670155.667 10551 16870 16986 W libc    : Access denied finding property "vendor.aps.logic.quick.jpeg.debug"
1791670155.667 10551 16870 16986 E APS_CORE: [ERROR][ LOGIC ] ODNNLoad.cpp: 61  ODNNLoad()  hDllLib is nullptr! no dlopen libODNN.so
1791670155.667 10551 16870 16986 E APS_CORE:  dlopen failed: library "/odm/lib64/libODNN.so" not found
1791670155.667 10551 16870 16986 E APS_CORE: [ERROR][ LOGIC ] ODNNLoad.cpp: 224  IsSkelUnLoadable()  skelway hDllLib is nullptr!
1791670155.667 10551 16870 16986 E APS_CORE: [ERROR][ LOGIC ] ODNNLoad.cpp: 134  InitSkel()  hDllLib is nullptr!
1791670155.668 10551 16870 16969 I ConfigureParameter: BaseBuilder set, keyName: com.oplus.size.ratio.type, value: 0
1791670155.668 10551 16870 16969 W OCAM_CameraCore: createCaptureSession, operation mode: 0x8001
1791670155.668 10551 16870 16969 W OCAM_PreviewProcessor: createCaptureSession, mbAllowCreatingCaptureSessionWhenPaused: false
1791670155.668 10551 16870 16969 W OCAM_PreviewProcessor: createCaptureSession, release mode change lock
1791670155.669 10551 16870 16969 E CameraUnit, ProducerImpl: setParameter, mPreviewParameterBuilder is null!
1791670155.669 10551 16870 16969 E CameraUnit, ProducerImpl: startPreview, invalid state, mCamera2DeviceInterface: com.oplus.ocs.camera.producer.device.Camera2DeviceImpl@b667c78, mCurrentMode: null
1791670155.669 10551 16870 16969 E CameraUnit, ProducerImpl: setParameter, mPreviewParameterBuilder is null!
1791670155.669 10551 16870 16926 W OCAM_LaunchPerformance: setRequestRepeatingTime, wrong action, sSessionConfiguredTime: 0, sRequestRepeatingTime: 0
1791670155.669 10551 16870 16969 I ConfigureParameter: BaseBuilder set, keyName: com.oplus.camera.preview.hdr.enable, value: false
1791670155.669 10551 16870 16986 W osense_aidl_hal: Finding osense aidl service failed!
1791670155.669 10551 16870 16986 W osense_aidl_hal: get osense hal client instance failed
1791670155.669 10551 16870 16986 W RefBase : RefBase: Explicit destruction, weak count = 0 (in 0xb400007c97c925c8). Use sp<> to manage this object. Note - if weak count is 0, this leaks mRefs (weakref_impl).
1791670155.669 10551 16870 16986 W RefBase : CallStack::getCurrentInternal not linked, returning null
1791670155.669 10551 16870 16986 W RefBase : CallStack::logStackInternal not linked
1791670155.670 10551 16870 16969 I ConfigureParameter: BaseBuilder set, keyName: com.oplus.camera.is.turn.on, value: 1
1791670155.670 10551 16870 16969 I ConfigureParameter: BaseBuilder set, keyName: com.oplus.burst.capture.support, value: off
1791670155.670 10551 16870 16969 I ConfigureParameter: BaseBuilder set, keyName: com.oplus.feature.antibanding.enable, value: on
1791670155.670 10551 16870 16969 I ConfigureParameter: BaseBuilder set, keyName: com.oplus.quick.jpeg.switch, value: true
1791670155.670 10551 16870 16922 E OCAM_SurfaceTextureScreenNail: initTransform, rearCamera: false, mirrorEnable: false, mirrorSetting: on
1791670155.670 10551 16870 16922 W libc    : Access denied finding property "vendor.camera.mem.debug.enable"
1791670155.670 10551 16870 16969 I ConfigureParameter: BaseBuilder set, keyName: com.oplus.feature.mirror.enable, value: off
1791670155.670 10551 16870 16969 I ConfigureParameter: BaseBuilder set, keyName: com.oplus.light.sensor.lux, value: -1.0
1791670155.671 10551 16870 16969 I ConfigureParameter: BaseBuilder set, keyName: com.oplus.caller.package.name, value: [B@7f32f2
1791670155.671 10551 16870 16969 I ConfigureParameter: BaseBuilder set, keyName: com.oplus.control.capture.zsl.mode, value: [B@a86e4f9
1791670155.671 10551 16870 16969 I ConfigureParameter: BaseBuilder set, keyName: com.oplus.camera.is.from.main.menu, value: true
1791670155.672 10551 16870 16969 I ConfigureParameter: BaseBuilder set, keyName: com.oplus.configure.global.ev.value, value: 0
1791670155.678 10551 16870 16969 I ConfigureParameter: BaseBuilder set, keyName: com.oplus.original.zoomRatio, value: 1.0
1791670155.678 10551 16870 16969 I ConfigureParameter: BaseBuilder set, keyName: com.oplus.portrait.streamer.enable, value: off
1791670155.678 10551 16870 16969 I ConfigureParameter: BaseBuilder set, keyName: com.oplus.makeup.state, value: 0
1791670155.678 10551 16870 16969 I ConfigureParameter: BaseBuilder set, keyName: com.oplus.torch.flash.enable, value: on
1791670155.678 10551 16870 16969 W CameraUnit, SdkCameraDeviceConfig: SdkCameraDeviceConfig, build, mVideoSurface and mAppVideoSize not set, use preview configure.
1791670155.679 10551 16870 16969 E CameraUnit, ProducerImpl: configureSession, operationMode: 32769, hex value: 0x8001, defaultPreviewSize: 1600x1200
1791670155.680 10416 16908 16908 W ComponentDiscovery: Class com.google.firebase.installations.FirebaseInstallationsKtxRegistrar is not an found.
1791670155.680 10551 16870 16998 E CameraUnit, Camera2Impl: CameraUnitTest, createNewSession, entity: CameraSessionEntity{mOperationMode='8001', mPreviewTemplate=1, mSurfaceControl=com.oplus.ocs.camera.producer.mode.PhotoMode@c8e11a1, mConfig=com.oplus.ocs.camera.common.parameter.SdkCameraDeviceConfig@562bfc6, mCameraType='front_main', mApsTag=mOperationMode: 32769, mbNeedPreviewMetadata: true, mbNeedVideoMetadata: true, mbHighPictureSizeEnable: false, mbPhoto10BitsEnable: false, mbUltraHdrEnable: false, mbPreviewHdrTransformEnable: false, mVideo10BitsEnable: false, mbAiHighPixelEnable: false, mbAiFollowEnable: false, mbVideoWaterMarkEnable: false, mCameraType: front_main, mModeName: photo_mode, mFeatureName: null, mInputVideoSize: 1600x1200, mOutputVideoSize: 1600x1200, mPreviewSize: 1600x1200, mPictureSize: 4608x3456, mbVideoBlurOpen: false, mBlurIndex: 60, mPreviewStreamNumber: 1, mCaptureStreamNumber: 1, mPreviewDisplayType: 1, mPreviewSurfaceType: 5, mRearFrontCameraId: 1, mbTripodEnable: false, mThermalLevel: 0, mAISBracket: 0, mIsSupportDCT: 0, mIsSupportDCTAndAINR: 0mPreviewFaceBeautyLevel: -1mbPhotoWaterMarkEnable: falsemSizeRatioType: 0, delay=0, mbUseMetadataSurface=false}
1791670155.681 10551 16870 16998 E CameraUnit, BaseMode: buildStreamSurface, cameraType: front_main, caseName: front_single_photo_case, linkedList: [Pair{preview var_camera}, Pair{capture var_camera}], fistPreview: {cameraType: front_main, surface: null, surfaceType: 5, appSurfaceSize: 1600x1200, halSurfaceSize: null, mPhysicalCameraId: -1, format: 0, usage: null, mIntention: 0, mDataSpace: 0, maxImageNumber: 20}, configureSizeRatioType: 0
1791670155.681 10551 16870 16870 E OCAM_CommonUtil: isSupportDocScan, some thing has error!
1791670155.681 10551 16870 16870 E OCAM_CommonUtil: android.content.pm.PackageManager$NameNotFoundException: com.coloros.ocrscanner
1791670155.681 10551 16870 16870 E OCAM_CommonUtil: 	at android.app.ApplicationPackageManager.getPackageInfoAsUser(ApplicationPackageManager.java:294)
1791670155.681 10551 16870 16870 E OCAM_CommonUtil: 	at android.app.ApplicationPackageManager.getPackageInfo(ApplicationPackageManager.java:254)
1791670155.681 10551 16870 16870 E OCAM_CommonUtil: 	at android.app.ApplicationPackageManager.getPackageInfo(ApplicationPackageManager.java:248)
1791670155.681 10551 16870 16870 E OCAM_CommonUtil: 	at d6.c0.p(CommonUtil.java:20)
1791670155.681 10551 16870 16870 E OCAM_CommonUtil: 	at dj.m0.d7(CameraUIManager.java:2)
1791670155.681 10551 16870 16870 E OCAM_CommonUtil: 	at dj.m0.i(CameraUIManager.java:497)
1791670155.681 10551 16870 16870 E OCAM_CommonUtil: 	at dj.m0.v(CameraUIManager.java:11)
1791670155.681 10551 16870 16870 E OCAM_CommonUtil: 	at z4.p9.accept(R8$$SyntheticClass:154)
1791670155.681 10551 16870 16870 E OCAM_CommonUtil: 	at com.oplus.camera.CameraManager.X(CameraManager.java:28)
1791670155.681 10551 16870 16870 E OCAM_CommonUtil: 	at com.oplus.camera.CameraManager.b1(CameraManager.java:333)
1791670155.681 10551 16870 16870 E OCAM_CommonUtil: 	at com.oplus.camera.Camera.H(Camera.java:88)
1791670155.681 10551 16870 16870 E OCAM_CommonUtil: 	at h6.b0.onCreate(QuickActivity.java:58)
1791670155.681 10551 16870 16870 E OCAM_CommonUtil: 	at android.app.Activity.performCreate(Activity.java:9340)
1791670155.681 10551 16870 16870 E OCAM_CommonUtil: 	at android.app.Activity.performCreate(Activity.java:9318)
1791670155.681 10551 16870 16870 E OCAM_CommonUtil: 	at android.app.Instrumentation.callActivityOnCreate(Instrumentation.java:1543)
1791670155.681 10551 16870 16870 E OCAM_CommonUtil: 	at android.app.ActivityThread.performLaunchActivity(ActivityThread.java:4563)
1791670155.681 10551 16870 16870 E OCAM_CommonUtil: 	at android.app.ActivityThread.handleLaunchActivity(ActivityThread.java:4785)
1791670155.681 10551 16870 16870 E OCAM_CommonUtil: 	at android.app.servertransaction.LaunchActivityItem.execute(LaunchActivityItem.java:224)
1791670155.681 10551 16870 16870 E OCAM_CommonUtil: 	at android.app.servertransaction.TransactionExecutor.executeNonLifecycleItem(TransactionExecutor.java:133)
1791670155.681 10551 16870 16870 E OCAM_CommonUtil: 	at android.app.servertransaction.TransactionExecutor.executeTransactionItems(TransactionExecutor.java:103)
1791670155.681 10551 16870 16870 E OCAM_CommonUtil: 	at android.app.servertransaction.TransactionExecutor.execute(TransactionExecutor.java:80)
1791670155.681 10551 16870 16870 E OCAM_CommonUtil: 	at android.app.ActivityThread$H.handleMessage(ActivityThread.java:3036)
1791670155.681 10551 16870 16870 E OCAM_CommonUtil: 	at android.os.Handler.dispatchMessageImpl(Handler.java:142)
1791670155.681 10551 16870 16870 E OCAM_CommonUtil: 	at android.os.Handler.dispatchMessage(Handler.java:125)
1791670155.681 10551 16870 16870 E OCAM_CommonUtil: 	at android.os.Looper.loopOnce(Looper.java:296)
1791670155.681 10551 16870 16870 E OCAM_CommonUtil: 	at android.os.Looper.loop(Looper.java:397)
1791670155.681 10551 16870 16870 E OCAM_CommonUtil: 	at android.app.ActivityThread.main(ActivityThread.java:9581)
1791670155.681 10551 16870 16870 E OCAM_CommonUtil: 	at java.lang.reflect.Method.invoke(Native Method)
1791670155.681 10551 16870 16870 E OCAM_CommonUtil: 	at com.android.internal.os.RuntimeInit$MethodAndArgsCaller.run(RuntimeInit.java:578)
1791670155.681 10551 16870 16870 E OCAM_CommonUtil: 	at com.android.internal.os.ZygoteInit.main(ZygoteInit.java:939)
1791670155.682 10551 16870 16998 E CameraUnit, BaseMode: buildStreamSurface, surfaceSizeList: [Pair{1600x1200 1600x1200}] , configuredSurfaceType: preview , configuredCameraType: front_main , useInnerPreviewSurface: true , cameraType: front_main , physicalId: -1
1791670155.683 10551 16870 16998 E CameraUnit, SurfacePool: createImageReader, key: front_main&surface_key_preview&35&1600x1200, size: 1600x1200, wrapper: {cameraType: front_main, surface: null, surfaceType: 3, appSurfaceSize: 1600x1200, halSurfaceSize: 1600x1200, mPhysicalCameraId: -1, format: 35, usage: surface_key_preview, mIntention: 259, mDataSpace: 0, maxImageNumber: 50}
1791670155.683 10551 16870 16998 I Surface : Creating surface for consumer unnamed-16870-0 with slotExpansion=1 for 64 slots
1791670155.683 10551 16870 16998 I Surface : Creating surface for consumer ImageReader-1600x1200f23m50-16870-0 with slotExpansion=1 for 64 slots
1791670155.684 10551 16870 16998 E CameraUnit, SurfacePool: putImageSize, key: front_main&surface_key_preview&35 , size: 1600x1200
1791670155.684 10551 16870 16998 E CameraUnit, BaseMode: buildStreamSurface, surfaceSizeList: [Pair{4608x3456 4608x3456}] , configuredSurfaceType: capture , configuredCameraType: front_main , useInnerPreviewSurface: true , cameraType: front_main , physicalId: -1
1791670155.684 10551 16870 16998 E CameraUnit, SurfacePool: createImageReader, key: front_main&surface_key_picture&35&4608x3456, size: 4608x3456, wrapper: {cameraType: front_main, surface: null, surfaceType: 3, appSurfaceSize: 4608x3456, halSurfaceSize: 4608x3456, mPhysicalCameraId: -1, format: 35, usage: surface_key_picture, mIntention: 3, mDataSpace: 0, maxImageNumber: 52}
1791670155.684 10551 16870 16998 I Surface : Creating surface for consumer unnamed-16870-1 with slotExpansion=1 for 64 slots
1791670155.684 10551 16870 16998 I Surface : Creating surface for consumer ImageReader-4608x3456f23m52-16870-1 with slotExpansion=1 for 64 slots
1791670155.684 10551 16870 16998 E CameraUnit, SurfacePool: putImageSize, key: front_main&surface_key_picture&35 , size: 4608x3456
1791670155.685 10551 16870 16870 E OCAM_CameraSeekBar: setStatus, status: 0, mLastStatus: -1
1791670155.685 10551 16870 16870 E OCAM_TypeFaceUtil: getFontTypeface, error: No field mOplusExtraConfiguration of type Loplus/content/res/OplusExtraConfiguration; in class Landroid/content/res/OplusBaseConfiguration; or its superclasses (declaration of 'android.content.res.OplusBaseConfiguration' appears in /system/framework/oplus-fwk.jar)
1791670155.687 10551 16870 16870 I HWUI    : Using FreeType backend (prop=Auto)
1791670155.689 10551 16870 16998 E VendorTagDescriptor: lookupTag: Tag name 'camera.is.from.main.menu' does not exist.
1791670155.689 10551 16870 16998 E VendorTagDescriptor: lookupTag: Tag name 'mipiraw.online.bpc' does not exist.
1791670155.689 10551 16870 16998 E VendorTagDescriptor: lookupTag: Tag name 'caller.package.name' does not exist.
1791670155.689 10551 16870 16998 E VendorTagDescriptor: lookupTag: Tag name 'camera.mode' does not exist.
1791670155.690 10551 16870 16998 E VendorTagDescriptor: lookupTag: Tag name 'TR.processing.state' does not exist.
1791670155.690 10551 16870 16998 E VendorTagDescriptor: lookupTag: Tag name 'light.sensor.lux' does not exist.
1791670155.690 10551 16870 16998 E VendorTagDescriptor: lookupTag: Tag name 'makeup.state' does not exist.
1791670155.690 10551 16870 16998 E VendorTagDescriptor: lookupTag: Tag name 'camera.is.turn.on' does not exist.
1791670155.690 10551 16870 16998 E VendorTagDescriptor: lookupTag: Tag name 'config.aeExposureCompensation' does not exist.
1791670155.690 10551 16870 16998 E CameraUnit, Util: dumpSessionConfig, createCaptureSession with operation mode: 0x8001
1791670155.690 10551 16870 16998 E CameraUnit_TRACE: traceBeginSection, msg: CameraUnit.CameraStartupPerformance.createCaptureSession
1791670155.693 10551 16870 16986 W libc    : Access denied finding property "vendor.camera.mem.debug.enable"
1791670155.693 10551 16870 16986 W libc    : Access denied finding property "vendor.camera.autotime.debug.switch"
1791670155.693 10551 16870 16986 W libc    : Access denied finding property "vendor.oplus.aps.res.detect"
1791670155.693 10551 16870 17018 E APS_CORE: [ERROR][ LOGIC ] APSManager.cpp: 353  apsRoutine()  Enter APS Routine cmdtype: 0, cmdQueueSize: 0, procQueueSize: 0, semval: 0
1791670155.693 10551 16870 16870 W libc    : Access denied finding property "ro.vendor.oplus.market.enname"
1791670155.693 10551 16870 16870 W libc    : Access denied finding property "ro.vendor.oplus.market.name"
1791670155.693 10551 16870 16870 W libc    : Access denied finding property "ro.vendor.oplus.market.enname"
1791670155.693 10551 16870 16870 W libc    : Access denied finding property "ro.vendor.oplus.market.name"
1791670155.693  1047  4180 24272 I Surface : Creating surface for consumer ImageReader-1600x1200f23m50-16870-0 with slotExpansion=1 for 64 slots
1791670155.693  1047  4180 24272 I Surface : Creating surface for consumer ImageReader-1600x1200f23m50-16870-0 with slotExpansion=1 for 64 slots
1791670155.694 10551 16870 16870 D QBarScanEngine.Router: (main)Router instance
1791670155.694 10551 16870 16870 D QBarScanEngine.UPIRouter: (main)createLauncher:
1791670155.695 10551 16870 16922 D nativeloader: Load /system_ext/lib64/libCombineLutJni.so using ns default for caller /system_ext/framework/com.oplus.camera.unit.sdk.jar in same partition (is_bridged=0): ok
1791670155.696 10551 16870 16870 W OCAM_LivePhotoPresenter: onCreate, presenter: 47bf1e5
1791670155.696 10551 16870 16986 W libc    : Access denied finding property "vendor.aps.logic.preview.metadata.debug"
1791670155.696 10551 16870 16986 W libc    : Access denied finding property "vendor.aps.logic.quick.jpeg.debug"
1791670155.697  1047  4180 24272 I Surface : Creating surface for consumer ImageReader-4608x3456f23m52-16870-1 with slotExpansion=1 for 64 slots
1791670155.697 10551 16870 16944 I Surface : Creating surface for consumer unnamed-16870-2 with slotExpansion=1 for 64 slots
1791670155.697  1047  4180 24272 I Surface : Creating surface for consumer ImageReader-4608x3456f23m52-16870-1 with slotExpansion=1 for 64 slots
1791670155.697 10551 16870 16944 I Surface : Creating surface for consumer SurfaceTexture-0-16870-0 with slotExpansion=0 for 64 slots
1791670155.699 10551 16870 16870 W OCAM_CameraCore: onCreate, completed
1791670155.699 10551 16870 16870 E OCAM_OplusCamera: checkAndBindWatchAgent, extra: null, sbConnectAlive: false, isCameraRunning: true, sbConnectAlive: false, isCameraReady: false
1791670155.699  1047  1635  3956 I CamX    : [ALWAYS_ON  ] opluscamxhwenvironment.cpp:530 LoadOPPackageName() [OP_EXT] mClientPackageName: com.oplus.camera, activityName:
1791670155.699 10551 16870 16870 E OCAM_OplusCamera: onCreateTasks, X this: com.oplus.camera.Camera@eb3d7ea
1791670155.699  1047  1635  3956 I CamX    : [ALWAYS_ON  ] camxhal3.cpp:1412 configure_streams() HalOp: Begin CONFIG: 0xb4000077553e3fe0, logicalCameraId: 1, cameraId: 1
1791670155.699  1047  1635  3956 I CamX    : [ALWAYS_ON  ] camxhal3.cpp:1469 configure_streams()   operation_mode: 0x8001
1791670155.699 10551 16870 16944 I IPU_FilterProcessUnit: FilterProcessUnit
1791670155.700 10551 16870 16944 I IPU_FilterProcessUnit: FilterProcessUnit X, spend time: 1
1791670155.700  1047  1635  3956 D android.hardware.camera.provider@2.4-service_64: CamPerf osense already have set sence, clrsence at first!!!
1791670155.700 10551 16870 16944 D IPU_BaseProcessUnitSDK: setInitParameter, key:mKeyName: origin_bitmap, mType: class android.graphics.Bitmap, value: null
1791670155.700 10551 16870 16944 D IPU_BaseProcessUnitSDK: setInitParameter, key:mKeyName: origin_image_format, mType: class java.lang.Integer, value: 0
1791670155.700 10551 16870 16944 D IPU_BaseProcessUnitSDK: setInitParameter, key:mKeyName: origin_image_width, mType: class java.lang.Integer, value: 0
1791670155.700 10551 16870 16944 D IPU_BaseProcessUnitSDK: setInitParameter, key:mKeyName: origin_image_height, mType: class java.lang.Integer, value: 0
1791670155.700 10551 16870 16944 D IPU_BaseProcessUnitSDK: setInitParameter, key:mKeyName: process_type, mType: class java.lang.Integer, value: 2
1791670155.700 10551 16870 16944 D IPU_BaseProcessUnitSDK: setInitParameter, key:mKeyName: capture_algo_list, mType: class java.lang.String, value: aps_algo_filter
1791670155.700 10551 16870 16944 D IPU_BaseProcessUnitSDK: setInitParameter, key:mKeyName: package_name, mType: class java.lang.String, value: com.oplus.camera
1791670155.700 10551 16870 16944 E IPU_TRACE: traceBeginSection, msg: IPU createSDK
1791670155.700 10551 16870 16944 E IPU_TRACE: traceEndSection, msg: IPU createSDK
1791670155.700 10551 16870 16944 E IPU_TRACE: traceBeginSection, msg: IPU transaction_create
1791670155.702 10551 16870 16870 W OCAM_LivePhotoPresenter: onPreviewStageChanged, unitMode photo_mode is incorrect, stage: 1
1791670155.703 10551 16870 16870 E OCAM_FaceDetectPresenter: onPreviewStageChanged:1
1791670155.704 10551 16870 16944 W libc    : Access denied finding property "vendor.camera.mem.debug.enable"
1791670155.704 10551 16870 16944 W libc    : Access denied finding property "vendor.camera.autotime.debug.switch"
1791670155.704 10551 16870 16944 E IPU_TRACE: traceEndSection, msg: IPU transaction_create
1791670155.704 10551 16870 16944 D IPU_BaseProcessUnitSDK: apsCreate, aps ptr:-5476376620349862640
1791670155.704 10551 16870 16944 E IPU_TRACE: traceBeginSection, msg: aps_algo_filter init
1791670155.704 10551 16870 16944 I IPU_FilterProcessUnitSDK: algoInit:vendor: 0 ; processType:2 ; buffer : null
1791670155.705 10551 16870 16870 W OCAM_OplusCamera: setCameraOrientation, orientation: 0 => 0
1791670155.706 10551 16870 16870 W OCAM_OplusCamera: setShowWhenLocked: false
1791670155.706  1000  4337  6601 E WifiService: Attempt to retrieve Passpoint configuration with null osuProviders
1791670155.708 10303  4915  5301 D WindowManagerShell: onKeyguardOccludingTaskChanged displayId=0 taskId=-1
1791670155.708 10303  4915 16871 D KeyguardService: setOccluded(false)
1791670155.708 10303  4915 16871 D KeyguardViewMediator: setOccluded(false)
1791670155.708 10303  4915  4915 D KeyguardViewMediator: handleSetOccluded(false)
1791670155.709 10551 16870 16944 E IPU_TRACE: traceBeginSection, msg: initRenderUtil
1791670155.709  1000  4337  6379 W ActivityManager: Unable to start service Intent { xflg=0x4 cmp=com.nearme.statistics.rom/.service.ReceiverService (has extras) } U=0: not found
1791670155.710 10303  4915  4915 D KeyguardViewMediator: KeyguardViewMediator queue processing message: SET_OCCLUDED
1791670155.711 10303  4915  5301 V ShellDesktopMode: DesktopDisplayEventHandler: handlePotentialReconnect: default display; aborting.
1791670155.712 10551 16870 16944 E MsEffectSdkContextUtils: static initializer:
1791670155.712 10303  4915  5301 V ShellDesktopMode: DesktopDisplayEventHandler: onKeyguardVisibilityChanged: defaultDeskDisplayIds=[0]
1791670155.712 10303  4915  5301 V ShellDesktopMode: DesktopDisplayEventHandler: createDefaultDesksIfNeeded displays=[0] userId=null
1791670155.712 10303  4915  5301 V ShellDesktopMode: FullscreenReconnectHandler: handlePotentialReconnect: displayId=0, userId=0, reason=keyguard unlocked.
1791670155.713 10551 16870 16870 W OCAM_ScreenSwitchController: updateCapMode, mode: null => common
1791670155.713 10551 16870 16944 D nativeloader: Load /system_ext/lib64/libMsEffectSdk.so using ns default for caller /system_ext/framework/com.oplus.camera.unit.sdk.jar in same partition (is_bridged=0): ok
1791670155.713 10303  4915  5301 V ShellDesktopMode: FullscreenReconnectHandler: handlePotentialReconnect: No preserved display found for uniqueDisplayId=local:4630946292801050754; aborting.
1791670155.714 10303  4915  5301 V WindowManagerShell: PipDisplayReconnectHandler: handlePotentialReconnect: displayId=0, userId=0, reason= keyguard unlocked.
1791670155.714 10551 16870 16870 E OCAM_ModeManager: setCurrentMode fail, the newMode not change: common
1791670155.715 10303  4915  5301 V WindowManagerShell: PipDisplayReconnectHandler: handlePotentialReconnect: No preserved display found for uniqueDisplayId=local:4630946292801050754; aborting.
1791670155.715 10551 16870 16870 D FossManager: disableFoss()
1791670155.715 10303  4915  5301 V ShellDesktopMode: DesktopDisplayEventHandler: shouldCreateOrWarmUpDesk skipping displayId=0 reason: desktop ineligible
1791670155.716 10303  4915  5387 D Bubbles : handleKeyguardOrDreamChange isUnlockedShade=true keyguardShowing=false dreamingOrInPreview=false
1791670155.717 10551 16870 16870 E OCAM_ShareEditThumbMenu: setEnableMenu, enable: true, mbEnable: false
1791670155.717 10551 16870 16947 E ActivityThread: Failed to find provider info for com.oplus.customize.coreapp.configmanager.configprovider.AppFeatureProvider
1791670155.717 10551 16870 16947 E ActivityThread: Failed to find provider info for com.oplus.customize.coreapp.configmanager.configprovider.AppFeatureProvider
1791670155.717  1000  1617  1785 E minksocket: MinkIPC_QRTR_Service: client with node 1 port 58c7 went down
1791670155.717 10551 16870 16947 E ActivityThread: Failed to find provider info for com.oplus.customize.coreapp.configmanager.configprovider.AppFeatureProvider
1791670155.718 10551 16870 16947 E ActivityThread: Failed to find provider info for com.oplus.customize.coreapp.configmanager.configprovider.AppFeatureProvider
1791670155.718 10551 16870 16944 I meicam  : NvInitNdkSymbols time is: 20260415
1791670155.718 10551 16870 16947 E ActivityThread: Failed to find provider info for com.oplus.customize.coreapp.configmanager.configprovider.AppFeatureProvider
1791670155.718 10551 16870 16947 E ActivityThread: Failed to find provider info for com.oplus.customize.coreapp.configmanager.configprovider.AppFeatureProvider
1791670155.718 10551 16870 16947 E ActivityThread: Failed to find provider info for com.oplus.customize.coreapp.configmanager.configprovider.AppFeatureProvider
1791670155.720  1000  1617  1785 E minksocket: MinkIPC_QRTR_Service: client with node 1 port 58c8 went down
1791670155.721 10551 16870 16944 E meicam  : NvInitNdkSymbols load error by function: MsSetEffectFloatValue
1791670155.721 10551 16870 16944 E meicam  : NvInitNdkSymbols load error by function: MsGetEffectFloatValue
1791670155.721 10551 16870 16944 E meicam  : NvInitNdkSymbols load error by function: MsSetEffectIntValue
1791670155.721 10551 16870 16944 E meicam  : NvInitNdkSymbols load error by function: MsSetEffectBooleanValue
1791670155.721 10551 16870 16944 E meicam  : NvInitNdkSymbols load error by function: MsSetStarFilterAngles
1791670155.721 10551 16870 16944 E meicam  : NvInitNdkSymbols load error by function: MsSetEffectStringValue
1791670155.721 10551 16870 16944 E meicam  : NvInitNdkSymbols load error by function: MsSetFaceBoxes
1791670155.721 10551 16870 16944 E meicam  : NvInitNdkSymbols load error by function: MsSetFacePoints
1791670155.721 10551 16870 16944 E meicam  : NvInitNdkSymbols load error by function: MsIsRenderCapabilitySupported
1791670155.721 10551 16870 16944 E meicam  : NvInitNdkSymbols load error by function: MsIsTiledRenderSupported
1791670155.721 10551 16870 16944 E meicam  : NvInitNdkSymbols load error by function: MsGetSdkVersion
1791670155.721 10551 16870 16944 W meicam  : Current version is:1.0.5
1791670155.721 10551 16870 16944 I meicam  : Current device is OnePlus
1791670155.722  1000  1617  1785 E minksocket: MinkIPC_QRTR_Service: client with node 1 port 58c9 went down
1791670155.724  1000  1617  1785 E minksocket: MinkIPC_QRTR_Service: client with node 1 port 58ca went down
1791670155.725 10551 16870 16965 W OCAM_GalleryUtil: initGalleryRemoveState
1791670155.726 10551 16870 16965 E ActivityThread: Failed to find provider info for com.color.provider.removableapp
1791670155.726 10551 16870 16965 W OCAM_ContentProviderUtil: query, client is null
1791670155.736  1047  1635 17116 I CHIMEMCPY: camxchinodememcpy.cpp:531 Initialize(): m_nodeCaps 0
1791670155.737  1047  1635 17116 I CHINODEUTIL: camxchinodeutil.cpp:452 DefaultBufferNegotiation(): Output Port 0: (w x h) optimal 4608 x 3456 min 4608 x 3456 max 4608 x 3456Input: optimal 4608 x 3456 min 4608 x 3456 max 4608 x 3456 (NumConnected: 1)
1791670155.742 10551 16870 16870 W OCAM_LivePhotoPresenter: onResume, presenter: 47bf1e5, mbPreviewHdr: false, mLutType: 0
1791670155.743 10551 16870 16870 D nativeloader: Load /data/app/~~pwrM1FFZPcTDtyIFM23IXQ==/com.oplus.camera-6To1ae9Bp6KmV_a4LzhBKw==/lib/arm64/liblibBufferUtils.so using class loader ns clns-11 (caller=/data/app/~~pwrM1FFZPcTDtyIFM23IXQ==/com.oplus.camera-6To1ae9Bp6KmV_a4LzhBKw==/base.apk!classes24.dex): ok
1791670155.744 10551 16870 16870 E HardwareBufferUtils: nativeInitLog, mDebugLogOn: 0, mCameraLogOn: 0.
1791670155.744 10551 16870 16870 W OCAM_LivePhotoPresenter: updateLivePhotoEnablingState, mPreviewRequestStage: 0, isLivePhotoFeatureOn: false, closeLivePhotoReason: 3, mPreviewSize: null, mCaptureSessionLogicId: -1
1791670155.744 10551 16870 16870 E OCAM_LivePhotoPresenter: disableLivePhoto, already disabled mIsDisableSound: false
1791670155.745  1047  1635 17111 V SYNX-UMD: Synx Init!
1791670155.746  1047 17111 17111 I synx    : [sess: 1668353] session created umd-client-17111
1791670155.746  1047  1635 17111 V SYNX-UMD: Creating hPollThread = 511184808832
1791670155.746  1047  1635 17111 V SYNX-UMD: Completed Synx Init
1791670155.746  1047  1635 17111 V SYNX-UMD: Synx Init!
1791670155.746  1047  1635 17111 V SYNX-UMD: Initialized /dev/synx_device
1791670155.746 10551 16870 16944 I meicam  : OpenGL VENDOR: Qualcomm RENDERER: Adreno (TM) 660 VERSION: OpenGL ES 3.2 V@0530.53 (GIT@a1cf8ab5e3, I428bf45773, 1699535026) (Date:11/09/23)
1791670155.746 10551 16870 16944 I meicam  : OpenGL binary program is supported.
1791670155.746 10551 16870 16944 I meicam  : OpenGL multisample is supported, max samples=4
1791670155.746  1047  1635 17151 V SYNX-UMD: Polling ...
1791670155.748 10551 16870 17071 E OCAM_Thumbnail: getLatestMediaItem, cost time: 23
1791670155.749 10551 16870 16870 W OCAM_CameraCore: applyParameters failed, preview state is not started, maybe session just configured.
1791670155.750 10551 16870 16944 E IPU_TRACE: traceEndSection, msg: initRenderUtil
1791670155.750 10551 16870 16944 I IPU_MeisheFilterSdk: initMSContext, isSupportHdr: false
1791670155.750 10551 16870 16944 E APS_CORE: [ERROR][ LOGIC ] IPUManager.cpp: 133  init()  get origin image data failed! please check
1791670155.750 10551 16870 16944 E AHardwareBuffer: Width, height and layers must all be nonzero
1791670155.750 10551 16870 16870 W OCAM_CameraCore: onResume, res/values: sw361dp-2780x1264
1791670155.751 10551 16870 16944 E IPU_TRACE: traceEndSection, msg: aps_algo_filter init
1791670155.751 10551 16870 16944 D IPU_BaseProcessUnitSDK: algoInit, aps_algo_filter resultCode: 0
1791670155.747 10551 16870 16870 W CameraThreadExe: type=1400 audit(0.0:8173): avc:  denied  { read } for  name="enforce" dev="selinuxfs" ino=4 scontext=u:r:priv_app_36:s0:c512,c768 tcontext=u:object_r:selinuxfs:s0 tclass=file permissive=0 app=com.oplus.camera
1791670155.751 10551 16870 16944 D IPU_BaseProcessUnitSDK: setProcessParameter, key:mKeyName: format, mType: class java.lang.Integer, value: 0
1791670155.751 10551 16870 16944 D IPU_BaseProcessUnitSDK: setProcessParameter, key:mKeyName: renderMode, mType: class java.lang.Integer, value: 1
1791670155.751 10551 16870 16944 D IPU_BaseProcessUnitSDK: setProcessParameter, key:mKeyName: scaleSize, mType: class java.lang.Float, value: 1.0
1791670155.751 10551 16870 16944 D IPU_BaseProcessUnitSDK: setProcessParameter, key:mKeyName: context, mType: class android.content.Context, value: com.oplus.camera.MyApplication@4744be9
1791670155.751 10551 16870 16944 D IPU_BaseProcessUnitSDK: setProcessParameter, key:mKeyName: process_type, mType: class java.lang.Integer, value: 7
1791670155.751 10551 16870 16944 D IPU_BaseProcessUnitSDK: setProcessParameter, key:mKeyName: check_init_module_type, mType: class java.lang.Integer, value: 2
1791670155.751 10551 16870 16944 D IPU_BaseProcessUnitSDK: setProcessParameter, key:mKeyName: intensity, mType: class java.lang.Integer, value: 100
1791670155.751 10551 16870 16944 D IPU_BaseProcessUnitSDK: setProcessParameter, key:mKeyName: preview_width, mType: class java.lang.Integer, value: 0
1791670155.751 10551 16870 16944 D IPU_BaseProcessUnitSDK: setProcessParameter, key:mKeyName: preview_height, mType: class java.lang.Integer, value: 0
1791670155.751 10551 16870 16944 D IPU_BaseProcessUnitSDK: setProcessParameter, key:mKeyName: input_texture, mType: class java.lang.Integer, value: 0
1791670155.751 10551 16870 16944 D IPU_BaseProcessUnitSDK: setProcessParameter, key:mKeyName: output_texture, mType: class java.lang.Integer, value: 0
1791670155.751 10551 16870 16944 D IPU_BaseProcessUnitSDK: setProcessParameter, key:mKeyName: texture_format, mType: class java.lang.Integer, value: 6408
1791670155.751 10551 16870 16944 D IPU_BaseProcessUnitSDK: setProcessParameter, key:mKeyName: texture_data_space, mType: class java.lang.Integer, value: 0
1791670155.751 10551 16870 16944 D IPU_BaseProcessUnitSDK: setProcessParameter, key:mKeyName: filter_type, mType: class java.lang.String, value: null
1791670155.751 10551 16870 16944 D IPU_BaseProcessUnitSDK: setProcessParameter, key:mKeyName: soft_light_type, mType: class java.lang.Integer, value: 0
1791670155.751 10551 16870 16944 D IPU_BaseProcessUnitSDK: setProcessParameter, key:mKeyName: padding, mType: class java.lang.Float, value: 0.0
1791670155.751 10551 16870 16944 D IPU_BaseProcessUnitSDK: setProcessParameter, key:mKeyName: angle, mType: class java.lang.Float, value: 0.0
1791670155.751 10551 16870 16944 D IPU_BaseProcessUnitSDK: setProcessParameter, key:mKeyName: filter_open, mType: class java.lang.Boolean, value: false
1791670155.751 10551 16870 16944 D IPU_BaseProcessUnitSDK: setProcessParameter, key:mKeyName: vignette_open, mType: class java.lang.Boolean, value: false
1791670155.751 10551 16870 16944 D IPU_BaseProcessUnitSDK: setProcessParameter, key:mKeyName: vignette_amount, mType: class java.lang.Float, value: 0.0
1791670155.751 10551 16870 16944 D IPU_BaseProcessUnitSDK: setProcessParameter, key:mKeyName: vignette_feather, mType: class java.lang.Float, value: 0.0
1791670155.751 10551 16870 16944 D IPU_BaseProcessUnitSDK: setProcessParameter, key:mKeyName: vignette_highlights, mType: class java.lang.Float, value: 0.0
1791670155.751 10551 16870 16944 D IPU_BaseProcessUnitSDK: setProcessParameter, key:mKeyName: vignette_exposure, mType: class java.lang.Float, value: 0.0
1791670155.751 10551 16870 16944 D IPU_BaseProcessUnitSDK: setProcessParameter, key:mKeyName: vignette_roundness, mType: class java.lang.Float, value: 0.0
1791670155.751 10551 16870 16944 D IPU_BaseProcessUnitSDK: setProcessParameter, key:mKeyName: vignette_size, mType: class java.lang.Float, value: 0.0
1791670155.751 10551 16870 16944 D IPU_BaseProcessUnitSDK: setProcessParameter, key:mKeyName: grain_amount, mType: class java.lang.Float, value: 0.0
1791670155.751 10551 16870 16944 D IPU_BaseProcessUnitSDK: setProcessParameter, key:mKeyName: grain_highlight, mType: class java.lang.Float, value: 0.0
1791670155.751 10551 16870 16944 D IPU_BaseProcessUnitSDK: setProcessParameter, key:mKeyName: grain_size, mType: class java.lang.Float, value: 0.0
1791670155.751 10551 16870 16944 D IPU_BaseProcessUnitSDK: setProcessParameter, key:mKeyName: grain_roughness, mType: class java.lang.Float, value: 0.0
1791670155.751 10551 16870 16944 D IPU_BaseProcessUnitSDK: setProcessParameter, key:mKeyName: is_camera, mType: class java.lang.Boolean, value: true
1791670155.751 10551 16870 16944 D IPU_BaseProcessUnitSDK: setProcessParameter, key:mKeyName: is_export, mType: class java.lang.Boolean, value: false
1791670155.751 10551 16870 16944 D IPU_BaseProcessUnitSDK: setProcessParameter, key:mKeyName: is_brand_oplus_r, mType: class java.lang.Boolean, value: false
1791670155.751 10551 16870 16944 D IPU_FilterProcessUnitSDK: processImage begin params, [vignette_amount, 0.0, filter_type, , grain_highlight, 0.0, input_texture, 0, check_init_module_type, 2, grain_amount, 0.0, preview_width, 0, scaleSize, 1.0, grain_size, 0.0, texture_format, 6408, filter_open, false, vignette_feather, 0.0, vignette_size, 0.0, vignette_open, false, preview_height, 0, soft_light_type, 0, vignette_roundness, 0.0, vignette_exposure, 0.0, format, 0, context, com.oplus.camera.MyApplication@4744be9, texture_data_space, 0, is_export, false, is_camera, true, process_type, 7, output_texture, 0, renderMode, 1, vignette_highlights, 0.0, intensity, 100, is_brand_oplus_r, false, padding, 0.0, grain_roughness, 0.0, angle, 0.0],bitmap:null
1791670155.751 10551 16870 16944 D IPU_FilterProcessUnitSDK: processImage , 7
1791670155.751 10551 16870 16944 D IPU_FilterProcessUnitSDK: releaseSDK, PROCESS_TYPE_RELEASE, 2
1791670155.751 10551 16870 16870 W System.err: java.lang.NoSuchMethodException: android.view.accessibility.AccessibilityManager.isHighTextContrastEnabled []
1791670155.751 10551 16870 16870 W System.err: 	at java.lang.Class.getMethod(Class.java:2942)
1791670155.751 10551 16870 16870 W System.err: 	at java.lang.Class.getDeclaredMethod(Class.java:2921)
1791670155.751 10551 16870 16870 W System.err: 	at com.oplus.camera.Camera.N(Camera.java:1437)
1791670155.751 10551 16870 16870 W System.err: 	at h6.b0.onResume(QuickActivity.java:203)
1791670155.751 10551 16870 16870 W System.err: 	at android.app.Instrumentation.callActivityOnResume(Instrumentation.java:1739)
1791670155.751 10551 16870 16870 W System.err: 	at android.app.Activity.performResume(Activity.java:9500)
1791670155.751 10551 16870 16870 W System.err: 	at android.app.ActivityThread.performResumeActivity(ActivityThread.java:5984)
1791670155.751 10551 16870 16870 W System.err: 	at android.app.ActivityThread.handleResumeActivity(ActivityThread.java:6027)
1791670155.751 10551 16870 16870 W System.err: 	at android.app.servertransaction.ResumeActivityItem.execute(ResumeActivityItem.java:73)
1791670155.751 10551 16870 16870 W System.err: 	at android.app.servertransaction.ActivityTransactionItem.execute(ActivityTransactionItem.java:63)
1791670155.751 10551 16870 16870 W System.err: 	at android.app.servertransaction.TransactionExecutor.executeLifecycleItem(TransactionExecutor.java:169)
1791670155.751 10551 16870 16870 W System.err: 	at android.app.servertransaction.TransactionExecutor.executeTransactionItems(TransactionExecutor.java:101)
1791670155.751 10551 16870 16870 W System.err: 	at android.app.servertransaction.TransactionExecutor.execute(TransactionExecutor.java:80)
1791670155.751 10551 16870 16870 W System.err: 	at android.app.ActivityThread$H.handleMessage(ActivityThread.java:3036)
1791670155.751 10551 16870 16870 W System.err: 	at android.os.Handler.dispatchMessageImpl(Handler.java:142)
1791670155.751 10551 16870 16870 W System.err: 	at android.os.Handler.dispatchMessage(Handler.java:125)
1791670155.751 10551 16870 16870 W System.err: 	at android.os.Looper.loopOnce(Looper.java:296)
1791670155.751 10551 16870 16870 W System.err: 	at android.os.Looper.loop(Looper.java:397)
1791670155.751 10551 16870 16870 W System.err: 	at android.app.ActivityThread.main(ActivityThread.java:9581)
1791670155.751 10551 16870 16870 W System.err: 	at java.lang.reflect.Method.invoke(Native Method)
1791670155.751 10551 16870 16870 W System.err: 	at com.android.internal.os.RuntimeInit$MethodAndArgsCaller.run(RuntimeInit.java:578)
1791670155.752 10551 16870 16870 W System.err: 	at com.android.internal.os.ZygoteInit.main(ZygoteInit.java:939)
1791670155.752 10551 16870 16870 W OCAM_DisplayDensityUtil: initScreenHeightWidth, sScreenHeight: 3216, sScreenWidth: 1440, folderOpen: false
1791670155.752  1047  1635 17118 I CHIMEMCPY: camxchinodememcpy.cpp:531 Initialize(): m_nodeCaps 0
1791670155.752  1047  1635 17118 I CHINODEUTIL: camxchinodeutil.cpp:452 DefaultBufferNegotiation(): Output Port 0: (w x h) optimal 4608 x 3456 min 4608 x 3456 max 4608 x 3456Input: optimal 4608 x 3456 min 4608 x 3456 max 4608 x 3456 (NumConnected: 1)
1791670155.752  1047  1635  3956 V SYNX-UMD: Synx Init!
1791670155.752  1047  1635  3956 V SYNX-UMD: Initialized /dev/synx_device
1791670155.753  1047  1635 17112 V SYNX-UMD: Synx Init!
1791670155.753  1047  1635 17112 V SYNX-UMD: Initialized /dev/synx_device
1791670155.755  1000  4337  4481 W ActivityManager: Unable to start service Intent { xflg=0x4 cmp=com.nearme.statistics.rom/.service.ReceiverService (has extras) } U=0: not found
1791670155.756  1047  1635  3956 V SYNX-UMD: Synx Init!
1791670155.756  1047  1635  3956 V SYNX-UMD: Initialized /dev/synx_device
1791670155.759 10551 16870 16925 E OCAM_Thumbnail: getLatestMediaItem, cost time: 34
1791670155.760  1000  1617  1785 E minksocket: MinkIPC_QRTR_Service: client with node 1 port 58cc went down
1791670155.760 10551 16870 16870 D CompatChangeReporter: Compat change id reported: 349153669; UID 10551; state: ENABLED
1791670155.761  1000  1617  1785 E minksocket: MinkIPC_QRTR_Service: client with node 1 port 58cd went down
1791670155.761  1000  1617  1785 E minksocket: MinkIPC_QRTR_Service: client with node 1 port 58ce went down
1791670155.761  1000  1617  1785 E minksocket: MinkIPC_QRTR_Service: client with node 1 port 58cf went down
1791670155.763  1000  1617  1785 E minksocket: MinkIPC_QRTR_Service: client with node 1 port 58d1 went down
1791670155.763  1000  1617  1785 E minksocket: MinkIPC_QRTR_Service: client with node 1 port 58d2 went down
1791670155.764  1000  4337  4337 W AccessibilityManagerService:  wait for adding window timeout: 394
1791670155.764  1047  1635  3956 V SYNX-UMD: Synx Init!
1791670155.764  1047  1635  3956 V SYNX-UMD: Initialized /dev/synx_device
1791670155.763  1000   764   764 I servicemanager: Caller(pid=16870,uid=10551,sid=u:r:priv_app_36:s0:c512,c768) Could not find android.hardware.graphics.allocator.IAllocator/default in the VINTF manifest. No alternative instances declared in VINTF.
1791670155.765 10551 16870 16870 D InsetsController: Setting requestedVisibleTypes to 502 (was 503)
1791670155.766 10551 16870 16870 D InsetsController: Setting requestedVisibleTypes to 498 (was 502)
1791670155.767  1000  4337  4481 W PackageInfo: Large parcel: size=16392 pkg=com.google.android.gms uid=10280 sig=1108(1) prevAllowSquashing=false
1791670155.768  1000  1617  1785 E minksocket: MinkIPC_QRTR_Service: client with node 1 port 58d3 went down
1791670155.768  1000  1617  1785 E minksocket: MinkIPC_QRTR_Service: client with node 1 port 58d4 went down
1791670155.768  1000  4337  6379 W InputChannel-JNI: Channel already disposed.
1791670155.769  1047  1635  3956 V SYNX-UMD: Synx Init!
1791670155.769  1047  1635  3956 V SYNX-UMD: Initialized /dev/synx_device
1791670155.774  1047  1635  3956 V SYNX-UMD: Synx Init!
1791670155.774  1047  1635  3956 V SYNX-UMD: Initialized /dev/synx_device
1791670155.775  1047  1635 17085 I CHIMEMCPY: camxchinodememcpy.cpp:531 Initialize(): m_nodeCaps 0
1791670155.775  1047  1635 17085 I CHINODEUTIL: camxchinodeutil.cpp:452 DefaultBufferNegotiation(): Output Port 0: (w x h) optimal 2328 x 1748 min 2328 x 1748 max 2328 x 1748Input: optimal 2328 x 1748 min 2328 x 1748 max 2328 x 1748 (NumConnected: 1)
1791670155.776  1047  1635  3956 V SYNX-UMD: Synx Init!
1791670155.776  1047  1635  3956 V SYNX-UMD: Initialized /dev/synx_device
1791670155.776  1047  1635 17086 I CHIMEMCPY: camxchinodememcpy.cpp:531 Initialize(): m_nodeCaps 0
1791670155.776  1047  1635 17086 I CHINODEUTIL: camxchinodeutil.cpp:452 DefaultBufferNegotiation(): Output Port 0: (w x h) optimal 4656 x 3496 min 4656 x 3496 max 4656 x 3496Input: optimal 4656 x 3496 min 4656 x 3496 max 4656 x 3496 (NumConnected: 1)
1791670155.777  1000  1617  1785 E minksocket: MinkIPC_QRTR_Service: client with node 1 port 58d6 went down
1791670155.777  1000  1617  1785 E minksocket: MinkIPC_QRTR_Service: client with node 1 port 58d7 went down
1791670155.779  1047  1635  3956 V SYNX-UMD: Synx Init!
1791670155.779  1047  1635  3956 V SYNX-UMD: Initialized /dev/synx_device
1791670155.780  1047  1635  3956 V SYNX-UMD: Synx Init!
1791670155.780  1047  1635  3956 V SYNX-UMD: Initialized /dev/synx_device
1791670155.780  1000   764   764 I servicemanager: Caller(pid=16870,uid=10551,sid=u:r:priv_app_36:s0:c512,c768) Could not find android.hardware.graphics.allocator.IAllocator/default in the VINTF manifest. No alternative instances declared in VINTF.
1791670155.783 10551 16870 16947 E OCAM_ApsService: getService, service object:com.oplus.camera.aps.service.ApsService@ceadea6
1791670155.784 10551 16870 16870 E OCAM_ZoomSeekBar: initZoomPointMap, clickValues: [0.8, 1.0], mZoomPointMap: {WIDE=0.8, DUAL=1.0}
1791670155.784 10551 16870 16870 E OCAM_ZoomSeekBar: decideZoomBarType, mPreZoomPointMap: {}, mZoomPointMap: {WIDE=0.8, DUAL=1.0}, mPreZoomBarType: 00000, zoomBarType: 00000
1791670155.788  1047  1635  3956 I CHIUSECASE: [ALWAYS_ON  ] chxpipeline.cpp:541 CreateDescriptor() [OP_EXT] CamId=1 Realtime pipeline[QuadCFAFullSizeStatsParse] SelectedMode W=4656, H=3496, FPS:30, NumBatchedFrames:1, modeIndex:0
1791670155.790  1047  1635  3956 I CHIREMOSAIC: camxchinoderemosaic.cpp:751 InitSonyRemosaic(): Read 1224 size of bin file
1791670155.790  1047  1635  3956 I CHIREMOSAIC: camxchinoderemosaic.cpp:754 InitSonyRemosaic(): imx471_dfct_t: fd_dfct_num=0 sg_dfct_num:8
1791670155.790  1047  1635  3956 E CHIREMOSAIC: camxchinoderemosaic.cpp:803 InitSonyRemosaic(): Unable to open /data/vendor/camera/cross_talk.bin, No such file or directory
1791670155.790 10551 16870 16870 D VRI[Camera]: WindowInsets changed: 1440x3216 statusBars:[0,126,0,0] navigationBars:[0,0,0,67] mandatorySystemGestures:[0,160,0,90]
1791670155.790  1000  1617  1785 E minksocket: MinkIPC_QRTR_Service: client with node 1 port 58d8 went down
1791670155.790  1000  1617  1785 E minksocket: MinkIPC_QRTR_Service: client with node 1 port 58d9 went down
1791670155.792 10551 16870 16870 D WindowOnBackDispatcher: setTopOnBackInvokedCallback (unwrapped): android.view.ViewRootImpl$$ExternalSyntheticLambda14@c33d4f5
1791670155.792  1000  4337  6601 D CoreBackPreview: Window{c8dec2c u0 com.oplus.camera/com.oplus.camera.Camera}: Setting back callback OnBackInvokedCallbackInfo{mCallback=android.window.IOnBackInvokedCallback$Stub$Proxy@c4c4673, mPriority=0, mIsAnimationCallback=false, mOverrideBehavior=0}
1791670155.794 10280  5540  5540 D BoundBrokerSvc: onRebind: Intent { act=com.google.android.gms.cloudmessaging.service.START dat=chimera-action:/... xflg=0x4 cmp=com.google.android.gms/.chimera.PersistentApiService }
1791670155.795  root 11925 16869 W adbd    : timed out while waiting for FUNCTIONFS_BIND, trying again
1791670155.795  root 11925 16869 I adbd    : UsbFfs: connection terminated: monitor thread finished
1791670155.795  1000  4337  6576 D WindowManager: setClientSurface Surface(name=VRI-com.oplus.camera/com.oplus.camera.Camera#4950)/@0x9e33930 for c8dec2c com.oplus.camera/com.oplus.camera.Camera
1791670155.797  1047  1635 17170 I CHIREMOSAIC: camxchinoderemosaic.cpp:694 DeferInitThread(): SonyQdLibGetVersion version = 0x15000
1791670155.797  1047  1635 17170 I CHIREMOSAIC: camxchinoderemosaic.cpp:696 DeferInitThread(): SonyQdLibInitialize ret = 0
1791670155.799  1047  1635  3956 V SYNX-UMD: Synx Init!
1791670155.799  1047  1635  3956 V SYNX-UMD: Initialized /dev/synx_device
1791670155.801  1047  1635  3956 I CHIUSECASE: [ALWAYS_ON  ] chxpipeline.cpp:541 CreateDescriptor() [OP_EXT] CamId=1 Realtime pipeline[RealTimeFeatureZSLPreviewRaw] SelectedMode W=2328, H=1748, FPS:30, NumBatchedFrames:1, modeIndex:1
1791670155.802  1047  1635 17172 I imagefw_android: FACE_SDK cv_face version:v6.6.34-ppl-hardcode
1791670155.802 10551 16870 16870 I Surface : Creating surface for consumer unnamed-16870-3 with slotExpansion=1 for 64 slots
1791670155.803 10551 16870 16870 I Surface : Creating surface for consumer VRI[Camera]#0(BLAST Consumer)0 with slotExpansion=1 for 64 slots
1791670155.803 10551 16870 16870 D VRI[Camera]: WindowInsets changed: statusBars:null
1791670155.806 10551 16870 16870 I Surface : Creating surface for consumer unnamed-16870-4 with slotExpansion=1 for 64 slots
1791670155.808 10551 16870 16870 I Surface : Creating surface for consumer 26fb5df SurfaceView[com.oplus.camera/com.oplus.camera.Camera]#1(BLAST Consumer)1 with slotExpansion=1 for 64 slots
1791670155.810 10551 16870 16870 I Surface : Creating surface for consumer unnamed-16870-5 with slotExpansion=1 for 64 slots
1791670155.810 10551 16870 16870 I Surface : Creating surface for consumer c74922c SurfaceView[com.oplus.camera/com.oplus.camera.Camera]#2(BLAST Consumer)2 with slotExpansion=1 for 64 slots
1791670155.811 10551 16870 16870 W OCAM_CameraPreviewUI: All preview Surfaces ready
1791670155.811 10551 16870 17012 I Gralloc4: Adding additional valid usage bits: 0x8202000
1791670155.813 10551 16870 17000 W OCAM_GLThread: guardedRun, egl createEGLSurface
1791670155.813 10551 16870 17000 D NativeWindow: setNativeWindowFlag, transform: 0, flag: 8
1791670155.813 10551 16870 17000 D NativeWindow: setNativeWindowBuffersGeometry, transform: 0, width: 1440, height: 3216, format: 1
1791670155.813 10551 16870 17000 W OCAM_GLThread: guardedRun, onSurfaceCreated
1791670155.815 10551 16870 16870 E OCAM_HeadlineBackground: onDraw, mBackgroundWidth: 0, mBackgroundHeight: 0, mPaint: android.graphics.Paint@8c568db, getWidth: 1440, getHeight: 240
1791670155.822  1047  1635  3956 I CamX    : [ALWAYS_ON  ] camxncsservice.cpp:284 RegisterService() NCS register pNCSIntfObject=0x774ad68fe0, sensorType=1
1791670155.822  1047  1635  3956 I CamX    : [ALWAYS_ON  ] camxncsintfqsee.cpp:964 CreateClientSession() New register request for sensor 1: sample rate 416.000000, report rate 10000
1791670155.822  1000  1617  1785 E minksocket: MinkIPC_QRTR_Service: client with node 1 port 58db went down
1791670155.824  1000  1617  1785 E minksocket: MinkIPC_QRTR_Service: client with node 1 port 58dc went down
1791670155.824  1000  1617  1785 E minksocket: MinkIPC_QRTR_Service: client with node 1 port 58dd went down
1791670155.825  1000  1617  1785 E minksocket: MinkIPC_QRTR_Service: client with node 1 port 58de went down
1791670155.828 10551 16870 17000 W OCAM_GLThread: guardedRun, onSurfaceChanged, size: 1440x3216
1791670155.830 10551 16870 17000 W OCAM_CameraScreenNail: draw, mExtTextures isEmpty false, mCachePreviews isEmpty false, mbFirstFrameArrived false
1791670155.830  1000  1659  1659 E QTI PowerHAL: Failed to acquire lock.
1791670155.830  1000  1659  1659 E QTI PowerHAL: Failed process_boost for boost_handle
1791670155.832  1000  1617  1785 E minksocket: MinkIPC_QRTR_Service: client with node 1 port 58e0 went down
1791670155.832  1000  1617  1785 E minksocket: MinkIPC_QRTR_Service: client with node 1 port 58e1 went down
1791670155.837  1000  1617  1785 E minksocket: MinkIPC_QRTR_Service: client with node 1 port 58e2 went down
1791670155.840  1000  1617  1785 E minksocket: MinkIPC_QRTR_Service: client with node 1 port 58e3 went down
1791670155.843  1000  4337  4382 I ActivityTaskManager: Displayed com.oplus.camera/.Camera for user 0: +641ms
1791670155.844  1000  1617  1785 E minksocket: MinkIPC_QRTR_Service: client with node 1 port 58e5 went down
1791670155.845  1047  1635  3956 I CamX    : [ALWAYS_ON  ] camxncsservice.cpp:327 RegisterService() Successfully register to the NCS service: obj=0xb4000079101ee150, interface=0, slot=0, num_clients=1
1791670155.845  1000  1617  1785 E minksocket: MinkIPC_QRTR_Service: client with node 1 port 58e6 went down
1791670155.846  1000  1617  1785 E minksocket: MinkIPC_QRTR_Service: client with node 1 port 58e7 went down
1791670155.848  1000  1617  1785 E minksocket: MinkIPC_QRTR_Service: client with node 1 port 58e8 went down
1791670155.849  root 11938 11938 I         : read descriptors
1791670155.849  root 11925 11938 I adbd    : opening control endpoint /dev/usb-ffs/adb/ep0
1791670155.849  root 11938 11938 I         : read strings
1791670155.854 10551 16870 16870 W OCAM_BurstSettingDrawerLayout: onOrientationChanged mActivity is null.
1791670155.854  1047  2842  2842 I CAM_INFO: CAM-CCI: cam_cci_init: 198 cam_cci_init 7
1791670155.854  1047  2842  2842 I CAM_ERR : CAM-SENSOR: cam_sensor_driver_cmd: 1019 sensor power up success sensor id 0x471
1791670155.854  1047  2842  2842 I CAM_INFO: CAM-SENSOR: cam_sensor_driver_cmd: 1049 CAM_ACQUIRE_DEV Success, sensor_id:0x471,sensor_slave_addr:0x20
1791670155.854 10416 16908 16908 W FDL     : FDL logging failed. Add a dependency for Firebase Analytics to your app to enable logging of Dynamic Link events.
1791670155.860  1047  1635 17177 I CamX    : [ALWAYS_ON  ] camxncsservice.cpp:284 RegisterService() NCS register pNCSIntfObject=0x774ad68fe0, sensorType=1
1791670155.860  1047  1635 17177 I CamX    : [ALWAYS_ON  ] camxncsintfqsee.cpp:964 CreateClientSession() New register request for sensor 1: sample rate 416.000000, report rate 10000
1791670155.860  1047  1635 17177 I CamX    : [ALWAYS_ON  ] camxncsservice.cpp:327 RegisterService() Successfully register to the NCS service: obj=0xb4000079101c22d0, interface=0, slot=1, num_clients=2
1791670155.860 10280  5540  5540 D BoundBrokerSvc: onRebind: Intent { act=com.google.android.gms.findmydevice.spot.service.management.START dat=chimera-action:/... xflg=0x4 cmp=com.google.android.gms/.chimera.GmsApiService }
1791670155.867 10384  6896  6896 I SubtypeOperator: SubtypeOperator$1.onUnbindInput():44
1791670155.868  1000  4337  6576 W ActivityManager: Skipping manifest association check for null package. SourceUid: -1, SourcePkg: null, TargetUid: 10551, TargetPkg: com.oplus.camera
1791670155.876  logd 17183 17183 I CAM_INFO: CAM-HFI: cam_hfi_resume: 644 Resume IO1 : [0x10c00000 0xcf300000] IO2 [0xe0200000 0x1ed00000]
1791670155.868  1000  4337  4391 W ActivityManager: Skipping manifest association check for null package. SourceUid: -1, SourcePkg: null, TargetUid: 10551, TargetPkg: com.oplus.camera
1791670155.870  1000  4337  4481 D InputMethodManagerService: Attach new input but force hide
1791670155.870  1000  4337  4481 I ImeTracker: com.oplus.camera:ea89cc97: onRequestHide at ORIGIN_SERVER reason HIDE_SOFT_INPUT fromUser false userId 0 displayId 0
1791670155.870  1000  4337  4481 I ImeTracker: com.oplus.camera:ea89cc97: onCancelled at PHASE_SERVER_SHOULD_HIDE
1791670155.871  1000  4337  4481 W InputChannel-JNI: Channel already disposed.
1791670155.871 10384  6896  6896 I SubtypeOperator: SubtypeOperator$1.onBindInput():33
1791670155.872 10384  6896  6896 I GoogleInputMethodService: GoogleInputMethodService.onFinishInput():2404
1791670155.873 10551 16870 16870 E OCAM_BroadcastHandler: handleReceivedBroadcast, intent action: android.intent.action.BATTERY_CHANGED, packageName: null, isNewCameraLaunch: true
1791670155.873 10384  6896  6896 I GoogleInputMethodService: GoogleInputMethodService.onStartInput():1552 onStartInput(EditorInfo{EditorInfo{packageName=com.oplus.camera, inputType=0, inputTypeString=NULL, enableLearning=false, autoCorrection=false, autoComplete=false, imeOptions=0, privateImeOptions=null, actionName=UNSPECIFIED, actionLabel=null, initialSelStart=-1, initialSelEnd=-1, initialCapsMode=0, label=null, fieldId=0, fieldName=null, extras=null, hintText=null, hintLocales=[]}}, false)
1791670155.873 10384  6896  6896 I LatinInputMethodServiceBase: LatinInputMethodServiceBase.updateInputViewCoverNavigation():360 Update input view padding, isNavbarOverInputWindow=true, bottom inset=134
1791670155.876 10384  6896 20027 I Module  : DeviceLockedStatusModuleProvider$Module.updateDeviceLockedStatusInternal():119 repeatCheckTimes = 0, locked = false
1791670155.876 10384  6896 20027 I Module  : DeviceLockedStatusModuleProvider$Module.updateDeviceLockedStatusInternal():119 repeatCheckTimes = 1, locked = false
1791670155.876  1000  4337  6379 I ImeTracker: system_server:a5c2242f: onRequestHide at ORIGIN_SERVER reason IME_REQUESTED_CHANGED_LISTENER fromUser false displayId 0
1791670155.878  1000  4337  6576 W PackageConfigPersister: App-specific configuration not found for packageName: com.oplus.camera and userId: 0
1791670155.879  1000  4337  4385 I ImeTracker: system_server:a5c2242f: onCancelled at PHASE_SERVER_SHOULD_HIDE
1791670155.892  1000  1659  1659 I QTI PowerHAL: Power setMode: 5 to: 0
1791670155.892  1000  4337  6575 W ActivityTaskManager: Request to remove task ignored for non-existent task 931
1791670155.892  1000  4337  6575 D CorePackageUpdate: onRecentTaskRemoved Removing task: 931
1791670155.892  1000  4337  6575 D CorePackageUpdate: Couldn't find a persistent state for task= 931
1791670155.894 10303  4915  5301 V RecentTasksController: Notify recent tasks changed
1791670155.899 10312  5415  5415 D RecentTasksList: invalidateLoadedTasks - previous requestLoadId: -1
1791670155.900 10312  5415  5415 D BaseDepthController: setSurface:
1791670155.900 10312  5415  5415 D BaseDepthController: 	mWaitingOnSurfaceValidity: false
1791670155.900 10312  5415  5415 D BaseDepthController: 	mBaseSurface: null
1791670155.900 10312  5415  5415 D BaseDepthController: mSurface is null and mCurrentBlur is: 0
1791670155.902 10280  5540  5540 D BoundBrokerSvc: onRebind: Intent { act=com.google.android.gms.time.trustedtime.service.START dat=chimera-action:/... xflg=0x4 cmp=com.google.android.gms/.chimera.PersistentDirectBootAwareApiService }
1791670155.909 10312  5415  5415 I AutofillManager: onInvisibleForAutofill(): expiringResponse
1791670155.910 10312  5415  5415 D KeyboardStateManager: hideKeyboard
1791670155.910 10312  5415  5415 D KeyboardStateManager: isImeShown: false
1791670155.910 10312  5415  5415 D StatsLog: LAUNCHER_ONSTOP
1791670155.911 10383  7958  7958 I csde    : onStop
1791670155.913 10312  5415  5415 D BaseDepthController: mSurface is null and mCurrentBlur is: 0
1791670155.915 10280  5540  5540 D BoundBrokerSvc: onBind: Intent { act=com.google.android.gms.auth.service.START xflg=0x4 pkg=com.google.android.gms }
1791670155.915 10280  5540  5540 D BoundBrokerSvc: Loading bound service for intent: Intent { act=com.google.android.gms.auth.service.START xflg=0x4 pkg=com.google.android.gms }
1791670155.929  1047  1635 17177 I CamX    : [ALWAYS_ON  ] camxncsservice.cpp:284 RegisterService() NCS register pNCSIntfObject=0x774ad68fe0, sensorType=14
1791670155.929  1047  1635 17177 I CamX    : [ALWAYS_ON  ] camxncsintfqsee.cpp:964 CreateClientSession() New register request for sensor 14: sample rate 104.000000, report rate 10000
1791670155.930  1000  1617  1785 E minksocket: MinkIPC_QRTR_Service: client with node 1 port 58ea went down
1791670155.931  1000  1617  1785 E minksocket: MinkIPC_QRTR_Service: client with node 1 port 58eb went down
1791670155.937  1000  1617  1785 E minksocket: MinkIPC_QRTR_Service: client with node 1 port 58ec went down
1791670155.939  1000  1617  1785 E minksocket: MinkIPC_QRTR_Service: client with node 1 port 58ed went down
1791670155.943  1047  1635 17177 I CamX    : [ALWAYS_ON  ] camxncsservice.cpp:327 RegisterService() Successfully register to the NCS service: obj=0xb4000079101d78d0, interface=0, slot=2, num_clients=3
1791670155.943  1047  1635 17177 I CamX    : [ALWAYS_ON  ] camxncsservice.cpp:284 RegisterService() NCS register pNCSIntfObject=0x774ad68fe0, sensorType=15
1791670155.943  1047  1635 17177 I CamX    : [ALWAYS_ON  ] camxncsintfqsee.cpp:964 CreateClientSession() New register request for sensor 15: sample rate 104.000000, report rate 30000
1791670155.948  1000  1617  1785 E minksocket: MinkIPC_QRTR_Service: client with node 1 port 58ef went down
1791670155.949  1000  1617  1785 E minksocket: MinkIPC_QRTR_Service: client with node 1 port 58f0 went down
1791670155.949  1000  1617  1785 E minksocket: MinkIPC_QRTR_Service: client with node 1 port 58f1 went down
1791670155.952  root  6836 24683 V BinderSender: Uid 10416 already starts
1791670155.955  1000  1617  1785 E minksocket: MinkIPC_QRTR_Service: client with node 1 port 58f2 went down
1791670155.955  1047  1635 17177 I CamX    : [ALWAYS_ON  ] camxncsservice.cpp:327 RegisterService() Successfully register to the NCS service: obj=0xb4000079101bda50, interface=0, slot=3, num_clients=4
1791670155.955  1047  1635  3956 I CamX    : [ALWAYS_ON  ] camxncsservice.cpp:284 RegisterService() NCS register pNCSIntfObject=0x774ad68fe0, sensorType=1
1791670155.955  1047  1635  3956 I CamX    : [ALWAYS_ON  ] camxncsintfqsee.cpp:964 CreateClientSession() New register request for sensor 1: sample rate 416.000000, report rate 10000
1791670155.955  1047  1635  3956 I CamX    : [ALWAYS_ON  ] camxncsservice.cpp:327 RegisterService() Successfully register to the NCS service: obj=0xb4000079101d8c50, interface=0, slot=4, num_clients=5
1791670155.958  1047  1635 17177 I CamX    : [ALWAYS_ON  ] camxncsservice.cpp:284 RegisterService() NCS register pNCSIntfObject=0x774ad68fe0, sensorType=1
1791670155.958  1047  1635 17177 I CamX    : [ALWAYS_ON  ] camxncsintfqsee.cpp:964 CreateClientSession() New register request for sensor 1: sample rate 416.000000, report rate 10000
1791670155.958  1047  1635 17177 I CamX    : [ALWAYS_ON  ] camxncsservice.cpp:327 RegisterService() Successfully register to the NCS service: obj=0xb4000079101d2350, interface=0, slot=5, num_clients=6
1791670155.958  1047  1635 17177 I CamX    : [ALWAYS_ON  ] camxncsservice.cpp:284 RegisterService() NCS register pNCSIntfObject=0x774ad68fe0, sensorType=14
1791670155.958  1047  1635 17177 I CamX    : [ALWAYS_ON  ] camxncsintfqsee.cpp:964 CreateClientSession() New register request for sensor 14: sample rate 104.000000, report rate 10000
1791670155.958  1047  1635 17177 I CamX    : [ALWAYS_ON  ] camxncsservice.cpp:327 RegisterService() Successfully register to the NCS service: obj=0xb4000079101ca990, interface=0, slot=6, num_clients=7
1791670155.958  1047  1635 17177 I CamX    : [ALWAYS_ON  ] camxncsservice.cpp:284 RegisterService() NCS register pNCSIntfObject=0x774ad68fe0, sensorType=15
1791670155.958  1047  1635 17177 I CamX    : [ALWAYS_ON  ] camxncsintfqsee.cpp:964 CreateClientSession() New register request for sensor 15: sample rate 104.000000, report rate 30000
1791670155.958  1047  1635 17177 I CamX    : [ALWAYS_ON  ] camxncsservice.cpp:327 RegisterService() Successfully register to the NCS service: obj=0xb4000079101dbbd0, interface=0, slot=7, num_clients=8
1791670155.962  1047  1635 17177 I CamX    : [ALWAYS_ON  ] camxncsservice.cpp:284 RegisterService() NCS register pNCSIntfObject=0x774ad68fe0, sensorType=1
1791670155.962  1047  1635 17177 I CamX    : [ALWAYS_ON  ] camxncsintfqsee.cpp:964 CreateClientSession() New register request for sensor 1: sample rate 416.000000, report rate 10000
1791670155.962  1047  1635 17177 I CamX    : [ALWAYS_ON  ] camxncsservice.cpp:327 RegisterService() Successfully register to the NCS service: obj=0xb4000079101c9650, interface=0, slot=8, num_clients=9
1791670155.962  1047  1635 17177 I CamX    : [ALWAYS_ON  ] camxncsservice.cpp:284 RegisterService() NCS register pNCSIntfObject=0x774ad68fe0, sensorType=4
1791670155.962  1047  1635 17177 I CamX    : [ALWAYS_ON  ] camxncsintfqsee.cpp:964 CreateClientSession() New register request for sensor 4: sample rate 52.000000, report rate 30000
1791670155.964  1000  1617  1785 E minksocket: MinkIPC_QRTR_Service: client with node 1 port 58f4 went down
1791670155.965  1000  1617  1785 E minksocket: MinkIPC_QRTR_Service: client with node 1 port 58f5 went down
1791670155.970  1000  1617  1785 E minksocket: MinkIPC_QRTR_Service: client with node 1 port 58f6 went down
1791670155.971  1000  1617  1785 E minksocket: MinkIPC_QRTR_Service: client with node 1 port 58f7 went down
1791670155.982  1047 17177 17177 I msm_cvp : sess: Opening cvp instance: 0000000000000000
1791670155.982  1047 17177 17177 I msm_cvp : err: Failed to create debugfs for msm_cvp
1791670155.975 10383  7958  7958 I cruv    : onStop
1791670155.975  1047  1635 17177 I CamX    : [ALWAYS_ON  ] camxncsservice.cpp:327 RegisterService() Successfully register to the NCS service: obj=0xb4000079101e63d0, interface=0, slot=9, num_clients=10
1791670155.977  1047  1635 17177 I mm-camera-CORE: [af_util_adjust_roi, 2302][AFDBG] maincamera: 1, cameraId: 1, Calculated new ROI: (814, 612, 698, 524)
1791670155.977  1047  1635 17177 I mm-camera-CORE: [af_util_adjust_roi, 2302][AFDBG] maincamera: 1, cameraId: 1, Calculated new ROI: (814, 612, 698, 524)
1791670155.982  1047  1635 17177 I CVP     : File: vendor/qcom/proprietary/cv-noship/cvp/2.1/src/cpu/platform/android/cvpSession.cpp Line: 189 Function: cvpGetDebugEnable() Msg:  CVP Debug Logs Disabled
1791670155.991  root  7825  7825 I msm_cvp : fw: <CFW_E:CVWork:--------:-> cvp_Worker_ProcessControlCommand(10379): return from cvp_Worker_ValidateStreamConfig Success
1791670155.993  root  7825  7825 I msm_cvp : fw: <CFW_E:RTWrkT:--------:-> cvp_Worker_ProcessControlCommand(10379): return from cvp_Worker_ValidateStreamConfig Success
1791670155.993  1047 17177 17177 I synx    : [sess: 2562306] session created cvp-kernel-client
1791670156.000  1047  1635  3956 I CamX    : [ALWAYS_ON  ] camxncsservice.cpp:284 RegisterService() NCS register pNCSIntfObject=0x774ad68fe0, sensorType=1
1791670156.000  1047  1635  3956 I CamX    : [ALWAYS_ON  ] camxncsintfqsee.cpp:964 CreateClientSession() New register request for sensor 1: sample rate 416.000000, report rate 10000
1791670156.000  1047  1635  3956 I CamX    : [ALWAYS_ON  ] camxncsservice.cpp:327 RegisterService() Successfully register to the NCS service: obj=0xb4000079101ce690, interface=0, slot=10, num_clients=11
1791670156.000  root  7825  7825 I msm_cvp : fw: <CFW_E:RTWrkT:--------:-> cvp_Worker_ValidateStreamConfig(14275): condition value  0, venusHWSkuVersion 0, hardware id  9
1791670156.000  root  7825  7825 I msm_cvp : fw: <CFW_E:RTWrkT:--------:-> cvp_Worker_ProcessControlCommand(10379): return from cvp_Worker_ValidateStreamConfig Success
1791670156.002  root 25480 25480 I msm_cvp : fw: <CFW_E:RTWrkT:--------:-> cvp_Worker_ProcessControlCommand(10379): return from cvp_Worker_ValidateStreamConfig Success
1791670156.001  1047  1635 17177 I CVP     : File: vendor/qcom/proprietary/cv-noship/cvp/2.1/src/cpu/cvpPower.cpp Line: 624 Function: cvpEstimatePowerDme() Msg: DME Voting
1791670156.001  1047  1635 17177 I CVP     : File: vendor/qcom/proprietary/cv-noship/cvp/2.1/src/cpu/cvpPower.cpp Line: 1599 Function: cvpAggreatePower() Msg: After aggregation
1791670156.001  1047  1635 17177 I CVP     : File: vendor/qcom/proprietary/cv-noship/cvp/2.1/src/cpu/cvpPower.cpp Line: 85 Function: cvpPrintPower() Msg: Actual      Clock: Fdu 18317790, Ica 3456000, Od 0, Mpu 0, Fw 50400000
1791670156.001  1047  1635 17177 I CVP     : File: vendor/qcom/proprietary/cv-noship/cvp/2.1/src/cpu/cvpPower.cpp Line: 89 Function: cvpPrintPower() Msg: Operational Clock: Fdu 18317790, Ica 3456000, Od 0, Mpu 0, Fw 50400000
1791670156.001  1047  1635 17177 I CVP     : File: vendor/qcom/proprietary/cv-noship/cvp/2.1/src/cpu/cvpPower.cpp Line: 91 Function: cvpPrintPower() Msg: Actual     Bw: Ddr 75685110, SysCache 0
1791670156.001  1047  1635 17177 I CVP     : File: vendor/qcom/proprietary/cv-noship/cvp/2.1/src/cpu/cvpPower.cpp Line: 93 Function: cvpPrintPower() Msg: Opeational Bw: Ddr 75685110, SysCache 0
1791670156.001  1047  1635 17177 I CVP     : File: vendor/qcom/proprietary/cv-noship/cvp/2.1/src/cpu/cvpPower.cpp Line: 96 Function: cvpPrintPower() Msg: FPS: FDU 0, MPU 0, OD 0, ICA 0
1791670156.002  1047  1635 17177 I CVP     : File: vendor/qcom/proprietary/cv-noship/cvp/2.1/src/cpu/cvpPvtUtils.cpp Line: 313 Function: cvpSetPower() Msg: Update power to KMD
1791670156.002  1047  1635 17177 I CVP     : File: vendor/qcom/proprietary/cv-noship/cvp/2.1/src/cpu/cvpPower.cpp Line: 85 Function: cvpPrintPower() Msg: Actual      Clock: Fdu 18317790, Ica 3456000, Od 0, Mpu 0, Fw 50400000
1791670156.002  1047  1635 17177 I CVP     : File: vendor/qcom/proprietary/cv-noship/cvp/2.1/src/cpu/cvpPower.cpp Line: 89 Function: cvpPrintPower() Msg: Operational Clock: Fdu 18317790, Ica 3456000, Od 0, Mpu 0, Fw 50400000
1791670156.002  1047  1635 17177 I CVP     : File: vendor/qcom/proprietary/cv-noship/cvp/2.1/src/cpu/cvpPower.cpp Line: 91 Function: cvpPrintPower() Msg: Actual     Bw: Ddr 75685110, SysCache 0
1791670156.002  1047  1635 17177 I CVP     : File: vendor/qcom/proprietary/cv-noship/cvp/2.1/src/cpu/cvpPower.cpp Line: 93 Function: cvpPrintPower() Msg: Opeational Bw: Ddr 75685110, SysCache 0
1791670156.002  1047  1635 17177 I CVP     : File: vendor/qcom/proprietary/cv-noship/cvp/2.1/src/cpu/cvpPower.cpp Line: 96 Function: cvpPrintPower() Msg: FPS: FDU 0, MPU 0, OD 0, ICA 0
1791670156.003  1000  4337  4502 V GrammaticalInflectionUtils: AttributionSource: android.content.AttributionSource@4cd85acd does not have READ_SYSTEM_GRAMMATICAL_GENDER permission.
1791670156.005  root  4167  4167 W Zygote  : Resorting to Java fork code; multipleOK = false
1791670156.010  1047  1635 17177 I CamX    : [ALWAYS_ON  ] camxncsservice.cpp:284 RegisterService() NCS register pNCSIntfObject=0x774ad68fe0, sensorType=4
1791670156.010  1047  1635 17177 I CamX    : [ALWAYS_ON  ] camxncsintfqsee.cpp:964 CreateClientSession() New register request for sensor 4: sample rate 52.000000, report rate 30000
1791670156.010  1047  1635 17177 I CamX    : [ALWAYS_ON  ] camxncsservice.cpp:327 RegisterService() Successfully register to the NCS service: obj=0xb4000079101dab50, interface=0, slot=11, num_clients=12
1791670156.021  1000  4337  4481 I ImeTracker: system_server:91ddcc54: onRequestHide at ORIGIN_SERVER reason IME_REQUESTED_CHANGED_LISTENER fromUser false displayId 0
1791670156.021  1000  4337  4385 I ImeTracker: system_server:91ddcc54: onCancelled at PHASE_SERVER_SHOULD_HIDE
1791670156.022 10551 16870 17187 W InteractionJankMonitor: Initializing without READ_DEVICE_CONFIG permission. enabled=false, interval=1, missedFrameThreshold=3, frameTimeThreshold=64, package=com.oplus.camera
1791670156.022  1000  4337  4502 W JobServiceContext: Sending onNetworkChanged for a job that isn't started. JobStatus{29f950a androidx.work.systemjobscheduler:u0a416/194 #SyncWorker#@androidx.work.systemjobscheduler@com.google.android.apps.adm/androidx.work.impl.background.systemjob.SystemJobService u=0 s=10416 TIME=-917ms:none NET READY}
1791670156.030  root  4167  4167 D Zygote  : Forked child process 17229
1791670156.032  1000  4337  4392 I ActivityManager: Start proc 17229:com.linkedin.android/u0a531 for bound-service {com.linkedin.android/androidx.work.impl.background.systemjob.SystemJobService}
1791670156.042  1047  1635 17085 I CamX    : [ALWAYS_ON  ] camxncsservice.cpp:284 RegisterService() NCS register pNCSIntfObject=0x774ad68fe0, sensorType=1
1791670156.042  1047  1635 17085 I CamX    : [ALWAYS_ON  ] camxncsintfqsee.cpp:964 CreateClientSession() New register request for sensor 1: sample rate 416.000000, report rate 10000
1791670156.042  1047  1635 17085 I CamX    : [ALWAYS_ON  ] camxncsservice.cpp:327 RegisterService() Successfully register to the NCS service: obj=0xb4000079101d0650, interface=0, slot=12, num_clients=13
1791670156.042  1047  1635 17086 I CamX    : [ALWAYS_ON  ] camxncsservice.cpp:284 RegisterService() NCS register pNCSIntfObject=0x774ad68fe0, sensorType=1
1791670156.042  1047  1635 17086 I CamX    : [ALWAYS_ON  ] camxncsintfqsee.cpp:964 CreateClientSession() New register request for sensor 1: sample rate 416.000000, report rate 10000
1791670156.042  1047  1635 17086 I CamX    : [ALWAYS_ON  ] camxncsservice.cpp:327 RegisterService() Successfully register to the NCS service: obj=0xb4000079101d00d0, interface=0, slot=13, num_clients=14
1791670156.052  root 17229 17229 I libprocessgroup: Created cgroup /sys/fs/cgroup/apps/uid_10531/pid_17229
1791670156.053 10303  4915  5338 D WindowOnBackDispatcher: setTopOnBackInvokedCallback (unwrapped): null
1791670156.053 10531 17229 17229 I KernelSU: handle_setresuid from 0 to 10531
1791670156.053  1000  4337  6601 D CoreBackPreview: Window{17c5eba u0 Splash Screen com.oplus.camera EXITING}: Setting back callback null
1791670156.053 10531 17229 17229 I KernelSU: handle umount for uid: 10531, pid: 17229
1791670156.053 10531 17229 17229 I KernelSU: umount_tw_func: unmounting: /apex/com.android.art/bin/dex2oat flags: 0x2
1791670156.053 10531 17229 17229 I KernelSU: umount_tw_func: unmounting: /system/apex/com.android.art/bin/dex2oat64 flags: 0x2
1791670156.053 10531 17229 17229 I KernelSU: umount_tw_func: unmounting: /system/apex/com.android.art/bin/dex2oat32 flags: 0x2
1791670156.053 10531 17229 17229 I KernelSU: umount_tw_func: unmounting: /system/apex/com.android.art/bin/dex2oat flags: 0x2
1791670156.053 10531 17229 17229 I KernelSU: umount_tw_func: unmounting: /apex/com.android.art/bin/dex2oat32 flags: 0x2
1791670156.053 10531 17229 17229 I KernelSU: umount_tw_func: unmounting: /apex/com.android.art/bin/dex2oat64 flags: 0x2
1791670156.053 10531 17229 17229 I KernelSU: umount_tw_func: unmounting: /system/etc/hosts flags: 0x2
1791670156.053 10531 17229 17229 I KernelSU: umount_tw_func: unmounting: /vendor/etc/media_profiles_vendor.xml flags: 0x2
1791670156.053 10531 17229 17229 I KernelSU: umount_tw_func: unmounting: /odm/lib64 flags: 0x2
1791670156.053 10531 17229 17229 I KernelSU: umount_tw_func: unmounting: /odm/lib/rfsa/adsp flags: 0x2
1791670156.053 10531 17229 17229 I KernelSU: umount_tw_func: unmounting: /odm/etc/camera flags: 0x2
1791670156.053 10531 17229 17229 I KernelSU: umount_tw_func: unmounting: /system_ext/framework flags: 0x2
1791670156.053 10531 17229 17229 I KernelSU: umount_tw_func: unmounting: /system_ext/etc/permissions flags: 0x2
1791670156.053 10531 17229 17229 I KernelSU: umount_tw_func: unmounting: /system_ext/etc/default-permissions flags: 0x2
1791670156.053 10531 17229 17229 I KernelSU: umount_tw_func: unmounting: /system/framework flags: 0x2
1791670156.053 10531 17229 17229 I KernelSU: umount_tw_func: unmounting: /mnt/ooscamera flags: 0x2
1791670156.054  root 21978 21978 I susfs   : [0][21978][susfs_run_sus_path_loop] re-flag AS_FLAGS_SUS_PATH on path '/sdcard/Android/data/zed.rainxch.githubstore', fi->inode.i_ino: '0', fi->inode.i_state: 0x200000000
1791670156.054 10531 17229 17229 I KernelSU: umount_tw_func: unmounting: /system/priv-app flags: 0x2
1791670156.054 10531 17229 17229 I KernelSU: umount_tw_func: unmounting: /system/etc/sysconfig flags: 0x2
1791670156.054 10531 17229 17229 I KernelSU: umount_tw_func: unmounting: /system/etc flags: 0x2
1791670156.054 10531 17229 17229 I KernelSU: umount_tw_func: unmounting: /product/media flags: 0x2
1791670156.060 10531 17229 17229 I Zygote  : Process 17229 created for com.linkedin.android
1791670156.061 10531 17229 17229 I inkedin.android: Using generational CollectorTypeCMC GC.
1791670156.062  root 21978 21978 I susfs   : [0][21978][susfs_run_sus_path_loop] re-flag AS_FLAGS_SUS_PATH on path '/sdcard/Android/data/com.reddit.frontpage', fi->inode.i_ino: '0', fi->inode.i_state: 0x200000000
1791670156.065  root 21978 21978 I susfs   : [0][21978][susfs_run_sus_path_loop] re-flag AS_FLAGS_SUS_PATH on path '/sdcard/Android/data/net.streamdek.mobile', fi->inode.i_ino: '0', fi->inode.i_state: 0x200000000
1791670156.065  root 21978 21978 I susfs   : [0][21978][susfs_run_sus_path_loop] re-flag AS_FLAGS_SUS_PATH on path '/sdcard/Android/data/com.deniscerri.ytdl', fi->inode.i_ino: '0', fi->inode.i_state: 0x200000000
1791670156.065  root 21978 21978 I susfs   : [0][21978][susfs_run_sus_path_loop] re-flag AS_FLAGS_SUS_PATH on path '/sdcard/Android/data/com.twitter.android', fi->inode.i_ino: '0', fi->inode.i_state: 0x200000000
1791670156.065  root 21978 21978 I susfs   : [0][21978][susfs_run_sus_path_loop] re-flag AS_FLAGS_SUS_PATH on path '/sdcard/Android/data/com.vega', fi->inode.i_ino: '0', fi->inode.i_state: 0x200000000
1791670156.065  root 21978 21978 I susfs   : [0][21978][susfs_run_sus_path_loop] re-flag AS_FLAGS_SUS_PATH on path '/sdcard/Android/data/com.microsoft.office.outlook', fi->inode.i_ino: '0', fi->inode.i_state: 0x200000000
1791670156.066  root 21978 21978 I susfs   : [0][21978][susfs_run_sus_path_loop] re-flag AS_FLAGS_SUS_PATH on path '/sdcard/Android/data/com.google.android.apps.docs.editors.slides', fi->inode.i_ino: '0', fi->inode.i_state: 0x200000000
1791670156.066  root 21978 21978 I susfs   : [0][21978][susfs_run_sus_path_loop] re-flag AS_FLAGS_SUS_PATH on path '/sdcard/Android/data/ru.yandex.yandexmaps', fi->inode.i_ino: '0', fi->inode.i_state: 0x200000000
1791670156.066  root 21978 21978 I susfs   : [0][21978][susfs_run_sus_path_loop] re-flag AS_FLAGS_SUS_PATH on path '/sdcard/Android/data/com.iett.otobusumnerede', fi->inode.i_ino: '0', fi->inode.i_state: 0x200000000
1791670156.066  root 21978 21978 I susfs   : [0][21978][susfs_run_sus_path_loop] re-flag AS_FLAGS_SUS_PATH on path '/sdcard/Android/data/com.OyunErbabi.XGamepadTester', fi->inode.i_ino: '0', fi->inode.i_state: 0x200000000
1791670156.066  root 21978 21978 I susfs   : [0][21978][susfs_run_sus_path_loop] re-flag AS_FLAGS_SUS_PATH on path '/sdcard/Android/data/com.abtnprojects.ambatana', fi->inode.i_ino: '0', fi->inode.i_state: 0x200000000
1791670156.066  root 21978 21978 I susfs   : [0][21978][susfs_run_sus_path_loop] re-flag AS_FLAGS_SUS_PATH on path '/sdcard/Android/data/com.dv.adm', fi->inode.i_ino: '0', fi->inode.i_state: 0x200000000
1791670156.066  root 21978 21978 I susfs   : [0][21978][susfs_run_sus_path_loop] re-flag AS_FLAGS_SUS_PATH on path '/sdcard/Android/data/net.zedge.android', fi->inode.i_ino: '0', fi->inode.i_state: 0x200000000
1791670156.066  root 21978 21978 I susfs   : [0][21978][susfs_run_sus_path_loop] re-flag AS_FLAGS_SUS_PATH on path '/sdcard/Android/data/org.swiftapps.swiftbackup', fi->inode.i_ino: '0', fi->inode.i_state: 0x200000000
1791670156.066  root 21978 21978 I susfs   : [0][21978][susfs_run_sus_path_loop] re-flag AS_FLAGS_SUS_PATH on path '/sdcard/Android/data/com.mxtech.videoplayer.pro', fi->inode.i_ino: '0', fi->inode.i_state: 0x200000000
1791670156.066  root 21978 21978 I susfs   : [0][21978][susfs_run_sus_path_loop] re-flag AS_FLAGS_SUS_PATH on path '/sdcard/Android/data/org.forkclient.messenger.beta', fi->inode.i_ino: '0', fi->inode.i_state: 0x200000000
1791670156.066  root 21978 21978 I susfs   : [0][21978][susfs_run_sus_path_loop] re-flag AS_FLAGS_SUS_PATH on path '/sdcard/Android/data/org.proninyaroslav.libretorrent', fi->inode.i_ino: '0', fi->inode.i_state: 0x200000000
1791670156.066  root 21978 21978 I susfs   : [0][21978][susfs_run_sus_path_loop] re-flag AS_FLAGS_SUS_PATH on path '/sdcard/Android/data/com.donanimhaber.dhandroid', fi->inode.i_ino: '0', fi->inode.i_state: 0x200000000
1791670156.066  root 21978 21978 I susfs   : [0][21978][susfs_run_sus_path_loop] re-flag AS_FLAGS_SUS_PATH on path '/sdcard/Android/data/com.snowcorp.stickerly.android', fi->inode.i_ino: '0', fi->inode.i_state: 0x200000000
1791670156.067  root 21978 21978 I susfs   : [0][21978][susfs_run_sus_path_loop] re-flag AS_FLAGS_SUS_PATH on path '/sdcard/Android/data/ru.yandex.metro', fi->inode.i_ino: '0', fi->inode.i_state: 0x200000000
1791670156.067  root 21978 21978 I susfs   : [0][21978][susfs_run_sus_path_loop] re-flag AS_FLAGS_SUS_PATH on path '/sdcard/Android/data/com.istomgames.tappynyan', fi->inode.i_ino: '0', fi->inode.i_state: 0x200000000
1791670156.067  root 21978 21978 I susfs   : [0][21978][susfs_run_sus_path_loop] re-flag AS_FLAGS_SUS_PATH on path '/sdcard/Android/data/com.mi.earphone', fi->inode.i_ino: '0', fi->inode.i_state: 0x200000000
1791670156.067  root 21978 21978 I susfs   : [0][21978][susfs_run_sus_path_loop] re-flag AS_FLAGS_SUS_PATH on path '/sdcard/Android/data/com.orion.store', fi->inode.i_ino: '0', fi->inode.i_state: 0x200000000
1791670156.067  root 21978 21978 I susfs   : [0][21978][susfs_run_sus_path_loop] re-flag AS_FLAGS_SUS_PATH on path '/sdcard/Android/data/com.trendyol.go', fi->inode.i_ino: '0', fi->inode.i_state: 0x200000000
1791670156.067  root 21978 21978 I susfs   : [0][21978][susfs_run_sus_path_loop] re-flag AS_FLAGS_SUS_PATH on path '/sdcard/Android/data/com.instagram.android', fi->inode.i_ino: '0', fi->inode.i_state: 0x200000000
1791670156.067  root 21978 21978 I susfs   : [0][21978][susfs_run_sus_path_loop] re-flag AS_FLAGS_SUS_PATH on path '/sdcard/Android/data/io.github.jqssun.helium', fi->inode.i_ino: '0', fi->inode.i_state: 0x200000000
1791670156.076 10531 17229 17229 D nativeloader: Load libframework-connectivity-tiramisu-jni.so using APEX ns com_android_tethering for caller /apex/com.android.tethering/javalib/framework-connectivity-t.jar: ok
1791670156.067  root 21978 21978 I susfs   : [0][21978][susfs_run_sus_path_loop] re-flag AS_FLAGS_SUS_PATH on path '/sdcard/Android/data/com.inovel.app.yemeksepeti', fi->inode.i_ino: '0', fi->inode.i_state: 0x200000000
1791670156.067  root 21978 21978 I susfs   : [0][21978][susfs_run_sus_path_loop] re-flag AS_FLAGS_SUS_PATH on path '/sdcard/Android/data/com.fugo.wowzen', fi->inode.i_ino: '0', fi->inode.i_state: 0x200000000
1791670156.067  root 21978 21978 I susfs   : [0][21978][susfs_run_sus_path_loop] re-flag AS_FLAGS_SUS_PATH on path '/sdcard/Android/data/com.teknotakipultraclient.android', fi->inode.i_ino: '0', fi->inode.i_state: 0x200000000
1791670156.067  root 21978 21978 I susfs   : [0][21978][susfs_run_sus_path_loop] re-flag AS_FLAGS_SUS_PATH on path '/sdcard/Android/data/com.jndapp.adaptive.material.you.iconpack', fi->inode.i_ino: '0', fi->inode.i_state: 0x200000000
1791670156.067  root 21978 21978 I susfs   : [0][21978][susfs_run_sus_path_loop] re-flag AS_FLAGS_SUS_PATH on path '/sdcard/Android/data/com.bigcube.magiccubes', fi->inode.i_ino: '0', fi->inode.i_state: 0x200000000
1791670156.067  root 21978 21978 I susfs   : [0][21978][susfs_run_sus_path_loop] re-flag AS_FLAGS_SUS_PATH on path '/sdcard/Android/data/com.google.android.apps.photos', fi->inode.i_ino: '0', fi->inode.i_state: 0x200000000
1791670156.067  root 21978 21978 I susfs   : [0][21978][susfs_run_sus_path_loop] re-flag AS_FLAGS_SUS_PATH on path '/sdcard/Android/data/com.facebook.stella', fi->inode.i_ino: '0', fi->inode.i_state: 0x200000000
1791670156.067  root 21978 21978 I susfs   : [0][21978][susfs_run_sus_path_loop] re-flag AS_FLAGS_SUS_PATH on path '/sdcard/Android/data/com.rosan.installer.x.revived', fi->inode.i_ino: '0', fi->inode.i_state: 0x200000000
1791670156.068  root 21978 21978 I susfs   : [0][21978][susfs_run_sus_path_loop] re-flag AS_FLAGS_SUS_PATH on path '/sdcard/Android/data/com.bitaksi.musteri', fi->inode.i_ino: '0', fi->inode.i_state: 0x200000000
1791670156.068  root 21978 21978 I susfs   : [0][21978][susfs_run_sus_path_loop] re-flag AS_FLAGS_SUS_PATH on path '/sdcard/Android/data/me.zhanghai.android.files', fi->inode.i_ino: '0', fi->inode.i_state: 0x200000000
1791670156.068  root 21978 21978 I susfs   : [0][21978][susfs_run_sus_path_loop] re-flag AS_FLAGS_SUS_PATH on path '/sdcard/Android/data/dev.imranr.obtainium', fi->inode.i_ino: '0', fi->inode.i_state: 0x200000000
1791670156.068  root 21978 21978 I susfs   : [0][21978][susfs_run_sus_path_loop] re-flag AS_FLAGS_SUS_PATH on path '/sdcard/Android/data/app.morphe.android.apps.youtube.music', fi->inode.i_ino: '0', fi->inode.i_state: 0x200000000
1791670156.068  root 21978 21978 I susfs   : [0][21978][susfs_run_sus_path_loop] re-flag AS_FLAGS_SUS_PATH on path '/sdcard/Android/data/ch.protonvpn.android', fi->inode.i_ino: '0', fi->inode.i_state: 0x200000000
1791670156.068  root 21978 21978 I susfs   : [0][21978][susfs_run_sus_path_loop] re-flag AS_FLAGS_SUS_PATH on path '/sdcard/Android/data/com.opera.mini.native', fi->inode.i_ino: '0', fi->inode.i_state: 0x200000000
1791670156.068  root 21978 21978 I susfs   : [0][21978][susfs_run_sus_path_loop] re-flag AS_FLAGS_SUS_PATH on path '/sdcard/Android/data/com.apk.editor', fi->inode.i_ino: '0', fi->inode.i_state: 0x200000000
1791670156.068  root 21978 21978 I susfs   : [0][21978][susfs_run_sus_path_loop] re-flag AS_FLAGS_SUS_PATH on path '/sdcard/Android/data/com.linkedin.android', fi->inode.i_ino: '0', fi->inode.i_state: 0x200000000
1791670156.068  root 21978 21978 I susfs   : [0][21978][susfs_run_sus_path_loop] re-flag AS_FLAGS_SUS_PATH on path '/sdcard/Android/data/com.mobilatolye.android.enuygun', fi->inode.i_ino: '0', fi->inode.i_state: 0x200000000
1791670156.068  root 21978 21978 I susfs   : [0][21978][susfs_run_sus_path_loop] re-flag AS_FLAGS_SUS_PATH on path '/sdcard/Android/data/com.instafel.android', fi->inode.i_ino: '0', fi->inode.i_state: 0x200000000
1791670156.068  root 21978 21978 I susfs   : [0][21978][susfs_run_sus_path_loop] re-flag AS_FLAGS_SUS_PATH on path '/sdcard/Android/data/com.amazon.mShop.android.shopping', fi->inode.i_ino: '0', fi->inode.i_state: 0x200000000
1791670156.068  root 21978 21978 I susfs   : [0][21978][susfs_run_sus_path_loop] re-flag AS_FLAGS_SUS_PATH on path '/sdcard/Android/data/com.bp.box', fi->inode.i_ino: '0', fi->inode.i_state: 0x200000000
1791670156.068  root 21978 21978 I susfs   : [0][21978][susfs_run_sus_path_loop] re-flag AS_FLAGS_SUS_PATH on path '/sdcard/Android/data/io.github.forkmaintainers.iceraven', fi->inode.i_ino: '0', fi->inode.i_state: 0x200000000
1791670156.068  root 21978 21978 I susfs   : [0][21978][susfs_run_sus_path_loop] re-flag AS_FLAGS_SUS_PATH on path '/sdcard/Android/data/com.lima.doodlejump', fi->inode.i_ino: '0', fi->inode.i_state: 0x200000000
1791670156.068  root 21978 21978 I susfs   : [0][21978][susfs_run_sus_path_loop] re-flag AS_FLAGS_SUS_PATH on path '/sdcard/Android/data/de.duecki.calibraw', fi->inode.i_ino: '0', fi->inode.i_state: 0x200000000
1791670156.068  root 21978 21978 I susfs   : [0][21978][susfs_run_sus_path_loop] re-flag AS_FLAGS_SUS_PATH on path '/sdcard/Android/data/ru.zdevs.zarchiver', fi->inode.i_ino: '0', fi->inode.i_state: 0x200000000
1791670156.068  root 21978 21978 I susfs   : [0][21978][susfs_run_sus_path_loop] re-flag AS_FLAGS_SUS_PATH on path '/sdcard/Android/data/com.skgames.trafficrider', fi->inode.i_ino: '0', fi->inode.i_state: 0x200000000
1791670156.068  root 21978 21978 I susfs   : [0][21978][susfs_run_sus_path_loop] re-flag AS_FLAGS_SUS_PATH on path '/sdcard/Android/data/com.carriez.flutter_hbb', fi->inode.i_ino: '0', fi->inode.i_state: 0x200000000
1791670156.068  root 21978 21978 I susfs   : [0][21978][susfs_run_sus_path_loop] re-flag AS_FLAGS_SUS_PATH on path '/sdcard/Android/data/com.tools.netgel.netx', fi->inode.i_ino: '0', fi->inode.i_state: 0x200000000
1791670156.068  root 21978 21978 I susfs   : [0][21978][susfs_run_sus_path_loop] re-flag AS_FLAGS_SUS_PATH on path '/sdcard/Android/data/de.felixnuesse.disky', fi->inode.i_ino: '0', fi->inode.i_state: 0x200000000
1791670156.068  root 21978 21978 I susfs   : [0][21978][susfs_run_sus_path_loop] re-flag AS_FLAGS_SUS_PATH on path '/sdcard/Android/data/com.youmusic.magictiles', fi->inode.i_ino: '0', fi->inode.i_state: 0x200000000
1791670156.068  root 21978 21978 I susfs   : [0][21978][susfs_run_sus_path_loop] re-flag AS_FLAGS_SUS_PATH on path '/sdcard/Android/data/com.chess', fi->inode.i_ino: '0', fi->inode.i_state: 0x200000000
1791670156.068  root 21978 21978 I susfs   : [0][21978][susfs_run_sus_path_loop] re-flag AS_FLAGS_SUS_PATH on path '/sdcard/Android/data/com.zhiliaoapp.musically', fi->inode.i_ino: '0', fi->inode.i_state: 0x200000000
1791670156.068  root 21978 21978 I susfs   : [0][21978][susfs_run_sus_path_loop] re-flag AS_FLAGS_SUS_PATH on path '/sdcard/Android/data/com.inomera.sm', fi->inode.i_ino: '0', fi->inode.i_state: 0x200000000
1791670156.068  root 21978 21978 I susfs   : [0][21978][susfs_run_sus_path_loop] re-flag AS_FLAGS_SUS_PATH on path '/sdcard/Android/data/com.lcwaikiki.android', fi->inode.i_ino: '0', fi->inode.i_state: 0x200000000
1791670156.068  root 21978 21978 I susfs   : [0][21978][susfs_run_sus_path_loop] re-flag AS_FLAGS_SUS_PATH on path '/sdcard/Android/data/com.minar.birday', fi->inode.i_ino: '0', fi->inode.i_state: 0x200000000
1791670156.068  root 21978 21978 I susfs   : [0][21978][susfs_run_sus_path_loop] re-flag AS_FLAGS_SUS_PATH on path '/sdcard/Android/data/com.whatsapp.w4b', fi->inode.i_ino: '0', fi->inode.i_state: 0x200000000
1791670156.069  root 21978 21978 I susfs   : [0][21978][susfs_run_sus_path_loop] re-flag AS_FLAGS_SUS_PATH on path '/sdcard/Android/data/com.tranzmate', fi->inode.i_ino: '0', fi->inode.i_state: 0x200000000
1791670156.069  root 21978 21978 I susfs   : [0][21978][susfs_run_sus_path_loop] re-flag AS_FLAGS_SUS_PATH on path '/sdcard/Android/data/com.google.android.apps.docs.editors.sheets', fi->inode.i_ino: '0', fi->inode.i_state: 0x200000000
1791670156.069  root 21978 21978 I susfs   : [0][21978][susfs_run_sus_path_loop] re-flag AS_FLAGS_SUS_PATH on path '/sdcard/Android/data/app.morphe.android.youtube', fi->inode.i_ino: '0', fi->inode.i_state: 0x200000000
1791670156.069  root 21978 21978 I susfs   : [0][21978][susfs_run_sus_path_loop] re-flag AS_FLAGS_SUS_PATH on path '/sdcard/Android/data/tr.com.dominos', fi->inode.i_ino: '0', fi->inode.i_state: 0x200000000
1791670156.069  root 21978 21978 I susfs   : [0][21978][susfs_run_sus_path_loop] re-flag AS_FLAGS_SUS_PATH on path '/sdcard/Android/data/com.xiaomi.wearable', fi->inode.i_ino: '0', fi->inode.i_state: 0x200000000
1791670156.069  root 21978 21978 I susfs   : [0][21978][susfs_run_sus_path_loop] re-flag AS_FLAGS_SUS_PATH on path '/sdcard/Android/data/dev.narikdesign.nothingadaptive', fi->inode.i_ino: '0', fi->inode.i_state: 0x200000000
1791670156.069  root 21978 21978 I susfs   : [0][21978][susfs_run_sus_path_loop] re-flag AS_FLAGS_SUS_PATH on path '/sdcard/Android/data/dev.mamii.instafel.updater', fi->inode.i_ino: '0', fi->inode.i_state: 0x200000000
1791670156.069  root 21978 21978 I susfs   : [0][21978][susfs_run_sus_path_loop] re-flag AS_FLAGS_SUS_PATH on path '/sdcard/Android/data/org.codeaurora.snapcam', fi->inode.i_ino: '0', fi->inode.i_state: 0x200000000
1791670156.069  root 21978 21978 I susfs   : [0][21978][susfs_run_sus_path_loop] re-flag AS_FLAGS_SUS_PATH on path '/sdcard/Android/data/app.comaps', fi->inode.i_ino: '0', fi->inode.i_state: 0x200000000
1791670156.069  root 21978 21978 I susfs   : [0][21978][susfs_run_sus_path_loop] re-flag AS_FLAGS_SUS_PATH on path '/sdcard/Android/data/com.sahibinden', fi->inode.i_ino: '0', fi->inode.i_state: 0x200000000
1791670156.069  root 21978 21978 I susfs   : [0][21978][susfs_run_sus_path_loop] re-flag AS_FLAGS_SUS_PATH on path '/sdcard/Android/data/com.tencent.mm', fi->inode.i_ino: '0', fi->inode.i_state: 0x200000000
1791670156.069  root 21978 21978 I susfs   : [0][21978][susfs_run_sus_path_loop] re-flag AS_FLAGS_SUS_PATH on path '/sdcard/Android/data/com.kmplayer', fi->inode.i_ino: '0', fi->inode.i_state: 0x200000000
1791670156.069  root 21978 21978 I susfs   : [0][21978][susfs_run_sus_path_loop] re-flag AS_FLAGS_SUS_PATH on path '/sdcard/Android/data/com.harmonicear', fi->inode.i_ino: '0', fi->inode.i_state: 0x200000000
1791670156.069  root 21978 21978 I susfs   : [0][21978][susfs_run_sus_path_loop] re-flag AS_FLAGS_SUS_PATH on path '/sdcard/Android/data/com.google.android.videos', fi->inode.i_ino: '0', fi->inode.i_state: 0x200000000
1791670156.069  root 21978 21978 I susfs   : [0][21978][susfs_run_sus_path_loop] re-flag AS_FLAGS_SUS_PATH on path '/sdcard/Android/data/com.android.chrome', fi->inode.i_ino: '0', fi->inode.i_state: 0x200000000
1791670156.069  root 21978 21978 I susfs   : [0][21978][susfs_run_sus_path_loop] re-flag AS_FLAGS_SUS_PATH on path '/sdcard/Android/data/com.google.android.apps.maps', fi->inode.i_ino: '76286', fi->inode.i_state: 0x200000000
1791670156.069  root 21978 21978 I susfs   : [0][21978][susfs_run_sus_path_loop] re-flag AS_FLAGS_SUS_PATH on path '/sdcard/Android/data/com.dolap.android', fi->inode.i_ino: '0', fi->inode.i_state: 0x200000000
1791670156.069  root 21978 21978 I susfs   : [0][21978][susfs_run_sus_path_loop] re-flag AS_FLAGS_SUS_PATH on path '/sdcard/Android/data/com.google.android.apps.docs', fi->inode.i_ino: '0', fi->inode.i_state: 0x200000000
1791670156.069  root 21978 21978 I susfs   : [0][21978][susfs_run_sus_path_loop] re-flag AS_FLAGS_SUS_PATH on path '/sdcard/Android/data/com.reveny.devicecheck', fi->inode.i_ino: '0', fi->inode.i_state: 0x200000000
1791670156.069  root 21978 21978 I susfs   : [0][21978][susfs_run_sus_path_loop] re-flag AS_FLAGS_SUS_PATH on path '/sdcard/Android/data/com.pozitron.hepsiburada', fi->inode.i_ino: '0', fi->inode.i_state: 0x200000000
1791670156.069  root 21978 21978 I susfs   : [0][21978][susfs_run_sus_path_loop] re-flag AS_FLAGS_SUS_PATH on path '/sdcard/Android/data/com.eltavine.duckdetector', fi->inode.i_ino: '0', fi->inode.i_state: 0x200000000
1791670156.072  root 21978 21978 I susfs   : [0][21978][susfs_run_sus_path_loop] re-flag AS_FLAGS_SUS_PATH on path '/sdcard/Android/data/com.belbim.istanbulkart', fi->inode.i_ino: '0', fi->inode.i_state: 0x200000000
1791670156.072  root 21978 21978 I susfs   : [0][21978][susfs_run_sus_path_loop] re-flag AS_FLAGS_SUS_PATH on path '/sdcard/Android/data/com.gmail.heagoo.apkeditor.pro', fi->inode.i_ino: '0', fi->inode.i_state: 0x200000000
1791670156.072  root 21978 21978 I susfs   : [0][21978][susfs_run_sus_path_loop] re-flag AS_FLAGS_SUS_PATH on path '/sdcard/Android/data/com.instagram.barcelona', fi->inode.i_ino: '0', fi->inode.i_state: 0x200000000
1791670156.072  root 21978 21978 I susfs   : [0][21978][susfs_run_sus_path_loop] re-flag AS_FLAGS_SUS_PATH on path '/sdcard/Android/data/com.facebook.orca', fi->inode.i_ino: '0', fi->inode.i_state: 0x200000000
1791670156.072  root 21978 21978 I susfs   : [0][21978][susfs_run_sus_path_loop] re-flag AS_FLAGS_SUS_PATH on path '/sdcard/Android/data/com.gpiktv.app', fi->inode.i_ino: '0', fi->inode.i_state: 0x200000000
1791670156.072  root 21978 21978 I susfs   : [0][21978][susfs_run_sus_path_loop] re-flag AS_FLAGS_SUS_PATH on path '/sdcard/Android/data/com.google.android.apps.docs.editors.docs', fi->inode.i_ino: '0', fi->inode.i_state: 0x200000000
1791670156.072  root 21978 21978 I susfs   : [0][21978][susfs_run_sus_path_loop] re-flag AS_FLAGS_SUS_PATH on path '/sdcard/Android/data/com.valvesoftware.android.steam.community', fi->inode.i_ino: '0', fi->inode.i_state: 0x200000000
1791670156.072  root 21978 21978 I susfs   : [0][21978][susfs_run_sus_path_loop] re-flag AS_FLAGS_SUS_PATH on path '/sdcard/Android/data/com.microsoft.xboxone.smartglass', fi->inode.i_ino: '0', fi->inode.i_state: 0x200000000
1791670156.072  root 21978 21978 I susfs   : [0][21978][susfs_run_sus_path_loop] re-flag AS_FLAGS_SUS_PATH on path '/sdcard/Android/data/com.akylas.documentscanner', fi->inode.i_ino: '0', fi->inode.i_state: 0x200000000
1791670156.072  root 21978 21978 I susfs   : [0][21978][susfs_run_sus_path_loop] re-flag AS_FLAGS_SUS_PATH on path '/sdcard/Android/data/com.nothing.icon.pro', fi->inode.i_ino: '0', fi->inode.i_state: 0x200000000
1791670156.072  root 21978 21978 I susfs   : [0][21978][susfs_run_sus_path_loop] re-flag AS_FLAGS_SUS_PATH on path '/sdcard/Android/data/eu.darken.sdmse', fi->inode.i_ino: '0', fi->inode.i_state: 0x200000000
1791670156.072  root 21978 21978 I susfs   : [0][21978][susfs_run_sus_path_loop] re-flag AS_FLAGS_SUS_PATH on path '/sdcard/Android/data/com.facebook.katana', fi->inode.i_ino: '0', fi->inode.i_state: 0x200000000
1791670156.072  root 21978 21978 I susfs   : [0][21978][susfs_run_sus_path_loop] re-flag AS_FLAGS_SUS_PATH on path '/sdcard/Android/data/com.alensw.PicFolder', fi->inode.i_ino: '0', fi->inode.i_state: 0x200000000
1791670156.073  root 21978 21978 I susfs   : [0][21978][susfs_run_sus_path_loop] re-flag AS_FLAGS_SUS_PATH on path '/sdcard/Android/data/com.google.android.apps.adm', fi->inode.i_ino: '0', fi->inode.i_state: 0x200000000
1791670156.090  1047  1635 17082 I CamX    : [ALWAYS_ON  ] camxncsservice.cpp:284 RegisterService() NCS register pNCSIntfObject=0x774ad68fe0, sensorType=1
1791670156.090  1047  1635 17082 I CamX    : [ALWAYS_ON  ] camxncsintfqsee.cpp:964 CreateClientSession() New register request for sensor 1: sample rate 416.000000, report rate 10000
1791670156.090  1047  1635 17082 I CamX    : [ALWAYS_ON  ] camxncsservice.cpp:327 RegisterService() Successfully register to the NCS service: obj=0xb4000079101d94d0, interface=0, slot=14, num_clients=15
1791670156.092  root  6836 24683 V BinderSender: Uid 10531 starts
1791670156.094 10531 17229 17229 D ApplicationLoaders: Returning zygote-cached class loader: /system/framework/org.apache.http.legacy.jar
1791670156.094 10531 17229 17229 D ApplicationLoaders: Returning zygote-cached class loader: /system_ext/framework/androidx.window.extensions.jar
1791670156.094 10531 17229 17229 D ApplicationLoaders: Returning zygote-cached class loader: /system_ext/framework/androidx.window.sidecar.jar
1791670156.104  1047  1635 17083 I CamX    : [ALWAYS_ON  ] camxncsservice.cpp:284 RegisterService() NCS register pNCSIntfObject=0x774ad68fe0, sensorType=1
1791670156.104  1047  1635 17083 I CamX    : [ALWAYS_ON  ] camxncsintfqsee.cpp:964 CreateClientSession() New register request for sensor 1: sample rate 416.000000, report rate 10000
1791670156.104  1047  1635 17083 I CamX    : [ALWAYS_ON  ] camxncsservice.cpp:327 RegisterService() Successfully register to the NCS service: obj=0xb4000079101e0a50, interface=0, slot=15, num_clients=16
1791670156.107  1047  1635 17081 I CamX    : [ALWAYS_ON  ] camxncsservice.cpp:284 RegisterService() NCS register pNCSIntfObject=0x774ad68fe0, sensorType=1
1791670156.107  1047  1635 17081 I CamX    : [ALWAYS_ON  ] camxncsintfqsee.cpp:964 CreateClientSession() New register request for sensor 1: sample rate 416.000000, report rate 10000
1791670156.107  1047  1635 17081 I CamX    : [ALWAYS_ON  ] camxncsservice.cpp:327 RegisterService() Successfully register to the NCS service: obj=0xb4000079101cc210, interface=0, slot=16, num_clients=17
1791670156.108  1047  1635  3956 I CamX    : [ALWAYS_ON  ] camxncsservice.cpp:284 RegisterService() NCS register pNCSIntfObject=0x774ad68fe0, sensorType=1
1791670156.108  1047  1635  3956 I CamX    : [ALWAYS_ON  ] camxncsintfqsee.cpp:964 CreateClientSession() New register request for sensor 1: sample rate 416.000000, report rate 10000
1791670156.108  1047  1635  3956 I CamX    : [ALWAYS_ON  ] camxncsservice.cpp:327 RegisterService() Successfully register to the NCS service: obj=0xb4000079101da350, interface=0, slot=17, num_clients=18
1791670156.126  1047  1635 17109 I CamX    : [ALWAYS_ON  ] camxncsservice.cpp:284 RegisterService() NCS register pNCSIntfObject=0x774ad68fe0, sensorType=1
1791670156.126  1047  1635 17109 I CamX    : [ALWAYS_ON  ] camxncsintfqsee.cpp:964 CreateClientSession() New register request for sensor 1: sample rate 416.000000, report rate 10000
1791670156.126  1047  1635 17109 I CamX    : [ALWAYS_ON  ] camxncsservice.cpp:327 RegisterService() Successfully register to the NCS service: obj=0xb4000079101cd0d0, interface=0, slot=18, num_clients=19
1791670156.135  1000  4337  4385 I DisplayDeviceRepository: Display device changed render timings: "Yerleşik Ekran", renderFrameRate=120.00001, presentationDeadlineNanos=11333333, appVsyncOffsetNanos=1000000, frameRateOverrides=[{uid=10551 frameRateHz=60.000004}]
1791670156.145  1047  1635 17103 I CamX    : [ALWAYS_ON  ] camxncsservice.cpp:284 RegisterService() NCS register pNCSIntfObject=0x774ad68fe0, sensorType=1
1791670156.145  1047  1635 17103 I CamX    : [ALWAYS_ON  ] camxncsintfqsee.cpp:964 CreateClientSession() New register request for sensor 1: sample rate 416.000000, report rate 10000
1791670156.145  1047  1635 17103 I CamX    : [ALWAYS_ON  ] camxncsservice.cpp:327 RegisterService() Successfully register to the NCS service: obj=0xb4000079101c1410, interface=0, slot=19, num_clients=20
1791670156.145  1047  1635 17108 I CamX    : [ALWAYS_ON  ] camxncsservice.cpp:284 RegisterService() NCS register pNCSIntfObject=0x774ad68fe0, sensorType=1
1791670156.145  1047  1635 17108 I CamX    : [ALWAYS_ON  ] camxncsintfqsee.cpp:964 CreateClientSession() New register request for sensor 1: sample rate 416.000000, report rate 10000
1791670156.145  1047  1635 17108 I CamX    : [ALWAYS_ON  ] camxncsservice.cpp:327 RegisterService() Successfully register to the NCS service: obj=0xb4000079101e1810, interface=0, slot=20, num_clients=21
1791670156.149  1047  1635 17098 I CamX    : [ALWAYS_ON  ] camxncsservice.cpp:284 RegisterService() NCS register pNCSIntfObject=0x774ad68fe0, sensorType=1
1791670156.149  1047  1635 17098 I CamX    : [ALWAYS_ON  ] camxncsintfqsee.cpp:964 CreateClientSession() New register request for sensor 1: sample rate 416.000000, report rate 10000
1791670156.149  1047  1635 17098 I CamX    : [ALWAYS_ON  ] camxncsservice.cpp:327 RegisterService() Successfully register to the NCS service: obj=0xb4000079101cf750, interface=0, slot=21, num_clients=22
1791670156.150  1047  1635  3956 I CamX    : [ALWAYS_ON  ] camxncsservice.cpp:284 RegisterService() NCS register pNCSIntfObject=0x774ad68fe0, sensorType=1
1791670156.150  1047  1635  3956 I CamX    : [ALWAYS_ON  ] camxncsintfqsee.cpp:964 CreateClientSession() New register request for sensor 1: sample rate 416.000000, report rate 10000
1791670156.150  1047  1635  3956 I CamX    : [ALWAYS_ON  ] camxncsservice.cpp:327 RegisterService() Successfully register to the NCS service: obj=0xb4000079101ccbd0, interface=0, slot=22, num_clients=23
1791670156.155  1047  1635 17118 I CamX    : [ALWAYS_ON  ] camxncsservice.cpp:284 RegisterService() NCS register pNCSIntfObject=0x774ad68fe0, sensorType=1
1791670156.155  1047  1635 17118 I CamX    : [ALWAYS_ON  ] camxncsintfqsee.cpp:964 CreateClientSession() New register request for sensor 1: sample rate 416.000000, report rate 10000
1791670156.155  1047  1635 17118 I CamX    : [ALWAYS_ON  ] camxncsservice.cpp:327 RegisterService() Successfully register to the NCS service: obj=0xb4000079101ef610, interface=0, slot=23, num_clients=24
1791670156.157  1047  1635 17084 I CamX    : [ALWAYS_ON  ] camxncsservice.cpp:284 RegisterService() NCS register pNCSIntfObject=0x774ad68fe0, sensorType=1
1791670156.157  1047  1635 17084 I CamX    : [ALWAYS_ON  ] camxncsintfqsee.cpp:964 CreateClientSession() New register request for sensor 1: sample rate 416.000000, report rate 10000
1791670156.157  1047  1635 17084 I CamX    : [ALWAYS_ON  ] camxncsservice.cpp:327 RegisterService() Successfully register to the NCS service: obj=0xb4000079101d68d0, interface=0, slot=24, num_clients=25
1791670156.159  1047  1635  3956 I CamX    : [ALWAYS_ON  ] camxncsservice.cpp:284 RegisterService() NCS register pNCSIntfObject=0x774ad68fe0, sensorType=1
1791670156.159  1047  1635  3956 I CamX    : [ALWAYS_ON  ] camxncsintfqsee.cpp:964 CreateClientSession() New register request for sensor 1: sample rate 416.000000, report rate 10000
1791670156.159  1047  1635  3956 I CamX    : [ALWAYS_ON  ] camxncsservice.cpp:327 RegisterService() Successfully register to the NCS service: obj=0xb4000079101c1bd0, interface=0, slot=25, num_clients=26
1791670156.160  1047  1635  3956 I CamX    : [ALWAYS_ON  ] camxhal3.cpp:1534 configure_streams() FINAL stream[0]=0xb4000079500e8aa8, format=35, wxh=1600x1200, stream_type=CAMERA3_STREAM_OUTPUT, usage=0x20103, max_buffer=8, data_space=HAL_DATASPACE_V0_JFIF
1791670156.160  1047  1635  3956 I CamX    : [ALWAYS_ON  ] camxhal3.cpp:1534 configure_streams() FINAL stream[1]=0xb400007950129768, format=35, wxh=4608x3456, stream_type=CAMERA3_STREAM_OUTPUT, usage=0x20003, max_buffer=8, data_space=HAL_DATASPACE_V0_JFIF
1791670156.160  1047  1635  3956 I CamX    : [ALWAYS_ON  ] camxhal3.cpp:1568 configure_streams() HalOp: End CONFIG, logicalCameraId: 1, cameraId: 1
1791670156.161  1047  1635 17119 I CamX    : [ALWAYS_ON  ] camxncsservice.cpp:284 RegisterService() NCS register pNCSIntfObject=0x774ad68fe0, sensorType=1
1791670156.161  1047  1635 17119 I CamX    : [ALWAYS_ON  ] camxncsintfqsee.cpp:964 CreateClientSession() New register request for sensor 1: sample rate 416.000000, report rate 10000
1791670156.161  1047  1635 17119 I CamX    : [ALWAYS_ON  ] camxncsservice.cpp:327 RegisterService() Successfully register to the NCS service: obj=0xb4000079101e5450, interface=0, slot=26, num_clients=27
1791670156.162  1047  1635 17138 I CamX    : [ALWAYS_ON  ] camxncsservice.cpp:284 RegisterService() NCS register pNCSIntfObject=0x774ad68fe0, sensorType=1
1791670156.162  1047  1635 17138 I CamX    : [ALWAYS_ON  ] camxncsintfqsee.cpp:964 CreateClientSession() New register request for sensor 1: sample rate 416.000000, report rate 10000
1791670156.162  1047  1635 17138 I CamX    : [ALWAYS_ON  ] camxncsservice.cpp:327 RegisterService() Successfully register to the NCS service: obj=0xb4000079101b58d0, interface=0, slot=27, num_clients=28
1791670156.165  1047  1635 17120 I CamX    : [ALWAYS_ON  ] camxncsservice.cpp:284 RegisterService() NCS register pNCSIntfObject=0x774ad68fe0, sensorType=1
1791670156.165  1047  1635 17120 I CamX    : [ALWAYS_ON  ] camxncsintfqsee.cpp:964 CreateClientSession() New register request for sensor 1: sample rate 416.000000, report rate 10000
1791670156.165  1047  1635 17120 I CamX    : [ALWAYS_ON  ] camxncsservice.cpp:327 RegisterService() Successfully register to the NCS service: obj=0xb4000079101d5d10, interface=0, slot=28, num_clients=29
1791670156.167 10551 16870 16998 E CameraUnit_TRACE: traceEndSection, msg: CameraUnit.CameraStartupPerformance.createCaptureSession
1791670156.167 10551 16870 16999 W CameraUnit, StateCallback: onConfigured,android.hardware.camera2.impl.CameraCaptureSessionImpl@320eddd
1791670156.170 10280  5540  8900 I FacsCacheGmsModule: (REDACTED) Receiving API connection to FACS API from package '%s'...
1791670156.174 10551 16870 16969 E OCAM_FaceDetectPresenter: onPreviewStageChanged:2
1791670156.174 10551 16870 16969 W OCAM_PreviewProcessor: onAfterCaptureSessionConfigured, transfer control to main thread [start]
1791670156.174 10551 16870 16969 W OCAM_PreviewProcessor: onAfterCaptureSessionConfigured, get mode change lock [start]
1791670156.174 10551 16870 16969 W OCAM_PreviewProcessor: checkModeTask, get mode change lock [end]
1791670156.174 10551 16870 16969 W OCAM_PreviewProcessor: checkModeTask, release mode change lock
1791670156.174 10551 16870 16870 W OCAM_PreviewProcessor: onAfterCaptureSessionConfigured, transfer control to main thread [end]
1791670156.175 10551 16870 16969 E OCAM_p0_BaseMode: onBeforePreview, capMode: common, mCurrentMode: tg.p0@7897755
1791670156.175 10551 16870 16870 W OCAM_CameraCore: onPreviewOk, mbDisplayOnLock: false
1791670156.176 10551 16870 16969 W libc    : Access denied finding property "ro.vendor.oplus.market.enname"
1791670156.176 10551 16870 16969 W libc    : Access denied finding property "ro.vendor.oplus.market.name"
1791670156.177 10551 16870 16969 W OCAM_PreviewProcessor: startPreview, wait for copying texture size [start]
1791670156.177 10551 16870 16969 W OCAM_PreviewProcessor: startPreview, wait for copying texture size [end]
1791670156.177 10551 16870 16969 E OCAM_FaceDetectPresenter: onPreviewStageChanged:3
1791670156.178 10551 16870 16998 E VendorTagDescriptor: lookupTag: Tag name 'mipiraw.online.bpc' does not exist.
1791670156.178 10551 16870 16998 E VendorTagDescriptor: lookupTag: Tag name 'caller.package.name' does not exist.
1791670156.178 10551 16870 16998 E VendorTagDescriptor: lookupTag: Tag name 'camera.is.turn.on' does not exist.
1791670156.178 10551 16870 16998 E VendorTagDescriptor: lookupTag: Tag name 'algo.visualization.enable' does not exist.
1791670156.178 10551 16870 16998 E VendorTagDescriptor: lookupTag: Tag name 'TR.processing.state' does not exist.
1791670156.178 10551 16870 16998 E VendorTagDescriptor: lookupTag: Tag name 'light.sensor.lux' does not exist.
1791670156.178 10551 16870 16998 E VendorTagDescriptor: lookupTag: Tag name 'camera.pi.enable_list' does not exist.
1791670156.178 10551 16870 16998 E VendorTagDescriptor: lookupTag: Tag name 'moving.object' does not exist.
1791670156.178 10551 16870 16998 E VendorTagDescriptor: lookupTag: Tag name 'camera.is.from.main.menu' does not exist.
1791670156.178 10551 16870 16998 E VendorTagDescriptor: lookupTag: Tag name 'camera.pi.enable' does not exist.
1791670156.178 10551 16870 16998 E VendorTagDescriptor: lookupTag: Tag name 'camera.mode' does not exist.
1791670156.179 10551 16870 16998 E VendorTagDescriptor: lookupTag: Tag name 'makeup.state' does not exist.
1791670156.179 10551 16870 16998 E VendorTagDescriptor: lookupTag: Tag name 'camera.3d.api.state' does not exist.
1791670156.179 10551 16870 16998 E VendorTagDescriptor: lookupTag: Tag name 'focus.touch.xy' does not exist.
1791670156.179 10551 16870 16998 E VendorTagDescriptor: lookupTag: Tag name 'config.aeExposureCompensation' does not exist.
1791670156.179 10551 16870 16998 E VendorTagDescriptor: lookupTag: Tag name 'capture.hdr.support' does not exist.
1791670156.179 10551 16870 16998 E VendorTagDescriptor: lookupTag: Tag name 'preview.hdr.support' does not exist.
1791670156.179 10551 16870 16998 E VendorTagDescriptor: lookupTag: Tag name 'picture.offset.time' does not exist.
1791670156.179 10551 16870 16998 E VendorTagDescriptor: lookupTag: Tag name 'only.zoom.change' does not exist.
1791670156.179 10551 16870 16998 E VendorTagDescriptor: lookupTag: Tag name 'aicolor.rear.enable' does not exist.
1791670156.179 10551 16870 16998 E VendorTagDescriptor: lookupTag: Tag name 'mirror.enable' does not exist.
1791670156.179 10551 16870 16998 E VendorTagDescriptor: lookupTag: Tag name 'camera.livephoto.enable' does not exist.
1791670156.179 10551 16870 16998 E VendorTagDescriptor: lookupTag: Tag name 'camera.pi.enable_list' does not exist.
1791670156.179 10551 16870 16998 E VendorTagDescriptor: lookupTag: Tag name 'ipe.sequence' does not exist.
1791670156.179 10551 16870 16998 E VendorTagDescriptor: lookupTag: Tag name 'lsd.enable' does not exist.
1791670156.179 10551 16870 16998 E VendorTagDescriptor: lookupTag: Tag name 'caller.package.name' does not exist.
1791670156.179 10551 16870 16998 E VendorTagDescriptor: lookupTag: Tag name 'camera.livephoto.enable' does not exist.
1791670156.182  1047  4180 17006 I CameraService: Start camera streaming for com.oplus.camera (PID 16870, UID 10551)
1791670156.183  1047  1635 17116 I CamX    : [ALWAYS_ON  ] camxncsservice.cpp:284 RegisterService() NCS register pNCSIntfObject=0x774ad68fe0, sensorType=1
1791670156.183  1047  1635 17116 I CamX    : [ALWAYS_ON  ] camxncsintfqsee.cpp:964 CreateClientSession() New register request for sensor 1: sample rate 416.000000, report rate 10000
1791670156.183  1047  1635 17116 I CamX    : [ALWAYS_ON  ] camxncsservice.cpp:327 RegisterService() Successfully register to the NCS service: obj=0xb4000079101c9490, interface=0, slot=29, num_clients=30
1791670156.187  1047  3956  3956 I CAM_INFO: CAM-ISP: cam_ife_hw_mgr_print_acquire_info: 864 Acquired single IFE[2 -1] with [13 pix] [0 pd] [1 rdi] ports for ctx:7
1791670156.188  1047  3956  3956 I CAM_WARN: CAM-ISP: cam_isp_packet_generic_blob_handler: 6458 Invalid blob type 15
1791670156.185 10551 16870 16969 W libc    : Access denied finding property "ro.vendor.oplus.market.enname"
1791670156.188 10551 16870 16969 W libc    : Access denied finding property "ro.vendor.oplus.market.name"
1791670156.190  1047  1635  2838 I mm-camera-CORE: [loadTuningData, 147][AFDBG] cameraId: 1, maincamera: 1, width: 2328, height: 1748, sensor index: 1, usecase: 0, feature1: 0, feature2: 0, scene: 0, effect: 0, follower: 0, pdaf: 1, tof: 0, fovc: 0
1791670156.192 10280  5540  8900 I FacsCacheGmsModule: API connection successful!
1791670156.192 10551 16870 16969 E OCAM_FaceDetectPresenter: onPreviewStageChanged:4
1791670156.192 10551 16870 16969 W OCAM_OneCameraImpl: onSessionConfigured, block!
1791670156.193 10551 16870 16870 W OCAM_LivePhotoPresenter: updateLivePhotoEnablingState, mPreviewRequestStage: 4, isLivePhotoFeatureOn: false, closeLivePhotoReason: 3, mPreviewSize: 1600x1200, mCaptureSessionLogicId: 1
1791670156.193 10551 16870 16870 E OCAM_LivePhotoPresenter: disableLivePhoto, already disabled mIsDisableSound: false
1791670156.193 10551 16870 16870 E OCAM_LivePhotoPresenter: updateHALParameters, disable live photo parameter
1791670156.193  1000  1753  1753 I SurfaceFlinger: Display 4630946292801050754 policy changed
1791670156.193  1000  1753  1753 I SurfaceFlinger: Previous: {defaultModeId=3, allowGroupSwitching=false, primaryRanges={physical=[60.00 Hz, 120.00 Hz], render=[60.00 Hz, 120.00 Hz]}, appRequestRanges={physical=[0.00 Hz, 120.00 Hz], render=[0.00 Hz, 120.00 Hz]} idleScreenConfig=nullptr}
1791670156.193  1000  1753  1753 I SurfaceFlinger: Current:  DisplayManagerPolicy{defaultModeId=3, allowGroupSwitching=false, primaryRanges={physical=[60.00 Hz, 120.00 Hz], render=[60.00 Hz, 60.00 Hz]}, appRequestRanges={physical=[30.00 Hz, 120.00 Hz], render=[30.00 Hz, 60.00 Hz]} idleScreenConfig=nullptr}
1791670156.193  1000  1753  1753 I SurfaceFlinger: 25 mode changes were performed under the previous policy
1791670156.195  1000  4337  4385 I DisplayDeviceRepository: Display device changed render timings: "Yerleşik Ekran", renderFrameRate=60.000004, presentationDeadlineNanos=16666666, appVsyncOffsetNanos=1000000, frameRateOverrides=[]
1791670156.196  1000  4337  4383 D WindowManager: DeferredDisplayUpdater: partially applying DisplayInfo(1440 x 3216) immediately
1791670156.198  1000  1753  1753 D SurfaceFlinger: initiateModeChange 4630946292801050754 {mode={fps=60.00 Hz, modePtr={id=3, vsyncRate=60.00 Hz, peakRefreshRate=60.00 Hz}}, emitEvent=false, force=false}
1791670156.198  1000  4337  4516 D FileUtils: Rounded bytes from 11796553728 to 16000000000
1791670156.198  1000  1703  1703 D SDM     : IRIS_LOG_HWC::SetActiveConfigWithConstraints:465: 03
1791670156.198  1000  1703  1703 I IRIS_LOG_SERV: config 3, Refresh rate 60, Frame 3216x1440, Current mode 'ABYP'
1791670156.198  1000  1703  1703 D IRIS_LOG_SERV: Service Mode changed to: IRIS_SERVICE_MODE_BYPASS
1791670156.198  1000  1703  1703 I IRIS_LOG_SERV: SetActiveConfig[3]: 60 3216x1440 => 0
1791670156.199  1000  1703  1703 I SDM     : HWDeviceDRM::UpdateMixerAttributes: Mixer WxH 1440x3216-1 for Peripheral
1791670156.199  1000  1703  1703 I SDM     : HWCDisplay::SubmitDisplayConfig: HWC SetActiveConfig [5,3], cur_resolution is (1440, 3216), new_resolution is (1440, 3216)
1791670156.199  1000  1703  1703 I SDM     : HWCDisplay::SubmitDisplayConfig: Active configuration changed to: 3
1791670156.199  1000  1703  1703 D IRIS_LOG_COLR: Use kPbGamut HwConfigPayload
1791670156.200 10551 16870 16959 E ApsAdapter, ApsParameters: set, key: previewcfg_component_pipeline_copyfrom0
1791670156.200 10551 16870 16959 E ApsAdapter, ApsParameters: set, key: previewcfg_component_algonode_copyfrom0
1791670156.200 10551 16870 16959 E ApsAdapter, ApsParameters: set, key: previewcfg_component_pipeline_copyfrom2
1791670156.200 10551 16870 16959 E ApsAdapter, ApsParameters: set, key: previewcfg_component_algonode_copyfrom2
1791670156.202  root   709   709 I [drm:dsi_display_set_mode [msm_drm]] [msm-dsi-info]: mdp_transfer_time=7700, hactive=1440, vactive=3216, fps=60, h_skew=1
1791670156.202  root   709   709 E         : IRIS_LOG I iris_post_switch(), post switch to 1440x3216@60Hz, cmd list 0, switch case ABYP_TO_ABYP
1791670156.202  root   709   709 E         : <AMB670YF01> dsi_cmd qcom,mdss-dsi-adfr-pre-switch-command
1791670156.202  root   709   709 I [drm:oplus_dsi_display_vsync_switch_check_te [msm_drm]] [msm-dsi-info]: kVRR vsync_switch_gpio is already 0
1791670156.203  root   709   709 E         : IRIS_LOG I iris_switch(), return 0, total cost '260 us'
1791670156.203  root   709   709 I [drm:dsi_panel_adfr_status_reset [msm_drm]] [msm-dsi-info]: kVRR auto mode reset: auto mode 0, fakeframe 0, min fps 1
1791670156.203  root   709   709 E         : <AMB670YF01> dsi_cmd qcom,mdss-dsi-post-panel-on-command
1791670156.206  1000  4337  4385 I DisplayDeviceRepository: Display device changed render timings: "Yerleşik Ekran", renderFrameRate=60.000004, presentationDeadlineNanos=16666666, appVsyncOffsetNanos=1000000, frameRateOverrides=[{uid=10551 frameRateHz=60.000004}]
1791670156.207  1041  4165  4174 D audio_hw_primary: adev_set_parameters: enter: screen_state=on
1791670156.207  1041  4165  4174 D sound_trigger_hw: handle_screen_status_change: screen on
1791670156.210  1047  1635  2835 D android.hardware.camera.provider@2.4-service_64: IMX471 ExposureInfo(Short, Middle, Long) - Analog Gain(0.000000, 0.000000, 16.000000), Digital Gain(0.000000, 0.000000, 1.000000), Linecount(1, 0, 4849), ISP Digital Gain 2.598071
1791670156.210 10531 17229 17229 W inkedin.android: Failed to find entry 'classes.dex': Entry not found
1791670156.210 10531 17229 17229 W inkedin.android: Failed to find entry 'classes.dex': Entry not found
1791670156.211 10531 17229 17229 W inkedin.android: Failed to find entry 'classes.dex': Entry not found
1791670156.213 10531 17229 17229 W inkedin.android: Failed to find entry 'classes.dex': Entry not found
1791670156.213 10551 16870 16999 E VendorTagDescriptor: lookupTag: Tag name 'preview.skip.draw.frame' does not exist.
1791670156.214 10551 16870 16999 W OCAM_LivePhotoPresenter: processPreviewData, firstMeta:3060131
1791670156.214 10280  5540  5540 D BoundBrokerSvc: onBind: Intent { act=com.google.android.gms.facs.internal.service.START dat=chimera-action:/... xflg=0x4 cmp=com.google.android.gms/.chimera.GmsInternalApiService }
1791670156.214 10280  5540  5540 D BoundBrokerSvc: Loading bound service for intent: Intent { act=com.google.android.gms.facs.internal.service.START dat=chimera-action:/... xflg=0x4 cmp=com.google.android.gms/.chimera.GmsInternalApiService }
1791670156.214  1047  1635  2835 I CamX    : [ALWAYS_ON  ] camxsensornode.cpp:1944 PublishPerFrameSensorMetaData() CamId[1]-ReqId[1]: resId=1, contextTypeID=0, frameDuration=60211279, expTime(l,m,s)=(60000000,0,12371), Gain(l,m,s)=(16.000000,0.000000,0.000000), Sensitivity(l,m,s)=(1600,0,0)
1791670156.221 10280  5540  5611 I FacsCacheGmsModule: Receiving API connection to internal FACS API...
1791670156.221 10280  5540  5611 I FacsCacheGmsModule: API connection successful!
1791670156.225  1000  1617  1785 E minksocket: MinkIPC_QRTR_Service: client with node 1 port 58f9 went down
1791670156.226 10531 17229 17229 D nativeloader: Configuring clns-9 for other apk /data/app/~~eQMLTc-ZJAa9rcG-PLL8Vw==/com.linkedin.android-7ySieQIxbNP5Qihk2MXprQ==/base.apk:/data/app/~~eQMLTc-ZJAa9rcG-PLL8Vw==/com.linkedin.android-7ySieQIxbNP5Qihk2MXprQ==/split_config.arm64_v8a.apk:/data/app/~~eQMLTc-ZJAa9rcG-PLL8Vw==/com.linkedin.android-7ySieQIxbNP5Qihk2MXprQ==/split_config.en.apk:/data/app/~~eQMLTc-ZJAa9rcG-PLL8Vw==/com.linkedin.android-7ySieQIxbNP5Qihk2MXprQ==/split_config.tr.apk:/data/app/~~eQMLTc-ZJAa9rcG-PLL8Vw==/com.linkedin.android-7ySieQIxbNP5Qihk2MXprQ==/split_config.xxhdpi.apk. target_sdk_version=37, uses_libraries=, library_path=/data/app/~~eQMLTc-ZJAa9rcG-PLL8Vw==/com.linkedin.android-7ySieQIxbNP5Qihk2MXprQ==/lib/arm64:/data/app/~~eQMLTc-ZJAa9rcG-PLL8Vw==/com.linkedin.android-7ySieQIxbNP5Qihk2MXprQ==/base.apk!/lib/arm64-v8a:/data/app/~~eQMLTc-ZJAa9rcG-PLL8Vw==/com.linkedin.android-7ySieQIxbNP5Qihk2MXprQ==/split_config.arm64_v8a.apk!/lib/arm64-v8a:/data/app/~~eQMLTc-ZJAa9rcG-PLL8Vw==/com.linkedin.android-7ySieQIxbNP5Qihk2MXprQ==/split_config.
1791670156.227  1000  1617  1785 E minksocket: MinkIPC_QRTR_Service: client with node 1 port 58fa went down
1791670156.228  1000  1617  1785 E minksocket: MinkIPC_QRTR_Service: client with node 1 port 58fb went down
1791670156.229  1000  1617  1785 E minksocket: MinkIPC_QRTR_Service: client with node 1 port 58fc went down
1791670156.231  root 15732 15732 D cnss    : Runtime suspend start
1791670156.231  root 15732 15732 I [kworke][0xdb4c3eda7][22:09:16.231755] wlan: [15732:I:PMO] pmo_core_is_wow_applicable: lpass enabled, enabling wow
1791670156.231  root 15732 15732 I [kworke][0xdb4c3eea9][22:09:16.231769] wlan: [15732:I:PMO] pmo_core_enable_wow_in_fw: drv wow is enabled
1791670156.233 10280  5540  5540 D BoundBrokerSvc: onBind: Intent { act=com.google.android.gms.time.trustedtime.singleuserapi.service.START dat=chimera-action:/... xflg=0x4 cmp=com.google.android.gms/.chimera.PersistentSingleUserInternalApiService }
1791670156.233 10280  5540  5540 D BoundBrokerSvc: Loading bound service for intent: Intent { act=com.google.android.gms.time.trustedtime.singleuserapi.service.START dat=chimera-action:/... xflg=0x4 cmp=com.google.android.gms/.chimera.PersistentSingleUserInternalApiService }
1791670156.233  1047  3956  3956 I CAM_INFO: CAM-CSIPHY: cam_csiphy_core_cfg: 1601 CAM_START_PHYDEV: CSIPHY_IDX: 5, Device_slot: 0, cp_mode: 0, Datarate: 500000000, Settletime: 2800000000
1791670156.233 10416 16908 17211 W JobInfo : Requested important-while-foreground flag for job194 is ignored and takes no effect
1791670156.238  1047  3956  3956 I CAM_INFO: CAM-SENSOR: cam_sensor_driver_cmd: 1179 CAM_START_DEV Success, sensor_id:0x471,sensor_slave_addr:0x20
1791670156.243  1047  1635  2835 D android.hardware.camera.provider@2.4-service_64: IMX471 ExposureInfo(Short, Middle, Long) - Analog Gain(0.000000, 0.000000, 16.000000), Digital Gain(0.000000, 0.000000, 1.000000), Linecount(1, 0, 4849), ISP Digital Gain 2.598071
1791670156.243  1047  1635  2835 I CamX    : [ALWAYS_ON  ] camxsensornode.cpp:1944 PublishPerFrameSensorMetaData() CamId[1]-ReqId[2]: resId=1, contextTypeID=0, frameDuration=60211279, expTime(l,m,s)=(60000000,0,12371), Gain(l,m,s)=(16.000000,0.000000,0.000000), Sensitivity(l,m,s)=(1600,0,0)
1791670156.247  1047  1635  2835 D android.hardware.camera.provider@2.4-service_64: IMX471 ExposureInfo(Short, Middle, Long) - Analog Gain(0.000000, 0.000000, 16.000000), Digital Gain(0.000000, 0.000000, 1.000000), Linecount(1, 0, 4849), ISP Digital Gain 2.598071
1791670156.247  1047  1635  2835 I CamX    : [ALWAYS_ON  ] camxsensornode.cpp:1944 PublishPerFrameSensorMetaData() CamId[1]-ReqId[3]: resId=1, contextTypeID=0, frameDuration=60211279, expTime(l,m,s)=(60000000,0,12371), Gain(l,m,s)=(16.000000,0.000000,0.000000), Sensitivity(l,m,s)=(1600,0,0)
1791670156.248 10551 16870 16999 E VendorTagDescriptor: lookupTag: Tag name 'preview.skip.draw.frame' does not exist.
1791670156.254 10551 16870 16999 E VendorTagDescriptor: lookupTag: Tag name 'preview.skip.draw.frame' does not exist.
1791670156.255  1000  4337  6103 W JobScheduler: Job didn't exist in JobStore: 29f950a {androidx.work.systemjobscheduler} #u0a416/194 #SyncWorker#@androidx.work.systemjobscheduler@com.google.android.apps.adm/androidx.work.impl.background.systemjob.SystemJobService
1791670156.257 10531 17229 17229 D CompatChangeReporter: Compat change id reported: 333566037; UID 10531; state: ENABLED
1791670156.261 10531 17229 17229 I GameProps: Game props config loaded, games=1, enabled=false
1791670156.264  root 15732 15732 D cnss    : Setting MHI state: SUSPEND(6)
1791670156.264  root 15732 15732 D cnss    : Suspending PCI link
1791670156.264  root 15732 15732 D cnss    : Use PCIe DRV suspend
1791670156.267 10531 17229 17229 V GraphicsEnvironment: Currently set values for:
1791670156.267 10531 17229 17229 V GraphicsEnvironment:   angle_gl_driver_selection_pkgs=[]
1791670156.267 10531 17229 17229 V GraphicsEnvironment:   angle_gl_driver_selection_values=[]
1791670156.267 10531 17229 17229 V GraphicsEnvironment: com.linkedin.android is not listed in per-application setting
1791670156.267 10531 17229 17229 V GraphicsEnvironment: No special selections for ANGLE, returning default driver choice
1791670156.268 10531 17229 17229 V GraphicsEnvironment: Neither updatable production driver nor prerelease driver is supported.
1791670156.268 10551 16870 16870 W OCAM_CameraBurstSettingMenuPanel: initSwitch, outerCircleUnCheckedColor access failed No field mOuterCircleUnCheckedColor in class Lcom/coui/appcompat/couiswitch/COUISwitch; (declaration of 'com.coui.appcompat.couiswitch.COUISwitch' appears in /data/app/~~pwrM1FFZPcTDtyIFM23IXQ==/com.oplus.camera-6To1ae9Bp6KmV_a4LzhBKw==/base.apk)
1791670156.272 10531 17229 17229 D CompatChangeReporter: Compat change id reported: 407952621; UID 10531; state: ENABLED
1791670156.272 10531 17229 17229 D CompatChangeReporter: Compat change id reported: 419020719; UID 10531; state: ENABLED
1791670156.278 10551 16870 17340 D AudioSystem: onNewService: media.audio_policy service obtained 0xb400007b17c9fdc0
1791670156.279 10551 16870 17340 D AudioSystem: getService: IAudioPolicyService retrieved: 0xb400007b17c9fdc0  cached: 0xb400007b17c9fdc0
1791670156.287 10551 16870 17351 D MediaCodecList: codecHandlesFormat: no format, so no extra checks
1791670156.287 10551 16870 17350 D MediaCodecList: codecHandlesFormat: no format, so no extra checks
1791670156.287  root 15732 15732 D cnss    : Runtime suspend status: 0
1791670156.287 10551 16870 17351 I MediaCodec: Retry enabled for HDCP failure
1791670156.287 10551 16870 17350 I MediaCodec: Retry enabled for HDCP failure
1791670156.301  root     0     0 I [    C0] CAM_INFO: CAM-ISP: __cam_isp_ctx_sof_in_epoch: 2339 First SOF in EPCR ctx:2 frame_id:1 next substate EPOCH
1791670156.302 10551 16870 17350 I ApexCodecsLazy: ApexCodecs loaded
1791670156.302 10280  5540  5540 D BoundBrokerSvc: onRebind: Intent { act=com.google.android.gms.common.telemetry.service.START dat=chimera-action:/... xflg=0x4 cmp=com.google.android.gms/.chimera.PersistentApiService }
1791670156.303 10551 16870 17350 I Codec2Client: Available Codec2 services: "default" "software" "__ApexCodecs__"
1791670156.305 10551 16870 17351 W om.oplus.camera: Failed to query component store for system resources: 6
1791670156.306 10551 16870 17352 D CCodec  : allocate(c2.android.vorbis.decoder)
1791670156.308  1000  4337  6103 D ConnectivityService: requestNetwork for uid/pid:10416/16908 activeRequest: null callbackRequest: 1387 [NetworkRequest [ TRACK_DEFAULT id=1388, [ Capabilities: INTERNET&NOT_RESTRICTED&TRUSTED&NOT_VCN_MANAGED&NOT_BANDWIDTH_CONSTRAINED Uid: 10416 RequestorUid: 10416 RequestorPkg: com.google.android.apps.adm UnderlyingNetworks: Null] ], NetworkRequest [ REQUEST id=1389, [ Transports: SATELLITE Capabilities: INTERNET&NOT_RESTRICTED&TRUSTED&NOT_VCN_MANAGED Uid: 10416 RequestorUid: 10416 RequestorPkg: com.google.android.apps.adm UnderlyingNetworks: Null] ]] callback flags: 0 order: 2147483647 isUidTracked: false declaredMethods: AVAIL|LOST|NC|BLK
1791670156.308 10551 16870 17352 I CCodec  : setting up 'default' as default (vendor) store
1791670156.309 10551 16870 17350 W om.oplus.camera: Failed to query component store for system resources: 6
1791670156.310 10551 16870 17353 D CCodec  : allocate(c2.android.vorbis.decoder)
1791670156.312 10551 16870 17353 I CCodec  : setting up 'default' as default (vendor) store
1791670156.315  1046  2213 28627 E CodecServiceRegistrant: querySupportedValues -- transaction failed.
1791670156.315  1046  2213 28627 D BufferPoolAccessor2.0: bufferpool2 0xb400006e4c86c128 : 0(0 size) total buffers - 0(0 size) used buffers - 0/0 (recycle/alloc) - 0/0 (fetch/transfer)
1791670156.315  1046  2213 28627 D BufferPoolAccessor2.0: bufferpool2 0xb400006e4c875088 : 0(0 size) total buffers - 0(0 size) used buffers - 0/0 (recycle/alloc) - 0/0 (fetch/transfer)
1791670156.315  1046  2213 28627 D BufferPoolAccessor2.0: bufferpool2 0xb400006e4c86a7b8 : 6(98304 size) total buffers - 6(98304 size) used buffers - 4/15 (recycle/alloc) - 11/14 (fetch/transfer)
1791670156.315  1046  2213 28627 D BufferPoolAccessor2.0: bufferpool2 0xb400006e4c867e18 : 0(0 size) total buffers - 0(0 size) used buffers - 0/0 (recycle/alloc) - 0/0 (fetch/transfer)
1791670156.315  1046  2213 28627 D BufferPoolAccessor2.0: bufferpool2 0xb400006e4c8742a8 : 0(0 size) total buffers - 0(0 size) used buffers - 8/12 (recycle/alloc) - 4/12 (fetch/transfer)
1791670156.315  1046  2213 28627 D BufferPoolAccessor2.0: bufferpool2 0xb400006e4c8734c8 : 0(0 size) total buffers - 0(0 size) used buffers - 0/0 (recycle/alloc) - 0/0 (fetch/transfer)
1791670156.315  1046  2213 28627 D BufferPoolAccessor2.0: bufferpool2 0xb400006e4c870688 : 0(0 size) total buffers - 0(0 size) used buffers - 0/3 (recycle/alloc) - 2/2 (fetch/transfer)
1791670156.315  1046  2213 28627 I hw-BpHwBinder: onLastStrongRef automatically unlinking death recipients
1791670156.315  1046  2213 28627 I hw-BpHwBinder: onLastStrongRef automatically unlinking death recipients
1791670156.316 10551 16870 17353 I CCodec  : Created component [c2.android.vorbis.decoder] for [c2.android.vorbis.decoder]
1791670156.316 10551 16870 17353 D CCodecConfig: read media type: audio/vorbis
1791670156.317 10551 16870 17353 D ReflectedParamUpdater: extent() != 1 for single value type: algo.buffers.max-count.values
1791670156.317 10551 16870 17353 D ReflectedParamUpdater: extent() != 1 for single value type: output.subscribed-indices.values
1791670156.317 10551 16870 17353 D ReflectedParamUpdater: extent() != 1 for single value type: input.buffers.allocator-ids.values
1791670156.317 10551 16870 17353 D ReflectedParamUpdater: extent() != 1 for single value type: output.buffers.allocator-ids.values
1791670156.317 10399 15202 15496 D BufferPoolAccessor2.0: bufferpool2 0xb400007ac7cf69b8 : 0(0 size) total buffers - 0(0 size) used buffers - 2/7 (recycle/alloc) - 18/58 (fetch/transfer)
1791670156.317 10551 16870 17353 D ReflectedParamUpdater: extent() != 1 for single value type: algo.buffers.allocator-ids.values
1791670156.318 10551 16870 17353 D ReflectedParamUpdater: extent() != 1 for single value type: output.buffers.pool-ids.values
1791670156.318 10399 15202 15496 D BufferPoolAccessor2.0: Destruction - bufferpool2 0xb400007ac7cf69b8 cached: 0/0M, 0/0% in use; allocs: 7, 29% recycled; transfers: 58, 69% unfetched
1791670156.318 10551 16870 17353 D ReflectedParamUpdater: extent() != 1 for single value type: algo.buffers.pool-ids.values
1791670156.318 10551 16870 17352 I CCodec  : Created component [c2.android.vorbis.decoder] for [c2.android.vorbis.decoder]
1791670156.318 10551 16870 17352 D CCodecConfig: read media type: audio/vorbis
1791670156.318 10551 16870 17353 I CCodecConfig: query failed after returning 8 values (BAD_INDEX)
1791670156.318 10551 16870 17353 D CCodecConfig: c2 config diff is Dict {
1791670156.318 10551 16870 17353 D CCodecConfig:   c2::u32 coded.bitrate.value = 64000
1791670156.318 10551 16870 17353 D CCodecConfig:   c2::u32 input.buffers.max-size.value = 32768
1791670156.318 10551 16870 17353 D CCodecConfig:   c2::u32 input.delay.value = 0
1791670156.318 10551 16870 17353 D CCodecConfig:   string input.media-type.value = "audio/vorbis"
1791670156.318 10551 16870 17353 D CCodecConfig:   c2::u32 output.large-frame.max-size = 0
1791670156.318 10551 16870 17353 D CCodecConfig:   c2::u32 output.large-frame.threshold-size = 0
1791670156.318 10551 16870 17353 D CCodecConfig:   string output.media-type.value = "audio/raw"
1791670156.318 10551 16870 17353 D CCodecConfig:   c2::u32 raw.channel-count.value = 1
1791670156.318 10551 16870 17353 D CCodecConfig:   c2::u32 raw.sample-rate.value = 48000
1791670156.318 10551 16870 17353 D CCodecConfig: }
1791670156.332  root  7825  7825 I msm_cvp : fw: <CFW_E:RTWrkT:--------:-> cvp_Worker_ProcessControlCommand(10379): return from cvp_Worker_ValidateStreamConfig Success
1791670156.339  1046 17362 17362 W ion_buffer_alloc: 3 callbacks suppressed
1791670156.339  1046 17362 17362 W ion_buffer_alloc: Detected allocation from generic sys heap for task mediaswcodec-2213
1791670156.320 10399 15202 15496 D BufferPoolAccessor2.0: bufferpool2 0xb400007ac7cf9ee8 : 0(0 size) total buffers - 0(0 size) used buffers - 2/7 (recycle/alloc) - 15/40 (fetch/transfer)
1791670156.321 10551 16870 17352 D ReflectedParamUpdater: extent() != 1 for single value type: algo.buffers.max-count.values
1791670156.321 10551 16870 17352 D ReflectedParamUpdater: extent() != 1 for single value type: output.subscribed-indices.values
1791670156.321 10551 16870 17352 D ReflectedParamUpdater: extent() != 1 for single value type: input.buffers.allocator-ids.values
1791670156.322 10551 16870 17352 D ReflectedParamUpdater: extent() != 1 for single value type: output.buffers.allocator-ids.values
1791670156.322 10399 15202 15496 D BufferPoolAccessor2.0: Destruction - bufferpool2 0xb400007ac7cf9ee8 cached: 0/0M, 0/0% in use; allocs: 7, 29% recycled; transfers: 40, 63% unfetched
1791670156.322 10551 16870 17352 D ReflectedParamUpdater: extent() != 1 for single value type: algo.buffers.allocator-ids.values
1791670156.322 10551 16870 17350 I MediaCodec: media_quality service unavailable, skipping updatePictureProfile
1791670156.322 10551 16870 17352 D ReflectedParamUpdater: extent() != 1 for single value type: output.buffers.pool-ids.values
1791670156.323 10551 16870 17352 D ReflectedParamUpdater: extent() != 1 for single value type: algo.buffers.pool-ids.values
1791670156.323 10551 16870 17353 D CCodec  : [c2.android.vorbis.decoder] buffers are bound to CCodec for this session
1791670156.323 10551 16870 17353 D CCodecConfig: no c2 equivalents for durationUs
1791670156.323 10551 16870 17353 D CCodecConfig: no c2 equivalents for track-id
1791670156.323 10551 16870 17353 D CCodecConfig: no c2 equivalents for csd-1
1791670156.323 10551 16870 17353 D CCodecConfig: no c2 equivalents for flags
1791670156.324 10551 16870 17353 D CCodecConfig: c2 config diff is   c2::u32 coded.bitrate.value = 499821
1791670156.324 10551 16870 17353 D CCodecConfig:   c2::u32 raw.channel-count.value = 2
1791670156.324 10551 16870 17353 D CCodecConfig:   c2::u32 raw.sample-rate.value = 44100
1791670156.324 10551 16870 17352 I CCodecConfig: query failed after returning 8 values (BAD_INDEX)
1791670156.324 10551 16870 17352 D CCodecConfig: c2 config diff is Dict {
1791670156.324 10551 16870 17352 D CCodecConfig:   c2::u32 coded.bitrate.value = 64000
1791670156.324 10551 16870 17352 D CCodecConfig:   c2::u32 input.buffers.max-size.value = 32768
1791670156.324 10551 16870 17352 D CCodecConfig:   c2::u32 input.delay.value = 0
1791670156.324 10551 16870 17352 D CCodecConfig:   string input.media-type.value = "audio/vorbis"
1791670156.324 10551 16870 17352 D CCodecConfig:   c2::u32 output.large-frame.max-size = 0
1791670156.324 10551 16870 17352 D CCodecConfig:   c2::u32 output.large-frame.threshold-size = 0
1791670156.324 10551 16870 17352 D CCodecConfig:   string output.media-type.value = "audio/raw"
1791670156.324 10551 16870 17352 D CCodecConfig:   c2::u32 raw.channel-count.value = 1
1791670156.324 10551 16870 17352 D CCodecConfig:   c2::u32 raw.sample-rate.value = 48000
1791670156.324 10551 16870 17352 D CCodecConfig: }
1791670156.324 10551 16870 17353 W Codec2Client: query -- param skipped: index = 1107298332.
1791670156.324 10551 16870 17353 D CCodec  : encoding statistics level = 0
1791670156.324 10551 16870 17353 D CCodec  : setup formats input: AMessage(what = 0x00000000) = {
1791670156.324 10551 16870 17353 D CCodec  :   int32_t bitrate = 499821
1791670156.324 10551 16870 17353 D CCodec  :   int32_t channel-count = 2
1791670156.324 10551 16870 17353 D CCodec  :   int32_t max-input-size = 32768
1791670156.324 10551 16870 17353 D CCodec  :   string mime = "audio/vorbis"
1791670156.324 10551 16870 17353 D CCodec  :   int32_t sample-rate = 44100
1791670156.324 10551 16870 17353 D CCodec  : }
1791670156.324 10551 16870 17353 D CCodec  : setup formats output: AMessage(what = 0x00000000) = {
1791670156.324 10551 16870 17353 D CCodec  :   int32_t buffer-batch-max-output-size = 0
1791670156.324 10551 16870 17353 D CCodec  :   int32_t buffer-batch-threshold-output-size = 0
1791670156.324 10551 16870 17353 D CCodec  :   int32_t channel-count = 2
1791670156.324 10551 16870 17353 D CCodec  :   string mime = "audio/raw"
1791670156.324 10551 16870 17353 D CCodec  :   int32_t sample-rate = 44100
1791670156.324 10551 16870 17353 D CCodec  :   int32_t channel-mask = 3
1791670156.324 10551 16870 17353 D CCodec  :   int32_t android._config-pcm-encoding = 2
1791670156.324 10551 16870 17353 D CCodec  : }
1791670156.325 10551 16870 17353 I CCodecConfig: query failed after returning 8 values (BAD_INDEX)
1791670156.325 10551 16870 17353 E om.oplus.camera: Failed to query component interface for required system resources: 6
1791670156.326  1000  4337  4582 D ConnectivityService: NetReassign [1388 : null → 100] [c 1] [a 2] [i 14]
1791670156.327 10551 16870 17351 I MediaCodec: media_quality service unavailable, skipping updatePictureProfile
1791670156.327 10551 16870 17352 D CCodec  : [c2.android.vorbis.decoder] buffers are bound to CCodec for this session
1791670156.328 10551 16870 17352 D CCodecConfig: no c2 equivalents for durationUs
1791670156.328 10551 16870 17352 D CCodecConfig: no c2 equivalents for track-id
1791670156.328 10551 16870 17352 D CCodecConfig: no c2 equivalents for csd-1
1791670156.328 10551 16870 17352 D CCodecConfig: no c2 equivalents for flags
1791670156.328 10551 16870 17353 W Codec2Client: query -- param skipped: index = 1342179345.
1791670156.328 10551 16870 17353 W Codec2Client: query -- param skipped: index = 2415921170.
1791670156.328 10551 16870 17353 D C2Store : Using ION
1791670156.328 10551 16870 17352 D CCodecConfig: c2 config diff is   c2::u32 coded.bitrate.value = 499821
1791670156.328 10551 16870 17352 D CCodecConfig:   c2::u32 raw.channel-count.value = 2
1791670156.328 10551 16870 17352 D CCodecConfig:   c2::u32 raw.sample-rate.value = 44100
1791670156.329 10551 16870 17352 W Codec2Client: query -- param skipped: index = 1107298332.
1791670156.329 10551 16870 17352 D CCodec  : encoding statistics level = 0
1791670156.329 10551 16870 17352 D CCodec  : setup formats input: AMessage(what = 0x00000000) = {
1791670156.329 10551 16870 17352 D CCodec  :   int32_t bitrate = 499821
1791670156.329 10551 16870 17352 D CCodec  :   int32_t channel-count = 2
1791670156.329 10551 16870 17352 D CCodec  :   int32_t max-input-size = 32768
1791670156.329 10551 16870 17352 D CCodec  :   string mime = "audio/vorbis"
1791670156.329 10551 16870 17352 D CCodec  :   int32_t sample-rate = 44100
1791670156.329 10551 16870 17352 D CCodec  : }
1791670156.329 10551 16870 17352 D CCodec  : setup formats output: AMessage(what = 0x00000000) = {
1791670156.329 10551 16870 17352 D CCodec  :   int32_t buffer-batch-max-output-size = 0
1791670156.329 10551 16870 17352 D CCodec  :   int32_t buffer-batch-threshold-output-size = 0
1791670156.329 10551 16870 17352 D CCodec  :   int32_t channel-count = 2
1791670156.329 10551 16870 17352 D CCodec  :   string mime = "audio/raw"
1791670156.329 10551 16870 17352 D CCodec  :   int32_t sample-rate = 44100
1791670156.329 10551 16870 17352 D CCodec  :   int32_t channel-mask = 3
1791670156.329 10551 16870 17352 D CCodec  :   int32_t android._config-pcm-encoding = 2
1791670156.329 10551 16870 17352 D CCodec  : }
1791670156.329 10551 16870 17352 I CCodecConfig: query failed after returning 8 values (BAD_INDEX)
1791670156.329 10551 16870 17352 E om.oplus.camera: Failed to query component interface for required system resources: 6
1791670156.330 10551 16870 17353 D CCodecBufferChannel: [c2.android.vorbis.decoder#296] Created input block pool with allocatorID 16 => poolID 17 - OK (0)
1791670156.330  1046  2213  5549 E CodecServiceRegistrant: querySupportedValues -- transaction failed.
1791670156.330  1047  1635  2837 D android.hardware.camera.provider@2.4-service_64: IMX471 ExposureInfo(Short, Middle, Long) - Analog Gain(0.000000, 0.000000, 16.000000), Digital Gain(0.000000, 0.000000, 1.000000), Linecount(1, 0, 4849), ISP Digital Gain 2.598071
1791670156.330  1047  1635  2837 I CamX    : [ALWAYS_ON  ] camxsensornode.cpp:1944 PublishPerFrameSensorMetaData() CamId[1]-ReqId[4]: resId=1, contextTypeID=0, frameDuration=60211279, expTime(l,m,s)=(60000000,0,12371), Gain(l,m,s)=(16.000000,0.000000,0.000000), Sensitivity(l,m,s)=(1600,0,0)
1791670156.331 10551 16870 17353 I CCodecBufferChannel: [c2.android.vorbis.decoder#296] Created output block pool with allocatorID 16 => poolID 359 - OK
1791670156.331 10551 16870 17353 D CCodecBufferChannel: [c2.android.vorbis.decoder#296] Configured output block pool ids 359 => OK
1791670156.331  1046  2213  5549 E Codec2-ComponentInterface: We have a failed config
1791670156.333 10551 16870 17352 W Codec2Client: query -- param skipped: index = 1342179345.
1791670156.333 10551 16870 17352 W Codec2Client: query -- param skipped: index = 2415921170.
1791670156.333 10551 16870 17352 D CCodecBufferChannel: [c2.android.vorbis.decoder#270] Created input block pool with allocatorID 16 => poolID 18 - OK (0)
1791670156.333  1046  2213 14588 E CodecServiceRegistrant: querySupportedValues -- transaction failed.
1791670156.334 10551 16870 17352 I CCodecBufferChannel: [c2.android.vorbis.decoder#270] Created output block pool with allocatorID 16 => poolID 360 - OK
1791670156.334 10551 16870 17352 D CCodecBufferChannel: [c2.android.vorbis.decoder#270] Configured output block pool ids 360 => OK
1791670156.334  1046  2213 14588 E Codec2-ComponentInterface: We have a failed config
1791670156.335  1046  2213 17362 E CodecServiceRegistrant: querySupportedValues -- transaction failed.
1791670156.335  1046  2213 17362 D SimpleC2Component: Using output block pool with poolID 360 => got 360 - 0
1791670156.339  1046  2213 17361 E CodecServiceRegistrant: querySupportedValues -- transaction failed.
1791670156.339  1046  2213 17361 D SimpleC2Component: Using output block pool with poolID 359 => got 359 - 0
1791670156.341 10551 16870 16999 W CameraUnit, Camera2Impl: firstRepeatingArrive
1791670156.342 10551 16870 16999 E VendorTagDescriptor: lookupTag: Tag name 'double.ois.wirecutoff.detection.sn' does not exist.
1791670156.343 10551 16870 16999 W CameraMetadataJV: Expect face scores and rectangles to be non-null
1791670156.346 10551 16870 16999 E VendorTagDescriptor: lookupTag: Tag name 'DolIsStaggerState' does not exist.
1791670156.346 10551 16870 16870 W View    : requestLayout() improperly called by com.oplus.camera.ui.setting.drawer.CameraDrawerSettingMenuPanel{168b2f3 V.E...... ......ID 0,0-1440,0 #7f090474 app:id/oplus_subsetting_bar} during layout: running second layout pass
1791670156.344  1046 17362 17362 W ion_buffer_alloc: Detected allocation from generic sys heap for task mediaswcodec-2213
1791670156.344  1046 17361 17361 W ion_buffer_alloc: Detected allocation from generic sys heap for task mediaswcodec-2213
1791670156.345  1046 17362 17362 W ion_buffer_alloc: Detected allocation from generic sys heap for task mediaswcodec-2213
1791670156.346  1046 17362 17362 W ion_buffer_alloc: Detected allocation from generic sys heap for task mediaswcodec-2213
1791670156.346  1046 17362 17362 W ion_buffer_alloc: Detected allocation from generic sys heap for task mediaswcodec-2213
1791670156.348  1046 17361 17361 W ion_buffer_alloc: Detected allocation from generic sys heap for task mediaswcodec-2213
1791670156.350  1046 17361 17361 W ion_buffer_alloc: Detected allocation from generic sys heap for task mediaswcodec-2213
1791670156.353  1046 17361 17361 W ion_buffer_alloc: Detected allocation from generic sys heap for task mediaswcodec-2213
1791670156.356  1046 17361 17361 W ion_buffer_alloc: Detected allocation from generic sys heap for task mediaswcodec-2213
1791670156.350  1000  4337  5236 W ActivityManager: Unable to start service Intent { xflg=0x4 cmp=com.nearme.statistics.rom/.service.ReceiverService (has extras) } U=0: not found
1791670156.358 10551 16870 17020 E APS_CORE: [ERROR][ LOGIC ] APSClient_itf.cpp: 313  camApsPreviewDecision()  camApsPreviewDecision error:init:-1!
1791670156.358 10551 16870 16999 E VendorTagDescriptor: lookupTag: Tag name 'preview.skip.draw.frame' does not exist.
1791670156.362 10303  4915  5137 W System  : A resource failed to call release.
1791670156.362 10551 16870 17317 D nativeloader: Load /data/app/~~pwrM1FFZPcTDtyIFM23IXQ==/com.oplus.camera-6To1ae9Bp6KmV_a4LzhBKw==/lib/arm64/libGradienterNativeLib.so using class loader ns clns-11 (caller=/data/app/~~pwrM1FFZPcTDtyIFM23IXQ==/com.oplus.camera-6To1ae9Bp6KmV_a4LzhBKw==/base.apk!classes21.dex): ok
1791670156.362 10303  4915  5137 W System  : A resource failed to call release.
1791670156.362 10303  4915  5137 W System  : A resource failed to call release.
1791670156.362 10303  4915  5137 W System  : A resource failed to call release.
1791670156.362 10303  4915  5137 W System  : A resource failed to call release.
1791670156.362 10303  4915  5137 W System  : A resource failed to call release.
1791670156.362 10303  4915  5137 W System  : A resource failed to call release.
1791670156.362 10303  4915  5137 W System  : A resource failed to call release.
1791670156.362 10303  4915  5137 W System  : A resource failed to call release.
1791670156.362 10303  4915  5137 W System  : A resource failed to call release.
1791670156.362 10303  4915  5137 W System  : A resource failed to call release.
1791670156.362 10303  4915  5137 W System  : A resource failed to call release.
1791670156.362 10303  4915  5137 W System  : A resource failed to call release.
1791670156.362 10303  4915  5137 W System  : A resource failed to call release.
1791670156.362 10303  4915  5137 W System  : A resource failed to call release.
1791670156.362 10303  4915  5137 W System  : A resource failed to call release.
1791670156.362 10303  4915  5137 W System  : A resource failed to call release.
1791670156.362 10303  4915  5137 W System  : A resource failed to call release.
1791670156.362 10303  4915  5137 W System  : A resource failed to call release.
1791670156.362 10303  4915  5137 W System  : A resource failed to call release.
1791670156.362 10303  4915  5137 W System  : A resource failed to call release.
1791670156.362 10303  4915  5137 W System  : A resource failed to call release.
1791670156.362 10303  4915  5137 W System  : A resource failed to call release.
1791670156.362 10303  4915  5137 W System  : A resource failed to call release.
1791670156.362 10303  4915  5137 W System  : A resource failed to call release.
1791670156.362 10303  4915  5137 W System  : A resource failed to call release.
1791670156.362 10303  4915  5137 W System  : A resource failed to call release.
1791670156.363 10303  4915  5137 W System  : A resource failed to call release.
1791670156.363 10303  4915  5137 W System  : A resource failed to call release.
1791670156.364 10303  4915  5137 W System  : A resource failed to call release.
1791670156.364 10303  4915  5137 W System  : A resource failed to call release.
1791670156.364 10303  4915  5137 W System  : A resource failed to call release.
1791670156.364 10551 16870 17020 E ApsAdapter, ApsTotalResult: parse, invalid str: composition_app_rect;STRING;;
1791670156.364 10551 16870 17020 E ApsAdapter, ApsTotalResult: parse, invalid str: micro_distance;STRING;;
1791670156.364 10551 16870 17020 E ApsAdapter, ApsTotalResult: parse, invalid str: final_micro_status;STRING;;
1791670156.364 10303  4915  5137 W System  : A resource failed to call release.
1791670156.364 10303  4915  5137 W System  : A resource failed to call release.
1791670156.364 10303  4915  5137 W System  : A resource failed to call release.
1791670156.364 10303  4915  5137 W System  : A resource failed to call release.
1791670156.369 10303  4915  5137 W System  : A resource failed to call release.
1791670156.369 10303  4915  5137 W System  : A resource failed to call release.
1791670156.369 10303  4915  5137 W System  : A resource failed to call release.
1791670156.372 10551 16870 17020 E OCAM_CameraScreenNail: CameraTest First Frame available
1791670156.374 10551 16870 16998 E VendorTagDescriptor: lookupTag: Tag name 'mipiraw.online.bpc' does not exist.
1791670156.374 10551 16870 16960 W CameraMetadataJV: Expect face scores and rectangles to be non-null
1791670156.374 10551 16870 16998 E VendorTagDescriptor: lookupTag: Tag name 'caller.package.name' does not exist.
1791670156.374 10551 16870 16998 E VendorTagDescriptor: lookupTag: Tag name 'camera.is.turn.on' does not exist.
1791670156.374 10551 16870 16998 E VendorTagDescriptor: lookupTag: Tag name 'algo.visualization.enable' does not exist.
1791670156.374 10551 16870 16970 W OCAM_OneCameraImpl: CameraPreviewCallback, onPreviewMetaReceived, first frame arrive, mCameraRole: 1
1791670156.374 10551 16870 16998 E VendorTagDescriptor: lookupTag: Tag name 'TR.processing.state' does not exist.
1791670156.374 10551 16870 16998 E VendorTagDescriptor: lookupTag: Tag name 'light.sensor.lux' does not exist.
1791670156.374 10551 16870 16998 E VendorTagDescriptor: lookupTag: Tag name 'aps.zoom.feature' does not exist.
1791670156.374 10551 16870 16998 E VendorTagDescriptor: lookupTag: Tag name 'camera.pi.enable_list' does not exist.
1791670156.374 10551 16870 16998 E VendorTagDescriptor: lookupTag: Tag name 'moving.object' does not exist.
1791670156.375 10551 16870 16998 E VendorTagDescriptor: lookupTag: Tag name 'aps.sat.snapshot.master.camIndex' does not exist.
1791670156.375 10551 16870 16998 E VendorTagDescriptor: lookupTag: Tag name 'asd.hdr.scope' does not exist.
1791670156.375 10551 16870 16998 E VendorTagDescriptor: lookupTag: Tag name 'camera.is.from.main.menu' does not exist.
1791670156.375 10551 16870 16998 E VendorTagDescriptor: lookupTag: Tag name 'camera.pi.enable' does not exist.
1791670156.375 10551 16870 16998 E VendorTagDescriptor: lookupTag: Tag name 'camera.mode' does not exist.
1791670156.375 10551 16870 16998 E VendorTagDescriptor: lookupTag: Tag name 'makeup.state' does not exist.
1791670156.375 10551 16870 16998 E VendorTagDescriptor: lookupTag: Tag name 'camera.3d.api.state' does not exist.
1791670156.375 10551 16870 16998 E VendorTagDescriptor: lookupTag: Tag name 'focus.touch.xy' does not exist.
1791670156.375 10551 16870 16998 E VendorTagDescriptor: lookupTag: Tag name 'config.aeExposureCompensation' does not exist.
1791670156.375 10551 16870 16998 E VendorTagDescriptor: lookupTag: Tag name 'capture.hdr.support' does not exist.
1791670156.375 10551 16870 16975 E OCAM_SurfaceTextureScreenNail: initTransform, rearCamera: false, mirrorEnable: false, mirrorSetting: on
1791670156.375 10551 16870 16975 W libc    : Access denied finding property "vendor.camera.mem.debug.enable"
1791670156.376 10551 16870 16970 W CameraMetadataJV: Expect face scores and rectangles to be non-null
1791670156.378 10551 16870 16998 E VendorTagDescriptor: lookupTag: Tag name 'preview.hdr.support' does not exist.
1791670156.378 10551 16870 16998 E VendorTagDescriptor: lookupTag: Tag name 'picture.offset.time' does not exist.
1791670156.378 10551 16870 16998 E VendorTagDescriptor: lookupTag: Tag name 'only.zoom.change' does not exist.
1791670156.378 10551 16870 16998 E VendorTagDescriptor: lookupTag: Tag name 'aicolor.rear.enable' does not exist.
1791670156.378 10551 16870 16998 E VendorTagDescriptor: lookupTag: Tag name 'mirror.enable' does not exist.
1791670156.378 10551 16870 16998 E VendorTagDescriptor: lookupTag: Tag name 'camera.livephoto.enable' does not exist.
1791670156.378 10551 16870 16998 E VendorTagDescriptor: lookupTag: Tag name 'camera.pi.enable_list' does not exist.
1791670156.378 10551 16870 16998 E VendorTagDescriptor: lookupTag: Tag name 'ipe.sequence' does not exist.
1791670156.378 10551 16870 16998 E VendorTagDescriptor: lookupTag: Tag name 'lsd.enable' does not exist.
1791670156.378 10551 16870 16998 E VendorTagDescriptor: lookupTag: Tag name 'caller.package.name' does not exist.
1791670156.378 10551 16870 16998 E VendorTagDescriptor: lookupTag: Tag name 'camera.livephoto.enable' does not exist.
1791670156.379 10551 16870 16926 W OCAM_LaunchPerformance: setRequestRepeatingTime, wrong action, sSessionConfiguredTime: 1791670156173, sRequestRepeatingTime: 1791670156178
1791670156.379 10551 16870 16926 W OCAM_LaunchPerformance: setRequestRepeatingTime, wrong action, sSessionConfiguredTime: 1791670156173, sRequestRepeatingTime: 1791670156178
1791670156.381  1000  4337  4553 W InputChannel-JNI: Channel already disposed.
1791670156.381 10384  6896  6896 I GoogleInputMethodService: GoogleInputMethodService.onFinishInput():2404
1791670156.382 10384  6896  6896 I GoogleInputMethodService: GoogleInputMethodService.onStartInput():1552 onStartInput(EditorInfo{EditorInfo{packageName=com.oplus.camera, inputType=0, inputTypeString=NULL, enableLearning=false, autoCorrection=false, autoComplete=false, imeOptions=0, privateImeOptions=null, actionName=UNSPECIFIED, actionLabel=null, initialSelStart=-1, initialSelEnd=-1, initialCapsMode=0, label=null, fieldId=0, fieldName=null, extras=null, hintText=null, hintLocales=[]}}, false)
1791670156.382 10384  6896  6896 I LatinInputMethodServiceBase: LatinInputMethodServiceBase.updateInputViewCoverNavigation():360 Update input view padding, isNavbarOverInputWindow=true, bottom inset=134
1791670156.385 10551 16870 16998 E VendorTagDescriptor: lookupTag: Tag name 'mipiraw.online.bpc' does not exist.
1791670156.385 10551 16870 16998 E VendorTagDescriptor: lookupTag: Tag name 'caller.package.name' does not exist.
1791670156.385 10551 16870 16998 E VendorTagDescriptor: lookupTag: Tag name 'camera.is.turn.on' does not exist.
1791670156.385 10551 16870 16998 E VendorTagDescriptor: lookupTag: Tag name 'algo.visualization.enable' does not exist.
1791670156.385 10551 16870 16998 E VendorTagDescriptor: lookupTag: Tag name 'TR.processing.state' does not exist.
1791670156.385 10551 16870 16998 E VendorTagDescriptor: lookupTag: Tag name 'light.sensor.lux' does not exist.
1791670156.385 10551 16870 16998 E VendorTagDescriptor: lookupTag: Tag name 'aps.zoom.feature' does not exist.
1791670156.385 10551 16870 16998 E VendorTagDescriptor: lookupTag: Tag name 'camera.pi.enable_list' does not exist.
1791670156.385 10551 16870 16998 E VendorTagDescriptor: lookupTag: Tag name 'moving.object' does not exist.
1791670156.385 10551 16870 16998 E VendorTagDescriptor: lookupTag: Tag name 'aps.sat.snapshot.master.camIndex' does not exist.
1791670156.385 10551 16870 16998 E VendorTagDescriptor: lookupTag: Tag name 'asd.hdr.scope' does not exist.
1791670156.385 10551 16870 16998 E VendorTagDescriptor: lookupTag: Tag name 'camera.is.from.main.menu' does not exist.
1791670156.385 10551 16870 16998 E VendorTagDescriptor: lookupTag: Tag name 'camera.pi.enable' does not exist.
1791670156.386 10551 16870 16998 E VendorTagDescriptor: lookupTag: Tag name 'camera.mode' does not exist.
1791670156.386 10551 16870 16998 E VendorTagDescriptor: lookupTag: Tag name 'makeup.state' does not exist.
1791670156.386 10551 16870 16998 E VendorTagDescriptor: lookupTag: Tag name 'camera.3d.api.state' does not exist.
1791670156.386 10551 16870 16998 E VendorTagDescriptor: lookupTag: Tag name 'focus.touch.xy' does not exist.
1791670156.386 10551 16870 16998 E VendorTagDescriptor: lookupTag: Tag name 'config.aeExposureCompensation' does not exist.
1791670156.386 10551 16870 16998 E VendorTagDescriptor: lookupTag: Tag name 'capture.hdr.support' does not exist.
1791670156.386 10551 16870 16998 E VendorTagDescriptor: lookupTag: Tag name 'preview.hdr.support' does not exist.
1791670156.386 10551 16870 16998 E VendorTagDescriptor: lookupTag: Tag name 'picture.offset.time' does not exist.
1791670156.386 10551 16870 16998 E VendorTagDescriptor: lookupTag: Tag name 'only.zoom.change' does not exist.
1791670156.386 10551 16870 16998 E VendorTagDescriptor: lookupTag: Tag name 'aicolor.rear.enable' does not exist.
1791670156.386 10551 16870 16998 E VendorTagDescriptor: lookupTag: Tag name 'mirror.enable' does not exist.
1791670156.386 10551 16870 16998 E VendorTagDescriptor: lookupTag: Tag name 'camera.livephoto.enable' does not exist.
1791670156.386 10551 16870 16998 E VendorTagDescriptor: lookupTag: Tag name 'camera.pi.enable_list' does not exist.
1791670156.386 10551 16870 16998 E VendorTagDescriptor: lookupTag: Tag name 'ipe.sequence' does not exist.
1791670156.386 10551 16870 16998 E VendorTagDescriptor: lookupTag: Tag name 'lsd.enable' does not exist.
1791670156.386 10551 16870 16998 E VendorTagDescriptor: lookupTag: Tag name 'caller.package.name' does not exist.
1791670156.386 10551 16870 17000 D nativeloader: Load /data/app/~~pwrM1FFZPcTDtyIFM23IXQ==/com.oplus.camera-6To1ae9Bp6KmV_a4LzhBKw==/lib/arm64/libApsFaceBeautyPreviewJni.so using class loader ns clns-10 (caller=/system_ext/framework/com.oplus.camera.unit.sdk.jar): dlopen failed: library "libvndksupport.so" not found: needed by /data/app/~~pwrM1FFZPcTDtyIFM23IXQ==/com.oplus.camera-6To1ae9Bp6KmV_a4LzhBKw==/lib/arm64/libApsFaceBeautyPreviewJni.so in namespace clns-10
1791670156.386 10551 16870 16998 E VendorTagDescriptor: lookupTag: Tag name 'camera.livephoto.enable' does not exist.
1791670156.387 10551 16870 16975 E VendorTagDescriptor: lookupTag: Tag name 'iris.aperture.switching' does not exist.
1791670156.389 10551 16870 16975 E VendorTagDescriptor: lookupTag: Tag name 'exception.msg.notify' does not exist.
1791670156.390 10551 16870 17000 W OCAM_EglHelper: destroyOutputEGLSurfaceImp, error: 12288
1791670156.390 10551 16870 17000 E AndroidRuntime: FATAL EXCEPTION: PreviewGLThread
1791670156.390 10551 16870 17000 E AndroidRuntime: Process: com.oplus.camera, PID: 16870
1791670156.390 10551 16870 17000 E AndroidRuntime: java.lang.UnsatisfiedLinkError: dlopen failed: library "libvndksupport.so" not found: needed by /data/app/~~pwrM1FFZPcTDtyIFM23IXQ==/com.oplus.camera-6To1ae9Bp6KmV_a4LzhBKw==/lib/arm64/libApsFaceBeautyPreviewJni.so in namespace clns-10
1791670156.390 10551 16870 17000 E AndroidRuntime: 	at java.lang.Runtime.loadLibrary0(Runtime.java:1111)
1791670156.390 10551 16870 17000 E AndroidRuntime: 	at java.lang.Runtime.loadLibrary0(Runtime.java:1033)
1791670156.390 10551 16870 17000 E AndroidRuntime: 	at java.lang.System.loadLibrary(System.java:1765)
1791670156.390 10551 16870 17000 E AndroidRuntime: 	at com.oplus.camera.facebeauty.OplusFaceBeautyPreview.<clinit>(OplusFaceBeautyPreview.java:37)
1791670156.390 10551 16870 17000 E AndroidRuntime: 	at com.oplus.ocs.camera.OplusFaceBeautyPreviewHelper.<init>(OplusFaceBeautyPreviewHelper.java:2)
1791670156.390 10551 16870 17000 E AndroidRuntime: 	at o9.e.d(FaceSlenderTexturePreview.java:49)
1791670156.390 10551 16870 17000 E AndroidRuntime: 	at o9.e.process(FaceSlenderTexturePreview.java:110)
1791670156.390 10551 16870 17000 E AndroidRuntime: 	at com.oplus.camera.filter.texturepreview.TexturePreview.process(TexturePreview.java:4)
1791670156.390 10551 16870 17000 E AndroidRuntime: 	at sa.h.t(EffectProcessorImpl.java:88)
1791670156.390 10551 16870 17000 E AndroidRuntime: 	at sa.h.G(EffectProcessorImpl.java:2)
1791670156.390 10551 16870 17000 E AndroidRuntime: 	at sa.h.effectProcess(EffectProcessorImpl.java:59)
1791670156.390 10551 16870 17000 E AndroidRuntime: 	at qh.b0.m(SurfaceTextureScreenNail.java:70)
1791670156.390 10551 16870 17000 E AndroidRuntime: 	at qh.b0.k(SurfaceTextureScreenNail.java:162)
1791670156.390 10551 16870 17000 E AndroidRuntime: 	at qh.d.k(CameraScreenNail.java:191)
1791670156.390 10551 16870 17000 E AndroidRuntime: 	at rh.k.h0(PreviewRenderer.java:298)
1791670156.390 10551 16870 17000 E AndroidRuntime: 	at rh.k.onDrawFrame(PreviewRenderer.java:27)
1791670156.390 10551 16870 17000 E AndroidRuntime: 	at qh.i.n(PreviewEffectProcessor.java:15)
1791670156.390 10551 16870 17000 E AndroidRuntime: 	at com.oplus.camera.common.gl.n0.b(GLThread.java:750)
1791670156.390 10551 16870 17000 E AndroidRuntime: 	at com.oplus.camera.common.gl.n0.run(GLThread.java:43)
1791670156.391  1000  4337  4526 W ActivityManager: Unable to start service Intent { xflg=0x4 cmp=com.nearme.statistics.rom/.service.ReceiverService (has extras) } U=0: not found
1791670156.393 10551 16870 16970 W OCAM_CaptureProcessor: onPreviewDecisionResult, first result, feature: 0, scene: 0, multi-frame count: 0
1791670156.393 10551 16870 16970 E VendorTagDescriptor: lookupTag: Tag name 'iris.aperture.switching' does not exist.
1791670156.394  1000  4337  4526 W ActivityTaskManager:   Force finishing activity com.oplus.camera/.Camera
1791670156.394  1000  4337  4526 W TransitionChain: Combining AR.finish-force-crash into #315(CLOSE|R|0x10) from finishTopCrash
1791670156.395 10303  4915  5301 V WindowManagerShell: Transition requested (#315): android.os.BinderProxy@8048b9c TransitionRequestInfo { type = CLOSE, triggerTask = TaskInfo{userId=0 taskId=932 effectiveUid=10551 displayId=0 isRunning=true baseIntent=Intent { act=android.intent.action.MAIN cat=[android.intent.category.LAUNCHER] flg=0x10200000 cmp=com.oplus.camera/.Camera } baseActivity=ComponentInfo{com.oplus.camera/com.oplus.camera.Camera} topActivity=ComponentInfo{com.oplus.camera/com.oplus.camera.Camera} origActivity=null realActivity=ComponentInfo{com.oplus.camera/com.oplus.camera.Camera} realActivityIsAppLockEnabled=false numActivities=1 lastActiveTime=3059363 supportsMultiWindow=true supportsMultiWindowWithoutConstraints=true resizeMode=0 isResizeable=true minWidth=-1 minHeight=-1 defaultMinSize=220 token=WCT{android.os.BinderProxy@330ab6a} topActivityType=1 pictureInPictureParams=null shouldDockBigOverlays=false launchIntoPipHostTaskId=-1 lastParentTaskIdBeforePip=-1 displayCutoutSafeInsets=Rect(0, 0 - 0, 0) topActivityInfo=ActivityInfo{32129a5 com.oplus.camera.Camera} launchCookies=[android.os.BinderProxy@70428f8] positionInParent=Point(0, 0) parentTaskId=-1 isFocused=true isInteractive=true isVisible=true isVisibleRequested=true isTopActivityNoDisplay=false isSleeping=false locusId=null displayAreaFeatureId=1 isTopActivityTransparent=false isActivityStackTransparent=false lastNonFullscreenBounds=null leafTaskBoundsFromOptions= false capturedLink=null capturedLinkTimestamp=0 requestedVisibleTypes=498 topActivityRequestOpenInBrowserEducationTimestamp=0 appCompatTaskInfo=AppCompatTaskInfo { topActivityInSizeCompat=false isLeafTask= true eligibleForLetterboxEducation= false isLetterboxEducationEnabled= false isLetterboxDoubleTapEnabled= false eligibleForUserAspectRatioButton= false topActivityBoundsLetterboxed= false isFromLetterboxDoubleTap= false topActivityLetterboxVerticalPosition= -1 topActivityLetterboxHorizontalPosition= -1 topActivityLetterboxWidth=-1 topActivityLetterboxHeight=-1 topActivityAppBounds=Rect(0, 0 - 1440, 3216) isUserFullscreenOverrideEnabled=false isSystemFullscreenOverrideEnabled=false hasMinAspectRatioOverride=false topActivityLetterboxBounds=null topNonResizableActivityAspectRatio=-1.0} topActivityMainWindowFrame=null isAppBubble=false isTopAppLocked=false}, pipChange = null, remoteTransitionInfo = null, displayChanges = null, requestedLocation = null, userChange = null, windowingLayerChange = null, fullscreenRequestChange = null, flags = 16, debugId = 315 }
1791670156.395 10303  4915  5301 W DisconnectHandler: No disconnect change found in the transition, not handling request.
1791670156.396 10303  4915  5301 V ShellDesktopMode: DesktopTasksController: skipping handleRequest reason=triggerTask's display doesn't support desktop mode
1791670156.396 10551 16870 16975 E VendorTagDescriptor: lookupTag: Tag name 'tele.eis.active' does not exist.
1791670156.396 10384  6896 13589 I Module  : DeviceLockedStatusModuleProvider$Module.updateDeviceLockedStatusInternal():119 repeatCheckTimes = 0, locked = false
1791670156.397 10551 16870 16975 E VendorTagDescriptor: lookupTag: Tag name 'multiobj.info.visualization' does not exist.
1791670156.397 10551 16870 16975 E VendorTagDescriptor: lookupTag: Tag name 'control.face.dr' does not exist.
1791670156.397 10551 16870 16975 E VendorTagDescriptor: lookupTag: Tag name 'capture.request.need.preview.stream' does not exist.
1791670156.398 10383  7958  7958 D VRI[GoogleDiscoverWindow]: visibilityChanged oldVisibility=false newVisibility=true
1791670156.399 10280  5540  8900 I FontLog : (REDACTED) Received query %s, URI %s
1791670156.399 10280  5540  8900 I FontLog : (REDACTED) Query [%s] resolved to %s
1791670156.400 10551 16870 16998 E VendorTagDescriptor: lookupTag: Tag name 'mipiraw.online.bpc' does not exist.
1791670156.400 10551 16870 16998 E VendorTagDescriptor: lookupTag: Tag name 'caller.package.name' does not exist.
1791670156.401 10551 16870 16998 E VendorTagDescriptor: lookupTag: Tag name 'camera.is.turn.on' does not exist.
1791670156.401 10551 16870 16998 E VendorTagDescriptor: lookupTag: Tag name 'algo.visualization.enable' does not exist.
1791670156.401 10551 16870 16998 E VendorTagDescriptor: lookupTag: Tag name 'TR.processing.state' does not exist.
1791670156.401 10551 16870 16998 E VendorTagDescriptor: lookupTag: Tag name 'light.sensor.lux' does not exist.
1791670156.401 10551 16870 16998 E VendorTagDescriptor: lookupTag: Tag name 'aps.zoom.feature' does not exist.
1791670156.401 10551 16870 16998 E VendorTagDescriptor: lookupTag: Tag name 'camera.pi.enable_list' does not exist.
1791670156.401 10551 16870 16998 E VendorTagDescriptor: lookupTag: Tag name 'moving.object' does not exist.
1791670156.401 10551 16870 16998 E VendorTagDescriptor: lookupTag: Tag name 'aps.sat.snapshot.master.camIndex' does not exist.
1791670156.401 10551 16870 16998 E VendorTagDescriptor: lookupTag: Tag name 'asd.hdr.scope' does not exist.
1791670156.401 10551 16870 16998 E VendorTagDescriptor: lookupTag: Tag name 'camera.is.from.main.menu' does not exist.
1791670156.401 10551 16870 16998 E VendorTagDescriptor: lookupTag: Tag name 'camera.pi.enable' does not exist.
1791670156.401  1000  1753  1753 I SurfaceFlinger: Display 4630946292801050754 policy changed
1791670156.401  1000  1753  1753 I SurfaceFlinger: Previous: {defaultModeId=3, allowGroupSwitching=false, primaryRanges={physical=[60.00 Hz, 120.00 Hz], render=[60.00 Hz, 60.00 Hz]}, appRequestRanges={physical=[30.00 Hz, 120.00 Hz], render=[30.00 Hz, 60.00 Hz]} idleScreenConfig=nullptr}
1791670156.401  1000  1753  1753 I SurfaceFlinger: Current:  DisplayManagerPolicy{defaultModeId=3, allowGroupSwitching=false, primaryRanges={physical=[60.00 Hz, 120.00 Hz], render=[60.00 Hz, 120.00 Hz]}, appRequestRanges={physical=[0.00 Hz, 120.00 Hz], render=[0.00 Hz, 120.00 Hz]} idleScreenConfig=nullptr}
1791670156.401  1000  1753  1753 I SurfaceFlinger: 1 mode changes were performed under the previous policy
1791670156.401 10551 16870 16998 E VendorTagDescriptor: lookupTag: Tag name 'camera.mode' does not exist.
1791670156.401 10551 16870 16998 E VendorTagDescriptor: lookupTag: Tag name 'makeup.state' does not exist.
1791670156.401 10280  5540  8900 I FontLog : (REDACTED) Fetch %s end status %s
1791670156.401 10551 16870 16998 E VendorTagDescriptor: lookupTag: Tag name 'camera.3d.api.state' does not exist.
1791670156.401 10551 16870 16998 E VendorTagDescriptor: lookupTag: Tag name 'focus.touch.xy' does not exist.
1791670156.401 10551 16870 16998 E VendorTagDescriptor: lookupTag: Tag name 'config.aeExposureCompensation' does not exist.
1791670156.401 10551 16870 16998 E VendorTagDescriptor: lookupTag: Tag name 'capture.hdr.support' does not exist.
1791670156.401 10551 16870 16998 E VendorTagDescriptor: lookupTag: Tag name 'preview.hdr.support' does not exist.
1791670156.401 10551 16870 16998 E VendorTagDescriptor: lookupTag: Tag name 'picture.offset.time' does not exist.
1791670156.401 10551 16870 16998 E VendorTagDescriptor: lookupTag: Tag name 'only.zoom.change' does not exist.
1791670156.401 10551 16870 16998 E VendorTagDescriptor: lookupTag: Tag name 'aicolor.rear.enable' does not exist.
1791670156.401 10551 16870 16998 E VendorTagDescriptor: lookupTag: Tag name 'mirror.enable' does not exist.
1791670156.401 10551 16870 16998 E VendorTagDescriptor: lookupTag: Tag name 'camera.livephoto.enable' does not exist.
1791670156.402  1000  4337  4385 I DisplayDeviceRepository: Display device changed render timings: "Yerleşik Ekran", renderFrameRate=120.00001, presentationDeadlineNanos=11333333, appVsyncOffsetNanos=1000000, frameRateOverrides=[]
1791670156.402 10551 16870 17000 I Process : Sending signal. PID: 16870 SIG: 9
1791670156.402  1000  4337  4383 D WindowManager: DeferredDisplayUpdater: partially applying DisplayInfo(1440 x 3216) immediately
1791670156.404  1041  4165  4174 D audio_hw_primary: adev_set_parameters: enter: screen_state=on
1791670156.404  1041  4165  4174 D sound_trigger_hw: handle_screen_status_change: screen on
1791670156.405 10384  6896 13589 I Module  : DeviceLockedStatusModuleProvider$Module.updateDeviceLockedStatusInternal():119 repeatCheckTimes = 1, locked = false
1791670156.406  1000  4337  4523 W PackageConfigPersister: App-specific configuration not found for packageName: com.oplus.camera and userId: 0
1791670156.415  1000  1753  1753 D SurfaceFlinger: initiateModeChange 4630946292801050754 {mode={fps=120.00 Hz, modePtr={id=5, vsyncRate=120.00 Hz, peakRefreshRate=120.00 Hz}}, emitEvent=false, force=false}
1791670156.415  1000  1703  1703 D SDM     : IRIS_LOG_HWC::SetActiveConfigWithConstraints:465: 05
1791670156.415  1000  1703  1703 I IRIS_LOG_SERV: config 5, Refresh rate 120, Frame 3216x1440, Current mode 'ABYP'
1791670156.415  1000  1703  1703 D IRIS_LOG_SERV: Service Mode changed to: IRIS_SERVICE_MODE_BYPASS
1791670156.415  1000  1703  1703 I IRIS_LOG_SERV: SetActiveConfig[5]: 120 3216x1440 => 0
1791670156.415 10416 16908 17344 W JobInfo : Requested important-while-foreground flag for job195 is ignored and takes no effect
1791670156.424  root   709   709 E         : [drm:_sde_crtc_blend_setup_mixer:1602] do not config dimlayer at the fps switch
1791670156.425  root   709   709 I [drm:dsi_display_set_mode [msm_drm]] [msm-dsi-info]: mdp_transfer_time=7700, hactive=1440, vactive=3216, fps=120, h_skew=0
1791670156.426  root   709   709 E         : IRIS_LOG I iris_post_switch(), post switch to 1440x3216@120Hz, cmd list 0, switch case ABYP_TO_ABYP
1791670156.426  root   709   709 E         : <AMB670YF01> dsi_cmd qcom,mdss-dsi-adfr-pre-switch-command
1791670156.426  root   709   709 I [drm:oplus_dsi_display_vsync_switch_check_te [msm_drm]] [msm-dsi-info]: kVRR vsync_switch_gpio is already 0
1791670156.426  root   709   709 E         : IRIS_LOG I iris_switch(), return 0, total cost '315 us'
1791670156.426  root   709   709 I [drm:dsi_panel_adfr_status_reset [msm_drm]] [msm-dsi-info]: kVRR auto mode reset: auto mode 0, fakeframe 1, min fps 0
1791670156.426  root   709   709 E         : <AMB670YF01> dsi_cmd qcom,mdss-dsi-post-panel-on-command
1791670156.417  1000  1703  1703 I SDM     : HWDeviceDRM::UpdateMixerAttributes: Mixer WxH 1440x3216-1 for Peripheral
1791670156.417  1000  1703  1703 I SDM     : HWCDisplay::SubmitDisplayConfig: HWC SetActiveConfig [3,5], cur_resolution is (1440, 3216), new_resolution is (1440, 3216)
1791670156.417  1000  1703  1703 I SDM     : HWCDisplay::SubmitDisplayConfig: Active configuration changed to: 5
1791670156.419  1000  1703  1703 D IRIS_LOG_COLR: Use kPbGamut HwConfigPayload
1791670156.424 10416 16908 17214 W ComponentDiscovery: Class com.google.firebase.installations.FirebaseInstallationsKtxRegistrar is not an found.
1791670156.424  1000  4337  6103 D WindowManager: setClientSurface Surface(name=VRI-GoogleDiscoverWindow#4964)/@0x58201e3 for 4f451d3 GoogleDiscoverWindow
1791670156.426 10383  7958  7958 I Surface : Creating surface for consumer unnamed-7958-65 with slotExpansion=1 for 64 slots
1791670156.427 10383  7958  7958 I Surface : Creating surface for consumer VRI[GoogleDiscoverWindow]#65(BLAST Consumer)65 with slotExpansion=1 for 64 slots
1791670156.428  root  6836  7966 V BinderSender: Uid 10416 already starts
1791670156.436  1000  4337  4541 W InputDispatcher: channel 'c8dec2c com.oplus.camera/com.oplus.camera.Camera' ~ Consumer closed input channel or an error occurred.  events=0x9
1791670156.436  1000  4337  4541 E InputDispatcher: channel 'c8dec2c com.oplus.camera/com.oplus.camera.Camera' ~ Channel is unrecoverably broken and will be disposed!
1791670156.436  1046  2213  2666 I Codec2-Component@1.2: Client died ! notify and release the component !!
1791670156.436  1046  2213  2890 I Codec2-Component@1.2: Client died ! notify and release the component !!
1791670156.436  1000  4337  4541 I WindowManager: WINDOW DIED Window{c8dec2c u0 com.oplus.camera/com.oplus.camera.Camera}
1791670156.436  1046  2213  4766 D BufferPoolConnection: connection 9506554293764 closed on death
1791670156.436  1046  2213  2666 D BufferPoolAccessor2.0: Destruction - bufferpool2 0xb400006e4c87b898 cached: 0/0M, 0/0% in use; allocs: 0, 0% recycled; transfers: 0, 0% unfetched
1791670156.437  1046  2213  2877 D BufferPoolAccessor2.0: Destruction - bufferpool2 0xb400006e4c872938 cached: 0/0M, 0/0% in use; allocs: 22, 73% recycled; transfers: 21, 71% unfetched
1791670156.437  1046  2213  2890 D BufferPoolAccessor2.0: Destruction - bufferpool2 0xb400006e4c86eac8 cached: 0/0M, 0/0% in use; allocs: 0, 0% recycled; transfers: 0, 0% unfetched
1791670156.441  1000  4337  4525 D SensorService: Unregistering client listener for PID 16870
1791670156.441  1000  4337  4525 D SensorService: Unregistering client listener for PID 16870
1791670156.441  1000  4337  6596 I ImeTracker: com.oplus.camera:120d3423: onRequestHide at ORIGIN_SERVER reason HIDE_REMOVE_CLIENT fromUser false userId 0 displayId 0
1791670156.441  1047  4180 12772 I CameraService: binderDied: A camera client has died, removing it from the list of active clients
1791670156.441 media  4181 13940 E mediaserver: unlinkToDeath: removed reference to death recipient but unlink failed: DEAD_OBJECT
1791670156.441  1000  4337  6596 I ImeTracker: com.oplus.camera:120d3423: onCancelled at PHASE_SERVER_SHOULD_HIDE
1791670156.441 media  4181 13940 E libbinder.IPCThreadState: attemptIncStrongHandle(28): Not supported
1791670156.441 media  4181  4219 E mediaserver: unlinkToDeath: removed reference to death recipient but unlink failed: DEAD_OBJECT
1791670156.441 media  4181  4219 E libbinder.IPCThreadState: attemptIncStrongHandle(27): Not supported
1791670156.442  1047  4180 12772 D Camera2ClientBase: Camera 1: Shutting down
1791670156.442 10384  6896  6896 I SubtypeOperator: SubtypeOperator$1.onUnbindInput():44
1791670156.442  root  4167  4167 I Zygote  : Process 16870 exited due to signal 9 (Killed)
1791670156.442 10384  6896  6896 W InputChannel-JNI: Channel already disposed.
1791670156.442  1000  4337  4393 I libprocessgroup: Removed cgroup /sys/fs/cgroup/apps/uid_10551/pid_16870
1791670156.442  1000  4337  4520 I WindowManager: WIN DEATH: Window{c8dec2c u0 com.oplus.camera/com.oplus.camera.Camera EXITING}
1791670156.442  1000  4337  6601 I ActivityManager: Process com.oplus.camera (pid 16870) has died: fg  TOP
1791670156.444  1000  1617  1785 E minksocket: MinkIPC_QRTR_Service: client with node 1 port 58cb went down
1791670156.445  1046  2213  5536 D BufferPoolAccessor2.0: Destruction - bufferpool2 0xb400006e4c870b28 cached: 0/0M, 0/0% in use; allocs: 16, 63% recycled; transfers: 15, 60% unfetched
1791670156.445  1000  4337  6601 W ActivityManager: Scheduling restart of crashed service com.oplus.camera/.aps.service.ApsService in 1000ms for start-requested
1791670156.446  1047  1635  2839 D android.hardware.camera.provider@2.4-service_64: IMX471 ExposureInfo(Short, Middle, Long) - Analog Gain(0.000000, 0.000000, 16.000000), Digital Gain(0.000000, 0.000000, 1.000000), Linecount(1, 0, 4849), ISP Digital Gain 2.598071
1791670156.446  1000  4337  6575 W AppOps  : Operation not started: uid=10551 pkg=com.oplus.camera(null) op=CAMERA
1791670156.446  1047  1635  2839 I CamX    : [ALWAYS_ON  ] camxsensornode.cpp:1944 PublishPerFrameSensorMetaData() CamId[1]-ReqId[5]: resId=1, contextTypeID=0, frameDuration=60211279, expTime(l,m,s)=(60000000,0,12371), Gain(l,m,s)=(16.000000,0.000000,0.000000), Sensitivity(l,m,s)=(1600,0,0)
1791670156.447  1047  1635  1635 I CamX    : [ALWAYS_ON  ] camxhal3.cpp:1866 flush() HalOp: Begin FLUSH: 0xb4000077553e3fe0, logicalCameraId: 1, cameraId: 1
1791670156.447  1000  1617  1785 E minksocket: MinkIPC_QRTR_Service: client with node 1 port 58e9 went down
1791670156.448  1000  4337  4485 D ConnectivityService: requestNetwork for uid/pid:10416/16908 activeRequest: null callbackRequest: 1390 [NetworkRequest [ TRACK_DEFAULT id=1391, [ Capabilities: INTERNET&NOT_RESTRICTED&TRUSTED&NOT_VCN_MANAGED&NOT_BANDWIDTH_CONSTRAINED Uid: 10416 RequestorUid: 10416 RequestorPkg: com.google.android.apps.adm UnderlyingNetworks: Null] ], NetworkRequest [ REQUEST id=1392, [ Transports: SATELLITE Capabilities: INTERNET&NOT_RESTRICTED&TRUSTED&NOT_VCN_MANAGED Uid: 10416 RequestorUid: 10416 RequestorPkg: com.google.android.apps.adm UnderlyingNetworks: Null] ]] callback flags: 0 order: 2147483647 isUidTracked: false declaredMethods: AVAIL|LOST|NC|BLK
1791670156.449  1000  1617  1785 E minksocket: MinkIPC_QRTR_Service: client with node 1 port 58e4 went down
1791670156.451  1000  4337  4582 D ConnectivityService: NetReassign [1391 : null → 100] [c 0] [a 0] [i 2]
1791670156.451  1000  1660  1660 E Diag_Lib: diag: Diag_LSM_DeInit: invoked for pid: 1660
1791670156.441  root 15732 15732 I binder  : undelivered transaction 6923647, process died.
1791670156.441  root 15732 15732 I binder  : undelivered TRANSACTION_COMPLETE
1791670156.441  root 15732 15732 I binder  : undelivered transaction 6923666, process died.
1791670156.441  root 15732 15732 I binder  : undelivered TRANSACTION_COMPLETE
1791670156.441  root 15732 15732 I binder  : undelivered transaction 6923611, process died.
1791670156.441  root 15732 15732 I binder  : undelivered transaction 6923753, process died.
1791670156.442  1040  4709  4709 W binder_transaction: 1 callbacks suppressed
1791670156.442  1040  4709  4709 I binder  : 2163:4709 transaction failed 29189/-22, size 68-0 line 3153
1791670156.443  1040  4709  4709 I binder  : 2163:4709 transaction failed 29189/-22, size 68-0 line 3153
1791670156.450  root  7825  7825 I msm_cvp : fw: <CFW_E:RTWrkT:--------:-> cvp_Worker_ProcessControlCommand(10379): return from cvp_Worker_ValidateStreamConfig Success
1791670156.457 media  4181  4219 I ResourceManagerMetrics: onProcessTerminated: Application/Process(16870:10551) terminated with reason: 0. TotalClientsCreated: 205  TotalClientsKilled: 16
1791670156.457 media  4181  4219 I ResourceManagerMetrics: pushCodecUsageMetrics: No Video Codec Entry for Application[pid(16870): uid(10551)]
1791670156.457 media  4181  4219 I ResourceManagerMetrics: pushCodecUsageMetrics: Pushed APP_MEDIA_CODEC_USAGE_REPORTED atom: Process[pid(16870): uid(10551) is Killed] is Peak { AudioDec[ SW: 2 ] } Peak Pixels: 0. Peak Codec Memory: 0 Total Codecs: 205 Killed Codec: 16. Result: 0
1791670156.457  1000  1617  1785 E minksocket: MinkIPC_QRTR_Service: client with node 1 port 58fd went down
1791670156.458  root  6836  7966 V BinderSender: Uid 10551 already starts
1791670156.458  root  6836  7966 V BinderSender: Uid 10551 dead
1791670156.459  1000  4337  6601 W TransitionChain: Combining appDied into #315(CLOSE|R|0x10) from finishTopCrash
1791670156.460  1047 32388 32388 I binder  : 4180:32388 transaction failed 29189/-22, size 180-0 line 3153
1791670156.462  root  9824  9824 I CAM_INFO: CAM-CRM: cam_req_mgr_process_flush_req: 2986 Last request id to flush is 7
1791670156.462  root  9824  9824 I CAM_INFO: CAM-ISP: __cam_isp_ctx_flush_req_in_top_state: 3791 Last request id to flush is 7, ctx_id:2
1791670156.462  root  9824  9824 I CAM_INFO: CAM-ISP: __cam_isp_ctx_flush_req_in_top_state: 3814 Stop HW complete. Reset HW next.
1791670156.460  1047  4180 32388 E Surface : [ImageReader-1600x1200f23m50-16870-0](id:41e600000000) queueBuffer: error queuing buffer, -32
1791670156.460  1047  4180 32388 E Camera3-OutputStream: returnBufferCheckedLocked: Stream 0: Error queueing buffer to native window: Broken pipe (-32)
1791670156.461  1000  4337  4385 W ActivityManager: setHasOverlayUi called on unknown pid: 16870
1791670156.464 10383  6979 11921 I floq    : (REDACTED) HDM. appOpsListener %s %s
1791670156.464 10383  6979 11921 I floq    : (REDACTED) HDM. Ignoring irrelevant audio permission changes for package %s
1791670156.465  1000  1617  1785 E minksocket: MinkIPC_QRTR_Service: client with node 1 port 58da went down
1791670156.466  1000  4337  4582 D InetDiagMessage: Destroyed 0 sockets, proto=IPPROTO_TCP, family=AF_INET, states=14
1791670156.466  1000  4337  4385 V WindowManager: Unknown focus tokens, dropping reportFocusChanged
1791670156.467  1000  4337  4582 D InetDiagMessage: Destroyed 0 sockets, proto=IPPROTO_TCP, family=AF_INET6, states=14
1791670156.468  1000  4337  4582 D InetDiagMessage: Destroyed live tcp sockets for uids={10551} in 6ms
1791670156.468 10303  4915  5301 V RecentTasksController: Notify recent tasks changed
1791670156.469  1000  1660  1660 E Diag_Lib: diag: Diag_LSM_DeInit: invoked for pid: 1660
1791670156.469 10312  5415  5415 D ViewRootImpl: Skipping stats log for color mode
1791670156.470  1000  1617  1785 E minksocket: MinkIPC_QRTR_Service: client with node 1 port 58d5 went down
1791670156.470  1000  1617  1785 E minksocket: MinkIPC_QRTR_Service: client with node 1 port 58d0 went down
1791670156.474  1000  4337  5236 D ConnectivityService: requestNetwork for uid/pid:10303/4915 asUid: 10312 activeRequest: null callbackRequest: 1393 [NetworkRequest [ REQUEST id=1394, [ Capabilities: INTERNET&NOT_RESTRICTED&TRUSTED&NOT_VCN_MANAGED&NOT_BANDWIDTH_CONSTRAINED Uid: 10312 RequestorUid: 10303 RequestorPkg: com.android.systemui UnderlyingNetworks: Null] ]] callback flags: 0 order: 2147483647 isUidTracked: false declaredMethods: AVAIL|BLK
1791670156.475  1000  1660  1660 E Diag_Lib: diag: Diag_LSM_DeInit: invoked for pid: 1660
1791670156.476  1000  4337  4582 D InetDiagMessage: Destroyed 0 sockets, proto=IPPROTO_TCP, family=AF_INET, states=14
1791670156.478  1000  4337  4582 D InetDiagMessage: Destroyed 0 sockets, proto=IPPROTO_TCP, family=AF_INET6, states=14
1791670156.478  1000  4337  4582 D InetDiagMessage: Destroyed live tcp sockets for uids={20551} in 4ms
1791670156.478 10531 17229 17229 D CompatChangeReporter: Compat change id reported: 418924588; UID 10531; state: ENABLED
1791670156.479 10383  7958  7958 I csde    : onStart
1791670156.480 10383  7958  7958 I cruv    : onStart
1791670156.483 10303  4915  5301 D WindowManagerShell: setLauncherKeepClearAreaHeight: visible=true, height=549
1791670156.484 10383  7958  7958 I cprk    : (REDACTED) [%s] onStart()
1791670156.484 10383  7958  7958 I cpty    : Reloading theme data
1791670156.486  1000  1703  3573 I libdisplayconfigqti: kSetCameraSmoothInfo
1791670156.486  1000  1703  3573 I libdisplayconfigqti: ParseSetCameraSmoothInfo op=1, fps=30
1791670156.486 10383  7958  7958 E NetworkErrorMessage: (REDACTED) Invalid connectivity state: %s
1791670156.486 10383  7958  7958 I csde    : onResume
1791670156.487 10383  7958  7958 W elap    : missing event name
1791670156.487 10383  7958  7958 I cruv    : onResume
1791670156.489  1047  4180 17006 I CameraService: Stop camera streaming for com.oplus.camera (PID 16870, UID 10551)
1791670156.490  1000  4337  6576 W AppOps  : Operation not started: uid=10551 pkg=com.oplus.camera(null) op=CAMERA
1791670156.490  1000  4337  4390 W ActivityManager: Rescheduling restart of crashed service com.oplus.camera/.aps.service.ApsService in 9956ms for mem-pressure-event
1791670156.491 10312  5415  5415 D RecentTasksList: invalidateLoadedTasks - previous requestLoadId: -1
1791670156.492  1000  4337  4574 D WifiNetworkFactory: got request NetworkRequest [ REQUEST id=1394, [ Capabilities: INTERNET&NOT_RESTRICTED&TRUSTED&NOT_VCN_MANAGED&NOT_BANDWIDTH_CONSTRAINED Uid: 10312 RequestorUid: 10303 RequestorPkg: com.android.systemui UnderlyingNetworks: Null] ]
1791670156.493  1047  1635  1635 I CamX    : [ALWAYS_ON  ] camxhal3.cpp:1882 flush() HalOp: End FLUSH: 0xb4000077553e3fe0 with result 0, logicalCameraId: 1, cameraId: 1
1791670156.493 10312  5415  5415 I Surface : Creating surface for consumer unnamed-5415-109 with slotExpansion=1 for 64 slots
1791670156.493 10312  5415  5415 I Surface : Creating surface for consumer VRI[QuickstepLauncher]#78(BLAST Consumer)78 with slotExpansion=1 for 64 slots
1791670156.493  1000  4337  5236 D WindowManager: setClientSurface Surface(name=VRI-com.android.launcher3/com.android.launcher3.uioverrides.QuickstepLauncher#4965)/@0x5940e36 for 74cb840 com.android.launcher3/com.android.launcher3.uioverrides.QuickstepLauncher
1791670156.493  1000  4337  4574 D UntrustedWifiNetworkFactory: got request NetworkRequest [ REQUEST id=1394, [ Capabilities: INTERNET&NOT_RESTRICTED&TRUSTED&NOT_VCN_MANAGED&NOT_BANDWIDTH_CONSTRAINED Uid: 10312 RequestorUid: 10303 RequestorPkg: com.android.systemui UnderlyingNetworks: Null] ]
1791670156.494  1000  4337  4582 D ConnectivityService: NetReassign [1394 : null → 100] [c 0] [a 2] [i 12]
1791670156.494 10312  5415  5415 D BaseDepthController: setSurface:
1791670156.494 10312  5415  5415 D BaseDepthController: 	mWaitingOnSurfaceValidity: false
1791670156.494 10312  5415  5415 D BaseDepthController: 	mBaseSurface: Surface(name=VRI-com.android.launcher3/com.android.launcher3.uioverrides.QuickstepLauncher#4965)/@0xf5059f2
1791670156.495 10312  5415  5415 V BaseDepthController: Applying blur: 0 to Surface(name=VRI-com.android.launcher3/com.android.launcher3.uioverrides.QuickstepLauncher#4965)/@0xf5059f2 applyImmediately: false
1791670156.495 10312  5415  5415 D BaseDepthController: shouldBlurWorkspace: false targetState: Normal currentStableState: Normal mCurrentBlur: 0 mLauncher.getDepthBlurTargets(): [com.android.launcher3.Workspace{c04cee1 V.ED..... .......D 0,0-1440,3216 #7f0a054d app:id/workspace aid=1073741834}, com.android.launcher3.Hotseat{176cc63 V.ED..... ......ID 0,2667-1440,3216 #7f0a0241 app:id/hotseat aid=1073741899}]
1791670156.495  1047  4180 12772 I CameraLatencyHistogram: ProcessCaptureRequest latency histogram (7) samples:
1791670156.495  1047  4180 12772 I CameraLatencyHistogram:        40     80    120    160    200    240    280    320    360    inf (max ms)
1791670156.495  1047  4180 12772 I CameraLatencyHistogram:      57.14   14.29   28.57   0.00   0.00   0.00   0.00   0.00   0.00   0.00 (%)
1791670156.496  1047  1635  1635 I CamX    : [ALWAYS_ON  ] camxhal3.cpp:1112 close() HalOp: Begin CLOSE, logicalCameraId: 1, cameraId: 1
1791670156.496  1047  1635  1635 D android.hardware.camera.provider@2.4-service_64: CamPerf osense already have set sence, clrsence at first!!!
1791670156.496  1047  1635  1635 I CHIUSECASE: ~OPMetaManager
1791670156.496  1000  4337  4574 D OemPaidWifiNetworkFactory: got request NetworkRequest [ REQUEST id=1394, [ Capabilities: INTERNET&NOT_RESTRICTED&TRUSTED&NOT_VCN_MANAGED&NOT_BANDWIDTH_CONSTRAINED Uid: 10312 RequestorUid: 10303 RequestorPkg: com.android.systemui UnderlyingNetworks: Null] ]
1791670156.496  1000  4337  4574 D MultiInternetWifiNetworkFactory: got request NetworkRequest [ REQUEST id=1394, [ Capabilities: INTERNET&NOT_RESTRICTED&TRUSTED&NOT_VCN_MANAGED&NOT_BANDWIDTH_CONSTRAINED Uid: 10312 RequestorUid: 10303 RequestorPkg: com.android.systemui UnderlyingNetworks: Null] ]
1791670156.499 10303  4915  5652 D WallpaperService: onVisibilityChanged(true): com.android.systemui.wallpapers.ImageWallpaper$CanvasEngine@949cb7b
1791670156.504  1000  1703  3573 I libdisplayconfigqti: kSetCameraLaunchStatus
1791670156.505  1000  1703  3573 I libdisplayconfigqti: ParseSetCameraLaunchStatus
1791670156.505  1000  1703  3573 I SDM     : ResourceImpl::SetMaxBandwidthMode: new bandwidth mode=0
1791670156.506  1000  1703  3573 I libdisplayconfigqti: kSetCameraSmoothInfo
1791670156.506  1000  1703  3573 I libdisplayconfigqti: ParseSetCameraSmoothInfo op=0, fps=0
1791670156.513 10312  5415  5415 D StatsLog: LAUNCHER_ONRESUME
1791670156.513 10312  5415  5455 D QuickstepModelDelegate: notifyAppTargetEvent action=1 launchLocation=workspace/0/[-1,-1]/[1,1]
1791670156.529  1047  1635  1635 I CAM_INFO: CAM-SENSOR: cam_sensor_driver_cmd: 1206 CAM_STOP_DEV Success, sensor_id:0x471,sensor_slave_addr:0x20
1791670156.529  1047  1635  1635 I CAM_INFO: CAM-CSIPHY: cam_csiphy_core_cfg: 1340 CAM_STOP_PHYDEV: CSIPHY_IDX: 5, Device_slot: 0, Datarate: 500000000, Settletime: 2800000000
1791670156.530  1047  1635  1635 I CAM_INFO: CAM-ISP: cam_ife_mgr_release_hw: 4873 Release HW success ctx id: 7
1791670156.525 10303  4915  5575 V WindowManagerShell: onTransitionReady(transaction=18627273208997)
1791670156.526 10303  4915  5301 V WindowManagerShell: onTransitionReady (#315) android.os.BinderProxy@8048b9c: {id=315 t=CLOSE f=0x10 trk=0 r=[0@Point(0, 0)] c=[
1791670156.526 10303  4915  5301 V WindowManagerShell:         {m=CLOSE f=FLAG_CHANGED_INTERACTIVE leash=Surface(name=Task=932#4937)/@0xb7973c1 sb=Rect(0, 0 - 1440, 3216) eb=Rect(0, 0 - 1440, 3216) epz=Point(1440, 3216) d=0 taskParent=-1 winMode=1 userId=0},
1791670156.526 10303  4915  5301 V WindowManagerShell:         {m=TO_FRONT f=SHOW_WALLPAPER|MOVE_TO_TOP|FLAG_CHANGED_INTERACTIVE leash=Surface(name=Task=1#35)/@0xc414766 sb=Rect(0, 0 - 1440, 3216) eb=Rect(0, 0 - 1440, 3216) epz=Point(1440, 3216) d=0 taskParent=-1 winMode=1 userId=0},
1791670156.526 10303  4915  5301 V WindowManagerShell:         {m=TO_FRONT f=IS_WALLPAPER leash=Surface(name=WallpaperWindowToken{a25394}#74)/@0xa70aaa7 sb=Rect(0, 0 - 1440, 3216) eb=Rect(0, 0 - 1440, 3216) epz=Point(1440, 3216) d=0}
1791670156.526 10303  4915  5301 V WindowManagerShell:     ]}
1791670156.526 10303  4915  5301 V WindowManagerShell: Playing animation for (#315) android.os.BinderProxy@8048b9c@0
1791670156.526 10303  4915  5301 D ShellSplitScreen: startAnimation: transition=315 isSplitActive=false
1791670156.526 10303  4915  5301 V ShellRecents: RecentsTransitionHandler.startAnimation: no controller found
1791670156.527 10303  4915  5301 V ShellDesktopMode: DesktopMixedTransitionHandler: No pending desktop transition
1791670156.527 10303  4915  5301 V WindowManagerShell: Transition doesn't have explicit remote, search filters for match for {id=315 t=CLOSE f=0x10 trk=0 r=[0@Point(0, 0)] c=[{m=CLOSE f=FLAG_CHANGED_INTERACTIVE leash=Surface(name=Task=932#4937)/@0xb7973c1 sb=Rect(0, 0 - 1440, 3216) eb=Rect(0, 0 - 1440, 3216) epz=Point(1440, 3216) d=0 taskParent=-1 winMode=1 userId=0},{m=TO_FRONT f=SHOW_WALLPAPER|MOVE_TO_TOP|FLAG_CHANGED_INTERACTIVE leash=Surface(name=Task=1#35)/@0xc414766 sb=Rect(0, 0 - 1440, 3216) eb=Rect(0, 0 - 1440, 3216) epz=Point(1440, 3216) d=0 taskParent=-1 winMode=1 userId=0},{m=TO_FRONT f=IS_WALLPAPER leash=Surface(name=WallpaperWindowToken{a25394}#74)/@0xa70aaa7 sb=Rect(0, 0 - 1440, 3216) eb=Rect(0, 0 - 1440, 3216) epz=Point(1440, 3216) d=0}]}
1791670156.527 10303  4915  5301 V WindowManagerShell:  Checking filter Pair{{types=[] flags=0x0 notFlags=0x0 checks=[{atype=standard independent=false modes=[CHANGE] flags=NONE mustBeTask=true order=ANY topActivity=null launchCookie=null windowingMode=undefined isCrossDisplayMove=true}]} RemoteTransition { remoteTransition = android.window.IRemoteTransition$Stub$Proxy@33191d5, appThread = android.app.IApplicationThread$Stub$Proxy@6482dea, debugName = QuickstepDisplayMove, filter = {types=[] flags=0x0 notFlags=0x0 checks=[{atype=standard independent=false modes=[CHANGE] flags=NONE mustBeTask=true order=ANY topActivity=null launchCookie=null windowingMode=undefined isCrossDisplayMove=true}]} }}
1791670156.527 10303  4915  5301 V WindowManagerShell:  Checking filter Pair{{types=[] flags=0x0 notFlags=0x100 checks=[{atype=home independent=true modes=[OPEN,TO_FRONT] flags=NONE mustBeTask=false order=ANY topActivity=ComponentInfo{com.android.launcher3/com.android.launcher3.uioverrides.QuickstepLauncher} launchCookie=null windowingMode=undefined isCrossDisplayMove=false},{atype=standard independent=true modes=[CLOSE,TO_BACK] flags=NONE mustBeTask=false order=ANY topActivity=null launchCookie=null windowingMode=undefined isCrossDisplayMove=false},{NOT atype=undefined independent=true modes=[] flags=NONE mustBeTask=true order=ANY topActivity=null launchCookie=null customAnim=true windowingMode=undefined isCrossDisplayMove=false}]} RemoteTransition { remoteTransition = android.window.IRemoteTransition$Stub$Proxy@7b508db, appThread = android.app.IApplicationThread$Stub$Proxy@529af78, debugName = QuickstepLaunchHome, filter = {types=[] flags=0x0 notFlags=0x100 checks=[{atype=home independent=true modes=[OPEN,TO_FRONT] flags=NONE mustBeTask=false order=ANY topActivity=ComponentInfo{com.android.launcher3/com.android.launcher3.uioverrides.QuickstepLauncher} launchCookie=null windowingMode=undefined isCrossDisplayMove=false},{atype=standard independent=true modes=[CLOSE,TO_BACK] flags=NONE mustBeTask=false order=ANY topActivity=null launchCookie=null windowingMode=undefined isCrossDisplayMove=false},{NOT atype=undefined independent=true modes=[] flags=NONE mustBeTask=true order=ANY topActivity=null launchCookie=null customAnim=true windowingMode=undefined isCrossDisplayMove=false}]} }}
1791670156.527 10303  4915  5301 D RemoteTransitionHandler: Found filterPair{{types=[] flags=0x0 notFlags=0x100 checks=[{atype=home independent=true modes=[OPEN,TO_FRONT] flags=NONE mustBeTask=false order=ANY topActivity=ComponentInfo{com.android.launcher3/com.android.launcher3.uioverrides.QuickstepLauncher} launchCookie=null windowingMode=undefined isCrossDisplayMove=false},{atype=standard independent=true modes=[CLOSE,TO_BACK] flags=NONE mustBeTask=false order=ANY topActivity=null launchCookie=null windowingMode=undefined isCrossDisplayMove=false},{NOT atype=undefined independent=true modes=[] flags=NONE mustBeTask=true order=ANY topActivity=null launchCookie=null customAnim=true windowingMode=undefined isCrossDisplayMove=false}]} RemoteTransition { remoteTransition = android.window.IRemoteTransition$Stub$Proxy@7b508db, appThread = android.app.IApplicationThread$Stub$Proxy@529af78, debugName = QuickstepLaunchHome, filter = {types=[] flags=0x0 notFlags=0x100 checks=[{atype=home independent=true modes=[OPEN,TO_FRONT] flags=NONE mustBeTask=false order=ANY topActivity=ComponentInfo{com.android.launcher3/com.android.launcher3.uioverrides.QuickstepLauncher} launchCookie=null windowingMode=undefined isCrossDisplayMove=false},{atype=standard independent=true modes=[CLOSE,TO_BACK] flags=NONE mustBeTask=false order=ANY topActivity=null launchCookie=null windowingMode=undefined isCrossDisplayMove=false},{NOT atype=undefined independent=true modes=[] flags=NONE mustBeTask=true order=ANY topActivity=null launchCookie=null customAnim=true windowingMode=undefined isCrossDisplayMove=false}]} }}
1791670156.527 10303  4915  5301 V WindowManagerShell:  Delegate animation for (#315) to RemoteTransition { remoteTransition = android.window.IRemoteTransition$Stub$Proxy@7b508db, appThread = android.app.IApplicationThread$Stub$Proxy@529af78, debugName = QuickstepLaunchHome, filter = {types=[] flags=0x0 notFlags=0x100 checks=[{atype=home independent=true modes=[OPEN,TO_FRONT] flags=NONE mustBeTask=false order=ANY topActivity=ComponentInfo{com.android.launcher3/com.android.launcher3.uioverrides.QuickstepLauncher} launchCookie=null windowingMode=undefined isCrossDisplayMove=false},{atype=standard independent=true modes=[CLOSE,TO_BACK] flags=NONE mustBeTask=false order=ANY topActivity=null launchCookie=null windowingMode=undefined isCrossDisplayMove=false},{NOT atype=undefined independent=true modes=[] flags=NONE mustBeTask=true order=ANY topActivity=null launchCookie=null customAnim=true windowingMode=undefined isCrossDisplayMove=false}]} }
1791670156.541  1000  4337  4382 V WindowManager: Sent Transition (#315) createdAt=10-11 01:09:16.394 via request=TransitionRequestInfo { type = CLOSE, triggerTask = TaskInfo{userId=0 taskId=932 effectiveUid=10551 displayId=0 isRunning=true baseIntent=Intent { act=android.intent.action.MAIN cat=[android.intent.category.LAUNCHER] flg=0x10200000 cmp=com.oplus.camera/.Camera } baseActivity=ComponentInfo{com.oplus.camera/com.oplus.camera.Camera} topActivity=ComponentInfo{com.oplus.camera/com.oplus.camera.Camera} origActivity=null realActivity=ComponentInfo{com.oplus.camera/com.oplus.camera.Camera} realActivityIsAppLockEnabled=false numActivities=1 lastActiveTime=3059363 supportsMultiWindow=true supportsMultiWindowWithoutConstraints=true resizeMode=0 isResizeable=true minWidth=-1 minHeight=-1 defaultMinSize=220 token=WCT{RemoteToken{34bc65e Task{def6e29 #932 type=standard A=10551:com.oplus.camera}}} topActivityType=1 pictureInPictureParams=null shouldDockBigOverlays=false launchIntoPipHostTaskId=-1 lastParentTaskIdBeforePip=-1 displayCutoutSafeInsets=Rect(0, 0 - 0, 0) topActivityInfo=ActivityInfo{8684a3f com.oplus.camera.Camera} launchCookies=[android.os.BinderProxy@6c0ff0c] positionInParent=Point(0, 0) parentTaskId=-1 isFocused=true isInteractive=true isVisible=true isVisibleRequested=true isTopActivityNoDisplay=false isSleeping=false locusId=null displayAreaFeatureId=1 isTopActivityTransparent=false isActivityStackTransparent=false lastNonFullscreenBounds=null leafTaskBoundsFromOptions= false capturedLink=null capturedLinkTimestamp=0 requestedVisibleTypes=498 topActivityRequestOpenInBrowserEducationTimestamp=0 appCompatTaskInfo=AppCompatTaskInfo { topActivityInSizeCompat=false isLeafTask= true eligibleForLetterboxEducation= false isLetterboxEducationEnabled= false isLetterboxDoubleTapEnabled= false eligibleForUserAspectRatioButton= false topActivityBoundsLetterboxed= false isFromLetterboxDoubleTap= false topActivityLetterboxVerticalPosition= -1 topActivityLetterboxHorizontalPosition= -1 topActivityLetterboxWidth=-1 topActivityLetterboxHeight=-1 topActivityAppBounds=Rect(0, 0 - 1440, 3216) isUserFullscreenOverrideEnabled=false isSystemFullscreenOverrideEnabled=false hasMinAspectRatioOverride=false topActivityLetterboxBounds=null topNonResizableActivityAspectRatio=-1.0} topActivityMainWindowFrame=null isAppBubble=false isTopAppLocked=false}, pipChange = null, remoteTransitionInfo = null, displayChanges = null, requestedLocation = null, userChange = null, windowingLayerChange = null, fullscreenRequestChange = null, flags = 16, debugId = 315 }
1791670156.541  1000  4337  4382 V WindowManager:     startWCT=WindowContainerTransaction { changes= {} hops= [] flags= 0 errorCallbackToken=null taskFragmentOrganizer=null }
1791670156.541  1000  4337  4382 V WindowManager:     info={id=315 t=CLOSE f=0x10 trk=0 r=[0@Point(0, 0)] c=[
1791670156.541  1000  4337  4382 V WindowManager:         {WCT{RemoteToken{34bc65e Task{def6e29 #932 type=standard A=10551:com.oplus.camera}}} m=CLOSE f=FLAG_CHANGED_INTERACTIVE leash=Surface(name=Task=932#4937)/@0xe207574 sb=Rect(0, 0 - 1440, 3216) eb=Rect(0, 0 - 1440, 3216) epz=Point(1440, 3216) d=0 taskParent=-1 winMode=1 userId=0},
1791670156.541  1000  4337  4382 V WindowManager:         {WCT{RemoteToken{902cd37 Task{bff31d8 #1 type=home}}} m=TO_FRONT f=SHOW_WALLPAPER|MOVE_TO_TOP|FLAG_CHANGED_INTERACTIVE leash=Surface(name=Task=1#35)/@0x8c19212 sb=Rect(0, 0 - 1440, 3216) eb=Rect(0, 0 - 1440, 3216) epz=Point(1440, 3216) d=0 taskParent=-1 winMode=1 userId=0},
1791670156.541  1000  4337  4382 V WindowManager:         {m=TO_FRONT f=IS_WALLPAPER leash=Surface(name=WallpaperWindowToken{a25394}#74)/@0x2c74ec8 sb=Rect(0, 0 - 1440, 3216) eb=Rect(0, 0 - 1440, 3216) epz=Point(1440, 3216) d=0}
1791670156.541  1000  4337  4382 V WindowManager:     ]}
1791670156.542  1000  4337  4520 W ActivityTaskManager: setRunningRemoteTransition: no process for null
1791670156.542 10303  4915  5301 V WindowManagerShell:  animated by com.android.wm.shell.transition.RemoteTransitionHandler@23af9a5
1791670156.544 10312  5415  5415 D AllAppsTransitionController: shouldProtectHeader: false skipScrim: true state: Normal stateManager.getState(): Normal
1791670156.545 10312  5415  5415 V BaseDepthController: Applying blur: 0 to Surface(name=VRI-com.android.launcher3/com.android.launcher3.uioverrides.QuickstepLauncher#4965)/@0xf5059f2 applyImmediately: false
1791670156.545 10312  5415  5415 D BaseDepthController: shouldBlurWorkspace: false targetState: Normal currentStableState: Normal mCurrentBlur: 0 mLauncher.getDepthBlurTargets(): [com.android.launcher3.Workspace{c04cee1 V.ED..... ......ID 0,0-1440,3216 #7f0a054d app:id/workspace aid=1073741834}, com.android.launcher3.Hotseat{176cc63 V.ED..... ........ 0,2667-1440,3216 #7f0a0241 app:id/hotseat aid=1073741899}]
1791670156.545 10312  5415  5415 V BaseDepthController: Applying blur: 0 to Surface(name=VRI-com.android.launcher3/com.android.launcher3.uioverrides.QuickstepLauncher#4965)/@0xf5059f2 applyImmediately: false
1791670156.545 10312  5415  5415 D BaseDepthController: shouldBlurWorkspace: false targetState: Normal currentStableState: Normal mCurrentBlur: 0 mLauncher.getDepthBlurTargets(): [com.android.launcher3.Workspace{c04cee1 V.ED..... ......ID 0,0-1440,3216 #7f0a054d app:id/workspace aid=1073741834}, com.android.launcher3.Hotseat{176cc63 V.ED..... ........ 0,2667-1440,3216 #7f0a0241 app:id/hotseat aid=1073741899}]
1791670156.545 10312  5415  5415 D b/311077782: LauncherAnimationRunner.setAnimation
1791670156.545 10312  5415  5415 V BaseDepthController: Applying blur: 0 to Surface(name=VRI-com.android.launcher3/com.android.launcher3.uioverrides.QuickstepLauncher#4965)/@0xf5059f2 applyImmediately: false
1791670156.546 10312  5415  5415 D BaseDepthController: shouldBlurWorkspace: false targetState: Normal currentStableState: Normal mCurrentBlur: 0 mLauncher.getDepthBlurTargets(): [com.android.launcher3.Workspace{c04cee1 V.ED..... ......ID 0,0-1440,3216 #7f0a054d app:id/workspace aid=1073741834}, com.android.launcher3.Hotseat{176cc63 V.ED..... ......ID 0,2667-1440,3216 #7f0a0241 app:id/hotseat aid=1073741899}]
1791670156.546 10312  5415  5415 V BaseDepthController: Applying blur: 0 to Surface(name=VRI-com.android.launcher3/com.android.launcher3.uioverrides.QuickstepLauncher#4965)/@0xf5059f2 applyImmediately: false
1791670156.546 10312  5415  5415 D BaseDepthController: shouldBlurWorkspace: false targetState: Normal currentStableState: Normal mCurrentBlur: 0 mLauncher.getDepthBlurTargets(): [com.android.launcher3.Workspace{c04cee1 V.ED..... ......ID 0,0-1440,3216 #7f0a054d app:id/workspace aid=1073741834}, com.android.launcher3.Hotseat{176cc63 V.ED..... ......ID 0,2667-1440,3216 #7f0a0241 app:id/hotseat aid=1073741899}]
1791670156.546 10312  5415  5415 V BaseDepthController: Applying blur: 0 to Surface(name=VRI-com.android.launcher3/com.android.launcher3.uioverrides.QuickstepLauncher#4965)/@0xf5059f2 applyImmediately: false
1791670156.546 10312  5415  5415 D BaseDepthController: shouldBlurWorkspace: false targetState: Normal currentStableState: Normal mCurrentBlur: 0 mLauncher.getDepthBlurTargets(): [com.android.launcher3.Workspace{c04cee1 V.ED..... ......ID 0,0-1440,3216 #7f0a054d app:id/workspace aid=1073741834}, com.android.launcher3.Hotseat{176cc63 V.ED..... ......ID 0,2667-1440,3216 #7f0a0241 app:id/hotseat aid=1073741899}]
1791670156.546 10312  5415  5415 V BaseDepthController: Applying blur: 0 to Surface(name=VRI-com.android.launcher3/com.android.launcher3.uioverrides.QuickstepLauncher#4965)/@0xf5059f2 applyImmediately: false
1791670156.546 10312  5415  5415 D BaseDepthController: shouldBlurWorkspace: false targetState: Normal currentStableState: Normal mCurrentBlur: 0 mLauncher.getDepthBlurTargets(): [com.android.launcher3.Workspace{c04cee1 V.ED..... ......ID 0,0-1440,3216 #7f0a054d app:id/workspace aid=1073741834}, com.android.launcher3.Hotseat{176cc63 V.ED..... ......ID 0,2667-1440,3216 #7f0a0241 app:id/hotseat aid=1073741899}]
1791670156.547 10312  5415  5415 V BaseDepthController: Applying blur: 0 to Surface(name=VRI-com.android.launcher3/com.android.launcher3.uioverrides.QuickstepLauncher#4965)/@0xf5059f2 applyImmediately: false
1791670156.547 10312  5415  5415 D BaseDepthController: shouldBlurWorkspace: false targetState: Normal currentStableState: Normal mCurrentBlur: 0 mLauncher.getDepthBlurTargets(): [com.android.launcher3.Workspace{c04cee1 V.ED..... ......ID 0,0-1440,3216 #7f0a054d app:id/workspace aid=1073741834}, com.android.launcher3.Hotseat{176cc63 V.ED..... ......ID 0,2667-1440,3216 #7f0a0241 app:id/hotseat aid=1073741899}]
1791670156.549 10312  5415  5455 I Surface : Creating surface for consumer unnamed-5415-110 with slotExpansion=1 for 64 slots
1791670156.552 10312  5415  5415 V BaseDepthController: Applying blur: 0 to Surface(name=VRI-com.android.launcher3/com.android.launcher3.uioverrides.QuickstepLauncher#4965)/@0xf5059f2 applyImmediately: false
1791670156.553 10312  5415  5415 D BaseDepthController: shouldBlurWorkspace: false targetState: Normal currentStableState: Normal mCurrentBlur: 0 mLauncher.getDepthBlurTargets(): [com.android.launcher3.Workspace{c04cee1 V.ED..... .......D 0,0-1440,3216 #7f0a054d app:id/workspace aid=1073741834}, com.android.launcher3.Hotseat{176cc63 V.ED..... ........ 0,2667-1440,3216 #7f0a0241 app:id/hotseat aid=1073741899}]
1791670156.557 10531 17229 17229 I AppLaunchTracker: [main] Custom granular phase persistent_lixes-SharedPreferences completed. Interval(startNanos=1791670156551000000ns, durationNanos=4000000ns)
1791670156.558 10312  5415  5455 E ConsumerBase: [ImageReader-248x248f1u2816m2-5415-31] abandonLocked: ConsumerBase is abandoned!
1791670156.563 10312  5415  5415 V BaseDepthController: Applying blur: 0 to Surface(name=VRI-com.android.launcher3/com.android.launcher3.uioverrides.QuickstepLauncher#4965)/@0xf5059f2 applyImmediately: false
1791670156.563 10312  5415  5415 D BaseDepthController: shouldBlurWorkspace: false targetState: Normal currentStableState: Normal mCurrentBlur: 0 mLauncher.getDepthBlurTargets(): [com.android.launcher3.Workspace{c04cee1 V.ED..... .......D 0,0-1440,3216 #7f0a054d app:id/workspace aid=1073741834}, com.android.launcher3.Hotseat{176cc63 V.ED..... .......D 0,2667-1440,3216 #7f0a0241 app:id/hotseat aid=1073741899}]
1791670156.568 10312  5415  5415 V BaseDepthController: Applying blur: 0 to Surface(name=VRI-com.android.launcher3/com.android.launcher3.uioverrides.QuickstepLauncher#4965)/@0xf5059f2 applyImmediately: false
1791670156.568 10312  5415  5415 D BaseDepthController: shouldBlurWorkspace: false targetState: Normal currentStableState: Normal mCurrentBlur: 0 mLauncher.getDepthBlurTargets(): [com.android.launcher3.Workspace{c04cee1 V.ED..... .......D 0,0-1440,3216 #7f0a054d app:id/workspace aid=1073741834}, com.android.launcher3.Hotseat{176cc63 V.ED..... .......D 0,2667-1440,3216 #7f0a0241 app:id/hotseat aid=1073741899}]
1791670156.569  1047 17038 17038 I CAM_INFO: CAM-CCI: cam_cci_soc_release: 447 cam_cci_soc_release 7
1791670156.569  1047 17038 17038 I CAM_ERR : CAM-SENSOR: cam_sensor_driver_cmd: 1080 sensor power down success sensor id 0x471
1791670156.569  1047 17038 17038 I CAM_INFO: CAM-SENSOR: cam_sensor_driver_cmd: 1122 CAM_RELEASE_DEV Success, sensor_id:0x471,sensor_slave_addr:0x20
1791670156.578 10531 17229 17229 I AppLaunchTracker: [main] Custom granular phase persistent_guest_lixes-SharedPreferences completed. Interval(startNanos=1791670156578000000ns, durationNanos=0ns)
1791670156.579  1000  1617  1785 E minksocket: MinkIPC_QRTR_Service: client with node 1 port 58ee went down
1791670156.579  1000  1617  1785 E minksocket: MinkIPC_QRTR_Service: client with node 1 port 58f3 went down
1791670156.580 10531 17229 17229 I AppLaunchTracker: [main] Custom granular phase new_crash_loop_detector_shared_prefs-SharedPreferences completed. Interval(startNanos=1791670156580000000ns, durationNanos=0ns)
1791670156.580 10531 17229 17383 I LixCacheFactory: [FlagshipScheduledExecutor-1] Pre-warming authenticated lix disk cache
1791670156.586 10312  5415  5415 V BaseDepthController: Applying blur: 0 to Surface(name=VRI-com.android.launcher3/com.android.launcher3.uioverrides.QuickstepLauncher#4965)/@0xf5059f2 applyImmediately: false
1791670156.586 10312  5415  5415 D BaseDepthController: shouldBlurWorkspace: false targetState: Normal currentStableState: Normal mCurrentBlur: 0 mLauncher.getDepthBlurTargets(): [com.android.launcher3.Workspace{c04cee1 V.ED..... .......D 0,0-1440,3216 #7f0a054d app:id/workspace aid=1073741834}, com.android.launcher3.Hotseat{176cc63 V.ED..... ........ 0,2667-1440,3216 #7f0a0241 app:id/hotseat aid=1073741899}]
1791670156.594 10312  5415  5415 V BaseDepthController: Applying blur: 0 to Surface(name=VRI-com.android.launcher3/com.android.launcher3.uioverrides.QuickstepLauncher#4965)/@0xf5059f2 applyImmediately: false
1791670156.594 10312  5415  5415 D BaseDepthController: shouldBlurWorkspace: false targetState: Normal currentStableState: Normal mCurrentBlur: 0 mLauncher.getDepthBlurTargets(): [com.android.launcher3.Workspace{c04cee1 V.ED..... .......D 0,0-1440,3216 #7f0a054d app:id/workspace aid=1073741834}, com.android.launcher3.Hotseat{176cc63 V.ED..... ........ 0,2667-1440,3216 #7f0a0241 app:id/hotseat aid=1073741899}]
1791670156.603 10312  5415  5415 V BaseDepthController: Applying blur: 0 to Surface(name=VRI-com.android.launcher3/com.android.launcher3.uioverrides.QuickstepLauncher#4965)/@0xf5059f2 applyImmediately: false
1791670156.603 10312  5415  5415 D BaseDepthController: shouldBlurWorkspace: false targetState: Normal currentStableState: Normal mCurrentBlur: 0 mLauncher.getDepthBlurTargets(): [com.android.launcher3.Workspace{c04cee1 V.ED..... .......D 0,0-1440,3216 #7f0a054d app:id/workspace aid=1073741834}, com.android.launcher3.Hotseat{176cc63 V.ED..... ........ 0,2667-1440,3216 #7f0a0241 app:id/hotseat aid=1073741899}]
1791670156.607 10531 17229 17383 D nativeloader: Load /data/app/~~eQMLTc-ZJAa9rcG-PLL8Vw==/com.linkedin.android-7ySieQIxbNP5Qihk2MXprQ==/lib/arm64/libLMDBAndroid.so using class loader ns clns-9 (caller=/data/app/~~eQMLTc-ZJAa9rcG-PLL8Vw==/com.linkedin.android-7ySieQIxbNP5Qihk2MXprQ==/base.apk!classes4.dex): ok
1791670156.607 10531 17229 17229 I EKGCrashLoopDetector: [main] Last crash time: 0
1791670156.607 10531 17229 17229 D EKGCrashLoopDetector: [main] Didn't crash at startup last launch
1791670156.609  1047  1635 17038 I CVP     : File: vendor/qcom/proprietary/cv-noship/cvp/2.1/src/cpu/cvpPvtUtils.cpp Line: 313 Function: cvpSetPower() Msg: Update power to KMD
1791670156.609  1047 17038 17038 I msm_cvp : sess: Stop session: 0000000000000000 session_id = 2147418112
1791670156.609  1047  1635 17038 I CVP     : File: vendor/qcom/proprietary/cv-noship/cvp/2.1/src/cpu/cvpPower.cpp Line: 85 Function: cvpPrintPower() Msg: Actual      Clock: Fdu 0, Ica 0, Od 0, Mpu 0, Fw 0
1791670156.609  1047  1635 17038 I CVP     : File: vendor/qcom/proprietary/cv-noship/cvp/2.1/src/cpu/cvpPower.cpp Line: 89 Function: cvpPrintPower() Msg: Operational Clock: Fdu 0, Ica 0, Od 0, Mpu 0, Fw 0
1791670156.609  1047  1635 17038 I CVP     : File: vendor/qcom/proprietary/cv-noship/cvp/2.1/src/cpu/cvpPower.cpp Line: 91 Function: cvpPrintPower() Msg: Actual     Bw: Ddr 0, SysCache 0
1791670156.609  1047  1635 17038 I CVP     : File: vendor/qcom/proprietary/cv-noship/cvp/2.1/src/cpu/cvpPower.cpp Line: 93 Function: cvpPrintPower() Msg: Opeational Bw: Ddr 0, SysCache 0
1791670156.609  1047  1635 17038 I CVP     : File: vendor/qcom/proprietary/cv-noship/cvp/2.1/src/cpu/cvpPower.cpp Line: 96 Function: cvpPrintPower() Msg: FPS: FDU 0, MPU 0, OD 0, ICA 0
1791670156.609  1047  1635 17038 I CVP     : File: vendor/qcom/proprietary/cv-noship/cvp/2.1/src/cpu/cvpPower.cpp Line: 1666 Function: cvpDeaggreatePower() Msg: After deaggregation
1791670156.609  1047  1635 17038 I CVP     : File: vendor/qcom/proprietary/cv-noship/cvp/2.1/src/cpu/cvpPower.cpp Line: 85 Function: cvpPrintPower() Msg: Actual      Clock: Fdu 0, Ica 0, Od 0, Mpu 0, Fw 0
1791670156.609  1047  1635 17038 I CVP     : File: vendor/qcom/proprietary/cv-noship/cvp/2.1/src/cpu/cvpPower.cpp Line: 89 Function: cvpPrintPower() Msg: Operational Clock: Fdu 0, Ica 0, Od 0, Mpu 0, Fw 0
1791670156.609  1047  1635 17038 I CVP     : File: vendor/qcom/proprietary/cv-noship/cvp/2.1/src/cpu/cvpPower.cpp Line: 91 Function: cvpPrintPower() Msg: Actual     Bw: Ddr 0, SysCache 0
1791670156.609  1047  1635 17038 I CVP     : File: vendor/qcom/proprietary/cv-noship/cvp/2.1/src/cpu/cvpPower.cpp Line: 93 Function: cvpPrintPower() Msg: Opeational Bw: Ddr 0, SysCache 0
1791670156.609  1047  1635 17038 I CVP     : File: vendor/qcom/proprietary/cv-noship/cvp/2.1/src/cpu/cvpPower.cpp Line: 96 Function: cvpPrintPower() Msg: FPS: FDU 0, MPU 0, OD 0, ICA 0
1791670156.610  1047  1635 17045 V SYNX-UMD: Synx Uninit!
1791670156.612  1047  1635 17045 V SYNX-UMD: Synx Uninit!
1791670156.612  1000  4337  4553 I ImeTracker: com.android.launcher3:de02a61a: onRequestHide at ORIGIN_SERVER reason HIDE_UNSPECIFIED_WINDOW fromUser false userId 0 displayId 0
1791670156.613  root 15306 15306 I msm_cvp : fw: <CFW_E:RTWrkT:--------:-> cvp_Worker_ProcessControlCommand(10379): return from cvp_Worker_ValidateStreamConfig Success
1791670156.614 10312  5415  5415 V BaseDepthController: Applying blur: 0 to Surface(name=VRI-com.android.launcher3/com.android.launcher3.uioverrides.QuickstepLauncher#4965)/@0xf5059f2 applyImmediately: false
1791670156.614 10312  5415  5415 D BaseDepthController: shouldBlurWorkspace: false targetState: Normal currentStableState: Normal mCurrentBlur: 0 mLauncher.getDepthBlurTargets(): [com.android.launcher3.Workspace{c04cee1 V.ED..... .......D 0,0-1440,3216 #7f0a054d app:id/workspace aid=1073741834}, com.android.launcher3.Hotseat{176cc63 V.ED..... ........ 0,2667-1440,3216 #7f0a0241 app:id/hotseat aid=1073741899}]
1791670156.614  1047  1635 17038 V SYNX-UMD: Synx Uninit!
1791670156.620 10384  6896  6896 I SubtypeOperator: SubtypeOperator$1.onBindInput():33
1791670156.622  1000  1617  1785 E minksocket: MinkIPC_QRTR_Service: client with node 1 port 58f8 went down
1791670156.622  1047  1635 17067 V SYNX-UMD: Synx Uninit!
1791670156.626  1047  1635 17057 V SYNX-UMD: Synx Uninit!
1791670156.628  1047  1635 17066 V SYNX-UMD: Synx Uninit!
1791670156.629 10384  6896  6896 I GoogleInputMethodService: GoogleInputMethodService.onFinishInput():2404
1791670156.630  1047  1635 17066 V SYNX-UMD: Synx Uninit!
1791670156.631 10384  6896  6896 I GoogleInputMethodService: GoogleInputMethodService.onStartInput():1552 onStartInput(EditorInfo{EditorInfo{packageName=com.android.launcher3, inputType=0, inputTypeString=NULL, enableLearning=false, autoCorrection=false, autoComplete=false, imeOptions=0, privateImeOptions=null, actionName=UNSPECIFIED, actionLabel=null, initialSelStart=-1, initialSelEnd=-1, initialCapsMode=0, label=null, fieldId=0, fieldName=null, extras=null, hintText=null, hintLocales=[]}}, false)
1791670156.631 10384  6896 19969 I Module  : DeviceLockedStatusModuleProvider$Module.updateDeviceLockedStatusInternal():119 repeatCheckTimes = 0, locked = false
1791670156.631 10312  5415  5415 D InsetsController: hide(ime())
1791670156.631 10312  5415  5415 I ImeTracker: com.android.launcher3:de02a61a: onCancelled at PHASE_CLIENT_ALREADY_HIDDEN
1791670156.632 10384  6896  6896 I LatinInputMethodServiceBase: LatinInputMethodServiceBase.updateInputViewCoverNavigation():360 Update input view padding, isNavbarOverInputWindow=true, bottom inset=134
1791670156.632 10312  5415  5415 V BaseDepthController: Applying blur: 0 to Surface(name=VRI-com.android.launcher3/com.android.launcher3.uioverrides.QuickstepLauncher#4965)/@0xf5059f2 applyImmediately: false
1791670156.632 10312  5415  5415 D BaseDepthController: shouldBlurWorkspace: false targetState: Normal currentStableState: Normal mCurrentBlur: 0 mLauncher.getDepthBlurTargets(): [com.android.launcher3.Workspace{c04cee1 V.ED..... .......D 0,0-1440,3216 #7f0a054d app:id/workspace aid=1073741834}, com.android.launcher3.Hotseat{176cc63 V.ED..... ........ 0,2667-1440,3216 #7f0a0241 app:id/hotseat aid=1073741899}]
1791670156.632  1000  4337  4553 W InputChannel-JNI: Channel already disposed.
1791670156.635  1000  4337  4525 W PackageConfigPersister: App-specific configuration not found for packageName: com.android.launcher3 and userId: 0
1791670156.637  1047  1635 17037 V SYNX-UMD: Synx Uninit!
1791670156.638 10384  6896 13584 I Module  : DeviceLockedStatusModuleProvider$Module.updateDeviceLockedStatusInternal():119 repeatCheckTimes = 1, locked = false
1791670156.639  1047  1635 17037 V SYNX-UMD: Synx Uninit!
1791670156.640  1000  4337  6576 I ImeTracker: system_server:a70c1aae: onRequestHide at ORIGIN_SERVER reason IME_REQUESTED_CHANGED_LISTENER fromUser false displayId 0
1791670156.644 10312  5415  5415 V BaseDepthController: Applying blur: 0 to Surface(name=VRI-com.android.launcher3/com.android.launcher3.uioverrides.QuickstepLauncher#4965)/@0xf5059f2 applyImmediately: false
1791670156.644 10312  5415  5415 D BaseDepthController: shouldBlurWorkspace: false targetState: Normal currentStableState: Normal mCurrentBlur: 0 mLauncher.getDepthBlurTargets(): [com.android.launcher3.Workspace{c04cee1 V.ED..... .......D 0,0-1440,3216 #7f0a054d app:id/workspace aid=1073741834}, com.android.launcher3.Hotseat{176cc63 V.ED..... ........ 0,2667-1440,3216 #7f0a0241 app:id/hotseat aid=1073741899}]
1791670156.644  1000  4337  4385 I ImeTracker: system_server:a70c1aae: onCancelled at PHASE_SERVER_SHOULD_HIDE
1791670156.614  root  7821  7821 I msm_cvp : fw: <CFW_E:RTWrkT:--------:-> cvp_Worker_ProcessControlCommand(10379): return from cvp_Worker_ValidateStreamConfig Success
1791670156.647  1047  1635 17039 V SYNX-UMD: Synx Uninit!
1791670156.614  1047 17038 17038 I msm_cvp : warn: in use: 7fff0000 : (null) size 196608 flags 0x2 iova 0xd8340000 idx 0 ref 1
1791670156.614  1047 17038 17038 I synx    : [sess: 2562306] session destroyed cvp-kernel-client, uid: 2562306
1791670156.614  1047 17038 17038 I msm_cvp : sess: Closed cvp instance: 0000000000000000 session_id = 2147418112
1791670156.647  1047  1635 17039 V SYNX-UMD: Synx Uninit!
1791670156.649 10531 17229 17383 I LixCacheFactory: [FlagshipScheduledExecutor-1] Pre-warm    of authenticated lix disk cache completed
1791670156.649 10531 17229 17383 I LixCacheFactory: [FlagshipScheduledExecutor-1] Pre-warming guest lix disk cache
1791670156.649  1047  1635 17045 V SYNX-UMD: Synx Uninit!
1791670156.649  1047  1635 17045 V SYNX-UMD: Joining hPollThread = 511184808832
1791670156.649  1047  1635 17151 V SYNX-UMD: Exiting!
1791670156.649  1047  1635 17151 V SYNX-UMD: Thread killed
1791670156.649  1047  1635 17150 V SYNX-UMD: Flush of dispatch job called!
1791670156.649  1047  1635 17045 V SYNX-UMD: Completed Synx FW tear down
1791670156.649  1047 17045 17045 I synx    : [sess: 1668353] session destroyed umd-client-17111, uid: 1668353
1791670156.653 10531 17229 17383 I LixCacheFactory: [FlagshipScheduledExecutor-1] Pre-warm    of guest lix disk cache completed
1791670156.656 10312  5415  5415 V BaseDepthController: Applying blur: 0 to Surface(name=VRI-com.android.launcher3/com.android.launcher3.uioverrides.QuickstepLauncher#4965)/@0xf5059f2 applyImmediately: false
1791670156.656 10312  5415  5415 D BaseDepthController: setEarlyWakeup: true
1791670156.656 10312  5415  5415 D BaseDepthController: shouldBlurWorkspace: false targetState: Normal currentStableState: Normal mCurrentBlur: 0 mLauncher.getDepthBlurTargets(): [com.android.launcher3.Workspace{c04cee1 V.ED..... .......D 0,0-1440,3216 #7f0a054d app:id/workspace aid=1073741834}, com.android.launcher3.Hotseat{176cc63 V.ED..... ........ 0,2667-1440,3216 #7f0a0241 app:id/hotseat aid=1073741899}]
1791670156.669 10312  5415  5415 V BaseDepthController: Applying blur: 0 to Surface(name=VRI-com.android.launcher3/com.android.launcher3.uioverrides.QuickstepLauncher#4965)/@0xf5059f2 applyImmediately: false
1791670156.669 10312  5415  5415 D BaseDepthController: shouldBlurWorkspace: false targetState: Normal currentStableState: Normal mCurrentBlur: 0 mLauncher.getDepthBlurTargets(): [com.android.launcher3.Workspace{c04cee1 V.ED..... .......D 0,0-1440,3216 #7f0a054d app:id/workspace aid=1073741834}, com.android.launcher3.Hotseat{176cc63 V.ED..... ........ 0,2667-1440,3216 #7f0a0241 app:id/hotseat aid=1073741899}]
1791670156.672  1000  1617  1785 E minksocket: MinkIPC_QRTR_Service: client with node 1 port 58df went down
1791670156.682 10312  5415  5415 V BaseDepthController: Applying blur: 0 to Surface(name=VRI-com.android.launcher3/com.android.launcher3.uioverrides.QuickstepLauncher#4965)/@0xf5059f2 applyImmediately: false
1791670156.683 10312  5415  5415 D BaseDepthController: shouldBlurWorkspace: false targetState: Normal currentStableState: Normal mCurrentBlur: 0 mLauncher.getDepthBlurTargets(): [com.android.launcher3.Workspace{c04cee1 V.ED..... .......D 0,0-1440,3216 #7f0a054d app:id/workspace aid=1073741834}, com.android.launcher3.Hotseat{176cc63 V.ED..... ........ 0,2667-1440,3216 #7f0a0241 app:id/hotseat aid=1073741899}]
1791670156.693 10312  5415  5415 V BaseDepthController: Applying blur: 0 to Surface(name=VRI-com.android.launcher3/com.android.launcher3.uioverrides.QuickstepLauncher#4965)/@0xf5059f2 applyImmediately: false
1791670156.694 10312  5415  5415 D BaseDepthController: shouldBlurWorkspace: false targetState: Normal currentStableState: Normal mCurrentBlur: 0 mLauncher.getDepthBlurTargets(): [com.android.launcher3.Workspace{c04cee1 V.ED..... .......D 0,0-1440,3216 #7f0a054d app:id/workspace aid=1073741834}, com.android.launcher3.Hotseat{176cc63 V.ED..... ........ 0,2667-1440,3216 #7f0a0241 app:id/hotseat aid=1073741899}]
1791670156.706  1047  4180 12772 I CameraProviderManager: Camera device device@3.5/legacy/1 torch status is now AVAILABLE_OFF
1791670156.706  1047  4180 12772 I CameraService: onTorchStatusChangedLocked: Torch status changed for cameraId=1, newStatus=1
1791670156.706  1047  4180 12772 E CameraService: onTorchStatusChangedLocked: cannot get torch status of camera 1: No such file or directory (-2)
1791670156.703  1047  1635  1635 W provider@2.4-se: type=1400 audit(0.0:8174): avc:  denied  { read } for  name="u:object_r:default_prop:s0" dev="tmpfs" ino=11721 scontext=u:r:hal_camera_default:s0 tcontext=u:object_r:default_prop:s0 tclass=file permissive=0
1791670156.710  1047 12772 12772 I binder  : 4180:12772 transaction failed 29189/-22, size 96-0 line 3153
1791670156.708  1047  1635  1635 I CamX    : [ALWAYS_ON  ] camxhal3.cpp:1154 close() HalOp: End CLOSE, logicalCameraId: 1, cameraId: 1
1791670156.708  1047  1635  1635 W libc    : Access denied finding property "oplus.CTP.Tunningmode"
1791670156.709  1047  4180 12772 E Surface : [ImageReader-1600x1200f23m50-16870-0](id:41e600000000) Surface failed to disconnect. Cleaning up internals anyway. Error -32 (DEAD_OBJECT).
1791670156.710  1047  4180 12772 W Camera3-OutputStream: disconnectLocked: While disconnecting stream 0 from native window, the native window died from under us
1791670156.710  1047  4180 12772 I CameraLatencyHistogram: Stream 0 dequeueBuffer latency histogram (7) samples:
1791670156.710  1047  4180 12772 I CameraLatencyHistogram:         5     10     15     20     25     30     35     40     45    inf (max ms)
1791670156.710  1047  4180 12772 I CameraLatencyHistogram:      100.00   0.00   0.00   0.00   0.00   0.00   0.00   0.00   0.00   0.00 (%)
1791670156.710 10531 17229 17229 D nativeloader: Load /data/app/~~eQMLTc-ZJAa9rcG-PLL8Vw==/com.linkedin.android-7ySieQIxbNP5Qihk2MXprQ==/lib/arm64/libanrDetector.so using class loader ns clns-9 (caller=/data/app/~~eQMLTc-ZJAa9rcG-PLL8Vw==/com.linkedin.android-7ySieQIxbNP5Qihk2MXprQ==/base.apk!classes6.dex): ok
1791670156.710  1047  4180 12772 E Surface : [ImageReader-4608x3456f23m52-16870-1](id:41e600000001) Surface failed to disconnect. Cleaning up internals anyway. Error -32 (DEAD_OBJECT).
1791670156.710  1047  4180 12772 W Camera3-OutputStream: disconnectLocked: While disconnecting stream 1 from native window, the native window died from under us
1791670156.711 10531 17229 17387 D ExceptionHandler: [EKG-BackgroundExecutor] Uploading pending java crashes
1791670156.712 10531 17229 17387 D ExceptionHandler: [EKG-BackgroundExecutor] Number of crash files to process: 0
1791670156.712  1000  4337  4373 I system_server: Background young concurrent mark compact GC freed 96MB AllocSpace bytes, 62(2792KB) LOS objects, 47% free, 105MB/201MB, paused 3.500ms,9.687ms total 260.474ms
1791670156.713 10531 17229 17388 D AnrHeartbeatWatchdog: [AnrHeartbeatWatchdog] Starting ANR heartbeat watchdog
1791670156.718 10312  5415  5415 V BaseDepthController: Applying blur: 0 to Surface(name=VRI-com.android.launcher3/com.android.launcher3.uioverrides.QuickstepLauncher#4965)/@0xf5059f2 applyImmediately: false
1791670156.718 10312  5415  5415 D BaseDepthController: shouldBlurWorkspace: false targetState: Normal currentStableState: Normal mCurrentBlur: 0 mLauncher.getDepthBlurTargets(): [com.android.launcher3.Workspace{c04cee1 V.ED..... .......D 0,0-1440,3216 #7f0a054d app:id/workspace aid=1073741834}, com.android.launcher3.Hotseat{176cc63 V.ED..... ........ 0,2667-1440,3216 #7f0a0241 app:id/hotseat aid=1073741899}]
1791670156.719  1047  4180 12772 I CameraService: disconnect: Disconnected client for camera 1 for PID 16870
1791670156.722  1000  4337  5236 W ForegroundServiceTypeLoggerModule: API event end called before start!
1791670156.725 10531 17229 17229 D nativeloader: Load /data/app/~~eQMLTc-ZJAa9rcG-PLL8Vw==/com.linkedin.android-7ySieQIxbNP5Qihk2MXprQ==/lib/arm64/libndkCrashReporter.so using class loader ns clns-9 (caller=/data/app/~~eQMLTc-ZJAa9rcG-PLL8Vw==/com.linkedin.android-7ySieQIxbNP5Qihk2MXprQ==/base.apk!classes6.dex): ok
1791670156.726 10312  5415  5415 V BaseDepthController: Applying blur: 0 to Surface(name=VRI-com.android.launcher3/com.android.launcher3.uioverrides.QuickstepLauncher#4965)/@0xf5059f2 applyImmediately: false
1791670156.727 10312  5415  5415 D BaseDepthController: shouldBlurWorkspace: false targetState: Normal currentStableState: Normal mCurrentBlur: 0 mLauncher.getDepthBlurTargets(): [com.android.launcher3.Workspace{c04cee1 V.ED..... ......ID 0,0-1440,3216 #7f0a054d app:id/workspace aid=1073741834}, com.android.launcher3.Hotseat{176cc63 V.ED..... ........ 0,2667-1440,3216 #7f0a0241 app:id/hotseat aid=1073741899}]
1791670156.728 10531 17229 17229 D EKGNDKCrashReporter: [main] miniDumpFilePath: /data/user/0/com.linkedin.android/files/ekg_ndk_crashes_v1/2.336.24/7b5b026c-ee61-4f63-b8733d8a-bdb25a77.dmp
1791670156.728 10531 17229 17229 D EKGNDKCrashReporter: [main] metadataFilePath: /data/user/0/com.linkedin.android/files/ekg_ndk_crashes_v1/2.336.24/7b5b026c-ee61-4f63-b8733d8a-bdb25a77.metadata
1791670156.728 10531 17229 17229 D CrashReporter: [main] logBreadcrumb: app_launch
1791670156.728 10531 17229 17387 D ExceptionHandler: [EKG-BackgroundExecutor] Uploading native crashes
1791670156.730 10303  4915  6114 D RingtonePlayer: playAsync(uri=content://settings/system/notification_sound, user=UserHandle{0})
1791670156.732 10303  4915  6114 D RingtonePlayer: play uri=content://settings/system/notification_sound
1791670156.734 10303  4915 17392 D RingtonePlayer: RemoveFirst
1791670156.734 10303  4915 17392 D RingtonePlayer: PLAY
1791670156.734 10303  4915 17392 D RingtonePlayer: startSound()
1791670156.734 10303  4915 17393 D RingtonePlayer: in run: new looper Looper (Thread-21, tid 256) {1249776}
1791670156.736  1000  4337  4337 V WindowManager: AppCompatCamera: Camera 1 is closed.
1791670156.736  1000  4337  4337 W WindowManager: WindowManager: Camera closed but cannot find the app which had it opened.
1791670156.736 10531 17229 17387 D ExceptionHandler: [EKG-BackgroundExecutor] Number of crash files to process: 0
1791670156.738 10312  5415  5415 V BaseDepthController: Applying blur: 0 to Surface(name=VRI-com.android.launcher3/com.android.launcher3.uioverrides.QuickstepLauncher#4965)/@0xf5059f2 applyImmediately: false
1791670156.738 10312  5415  5415 D BaseDepthController: shouldBlurWorkspace: false targetState: Normal currentStableState: Normal mCurrentBlur: 0 mLauncher.getDepthBlurTargets(): [com.android.launcher3.Workspace{c04cee1 V.ED..... ........ 0,0-1440,3216 #7f0a054d app:id/workspace aid=1073741834}, com.android.launcher3.Hotseat{176cc63 V.ED..... ........ 0,2667-1440,3216 #7f0a0241 app:id/hotseat aid=1073741899}]
1791670156.739 10345  5754  5754 W LocaleConfig: The resource file pointed to by the given resource ID isn't found.
1791670156.744 10444  7726  9519 I NotifySyncService_7726_9519: MSG_NOTIFY_POSTED
1791670156.744 10444  7726  9519 I NotifySyncService_7726_9519: onNotificationPosted Id:8 key:0|com.f0x1d.logfox|8|com.oplus.camera|10761 PackageName:com.f0x1d.logfox IsOngoing:false PostTime:1791670156466 currentDeviceModel.connected: true
1791670156.744 10444  7726  9519 I NotifySyncService_7726_9519: onNotificationPosted Id:8 , appName : LogFox
1791670156.744 10444  7726  9519 I NotifySyncService_7726_9519: isFlagNoClearNotification flag = 16
1791670156.744 10444  7726  8426 I NotifyLogUtils_7726_8426: isIgnoringBatteryOptimizations true
1791670156.745 10444  7726  8158 W System.err: java.io.IOException: No such file or directory
1791670156.745 10444  7726  8158 W System.err: 	at java.io.UnixFileSystem.createFileExclusively0(Native Method)
1791670156.745 10444  7726  8158 W System.err: 	at java.io.UnixFileSystem.createFileExclusively(UnixFileSystem.java:373)
1791670156.745 10444  7726  8158 W System.err: 	at java.io.File.createNewFile(File.java:1022)
1791670156.745 10444  7726  8158 W System.err: 	at epa$e.f(SourceFile:42)
1791670156.745 10444  7726  8158 W System.err: 	at epa.f(SourceFile:66)
1791670156.745 10444  7726  8158 W System.err: 	at epa.b(SourceFile:0)
1791670156.745 10444  7726  8158 W System.err: 	at epa$d.run(SourceFile:20)
1791670156.745 10444  7726  8158 W System.err: 	at java.lang.Thread.run(Thread.java:1572)
1791670156.745 10531 17229 17229 I AppLaunchTracker: [main] Granular phase APP_ATTACH with pillar PAI completed.
1791670156.745 10531 17229 17229 I AppLaunchTracker: [main] Granular phase APP_ATTACH completed. Interval(startNanos=1791670156440000000ns, durationNanos=305000000ns)
1791670156.745 10444  7726  8158 W System.err: java.io.IOException: No such file or directory
1791670156.745 10444  7726  8158 W System.err: 	at java.io.UnixFileSystem.createFileExclusively0(Native Method)
1791670156.745 10444  7726  8158 W System.err: 	at java.io.UnixFileSystem.createFileExclusively(UnixFileSystem.java:373)
1791670156.745 10444  7726  8158 W System.err: 	at java.io.File.createNewFile(File.java:1022)
1791670156.745 10444  7726  8158 W System.err: 	at epa$e.f(SourceFile:42)
1791670156.745 10444  7726  9519 I NotifySyncService_7726_9519: isSupportFeature emoji true
1791670156.745 10444  7726  8158 W System.err: 	at epa.f(SourceFile:66)
1791670156.745 10444  7726  8158 W System.err: 	at epa.b(SourceFile:0)
1791670156.745 10444  7726  8158 W System.err: 	at epa$d.run(SourceFile:20)
1791670156.745 10444  7726  8158 W System.err: 	at java.lang.Thread.run(Thread.java:1572)
1791670156.744 10444  8158  8158 I susfs   : [10444][8158][susfs_is_inode_sus_path] hiding path with ino '0'
1791670156.744 10444  8158  8158 I susfs   : [10444][8158][susfs_is_inode_sus_path] hiding path with ino '0'
1791670156.744 10444  8158  8158 I susfs   : [10444][8158][susfs_is_inode_sus_path] hiding path with ino '0'
1791670156.744 10444  8158  8158 I susfs   : [10444][8158][susfs_is_inode_sus_path] hiding path with ino '0'
1791670156.744 10444  8158  8158 I susfs   : [10444][8158][susfs_is_inode_sus_path] hiding path with ino '0'
1791670156.744 10444  8158  8158 I susfs   : [10444][8158][susfs_is_inode_sus_path] hiding path with ino '0'
1791670156.744 10444  8158  8158 I susfs   : [10444][8158][susfs_is_inode_sus_path] hiding path with ino '0'
1791670156.744 10444  8158  8158 I susfs   : [10444][8158][susfs_is_inode_sus_path] hiding path with ino '0'
1791670156.744 10444  8158  8158 I susfs   : [10444][8158][susfs_is_inode_sus_path] hiding path with ino '0'
1791670156.744 10444  8158  8158 I susfs   : [10444][8158][susfs_is_inode_sus_path] hiding path with ino '0'
1791670156.744 10444  8158  8158 I susfs   : [10444][8158][susfs_is_inode_sus_path] hiding path with ino '0'
1791670156.744 10444  8158  8158 I susfs   : [10444][8158][susfs_is_inode_sus_path] hiding path with ino '0'
1791670156.744 10444  8158  8158 I susfs   : [10444][8158][susfs_is_inode_sus_path] hiding path with ino '0'
1791670156.744 10444  8158  8158 I susfs   : [10444][8158][susfs_is_inode_sus_path] hiding path with ino '0'
1791670156.744 10444  8158  8158 I susfs   : [10444][8158][susfs_is_inode_sus_path] hiding path with ino '0'
1791670156.744 10444  8158  8158 I susfs   : [10444][8158][susfs_is_inode_sus_path] hiding path with ino '0'
1791670156.744 10444  8158  8158 I susfs   : [10444][8158][susfs_is_inode_sus_path] hiding path with ino '0'
1791670156.744 10444  8158  8158 I susfs   : [10444][8158][susfs_is_inode_sus_path] hiding path with ino '0'
1791670156.744 10444  8158  8158 I susfs   : [10444][8158][susfs_is_inode_sus_path] hiding path with ino '0'
1791670156.744 10444  8158  8158 I susfs   : [10444][8158][susfs_is_inode_sus_path] hiding path with ino '0'
1791670156.744 10444  8158  8158 I susfs   : [10444][8158][susfs_is_inode_sus_path] hiding path with ino '0'
1791670156.744 10444  8158  8158 I susfs   : [10444][8158][susfs_is_inode_sus_path] hiding path with ino '0'
1791670156.744 10444  8158  8158 I susfs   : [10444][8158][susfs_is_inode_sus_path] hiding path with ino '0'
1791670156.744 10444  8158  8158 I susfs   : [10444][8158][susfs_is_inode_sus_path] hiding path with ino '0'
1791670156.744 10444  8158  8158 I susfs   : [10444][8158][susfs_is_inode_sus_path] hiding path with ino '0'
1791670156.744 10444  8158  8158 I susfs   : [10444][8158][susfs_is_inode_sus_path] hiding path with ino '0'
1791670156.745 10444  8158  8158 I susfs   : [10444][8158][susfs_is_inode_sus_path] hiding path with ino '0'
1791670156.745 10444  8158  8158 I susfs   : [10444][8158][susfs_is_inode_sus_path] hiding path with ino '0'
1791670156.745 10444  8158  8158 I susfs   : [10444][8158][susfs_is_inode_sus_path] hiding path with ino '0'
1791670156.745 10444  8158  8158 I susfs   : [10444][8158][susfs_is_inode_sus_path] hiding path with ino '0'
1791670156.745 10444  8158  8158 I susfs   : [10444][8158][susfs_is_inode_sus_path] hiding path with ino '0'
1791670156.745 10444  8158  8158 I susfs   : [10444][8158][susfs_is_inode_sus_path] hiding path with ino '0'
1791670156.745 10444  8158  8158 I susfs   : [10444][8158][susfs_is_inode_sus_path] hiding path with ino '0'
1791670156.745 10444  8158  8158 I susfs   : [10444][8158][susfs_is_inode_sus_path] hiding path with ino '0'
1791670156.745 10444  8158  8158 I susfs   : [10444][8158][susfs_is_inode_sus_path] hiding path with ino '0'
1791670156.745 10444  8158  8158 I susfs   : [10444][8158][susfs_is_inode_sus_path] hiding path with ino '0'
1791670156.745 10444  8158  8158 I susfs   : [10444][8158][susfs_is_inode_sus_path] hiding path with ino '0'
1791670156.745 10444  8158  8158 I susfs   : [10444][8158][susfs_is_inode_sus_path] hiding path with ino '0'
1791670156.745 10444  8158  8158 I susfs   : [10444][8158][susfs_is_inode_sus_path] hiding path with ino '0'
1791670156.745 10444  8158  8158 I susfs   : [10444][8158][susfs_is_inode_sus_path] hiding path with ino '0'
1791670156.745 10444  8158  8158 I susfs   : [10444][8158][susfs_is_inode_sus_path] hiding path with ino '0'
1791670156.745 10444  8158  8158 I susfs   : [10444][8158][susfs_is_inode_sus_path] hiding path with ino '0'
1791670156.745 10444  7726  8158 W System.err: java.io.IOException: No such file or directory
1791670156.746 10444  7726  8158 W System.err: 	at java.io.UnixFileSystem.createFileExclusively0(Native Method)
1791670156.746 10444  7726  8158 W System.err: 	at java.io.UnixFileSystem.createFileExclusively(UnixFileSystem.java:373)
1791670156.746 10444  7726  8158 W System.err: 	at java.io.File.createNewFile(File.java:1022)
1791670156.746 10444  7726  8158 W System.err: 	at epa$e.f(SourceFile:42)
1791670156.746 10444  7726  8158 W System.err: 	at epa.f(SourceFile:66)
1791670156.746 10444  7726  8158 W System.err: 	at epa.b(SourceFile:0)
1791670156.746 10444  7726  8158 W System.err: 	at epa$d.run(SourceFile:20)
1791670156.746 10444  7726  8158 W System.err: 	at java.lang.Thread.run(Thread.java:1572)
1791670156.746 10444  7726  9519 E wearable:device: Resource 7f160001 is a complex map type.
1791670156.746 10444  7726  8158 W System.err: java.io.IOException: No such file or directory
1791670156.746 10444  7726  8158 W System.err: 	at java.io.UnixFileSystem.createFileExclusively0(Native Method)
1791670156.746 10444  7726  8158 W System.err: 	at java.io.UnixFileSystem.createFileExclusively(UnixFileSystem.java:373)
1791670156.746 10444  7726  8158 W System.err: 	at java.io.File.createNewFile(File.java:1022)
1791670156.746 10444  7726  8158 W System.err: 	at epa$e.f(SourceFile:42)
1791670156.746 10444  7726  8158 W System.err: 	at epa.f(SourceFile:66)
1791670156.746 10444  7726  8158 W System.err: 	at epa.b(SourceFile:0)
1791670156.746 10444  7726  8158 W System.err: 	at epa$d.run(SourceFile:20)
1791670156.746 10444  7726  8158 W System.err: 	at java.lang.Thread.run(Thread.java:1572)
1791670156.746 10444  7726  9519 W LocaleConfig: The resource file pointed to by the given resource ID isn't found.
1791670156.747 10444  7726  8158 W System.err: java.io.IOException: No such file or directory
1791670156.747 10444  7726  8158 W System.err: 	at java.io.UnixFileSystem.createFileExclusively0(Native Method)
1791670156.747 10444  7726  8158 W System.err: 	at java.io.UnixFileSystem.createFileExclusively(UnixFileSystem.java:373)
1791670156.747 10444  7726  8158 W System.err: 	at java.io.File.createNewFile(File.java:1022)
1791670156.747 10444  7726  8158 W System.err: 	at epa$e.f(SourceFile:42)
1791670156.747 10444  7726  8158 W System.err: 	at epa.f(SourceFile:66)
1791670156.745 10444  8158  8158 I susfs   : [10444][8158][susfs_is_inode_sus_path] hiding path with ino '0'
1791670156.747 10444  7726  8158 W System.err: 	at epa.b(SourceFile:0)
1791670156.745 10444  8158  8158 I susfs   : [10444][8158][susfs_is_inode_sus_path] hiding path with ino '0'
1791670156.745 10444  8158  8158 I susfs   : [10444][8158][susfs_is_inode_sus_path] hiding path with ino '0'
1791670156.745 10444  8158  8158 I susfs   : [10444][8158][susfs_is_inode_sus_path] hiding path with ino '0'
1791670156.745 10444  8158  8158 I susfs   : [10444][8158][susfs_is_inode_sus_path] hiding path with ino '0'
1791670156.745 10444  8158  8158 I susfs   : [10444][8158][susfs_is_inode_sus_path] hiding path with ino '0'
1791670156.745 10444  8158  8158 I susfs   : [10444][8158][susfs_is_inode_sus_path] hiding path with ino '0'
1791670156.747 10444  7726  8158 W System.err: 	at epa$d.run(SourceFile:20)
1791670156.747 10444  7726  8158 W System.err: 	at java.lang.Thread.run(Thread.java:1572)
1791670156.747 10444  7726  8158 W System.err: java.io.IOException: No such file or directory
1791670156.747 10444  7726  8158 W System.err: 	at java.io.UnixFileSystem.createFileExclusively0(Native Method)
1791670156.747 10444  7726  8158 W System.err: 	at java.io.UnixFileSystem.createFileExclusively(UnixFileSystem.java:373)
1791670156.747 10444  7726  8158 W System.err: 	at java.io.File.createNewFile(File.java:1022)
1791670156.747 10444  7726  8158 W System.err: 	at epa$e.f(SourceFile:42)
1791670156.747 10444  7726  8158 W System.err: 	at epa.f(SourceFile:66)
1791670156.747 10444  7726  8158 W System.err: 	at epa.b(SourceFile:0)
1791670156.747 10444  7726  8158 W System.err: 	at epa$d.run(SourceFile:20)
1791670156.747 10444  7726  8158 W System.err: 	at java.lang.Thread.run(Thread.java:1572)
1791670156.748 10312  5415  5415 V BaseDepthController: Applying blur: 0 to Surface(name=VRI-com.android.launcher3/com.android.launcher3.uioverrides.QuickstepLauncher#4965)/@0xf5059f2 applyImmediately: false
1791670156.749 10312  5415  5415 D BaseDepthController: shouldBlurWorkspace: false targetState: Normal currentStableState: Normal mCurrentBlur: 0 mLauncher.getDepthBlurTargets(): [com.android.launcher3.Workspace{c04cee1 V.ED..... ........ 0,0-1440,3216 #7f0a054d app:id/workspace aid=1073741834}, com.android.launcher3.Hotseat{176cc63 V.ED..... ........ 0,2667-1440,3216 #7f0a0241 app:id/hotseat aid=1073741899}]
1791670156.745 10444  8158  8158 I susfs   : [10444][8158][susfs_is_inode_sus_path] hiding path with ino '0'
1791670156.745 10444  8158  8158 I susfs   : [10444][8158][susfs_is_inode_sus_path] hiding path with ino '0'
1791670156.745 10444  8158  8158 I susfs   : [10444][8158][susfs_is_inode_sus_path] hiding path with ino '0'
1791670156.745 10444  8158  8158 I susfs   : [10444][8158][susfs_is_inode_sus_path] hiding path with ino '0'
1791670156.745 10444  8158  8158 I susfs   : [10444][8158][susfs_is_inode_sus_path] hiding path with ino '0'
1791670156.745 10444  8158  8158 I susfs   : [10444][8158][susfs_is_inode_sus_path] hiding path with ino '0'
1791670156.745 10444  8158  8158 I susfs   : [10444][8158][susfs_is_inode_sus_path] hiding path with ino '0'
1791670156.745 10444  8158  8158 I susfs   : [10444][8158][susfs_is_inode_sus_path] hiding path with ino '0'
1791670156.745 10444  8158  8158 I susfs   : [10444][8158][susfs_is_inode_sus_path] hiding path with ino '0'
1791670156.745 10444  8158  8158 I susfs   : [10444][8158][susfs_is_inode_sus_path] hiding path with ino '0'
1791670156.745 10444  8158  8158 I susfs   : [10444][8158][susfs_is_inode_sus_path] hiding path with ino '0'
1791670156.745 10444  8158  8158 I susfs   : [10444][8158][susfs_is_inode_sus_path] hiding path with ino '0'
1791670156.755 10444  7726  9519 E wearable:device: Resource 7f160001 is a complex map type.
1791670156.755 10444  7726  9519 W LocaleConfig: The resource file pointed to by the given resource ID isn't found.
1791670156.755 10312  5415  5415 V BaseDepthController: Applying blur: 0 to Surface(name=VRI-com.android.launcher3/com.android.launcher3.uioverrides.QuickstepLauncher#4965)/@0xf5059f2 applyImmediately: false
1791670156.755 10312  5415  5415 D BaseDepthController: shouldBlurWorkspace: false targetState: Normal currentStableState: Normal mCurrentBlur: 0 mLauncher.getDepthBlurTargets(): [com.android.launcher3.Workspace{c04cee1 V.ED..... ........ 0,0-1440,3216 #7f0a054d app:id/workspace aid=1073741834}, com.android.launcher3.Hotseat{176cc63 V.ED..... ........ 0,2667-1440,3216 #7f0a0241 app:id/hotseat aid=1073741899}]
1791670156.745 10444  8158  8158 I susfs   : [10444][8158][susfs_is_inode_sus_path] hiding path with ino '0'
1791670156.745 10444  8158  8158 I susfs   : [10444][8158][susfs_is_inode_sus_path] hiding path with ino '0'
1791670156.745 10444  8158  8158 I susfs   : [10444][8158][susfs_is_inode_sus_path] hiding path with ino '0'
1791670156.745 10444  8158  8158 I susfs   : [10444][8158][susfs_is_inode_sus_path] hiding path with ino '0'
1791670156.745 10444  8158  8158 I susfs   : [10444][8158][susfs_is_inode_sus_path] hiding path with ino '0'
1791670156.745 10444  8158  8158 I susfs   : [10444][8158][susfs_is_inode_sus_path] hiding path with ino '0'
1791670156.745 10444  8158  8158 I susfs   : [10444][8158][susfs_is_inode_sus_path] hiding path with ino '0'
1791670156.745 10444  8158  8158 I susfs   : [10444][8158][susfs_is_inode_sus_path] hiding path with ino '0'
1791670156.745 10444  8158  8158 I susfs   : [10444][8158][susfs_is_inode_sus_path] hiding path with ino '0'
1791670156.745 10444  8158  8158 I susfs   : [10444][8158][susfs_is_inode_sus_path] hiding path with ino '0'
1791670156.745 10444  8158  8158 I susfs   : [10444][8158][susfs_is_inode_sus_path] hiding path with ino '0'
1791670156.745 10444  8158  8158 I susfs   : [10444][8158][susfs_is_inode_sus_path] hiding path with ino '0'
1791670156.745 10444  8158  8158 I susfs   : [10444][8158][susfs_is_inode_sus_path] hiding path with ino '0'
1791670156.745 10444  8158  8158 I susfs   : [10444][8158][susfs_is_inode_sus_path] hiding path with ino '0'
1791670156.745 10444  8158  8158 I susfs   : [10444][8158][susfs_is_inode_sus_path] hiding path with ino '0'
1791670156.745 10444  8158  8158 I susfs   : [10444][8158][susfs_is_inode_sus_path] hiding path with ino '0'
1791670156.745 10444  8158  8158 I susfs   : [10444][8158][susfs_is_inode_sus_path] hiding path with ino '0'
1791670156.746 10444  8158  8158 I susfs   : [10444][8158][susfs_is_inode_sus_path] hiding path with ino '0'
1791670156.746 10444  8158  8158 I susfs   : [10444][8158][susfs_is_inode_sus_path] hiding path with ino '0'
1791670156.746 10444  8158  8158 I susfs   : [10444][8158][susfs_is_inode_sus_path] hiding path with ino '0'
1791670156.746 10444  8158  8158 I susfs   : [10444][8158][susfs_is_inode_sus_path] hiding path with ino '0'
1791670156.746 10444  8158  8158 I susfs   : [10444][8158][susfs_is_inode_sus_path] hiding path with ino '0'
1791670156.746 10444  8158  8158 I susfs   : [10444][8158][susfs_is_inode_sus_path] hiding path with ino '0'
1791670156.746 10444  8158  8158 I susfs   : [10444][8158][susfs_is_inode_sus_path] hiding path with ino '0'
1791670156.746 10444  8158  8158 I susfs   : [10444][8158][susfs_is_inode_sus_path] hiding path with ino '0'
1791670156.746 10444  8158  8158 I susfs   : [10444][8158][susfs_is_inode_sus_path] hiding path with ino '0'
1791670156.746 10444  8158  8158 I susfs   : [10444][8158][susfs_is_inode_sus_path] hiding path with ino '0'
1791670156.746 10444  8158  8158 I susfs   : [10444][8158][susfs_is_inode_sus_path] hiding path with ino '0'
1791670156.757 media  4181  4219 D NuPlayerDriver: NuPlayerDriver(0xef900f10) created, clientPid(4915)
1791670156.746 10444  8158  8158 I susfs   : [10444][8158][susfs_is_inode_sus_path] hiding path with ino '0'
1791670156.746 10444  8158  8158 I susfs   : [10444][8158][susfs_is_inode_sus_path] hiding path with ino '0'
1791670156.746 10444  8158  8158 I susfs   : [10444][8158][susfs_is_inode_sus_path] hiding path with ino '0'
1791670156.746 10444  8158  8158 I susfs   : [10444][8158][susfs_is_inode_sus_path] hiding path with ino '0'
1791670156.746 10444  8158  8158 I susfs   : [10444][8158][susfs_is_inode_sus_path] hiding path with ino '0'
1791670156.746 10444  8158  8158 I susfs   : [10444][8158][susfs_is_inode_sus_path] hiding path with ino '0'
1791670156.746 10444  8158  8158 I susfs   : [10444][8158][susfs_is_inode_sus_path] hiding path with ino '0'
1791670156.746 10444  8158  8158 I susfs   : [10444][8158][susfs_is_inode_sus_path] hiding path with ino '0'
1791670156.746 10444  8158  8158 I susfs   : [10444][8158][susfs_is_inode_sus_path] hiding path with ino '0'
1791670156.746 10444  8158  8158 I susfs   : [10444][8158][susfs_is_inode_sus_path] hiding path with ino '0'
1791670156.746 10444  8158  8158 I susfs   : [10444][8158][susfs_is_inode_sus_path] hiding path with ino '0'
1791670156.746 10444  8158  8158 I susfs   : [10444][8158][susfs_is_inode_sus_path] hiding path with ino '0'
1791670156.746 10444  8158  8158 I susfs   : [10444][8158][susfs_is_inode_sus_path] hiding path with ino '0'
1791670156.759  1000   766   766 I hwservicemanager: getTransport: Cannot find entry android.hardware.media.omx@1.0::IOmx/default in either framework or device VINTF manifest.
1791670156.746 10444  8158  8158 I susfs   : [10444][8158][susfs_is_inode_sus_path] hiding path with ino '0'
1791670156.746 10444  8158  8158 I susfs   : [10444][8158][susfs_is_inode_sus_path] hiding path with ino '0'
1791670156.746 10444  8158  8158 I susfs   : [10444][8158][susfs_is_inode_sus_path] hiding path with ino '0'
1791670156.746 10444  8158  8158 I susfs   : [10444][8158][susfs_is_inode_sus_path] hiding path with ino '0'
1791670156.759 media  4181  4219 D MediaPlayerService: OMX service is not available
1791670156.746 10444  8158  8158 I susfs   : [10444][8158][susfs_is_inode_sus_path] hiding path with ino '0'
1791670156.746 10444  8158  8158 I susfs   : [10444][8158][susfs_is_inode_sus_path] hiding path with ino '0'
1791670156.746 10444  8158  8158 I susfs   : [10444][8158][susfs_is_inode_sus_path] hiding path with ino '0'
1791670156.746 10444  8158  8158 I susfs   : [10444][8158][susfs_is_inode_sus_path] hiding path with ino '0'
1791670156.746 10444  8158  8158 I susfs   : [10444][8158][susfs_is_inode_sus_path] hiding path with ino '0'
1791670156.746 10444  8158  8158 I susfs   : [10444][8158][susfs_is_inode_sus_path] hiding path with ino '0'
1791670156.746 10444  8158  8158 I susfs   : [10444][8158][susfs_is_inode_sus_path] hiding path with ino '0'
1791670156.746 10444  8158  8158 I susfs   : [10444][8158][susfs_is_inode_sus_path] hiding path with ino '0'
1791670156.746 10444  8158  8158 I susfs   : [10444][8158][susfs_is_inode_sus_path] hiding path with ino '0'
1791670156.746 10444  8158  8158 I susfs   : [10444][8158][susfs_is_inode_sus_path] hiding path with ino '0'
1791670156.746 10444  8158  8158 I susfs   : [10444][8158][susfs_is_inode_sus_path] hiding path with ino '0'
1791670156.746 10444  8158  8158 I susfs   : [10444][8158][susfs_is_inode_sus_path] hiding path with ino '0'
1791670156.746 10444  8158  8158 I susfs   : [10444][8158][susfs_is_inode_sus_path] hiding path with ino '0'
1791670156.746 10444  8158  8158 I susfs   : [10444][8158][susfs_is_inode_sus_path] hiding path with ino '0'
1791670156.746 10444  8158  8158 I susfs   : [10444][8158][susfs_is_inode_sus_path] hiding path with ino '0'
1791670156.746 10444  8158  8158 I susfs   : [10444][8158][susfs_is_inode_sus_path] hiding path with ino '0'
1791670156.746 10444  8158  8158 I susfs   : [10444][8158][susfs_is_inode_sus_path] hiding path with ino '0'
1791670156.747 10444  8158  8158 I susfs   : [10444][8158][susfs_is_inode_sus_path] hiding path with ino '0'
1791670156.747 10444  8158  8158 I susfs   : [10444][8158][susfs_is_inode_sus_path] hiding path with ino '0'
1791670156.747 10444  8158  8158 I susfs   : [10444][8158][susfs_is_inode_sus_path] hiding path with ino '0'
1791670156.747 10444  8158  8158 I susfs   : [10444][8158][susfs_is_inode_sus_path] hiding path with ino '0'
1791670156.747 10444  8158  8158 I susfs   : [10444][8158][susfs_is_inode_sus_path] hiding path with ino '0'
1791670156.747 10444  8158  8158 I susfs   : [10444][8158][susfs_is_inode_sus_path] hiding path with ino '0'
1791670156.747 10444  8158  8158 I susfs   : [10444][8158][susfs_is_inode_sus_path] hiding path with ino '0'
1791670156.747 10444  8158  8158 I susfs   : [10444][8158][susfs_is_inode_sus_path] hiding path with ino '0'
1791670156.747 10444  8158  8158 I susfs   : [10444][8158][susfs_is_inode_sus_path] hiding path with ino '0'
1791670156.747 10444  8158  8158 I susfs   : [10444][8158][susfs_is_inode_sus_path] hiding path with ino '0'
1791670156.747 10444  8158  8158 I susfs   : [10444][8158][susfs_is_inode_sus_path] hiding path with ino '0'
1791670156.747 10444  8158  8158 I susfs   : [10444][8158][susfs_is_inode_sus_path] hiding path with ino '0'
1791670156.747 10444  8158  8158 I susfs   : [10444][8158][susfs_is_inode_sus_path] hiding path with ino '0'
1791670156.747 10444  8158  8158 I susfs   : [10444][8158][susfs_is_inode_sus_path] hiding path with ino '0'
1791670156.747 10444  8158  8158 I susfs   : [10444][8158][susfs_is_inode_sus_path] hiding path with ino '0'
1791670156.747 10444  8158  8158 I susfs   : [10444][8158][susfs_is_inode_sus_path] hiding path with ino '0'
1791670156.747 10444  8158  8158 I susfs   : [10444][8158][susfs_is_inode_sus_path] hiding path with ino '0'
1791670156.747 10444  8158  8158 I susfs   : [10444][8158][susfs_is_inode_sus_path] hiding path with ino '0'
1791670156.747 10444  8158  8158 I susfs   : [10444][8158][susfs_is_inode_sus_path] hiding path with ino '0'
1791670156.747 10444  8158  8158 I susfs   : [10444][8158][susfs_is_inode_sus_path] hiding path with ino '0'
1791670156.747 10444  8158  8158 I susfs   : [10444][8158][susfs_is_inode_sus_path] hiding path with ino '0'
1791670156.747 10444  8158  8158 I susfs   : [10444][8158][susfs_is_inode_sus_path] hiding path with ino '0'
1791670156.747 10444  8158  8158 I susfs   : [10444][8158][susfs_is_inode_sus_path] hiding path with ino '0'
1791670156.747 10444  8158  8158 I susfs   : [10444][8158][susfs_is_inode_sus_path] hiding path with ino '0'
1791670156.747 10444  8158  8158 I susfs   : [10444][8158][susfs_is_inode_sus_path] hiding path with ino '0'
1791670156.747 10444  8158  8158 I susfs   : [10444][8158][susfs_is_inode_sus_path] hiding path with ino '0'
1791670156.747 10444  8158  8158 I susfs   : [10444][8158][susfs_is_inode_sus_path] hiding path with ino '0'
1791670156.747 10444  8158  8158 I susfs   : [10444][8158][susfs_is_inode_sus_path] hiding path with ino '0'
1791670156.747 10444  8158  8158 I susfs   : [10444][8158][susfs_is_inode_sus_path] hiding path with ino '0'
1791670156.747 10444  8158  8158 I susfs   : [10444][8158][susfs_is_inode_sus_path] hiding path with ino '0'
1791670156.747 10444  8158  8158 I susfs   : [10444][8158][susfs_is_inode_sus_path] hiding path with ino '0'
1791670156.747 10444  8158  8158 I susfs   : [10444][8158][susfs_is_inode_sus_path] hiding path with ino '0'
1791670156.763 10312  5415  5415 V BaseDepthController: Applying blur: 0 to Surface(name=VRI-com.android.launcher3/com.android.launcher3.uioverrides.QuickstepLauncher#4965)/@0xf5059f2 applyImmediately: false
1791670156.763 10312  5415  5415 D BaseDepthController: shouldBlurWorkspace: false targetState: Normal currentStableState: Normal mCurrentBlur: 0 mLauncher.getDepthBlurTargets(): [com.android.launcher3.Workspace{c04cee1 V.ED..... ........ 0,0-1440,3216 #7f0a054d app:id/workspace aid=1073741834}, com.android.launcher3.Hotseat{176cc63 V.ED..... ........ 0,2667-1440,3216 #7f0a0241 app:id/hotseat aid=1073741899}]
1791670156.770 10312  5415  5415 V BaseDepthController: Applying blur: 0 to Surface(name=VRI-com.android.launcher3/com.android.launcher3.uioverrides.QuickstepLauncher#4965)/@0xf5059f2 applyImmediately: false
1791670156.770 10312  5415  5415 D BaseDepthController: shouldBlurWorkspace: false targetState: Normal currentStableState: Normal mCurrentBlur: 0 mLauncher.getDepthBlurTargets(): [com.android.launcher3.Workspace{c04cee1 V.ED..... ........ 0,0-1440,3216 #7f0a054d app:id/workspace aid=1073741834}, com.android.launcher3.Hotseat{176cc63 V.ED..... ........ 0,2667-1440,3216 #7f0a0241 app:id/hotseat aid=1073741899}]
1791670156.773  1047  4180  4243 I CameraService: Camera 1: Access for "com.oplus.camera" has been restricted, isUidTrusted 0, isUidActive 0 isUidVisible 0, isCameraPrivacyEnabled 0 procState 20
1791670156.776 10444  7726  9519 D LocalImageResolver: Couldn't use ImageDecoder for drawable, falling back to non-resized load.
1791670156.778 10444  7726  9519 I NotifySyncService_7726_9519: isMediaNotification = , style = null, isMediaStyle = false, token = null
1791670156.779 10444  8158  8158 I susfs   : [10444][8158][susfs_is_inode_sus_path] hiding path with ino '0'
1791670156.779 10444  8158  8158 I susfs   : [10444][8158][susfs_is_inode_sus_path] hiding path with ino '0'
1791670156.779 10444  8158  8158 I susfs   : [10444][8158][susfs_is_inode_sus_path] hiding path with ino '0'
1791670156.779 10444  8158  8158 I susfs   : [10444][8158][susfs_is_inode_sus_path] hiding path with ino '0'
1791670156.779 10444  8158  8158 I susfs   : [10444][8158][susfs_is_inode_sus_path] hiding path with ino '0'
1791670156.779 10444  8158  8158 I susfs   : [10444][8158][susfs_is_inode_sus_path] hiding path with ino '0'
1791670156.779 10444  8158  8158 I susfs   : [10444][8158][susfs_is_inode_sus_path] hiding path with ino '0'
1791670156.779 10444  8158  8158 I susfs   : [10444][8158][susfs_is_inode_sus_path] hiding path with ino '0'
1791670156.779 10444  8158  8158 I susfs   : [10444][8158][susfs_is_inode_sus_path] hiding path with ino '0'
1791670156.779 10444  8158  8158 I susfs   : [10444][8158][susfs_is_inode_sus_path] hiding path with ino '0'
1791670156.779 10444  8158  8158 I susfs   : [10444][8158][susfs_is_inode_sus_path] hiding path with ino '0'
1791670156.779 10444  8158  8158 I susfs   : [10444][8158][susfs_is_inode_sus_path] hiding path with ino '0'
1791670156.779 10444  8158  8158 I susfs   : [10444][8158][susfs_is_inode_sus_path] hiding path with ino '0'
1791670156.779 10444  8158  8158 I susfs   : [10444][8158][susfs_is_inode_sus_path] hiding path with ino '0'
1791670156.779 10444  8158  8158 I susfs   : [10444][8158][susfs_is_inode_sus_path] hiding path with ino '0'
1791670156.779 10444  8158  8158 I susfs   : [10444][8158][susfs_is_inode_sus_path] hiding path with ino '0'
1791670156.779 10444  8158  8158 I susfs   : [10444][8158][susfs_is_inode_sus_path] hiding path with ino '0'
1791670156.779 10444  8158  8158 I susfs   : [10444][8158][susfs_is_inode_sus_path] hiding path with ino '0'
1791670156.779 10444  8158  8158 I susfs   : [10444][8158][susfs_is_inode_sus_path] hiding path with ino '0'
1791670156.779 10444  8158  8158 I susfs   : [10444][8158][susfs_is_inode_sus_path] hiding path with ino '0'
1791670156.779 10444  8158  8158 I susfs   : [10444][8158][susfs_is_inode_sus_path] hiding path with ino '0'
1791670156.779 10444  8158  8158 I susfs   : [10444][8158][susfs_is_inode_sus_path] hiding path with ino '0'
1791670156.779 10444  8158  8158 I susfs   : [10444][8158][susfs_is_inode_sus_path] hiding path with ino '0'
1791670156.779 10444  8158  8158 I susfs   : [10444][8158][susfs_is_inode_sus_path] hiding path with ino '0'
1791670156.779 10444  7726  8158 W System.err: java.io.IOException: No such file or directory
1791670156.779 10444  7726  8158 W System.err: 	at java.io.UnixFileSystem.createFileExclusively0(Native Method)
1791670156.779 10444  7726  8158 W System.err: 	at java.io.UnixFileSystem.createFileExclusively(UnixFileSystem.java:373)
1791670156.779 10444  7726  8158 W System.err: 	at java.io.File.createNewFile(File.java:1022)
1791670156.779 10444  7726  8158 W System.err: 	at epa$e.f(SourceFile:42)
1791670156.779 10444  7726  8158 W System.err: 	at epa.f(SourceFile:66)
1791670156.779 10444  7726  8158 W System.err: 	at epa.b(SourceFile:0)
1791670156.779 10444  7726  8158 W System.err: 	at epa$d.run(SourceFile:20)
1791670156.779 10444  7726  8158 W System.err: 	at java.lang.Thread.run(Thread.java:1572)
1791670156.781 10312  5415  5415 V BaseDepthController: Applying blur: 0 to Surface(name=VRI-com.android.launcher3/com.android.launcher3.uioverrides.QuickstepLauncher#4965)/@0xf5059f2 applyImmediately: false
1791670156.781 10312  5415  5415 D BaseDepthController: shouldBlurWorkspace: false targetState: Normal currentStableState: Normal mCurrentBlur: 0 mLauncher.getDepthBlurTargets(): [com.android.launcher3.Workspace{c04cee1 V.ED..... ........ 0,0-1440,3216 #7f0a054d app:id/workspace aid=1073741834}, com.android.launcher3.Hotseat{176cc63 V.ED..... ........ 0,2667-1440,3216 #7f0a0241 app:id/hotseat aid=1073741899}]
1791670156.781 10444  7726  9519 I NotifySyncService_7726_9519: onNotificationPosted Id:8 -> MSG_NOTIFY_ADD
1791670156.781 10444  7726  8158 W System.err: java.io.IOException: No such file or directory
1791670156.782 10444  7726  8158 W System.err: 	at java.io.UnixFileSystem.createFileExclusively0(Native Method)
1791670156.782 10444  7726  8158 W System.err: 	at java.io.UnixFileSystem.createFileExclusively(UnixFileSystem.java:373)
1791670156.782 10444  7726  8158 W System.err: 	at java.io.File.createNewFile(File.java:1022)
1791670156.782 10444  7726  8158 W System.err: 	at epa$e.f(SourceFile:42)
1791670156.782 10444  7726  8158 W System.err: 	at epa.f(SourceFile:66)
1791670156.782 10444  7726  8158 W System.err: 	at epa.b(SourceFile:0)
1791670156.782 10444  7726  8158 W System.err: 	at epa$d.run(SourceFile:20)
1791670156.782 10444  7726  8158 W System.err: 	at java.lang.Thread.run(Thread.java:1572)
1791670156.783 media  4181 17396 D GenericSource: FileSource remote
1791670156.784 10531 17229 17229 I FirebaseApp: Device unlocked: initializing all Firebase APIs for app [DEFAULT]
1791670156.784 10444  7726  9519 I NotifySyncService_7726_9519: onNotificationPosted notification messageStyle user name: null
1791670156.785 10444  7726  9519 I NotifySyncService_7726_9519: getNotificationActions wearableActions size: 0
1791670156.785 10444  7726  9519 I NotifySyncService_7726_9519: createNewReplyActions action uuid: e74af770-8782-441b-99e7-8a1d505a561d , title: Kopyala, remoteInputs.size: null
1791670156.785 10444  7726  8158 W System.err: java.io.IOException: No such file or directory
1791670156.785 10444  7726  8158 W System.err: 	at java.io.UnixFileSystem.createFileExclusively0(Native Method)
1791670156.785 10444  7726  8158 W System.err: 	at java.io.UnixFileSystem.createFileExclusively(UnixFileSystem.java:373)
1791670156.785 10444  7726  8158 W System.err: 	at java.io.File.createNewFile(File.java:1022)
1791670156.785 10444  7726  8158 W System.err: 	at epa$e.f(SourceFile:42)
1791670156.785 10444  7726  8158 W System.err: 	at epa.f(SourceFile:66)
1791670156.785 10444  7726  8158 W System.err: 	at epa.b(SourceFile:0)
1791670156.785 10444  7726  8158 W System.err: 	at epa$d.run(SourceFile:20)
1791670156.785 10444  7726  8158 W System.err: 	at java.lang.Thread.run(Thread.java:1572)
1791670156.779 10444  8158  8158 I susfs   : [10444][8158][susfs_is_inode_sus_path] hiding path with ino '0'
1791670156.781 10444  8158  8158 I susfs   : [10444][8158][susfs_is_inode_sus_path] hiding path with ino '0'
1791670156.781 10444  8158  8158 I susfs   : [10444][8158][susfs_is_inode_sus_path] hiding path with ino '0'
1791670156.781 10444  8158  8158 I susfs   : [10444][8158][susfs_is_inode_sus_path] hiding path with ino '0'
1791670156.781 10444  8158  8158 I susfs   : [10444][8158][susfs_is_inode_sus_path] hiding path with ino '0'
1791670156.781 10444  8158  8158 I susfs   : [10444][8158][susfs_is_inode_sus_path] hiding path with ino '0'
1791670156.781 10444  8158  8158 I susfs   : [10444][8158][susfs_is_inode_sus_path] hiding path with ino '0'
1791670156.781 10444  8158  8158 I susfs   : [10444][8158][susfs_is_inode_sus_path] hiding path with ino '0'
1791670156.781 10444  8158  8158 I susfs   : [10444][8158][susfs_is_inode_sus_path] hiding path with ino '0'
1791670156.781 10444  8158  8158 I susfs   : [10444][8158][susfs_is_inode_sus_path] hiding path with ino '0'
1791670156.781 10444  8158  8158 I susfs   : [10444][8158][susfs_is_inode_sus_path] hiding path with ino '0'
1791670156.781 10444  8158  8158 I susfs   : [10444][8158][susfs_is_inode_sus_path] hiding path with ino '0'
1791670156.781 10444  8158  8158 I susfs   : [10444][8158][susfs_is_inode_sus_path] hiding path with ino '0'
1791670156.781 10444  8158  8158 I susfs   : [10444][8158][susfs_is_inode_sus_path] hiding path with ino '0'
1791670156.781 10444  8158  8158 I susfs   : [10444][8158][susfs_is_inode_sus_path] hiding path with ino '0'
1791670156.781 10444  8158  8158 I susfs   : [10444][8158][susfs_is_inode_sus_path] hiding path with ino '0'
1791670156.785 10444  7726  9519 I NotifySyncService_7726_9519: add open on phone action contentIntent is null false
1791670156.781 10444  8158  8158 I susfs   : [10444][8158][susfs_is_inode_sus_path] hiding path with ino '0'
1791670156.786 10444  7726  8158 W System.err: java.io.IOException: No such file or directory
1791670156.786 10444  7726  8158 W System.err: 	at java.io.UnixFileSystem.createFileExclusively0(Native Method)
1791670156.786 10444  7726  8158 W System.err: 	at java.io.UnixFileSystem.createFileExclusively(UnixFileSystem.java:373)
1791670156.786 10444  7726  8158 W System.err: 	at java.io.File.createNewFile(File.java:1022)
1791670156.786 10444  7726  8158 W System.err: 	at epa$e.f(SourceFile:42)
1791670156.786 10444  7726  9519 I NotifySyncService_7726_9519: setUpActions [a: "e74af770-8782-441b-99e7-8a1d505a561d"
1791670156.786 10444  7726  9519 I NotifySyncService_7726_9519: b: "Kopyala"
1791670156.786 10444  7726  9519 I NotifySyncService_7726_9519: c: true
1791670156.786 10444  7726  9519 I NotifySyncService_7726_9519: , a: "754a06a1-31a8-49f4-8c83-85d8c955ab89"
1791670156.786 10444  7726  9519 I NotifySyncService_7726_9519: b: "open on phone"
1791670156.786 10444  7726  9519 I NotifySyncService_7726_9519: c: false
1791670156.786 10444  7726  9519 I NotifySyncService_7726_9519: ]
1791670156.786 10444  7726  8158 W System.err: 	at epa.f(SourceFile:66)
1791670156.786 10444  7726  8158 W System.err: 	at epa.b(SourceFile:0)
1791670156.786 10444  7726  8158 W System.err: 	at epa$d.run(SourceFile:20)
1791670156.786 10444  7726  8158 W System.err: 	at java.lang.Thread.run(Thread.java:1572)
1791670156.786 10444  7726  8158 W System.err: java.io.IOException: No such file or directory
1791670156.786 10444  7726  8158 W System.err: 	at java.io.UnixFileSystem.createFileExclusively0(Native Method)
1791670156.786 10444  7726  8158 W System.err: 	at java.io.UnixFileSystem.createFileExclusively(UnixFileSystem.java:373)
1791670156.786 10444  7726  8158 W System.err: 	at java.io.File.createNewFile(File.java:1022)
1791670156.786 10444  7726  8158 W System.err: 	at epa$e.f(SourceFile:42)
1791670156.786 10444  7726  8158 W System.err: 	at epa.f(SourceFile:66)
1791670156.786 10444  7726  8158 W System.err: 	at epa.b(SourceFile:0)
1791670156.786 10444  7726  8158 W System.err: 	at epa$d.run(SourceFile:20)
1791670156.786 10444  7726  8158 W System.err: 	at java.lang.Thread.run(Thread.java:1572)
1791670156.787 10444  7726  8158 W System.err: java.io.IOException: No such file or directory
1791670156.787 10444  7726  8158 W System.err: 	at java.io.UnixFileSystem.createFileExclusively0(Native Method)
1791670156.787 10444  7726  8158 W System.err: 	at java.io.UnixFileSystem.createFileExclusively(UnixFileSystem.java:373)
1791670156.787 10444  7726  8158 W System.err: 	at java.io.File.createNewFile(File.java:1022)
1791670156.787 10444  7726  8158 W System.err: 	at epa$e.f(SourceFile:42)
1791670156.787 10444  7726  8158 W System.err: 	at epa.f(SourceFile:66)
1791670156.787 10444  7726  8158 W System.err: 	at epa.b(SourceFile:0)
1791670156.787 10444  7726  8158 W System.err: 	at epa$d.run(SourceFile:20)
1791670156.781 10444  8158  8158 I susfs   : [10444][8158][susfs_is_inode_sus_path] hiding path with ino '0'
1791670156.787 10444  7726  8158 W System.err: 	at java.lang.Thread.run(Thread.java:1572)
1791670156.781 10444  8158  8158 I susfs   : [10444][8158][susfs_is_inode_sus_path] hiding path with ino '0'
1791670156.781 10444  8158  8158 I susfs   : [10444][8158][susfs_is_inode_sus_path] hiding path with ino '0'
1791670156.781 10444  8158  8158 I susfs   : [10444][8158][susfs_is_inode_sus_path] hiding path with ino '0'
1791670156.781 10444  8158  8158 I susfs   : [10444][8158][susfs_is_inode_sus_path] hiding path with ino '0'
1791670156.787 10444  7726  8158 W System.err: java.io.IOException: No such file or directory
1791670156.787 10444  7726  8158 W System.err: 	at java.io.UnixFileSystem.createFileExclusively0(Native Method)
1791670156.787 10444  7726  8158 W System.err: 	at java.io.UnixFileSystem.createFileExclusively(UnixFileSystem.java:373)
1791670156.787 10444  7726  8158 W System.err: 	at java.io.File.createNewFile(File.java:1022)
1791670156.787 10444  7726  8158 W System.err: 	at epa$e.f(SourceFile:42)
1791670156.781 10444  8158  8158 I susfs   : [10444][8158][susfs_is_inode_sus_path] hiding path with ino '0'
1791670156.787 10444  7726  8158 W System.err: 	at epa.f(SourceFile:66)
1791670156.787 10444  7726  8158 W System.err: 	at epa.b(SourceFile:0)
1791670156.781 10444  8158  8158 I susfs   : [10444][8158][susfs_is_inode_sus_path] hiding path with ino '0'
1791670156.787 10444  7726  8158 W System.err: 	at epa$d.run(SourceFile:20)
1791670156.781 10444  8158  8158 I susfs   : [10444][8158][susfs_is_inode_sus_path] hiding path with ino '0'
1791670156.787 10444  7726  8158 W System.err: 	at java.lang.Thread.run(Thread.java:1572)
1791670156.781 10444  8158  8158 I susfs   : [10444][8158][susfs_is_inode_sus_path] hiding path with ino '0'
1791670156.781 10444  8158  8158 I susfs   : [10444][8158][susfs_is_inode_sus_path] hiding path with ino '0'
1791670156.785 10444  8158  8158 I susfs   : [10444][8158][susfs_is_inode_sus_path] hiding path with ino '0'
1791670156.785 10444  8158  8158 I susfs   : [10444][8158][susfs_is_inode_sus_path] hiding path with ino '0'
1791670156.785 10444  8158  8158 I susfs   : [10444][8158][susfs_is_inode_sus_path] hiding path with ino '0'
1791670156.785 10444  8158  8158 I susfs   : [10444][8158][susfs_is_inode_sus_path] hiding path with ino '0'
1791670156.785 10444  8158  8158 I susfs   : [10444][8158][susfs_is_inode_sus_path] hiding path with ino '0'
1791670156.785 10444  8158  8158 I susfs   : [10444][8158][susfs_is_inode_sus_path] hiding path with ino '0'
1791670156.785 10444  8158  8158 I susfs   : [10444][8158][susfs_is_inode_sus_path] hiding path with ino '0'
1791670156.785 10444  8158  8158 I susfs   : [10444][8158][susfs_is_inode_sus_path] hiding path with ino '0'
1791670156.785 10444  8158  8158 I susfs   : [10444][8158][susfs_is_inode_sus_path] hiding path with ino '0'
1791670156.785 10444  8158  8158 I susfs   : [10444][8158][susfs_is_inode_sus_path] hiding path with ino '0'
1791670156.785 10444  8158  8158 I susfs   : [10444][8158][susfs_is_inode_sus_path] hiding path with ino '0'
1791670156.785 10444  8158  8158 I susfs   : [10444][8158][susfs_is_inode_sus_path] hiding path with ino '0'
1791670156.785 10444  8158  8158 I susfs   : [10444][8158][susfs_is_inode_sus_path] hiding path with ino '0'
1791670156.785 10444  8158  8158 I susfs   : [10444][8158][susfs_is_inode_sus_path] hiding path with ino '0'
1791670156.785 10444  8158  8158 I susfs   : [10444][8158][susfs_is_inode_sus_path] hiding path with ino '0'
1791670156.785 10444  8158  8158 I susfs   : [10444][8158][susfs_is_inode_sus_path] hiding path with ino '0'
1791670156.785 10444  8158  8158 I susfs   : [10444][8158][susfs_is_inode_sus_path] hiding path with ino '0'
1791670156.785 10444  8158  8158 I susfs   : [10444][8158][susfs_is_inode_sus_path] hiding path with ino '0'
1791670156.785 10444  8158  8158 I susfs   : [10444][8158][susfs_is_inode_sus_path] hiding path with ino '0'
1791670156.785 10444  8158  8158 I susfs   : [10444][8158][susfs_is_inode_sus_path] hiding path with ino '0'
1791670156.785 10444  8158  8158 I susfs   : [10444][8158][susfs_is_inode_sus_path] hiding path with ino '0'
1791670156.785 10444  8158  8158 I susfs   : [10444][8158][susfs_is_inode_sus_path] hiding path with ino '0'
1791670156.785 10444  8158  8158 I susfs   : [10444][8158][susfs_is_inode_sus_path] hiding path with ino '0'
1791670156.785 10444  8158  8158 I susfs   : [10444][8158][susfs_is_inode_sus_path] hiding path with ino '0'
1791670156.785 10444  8158  8158 I susfs   : [10444][8158][susfs_is_inode_sus_path] hiding path with ino '0'
1791670156.785 10444  8158  8158 I susfs   : [10444][8158][susfs_is_inode_sus_path] hiding path with ino '0'
1791670156.785 10444  8158  8158 I susfs   : [10444][8158][susfs_is_inode_sus_path] hiding path with ino '0'
1791670156.785 10444  8158  8158 I susfs   : [10444][8158][susfs_is_inode_sus_path] hiding path with ino '0'
1791670156.785 10444  8158  8158 I susfs   : [10444][8158][susfs_is_inode_sus_path] hiding path with ino '0'
1791670156.785 10444  8158  8158 I susfs   : [10444][8158][susfs_is_inode_sus_path] hiding path with ino '0'
1791670156.785 10444  8158  8158 I susfs   : [10444][8158][susfs_is_inode_sus_path] hiding path with ino '0'
1791670156.785 10444  8158  8158 I susfs   : [10444][8158][susfs_is_inode_sus_path] hiding path with ino '0'
1791670156.785 10444  8158  8158 I susfs   : [10444][8158][susfs_is_inode_sus_path] hiding path with ino '0'
1791670156.785 10444  8158  8158 I susfs   : [10444][8158][susfs_is_inode_sus_path] hiding path with ino '0'
1791670156.785 10444  8158  8158 I susfs   : [10444][8158][susfs_is_inode_sus_path] hiding path with ino '0'
1791670156.785 10444  8158  8158 I susfs   : [10444][8158][susfs_is_inode_sus_path] hiding path with ino '0'
1791670156.790 10444  7726  9519 I NotifySyncService_7726_9519: isNeedRemoveNotify notificationNotEnabled: id = 8
1791670156.790 10444  7726  9519 I NotifySyncService_7726_9519: handleMessages  MSG_NOTIFY_ADD
1791670156.790 10444  7726  9519 I NotifySyncService_7726_9519: send MSG_NOTIFY_ADD_TIMEOUT
1791670156.785 10444  8158  8158 I susfs   : [10444][8158][susfs_is_inode_sus_path] hiding path with ino '0'
1791670156.785 10444  8158  8158 I susfs   : [10444][8158][susfs_is_inode_sus_path] hiding path with ino '0'
1791670156.785 10444  8158  8158 I susfs   : [10444][8158][susfs_is_inode_sus_path] hiding path with ino '0'
1791670156.785 10444  8158  8158 I susfs   : [10444][8158][susfs_is_inode_sus_path] hiding path with ino '0'
1791670156.785 10444  8158  8158 I susfs   : [10444][8158][susfs_is_inode_sus_path] hiding path with ino '0'
1791670156.785 10444  8158  8158 I susfs   : [10444][8158][susfs_is_inode_sus_path] hiding path with ino '0'
1791670156.786 10444  8158  8158 I susfs   : [10444][8158][susfs_is_inode_sus_path] hiding path with ino '0'
1791670156.786 10444  8158  8158 I susfs   : [10444][8158][susfs_is_inode_sus_path] hiding path with ino '0'
1791670156.786 10444  8158  8158 I susfs   : [10444][8158][susfs_is_inode_sus_path] hiding path with ino '0'
1791670156.786 10444  8158  8158 I susfs   : [10444][8158][susfs_is_inode_sus_path] hiding path with ino '0'
1791670156.786 10444  8158  8158 I susfs   : [10444][8158][susfs_is_inode_sus_path] hiding path with ino '0'
1791670156.786 10444  8158  8158 I susfs   : [10444][8158][susfs_is_inode_sus_path] hiding path with ino '0'
1791670156.786 10444  8158  8158 I susfs   : [10444][8158][susfs_is_inode_sus_path] hiding path with ino '0'
1791670156.786 10444  8158  8158 I susfs   : [10444][8158][susfs_is_inode_sus_path] hiding path with ino '0'
1791670156.786 10444  8158  8158 I susfs   : [10444][8158][susfs_is_inode_sus_path] hiding path with ino '0'
1791670156.786 10444  8158  8158 I susfs   : [10444][8158][susfs_is_inode_sus_path] hiding path with ino '0'
1791670156.786 10444  8158  8158 I susfs   : [10444][8158][susfs_is_inode_sus_path] hiding path with ino '0'
1791670156.786 10444  8158  8158 I susfs   : [10444][8158][susfs_is_inode_sus_path] hiding path with ino '0'
1791670156.786 10444  8158  8158 I susfs   : [10444][8158][susfs_is_inode_sus_path] hiding path with ino '0'
1791670156.786 10444  8158  8158 I susfs   : [10444][8158][susfs_is_inode_sus_path] hiding path with ino '0'
1791670156.786 10444  8158  8158 I susfs   : [10444][8158][susfs_is_inode_sus_path] hiding path with ino '0'
1791670156.786 10444  8158  8158 I susfs   : [10444][8158][susfs_is_inode_sus_path] hiding path with ino '0'
1791670156.786 10444  8158  8158 I susfs   : [10444][8158][susfs_is_inode_sus_path] hiding path with ino '0'
1791670156.786 10444  8158  8158 I susfs   : [10444][8158][susfs_is_inode_sus_path] hiding path with ino '0'
1791670156.786 10444  8158  8158 I susfs   : [10444][8158][susfs_is_inode_sus_path] hiding path with ino '0'
1791670156.786 10444  8158  8158 I susfs   : [10444][8158][susfs_is_inode_sus_path] hiding path with ino '0'
1791670156.786 10444  8158  8158 I susfs   : [10444][8158][susfs_is_inode_sus_path] hiding path with ino '0'
1791670156.786 10444  8158  8158 I susfs   : [10444][8158][susfs_is_inode_sus_path] hiding path with ino '0'
1791670156.790 10312  5415  5415 V BaseDepthController: Applying blur: 0 to Surface(name=VRI-com.android.launcher3/com.android.launcher3.uioverrides.QuickstepLauncher#4965)/@0xf5059f2 applyImmediately: false
1791670156.790 10312  5415  5415 D BaseDepthController: shouldBlurWorkspace: false targetState: Normal currentStableState: Normal mCurrentBlur: 0 mLauncher.getDepthBlurTargets(): [com.android.launcher3.Workspace{c04cee1 V.ED..... ........ 0,0-1440,3216 #7f0a054d app:id/workspace aid=1073741834}, com.android.launcher3.Hotseat{176cc63 V.ED..... ........ 0,2667-1440,3216 #7f0a0241 app:id/hotseat aid=1073741899}]
1791670156.786 10444  8158  8158 I susfs   : [10444][8158][susfs_is_inode_sus_path] hiding path with ino '0'
1791670156.786 10444  8158  8158 I susfs   : [10444][8158][susfs_is_inode_sus_path] hiding path with ino '0'
1791670156.786 10444  8158  8158 I susfs   : [10444][8158][susfs_is_inode_sus_path] hiding path with ino '0'
1791670156.786 10444  8158  8158 I susfs   : [10444][8158][susfs_is_inode_sus_path] hiding path with ino '0'
1791670156.786 10444  8158  8158 I susfs   : [10444][8158][susfs_is_inode_sus_path] hiding path with ino '0'
1791670156.786 10444  8158  8158 I susfs   : [10444][8158][susfs_is_inode_sus_path] hiding path with ino '0'
1791670156.786 10444  8158  8158 I susfs   : [10444][8158][susfs_is_inode_sus_path] hiding path with ino '0'
1791670156.786 10444  8158  8158 I susfs   : [10444][8158][susfs_is_inode_sus_path] hiding path with ino '0'
1791670156.786 10444  8158  8158 I susfs   : [10444][8158][susfs_is_inode_sus_path] hiding path with ino '0'
1791670156.786 10444  8158  8158 I susfs   : [10444][8158][susfs_is_inode_sus_path] hiding path with ino '0'
1791670156.786 10444  8158  8158 I susfs   : [10444][8158][susfs_is_inode_sus_path] hiding path with ino '0'
1791670156.786 10444  8158  8158 I susfs   : [10444][8158][susfs_is_inode_sus_path] hiding path with ino '0'
1791670156.786 10444  8158  8158 I susfs   : [10444][8158][susfs_is_inode_sus_path] hiding path with ino '0'
1791670156.786 10444  8158  8158 I susfs   : [10444][8158][susfs_is_inode_sus_path] hiding path with ino '0'
1791670156.786 10444  8158  8158 I susfs   : [10444][8158][susfs_is_inode_sus_path] hiding path with ino '0'
1791670156.786 10444  8158  8158 I susfs   : [10444][8158][susfs_is_inode_sus_path] hiding path with ino '0'
1791670156.786 10444  8158  8158 I susfs   : [10444][8158][susfs_is_inode_sus_path] hiding path with ino '0'
1791670156.786 10444  8158  8158 I susfs   : [10444][8158][susfs_is_inode_sus_path] hiding path with ino '0'
1791670156.786 10444  8158  8158 I susfs   : [10444][8158][susfs_is_inode_sus_path] hiding path with ino '0'
1791670156.786 10444  8158  8158 I susfs   : [10444][8158][susfs_is_inode_sus_path] hiding path with ino '0'
1791670156.786 10444  8158  8158 I susfs   : [10444][8158][susfs_is_inode_sus_path] hiding path with ino '0'
1791670156.786 10444  8158  8158 I susfs   : [10444][8158][susfs_is_inode_sus_path] hiding path with ino '0'
1791670156.786 10444  8158  8158 I susfs   : [10444][8158][susfs_is_inode_sus_path] hiding path with ino '0'
1791670156.786 10444  8158  8158 I susfs   : [10444][8158][susfs_is_inode_sus_path] hiding path with ino '0'
1791670156.786 10444  8158  8158 I susfs   : [10444][8158][susfs_is_inode_sus_path] hiding path with ino '0'
1791670156.786 10444  8158  8158 I susfs   : [10444][8158][susfs_is_inode_sus_path] hiding path with ino '0'
1791670156.786 10444  8158  8158 I susfs   : [10444][8158][susfs_is_inode_sus_path] hiding path with ino '0'
1791670156.786 10444  8158  8158 I susfs   : [10444][8158][susfs_is_inode_sus_path] hiding path with ino '0'
1791670156.786 10444  8158  8158 I susfs   : [10444][8158][susfs_is_inode_sus_path] hiding path with ino '0'
1791670156.792 10444  7726  8158 W System.err: java.io.IOException: No such file or directory
1791670156.792 10444  7726  8158 W System.err: 	at java.io.UnixFileSystem.createFileExclusively0(Native Method)
1791670156.792 10444  7726  8158 W System.err: 	at java.io.UnixFileSystem.createFileExclusively(UnixFileSystem.java:373)
1791670156.792 10444  7726  8158 W System.err: 	at java.io.File.createNewFile(File.java:1022)
1791670156.792 10444  7726  8158 W System.err: 	at epa$e.f(SourceFile:42)
1791670156.792 10444  7726  8158 W System.err: 	at epa.f(SourceFile:66)
1791670156.792 10444  7726  8158 W System.err: 	at epa.b(SourceFile:0)
1791670156.792 10444  7726  8158 W System.err: 	at epa$d.run(SourceFile:20)
1791670156.792 10444  7726  8158 W System.err: 	at java.lang.Thread.run(Thread.java:1572)
1791670156.792 10444  7726  8158 W System.err: java.io.IOException: No such file or directory
1791670156.792 10444  7726  8158 W System.err: 	at java.io.UnixFileSystem.createFileExclusively0(Native Method)
1791670156.792 10444  7726  8158 W System.err: 	at java.io.UnixFileSystem.createFileExclusively(UnixFileSystem.java:373)
1791670156.792 10444  7726  8158 W System.err: 	at java.io.File.createNewFile(File.java:1022)
1791670156.792 10444  7726  8158 W System.err: 	at epa$e.f(SourceFile:42)
1791670156.792 10444  7726  8158 W System.err: 	at epa.f(SourceFile:66)
1791670156.792 10444  7726  8158 W System.err: 	at epa.b(SourceFile:0)
1791670156.792 10444  7726  8158 W System.err: 	at epa$d.run(SourceFile:20)
1791670156.792 10444  7726  8158 W System.err: 	at java.lang.Thread.run(Thread.java:1572)
1791670156.793 10444  7726  8158 W System.err: java.io.IOException: No such file or directory
1791670156.793 10444  7726  8158 W System.err: 	at java.io.UnixFileSystem.createFileExclusively0(Native Method)
1791670156.793 10444  7726  8158 W System.err: 	at java.io.UnixFileSystem.createFileExclusively(UnixFileSystem.java:373)
1791670156.793 10444  7726  8158 W System.err: 	at java.io.File.createNewFile(File.java:1022)
1791670156.793 10444  7726  8158 W System.err: 	at epa$e.f(SourceFile:42)
1791670156.793 10444  7726  8158 W System.err: 	at epa.f(SourceFile:66)
1791670156.793 10444  7726  8158 W System.err: 	at epa.b(SourceFile:0)
1791670156.793 10444  7726  8158 W System.err: 	at epa$d.run(SourceFile:20)
1791670156.793 10444  7726  8158 W System.err: 	at java.lang.Thread.run(Thread.java:1572)
1791670156.794 10531 17229 17397 D CompatChangeReporter: Compat change id reported: 458413887; UID 10531; state: ENABLED
1791670156.795 10531 17229 17229 I FirebaseInitProvider: FirebaseApp initialization successful
1791670156.786 10444  8158  8158 I susfs   : [10444][8158][susfs_is_inode_sus_path] hiding path with ino '0'
1791670156.787 10444  8158  8158 I susfs   : [10444][8158][susfs_is_inode_sus_path] hiding path with ino '0'
1791670156.787 10444  8158  8158 I susfs   : [10444][8158][susfs_is_inode_sus_path] hiding path with ino '0'
1791670156.787 10444  8158  8158 I susfs   : [10444][8158][susfs_is_inode_sus_path] hiding path with ino '0'
1791670156.787 10444  8158  8158 I susfs   : [10444][8158][susfs_is_inode_sus_path] hiding path with ino '0'
1791670156.787 10444  8158  8158 I susfs   : [10444][8158][susfs_is_inode_sus_path] hiding path with ino '0'
1791670156.787 10444  8158  8158 I susfs   : [10444][8158][susfs_is_inode_sus_path] hiding path with ino '0'
1791670156.787 10444  8158  8158 I susfs   : [10444][8158][susfs_is_inode_sus_path] hiding path with ino '0'
1791670156.787 10444  8158  8158 I susfs   : [10444][8158][susfs_is_inode_sus_path] hiding path with ino '0'
1791670156.787 10444  8158  8158 I susfs   : [10444][8158][susfs_is_inode_sus_path] hiding path with ino '0'
1791670156.787 10444  8158  8158 I susfs   : [10444][8158][susfs_is_inode_sus_path] hiding path with ino '0'
1791670156.787 10444  8158  8158 I susfs   : [10444][8158][susfs_is_inode_sus_path] hiding path with ino '0'
1791670156.787 10444  8158  8158 I susfs   : [10444][8158][susfs_is_inode_sus_path] hiding path with ino '0'
1791670156.787 10444  8158  8158 I susfs   : [10444][8158][susfs_is_inode_sus_path] hiding path with ino '0'
1791670156.787 10444  8158  8158 I susfs   : [10444][8158][susfs_is_inode_sus_path] hiding path with ino '0'
1791670156.787 10444  8158  8158 I susfs   : [10444][8158][susfs_is_inode_sus_path] hiding path with ino '0'
1791670156.787 10444  8158  8158 I susfs   : [10444][8158][susfs_is_inode_sus_path] hiding path with ino '0'
1791670156.787 10444  8158  8158 I susfs   : [10444][8158][susfs_is_inode_sus_path] hiding path with ino '0'
1791670156.787 10444  8158  8158 I susfs   : [10444][8158][susfs_is_inode_sus_path] hiding path with ino '0'
1791670156.787 10444  8158  8158 I susfs   : [10444][8158][susfs_is_inode_sus_path] hiding path with ino '0'
1791670156.787 10444  8158  8158 I susfs   : [10444][8158][susfs_is_inode_sus_path] hiding path with ino '0'
1791670156.787 10444  8158  8158 I susfs   : [10444][8158][susfs_is_inode_sus_path] hiding path with ino '0'
1791670156.787 10444  8158  8158 I susfs   : [10444][8158][susfs_is_inode_sus_path] hiding path with ino '0'
1791670156.787 10444  8158  8158 I susfs   : [10444][8158][susfs_is_inode_sus_path] hiding path with ino '0'
1791670156.787 10444  8158  8158 I susfs   : [10444][8158][susfs_is_inode_sus_path] hiding path with ino '0'
1791670156.787 10444  8158  8158 I susfs   : [10444][8158][susfs_is_inode_sus_path] hiding path with ino '0'
1791670156.787 10444  8158  8158 I susfs   : [10444][8158][susfs_is_inode_sus_path] hiding path with ino '0'
1791670156.787 10444  8158  8158 I susfs   : [10444][8158][susfs_is_inode_sus_path] hiding path with ino '0'
1791670156.787 10444  8158  8158 I susfs   : [10444][8158][susfs_is_inode_sus_path] hiding path with ino '0'
1791670156.787 10444  8158  8158 I susfs   : [10444][8158][susfs_is_inode_sus_path] hiding path with ino '0'
1791670156.787 10444  8158  8158 I susfs   : [10444][8158][susfs_is_inode_sus_path] hiding path with ino '0'
1791670156.787 10444  8158  8158 I susfs   : [10444][8158][susfs_is_inode_sus_path] hiding path with ino '0'
1791670156.787 10444  8158  8158 I susfs   : [10444][8158][susfs_is_inode_sus_path] hiding path with ino '0'
1791670156.787 10444  8158  8158 I susfs   : [10444][8158][susfs_is_inode_sus_path] hiding path with ino '0'
1791670156.787 10444  8158  8158 I susfs   : [10444][8158][susfs_is_inode_sus_path] hiding path with ino '0'
1791670156.787 10444  8158  8158 I susfs   : [10444][8158][susfs_is_inode_sus_path] hiding path with ino '0'
1791670156.787 10444  8158  8158 I susfs   : [10444][8158][susfs_is_inode_sus_path] hiding path with ino '0'
1791670156.791 10444  8158  8158 I susfs   : [10444][8158][susfs_is_inode_sus_path] hiding path with ino '0'
1791670156.791 10444  8158  8158 I susfs   : [10444][8158][susfs_is_inode_sus_path] hiding path with ino '0'
1791670156.791 10444  8158  8158 I susfs   : [10444][8158][susfs_is_inode_sus_path] hiding path with ino '0'
1791670156.791 10444  8158  8158 I susfs   : [10444][8158][susfs_is_inode_sus_path] hiding path with ino '0'
1791670156.791 10444  8158  8158 I susfs   : [10444][8158][susfs_is_inode_sus_path] hiding path with ino '0'
1791670156.791 10444  8158  8158 I susfs   : [10444][8158][susfs_is_inode_sus_path] hiding path with ino '0'
1791670156.791 10444  8158  8158 I susfs   : [10444][8158][susfs_is_inode_sus_path] hiding path with ino '0'
1791670156.791 10444  8158  8158 I susfs   : [10444][8158][susfs_is_inode_sus_path] hiding path with ino '0'
1791670156.796 10312  5415  5415 V BaseDepthController: Applying blur: 0 to Surface(name=VRI-com.android.launcher3/com.android.launcher3.uioverrides.QuickstepLauncher#4965)/@0xf5059f2 applyImmediately: false
1791670156.792 10444  8158  8158 I susfs   : [10444][8158][susfs_is_inode_sus_path] hiding path with ino '0'
1791670156.796 10312  5415  5415 D BaseDepthController: shouldBlurWorkspace: false targetState: Normal currentStableState: Normal mCurrentBlur: 0 mLauncher.getDepthBlurTargets(): [com.android.launcher3.Workspace{c04cee1 V.ED..... ........ 0,0-1440,3216 #7f0a054d app:id/workspace aid=1073741834}, com.android.launcher3.Hotseat{176cc63 V.ED..... ........ 0,2667-1440,3216 #7f0a0241 app:id/hotseat aid=1073741899}]
1791670156.792 10444  8158  8158 I susfs   : [10444][8158][susfs_is_inode_sus_path] hiding path with ino '0'
1791670156.792 10444  8158  8158 I susfs   : [10444][8158][susfs_is_inode_sus_path] hiding path with ino '0'
1791670156.792 10444  8158  8158 I susfs   : [10444][8158][susfs_is_inode_sus_path] hiding path with ino '0'
1791670156.792 10444  8158  8158 I susfs   : [10444][8158][susfs_is_inode_sus_path] hiding path with ino '0'
1791670156.792 10444  8158  8158 I susfs   : [10444][8158][susfs_is_inode_sus_path] hiding path with ino '0'
1791670156.792 10444  8158  8158 I susfs   : [10444][8158][susfs_is_inode_sus_path] hiding path with ino '0'
1791670156.792 10444  8158  8158 I susfs   : [10444][8158][susfs_is_inode_sus_path] hiding path with ino '0'
1791670156.792 10444  8158  8158 I susfs   : [10444][8158][susfs_is_inode_sus_path] hiding path with ino '0'
1791670156.792 10444  8158  8158 I susfs   : [10444][8158][susfs_is_inode_sus_path] hiding path with ino '0'
1791670156.792 10444  8158  8158 I susfs   : [10444][8158][susfs_is_inode_sus_path] hiding path with ino '0'
1791670156.792 10444  8158  8158 I susfs   : [10444][8158][susfs_is_inode_sus_path] hiding path with ino '0'
1791670156.792 10444  8158  8158 I susfs   : [10444][8158][susfs_is_inode_sus_path] hiding path with ino '0'
1791670156.792 10444  8158  8158 I susfs   : [10444][8158][susfs_is_inode_sus_path] hiding path with ino '0'
1791670156.792 10444  8158  8158 I susfs   : [10444][8158][susfs_is_inode_sus_path] hiding path with ino '0'
1791670156.792 10444  8158  8158 I susfs   : [10444][8158][susfs_is_inode_sus_path] hiding path with ino '0'
1791670156.792 10444  8158  8158 I susfs   : [10444][8158][susfs_is_inode_sus_path] hiding path with ino '0'
1791670156.792 10444  8158  8158 I susfs   : [10444][8158][susfs_is_inode_sus_path] hiding path with ino '0'
1791670156.792 10444  8158  8158 I susfs   : [10444][8158][susfs_is_inode_sus_path] hiding path with ino '0'
1791670156.792 10444  8158  8158 I susfs   : [10444][8158][susfs_is_inode_sus_path] hiding path with ino '0'
1791670156.792 10444  8158  8158 I susfs   : [10444][8158][susfs_is_inode_sus_path] hiding path with ino '0'
1791670156.792 10444  8158  8158 I susfs   : [10444][8158][susfs_is_inode_sus_path] hiding path with ino '0'
1791670156.792 10444  8158  8158 I susfs   : [10444][8158][susfs_is_inode_sus_path] hiding path with ino '0'
1791670156.792 10444  8158  8158 I susfs   : [10444][8158][susfs_is_inode_sus_path] hiding path with ino '0'
1791670156.792 10444  8158  8158 I susfs   : [10444][8158][susfs_is_inode_sus_path] hiding path with ino '0'
1791670156.792 10444  8158  8158 I susfs   : [10444][8158][susfs_is_inode_sus_path] hiding path with ino '0'
1791670156.792 10444  8158  8158 I susfs   : [10444][8158][susfs_is_inode_sus_path] hiding path with ino '0'
1791670156.792 10444  8158  8158 I susfs   : [10444][8158][susfs_is_inode_sus_path] hiding path with ino '0'
1791670156.792 10444  8158  8158 I susfs   : [10444][8158][susfs_is_inode_sus_path] hiding path with ino '0'
1791670156.792 10444  8158  8158 I susfs   : [10444][8158][susfs_is_inode_sus_path] hiding path with ino '0'
1791670156.792 10444  8158  8158 I susfs   : [10444][8158][susfs_is_inode_sus_path] hiding path with ino '0'
1791670156.792 10444  8158  8158 I susfs   : [10444][8158][susfs_is_inode_sus_path] hiding path with ino '0'
1791670156.792 10444  8158  8158 I susfs   : [10444][8158][susfs_is_inode_sus_path] hiding path with ino '0'
1791670156.792 10444  8158  8158 I susfs   : [10444][8158][susfs_is_inode_sus_path] hiding path with ino '0'
1791670156.792 10444  8158  8158 I susfs   : [10444][8158][susfs_is_inode_sus_path] hiding path with ino '0'
1791670156.792 10444  8158  8158 I susfs   : [10444][8158][susfs_is_inode_sus_path] hiding path with ino '0'
1791670156.792 10444  8158  8158 I susfs   : [10444][8158][susfs_is_inode_sus_path] hiding path with ino '0'
1791670156.792 10444  8158  8158 I susfs   : [10444][8158][susfs_is_inode_sus_path] hiding path with ino '0'
1791670156.792 10444  8158  8158 I susfs   : [10444][8158][susfs_is_inode_sus_path] hiding path with ino '0'
1791670156.792 10444  8158  8158 I susfs   : [10444][8158][susfs_is_inode_sus_path] hiding path with ino '0'
1791670156.792 10444  8158  8158 I susfs   : [10444][8158][susfs_is_inode_sus_path] hiding path with ino '0'
1791670156.792 10444  8158  8158 I susfs   : [10444][8158][susfs_is_inode_sus_path] hiding path with ino '0'
1791670156.792 10444  8158  8158 I susfs   : [10444][8158][susfs_is_inode_sus_path] hiding path with ino '0'
1791670156.792 10444  8158  8158 I susfs   : [10444][8158][susfs_is_inode_sus_path] hiding path with ino '0'
1791670156.792 10444  8158  8158 I susfs   : [10444][8158][susfs_is_inode_sus_path] hiding path with ino '0'
1791670156.792 10444  8158  8158 I susfs   : [10444][8158][susfs_is_inode_sus_path] hiding path with ino '0'
1791670156.793 10444  8158  8158 I susfs   : [10444][8158][susfs_is_inode_sus_path] hiding path with ino '0'
1791670156.793 10444  8158  8158 I susfs   : [10444][8158][susfs_is_inode_sus_path] hiding path with ino '0'
1791670156.793 10444  8158  8158 I susfs   : [10444][8158][susfs_is_inode_sus_path] hiding path with ino '0'
1791670156.793 10444  8158  8158 I susfs   : [10444][8158][susfs_is_inode_sus_path] hiding path with ino '0'
1791670156.793 10444  8158  8158 I susfs   : [10444][8158][susfs_is_inode_sus_path] hiding path with ino '0'
1791670156.793 10444  8158  8158 I susfs   : [10444][8158][susfs_is_inode_sus_path] hiding path with ino '0'
1791670156.793 10444  8158  8158 I susfs   : [10444][8158][susfs_is_inode_sus_path] hiding path with ino '0'
1791670156.793 10444  8158  8158 I susfs   : [10444][8158][susfs_is_inode_sus_path] hiding path with ino '0'
1791670156.793 10444  8158  8158 I susfs   : [10444][8158][susfs_is_inode_sus_path] hiding path with ino '0'
1791670156.793 10444  8158  8158 I susfs   : [10444][8158][susfs_is_inode_sus_path] hiding path with ino '0'
1791670156.797  1000  4337  6601 I ImeTracker: system_server:e6daeee5: onRequestHide at ORIGIN_SERVER reason IME_REQUESTED_CHANGED_LISTENER fromUser false displayId 0
1791670156.798  1000  4337  4385 I ImeTracker: system_server:e6daeee5: onCancelled at PHASE_SERVER_SHOULD_HIDE
1791670156.793 10444  8158  8158 I susfs   : [10444][8158][susfs_is_inode_sus_path] hiding path with ino '0'
1791670156.793 10444  8158  8158 I susfs   : [10444][8158][susfs_is_inode_sus_path] hiding path with ino '0'
1791670156.793 10444  8158  8158 I susfs   : [10444][8158][susfs_is_inode_sus_path] hiding path with ino '0'
1791670156.793 10444  8158  8158 I susfs   : [10444][8158][susfs_is_inode_sus_path] hiding path with ino '0'
1791670156.793 10444  8158  8158 I susfs   : [10444][8158][susfs_is_inode_sus_path] hiding path with ino '0'
1791670156.793 10444  8158  8158 I susfs   : [10444][8158][susfs_is_inode_sus_path] hiding path with ino '0'
1791670156.793 10444  8158  8158 I susfs   : [10444][8158][susfs_is_inode_sus_path] hiding path with ino '0'
1791670156.793 10444  8158  8158 I susfs   : [10444][8158][susfs_is_inode_sus_path] hiding path with ino '0'
1791670156.793 10444  8158  8158 I susfs   : [10444][8158][susfs_is_inode_sus_path] hiding path with ino '0'
1791670156.793 10444  8158  8158 I susfs   : [10444][8158][susfs_is_inode_sus_path] hiding path with ino '0'
1791670156.793 10444  8158  8158 I susfs   : [10444][8158][susfs_is_inode_sus_path] hiding path with ino '0'
1791670156.793 10444  8158  8158 I susfs   : [10444][8158][susfs_is_inode_sus_path] hiding path with ino '0'
1791670156.793 10444  8158  8158 I susfs   : [10444][8158][susfs_is_inode_sus_path] hiding path with ino '0'
1791670156.793 10444  8158  8158 I susfs   : [10444][8158][susfs_is_inode_sus_path] hiding path with ino '0'
1791670156.799 10303  4915 17393 D RingtonePlayer: requesting AudioFocus
1791670156.800  1000  4337  6596 I MediaFocusControl: requestAudioFocus() from uid/pid 10303/4915 AA=USAGE_NOTIFICATION/CONTENT_TYPE_SONIFICATION clientId=android.media.AudioManager@7f4d97c callingPack=com.android.systemui req=3 flags=0x0 sdk=37
1791670156.800  1000  4337  6596 I AS.FadeOutManager: unfadeOutUid() uid:10303
1791670156.800 10303  4915 17393 D RingtonePlayer: notification will be delayed by 500ms
1791670156.803 10312  5415  5415 V BaseDepthController: Applying blur: 0 to Surface(name=VRI-com.android.launcher3/com.android.launcher3.uioverrides.QuickstepLauncher#4965)/@0xf5059f2 applyImmediately: false
1791670156.803 10312  5415  5415 D BaseDepthController: shouldBlurWorkspace: false targetState: Normal currentStableState: Normal mCurrentBlur: 0 mLauncher.getDepthBlurTargets(): [com.android.launcher3.Workspace{c04cee1 V.ED..... ........ 0,0-1440,3216 #7f0a054d app:id/workspace aid=1073741834}, com.android.launcher3.Hotseat{176cc63 V.ED..... ........ 0,2667-1440,3216 #7f0a0241 app:id/hotseat aid=1073741899}]
1791670156.807 10531 17229 17410 W FirebaseMessaging: Failed to resolve IID implementation package, falling back
1791670156.807 10531 17229 17229 E FlagshipApplication: [main] FlagshipApplication#onCreate() called for process id 17229
1791670156.808  1000  4337  6601 W PackageInfo: Large parcel: size=16392 pkg=com.google.android.gms uid=10280 sig=1108(1) prevAllowSquashing=false
1791670156.809  1000  4337  6601 W ActivityManager: Skipping manifest association check for null package. SourceUid: -1, SourcePkg: null, TargetUid: 10531, TargetPkg: com.linkedin.android
1791670156.812  1000  4337  4525 D ConnectivityService: requestNetwork for uid/pid:10531/17229 activeRequest: null callbackRequest: 1395 [NetworkRequest [ REQUEST id=1396, [ Capabilities: INTERNET&NOT_RESTRICTED&TRUSTED&NOT_VCN_MANAGED&NOT_BANDWIDTH_CONSTRAINED Uid: 10531 RequestorUid: 10531 RequestorPkg: com.linkedin.android UnderlyingNetworks: Null] ]] callback flags: 0 order: 2147483647 isUidTracked: false declaredMethods: AVAIL|LOST|LP
1791670156.814 10312  5415  5415 V BaseDepthController: Applying blur: 0 to Surface(name=VRI-com.android.launcher3/com.android.launcher3.uioverrides.QuickstepLauncher#4965)/@0xf5059f2 applyImmediately: false
1791670156.814 10312  5415  5415 D BaseDepthController: shouldBlurWorkspace: false targetState: Normal currentStableState: Normal mCurrentBlur: 0 mLauncher.getDepthBlurTargets(): [com.android.launcher3.Workspace{c04cee1 V.ED..... ........ 0,0-1440,3216 #7f0a054d app:id/workspace aid=1073741834}, com.android.launcher3.Hotseat{176cc63 V.ED..... ........ 0,2667-1440,3216 #7f0a0241 app:id/hotseat aid=1073741899}]
1791670156.817 10660  7469  7469 D ToastAccService: Not a toast, ignore
1791670156.821 10312  5415  5415 V BaseDepthController: Applying blur: 0 to Surface(name=VRI-com.android.launcher3/com.android.launcher3.uioverrides.QuickstepLauncher#4965)/@0xf5059f2 applyImmediately: false
1791670156.821 10312  5415  5415 D BaseDepthController: shouldBlurWorkspace: false targetState: Normal currentStableState: Normal mCurrentBlur: 0 mLauncher.getDepthBlurTargets(): [com.android.launcher3.Workspace{c04cee1 V.ED..... ........ 0,0-1440,3216 #7f0a054d app:id/workspace aid=1073741834}, com.android.launcher3.Hotseat{176cc63 V.ED..... ........ 0,2667-1440,3216 #7f0a0241 app:id/hotseat aid=1073741899}]
1791670156.823  1000  4337  4574 D WifiNetworkFactory: got request NetworkRequest [ REQUEST id=1396, [ Capabilities: INTERNET&NOT_RESTRICTED&TRUSTED&NOT_VCN_MANAGED&NOT_BANDWIDTH_CONSTRAINED Uid: 10531 RequestorUid: 10531 RequestorPkg: com.linkedin.android UnderlyingNetworks: Null] ]
1791670156.824  1000  4337  4574 D UntrustedWifiNetworkFactory: got request NetworkRequest [ REQUEST id=1396, [ Capabilities: INTERNET&NOT_RESTRICTED&TRUSTED&NOT_VCN_MANAGED&NOT_BANDWIDTH_CONSTRAINED Uid: 10531 RequestorUid: 10531 RequestorPkg: com.linkedin.android UnderlyingNetworks: Null] ]
1791670156.825  1000  4337  4574 D OemPaidWifiNetworkFactory: got request NetworkRequest [ REQUEST id=1396, [ Capabilities: INTERNET&NOT_RESTRICTED&TRUSTED&NOT_VCN_MANAGED&NOT_BANDWIDTH_CONSTRAINED Uid: 10531 RequestorUid: 10531 RequestorPkg: com.linkedin.android UnderlyingNetworks: Null] ]
1791670156.825  1000  4337  4582 D ConnectivityService: NetReassign [1396 : null → 100] [c 0] [a 2] [i 10]
1791670156.826  1000  4337  4574 D MultiInternetWifiNetworkFactory: got request NetworkRequest [ REQUEST id=1396, [ Capabilities: INTERNET&NOT_RESTRICTED&TRUSTED&NOT_VCN_MANAGED&NOT_BANDWIDTH_CONSTRAINED Uid: 10531 RequestorUid: 10531 RequestorPkg: com.linkedin.android UnderlyingNetworks: Null] ]
1791670156.829 10312  5415  5415 V BaseDepthController: Applying blur: 0 to Surface(name=VRI-com.android.launcher3/com.android.launcher3.uioverrides.QuickstepLauncher#4965)/@0xf5059f2 applyImmediately: false
1791670156.829 10312  5415  5415 D BaseDepthController: shouldBlurWorkspace: false targetState: Normal currentStableState: Normal mCurrentBlur: 0 mLauncher.getDepthBlurTargets(): [com.android.launcher3.Workspace{c04cee1 V.ED..... ........ 0,0-1440,3216 #7f0a054d app:id/workspace aid=1073741834}, com.android.launcher3.Hotseat{176cc63 V.ED..... ........ 0,2667-1440,3216 #7f0a0241 app:id/hotseat aid=1073741899}]
1791670156.836 10312  5415  5415 V BaseDepthController: Applying blur: 0 to Surface(name=VRI-com.android.launcher3/com.android.launcher3.uioverrides.QuickstepLauncher#4965)/@0xf5059f2 applyImmediately: false
1791670156.836 10312  5415  5415 D BaseDepthController: shouldBlurWorkspace: false targetState: Normal currentStableState: Normal mCurrentBlur: 0 mLauncher.getDepthBlurTargets(): [com.android.launcher3.Workspace{c04cee1 V.ED..... ........ 0,0-1440,3216 #7f0a054d app:id/workspace aid=1073741834}, com.android.launcher3.Hotseat{176cc63 V.ED..... ........ 0,2667-1440,3216 #7f0a0241 app:id/hotseat aid=1073741899}]
1791670156.848 10531 17229 17229 I AppLaunchTracker: [main] Granular phase APP_DEPENDENCY_INJECTION completed. Interval(startNanos=1791670156813000000ns, durationNanos=35000000ns)
1791670156.853 10312  5415  5415 V BaseDepthController: Applying blur: 0 to Surface(name=VRI-com.android.launcher3/com.android.launcher3.uioverrides.QuickstepLauncher#4965)/@0xf5059f2 applyImmediately: false
1791670156.853 10312  5415  5415 D BaseDepthController: shouldBlurWorkspace: false targetState: Normal currentStableState: Normal mCurrentBlur: 0 mLauncher.getDepthBlurTargets(): [com.android.launcher3.Workspace{c04cee1 V.ED..... ........ 0,0-1440,3216 #7f0a054d app:id/workspace aid=1073741834}, com.android.launcher3.Hotseat{176cc63 V.ED..... ........ 0,2667-1440,3216 #7f0a0241 app:id/hotseat aid=1073741899}]
1791670156.855 10531 17229 17229 I AppLaunchTracker: [main] Custom granular phase linkedInPrefsName-SharedPreferences completed. Interval(startNanos=1791670156854000000ns, durationNanos=1000000ns)
1791670156.859  root 11925 17192 W adbd    : timed out while waiting for FUNCTIONFS_BIND, trying again
1791670156.859  root 11925 17192 I adbd    : UsbFfs: connection terminated: monitor thread finished
1791670156.861 10312  5415  5415 V BaseDepthController: Applying blur: 0 to Surface(name=VRI-com.android.launcher3/com.android.launcher3.uioverrides.QuickstepLauncher#4965)/@0xf5059f2 applyImmediately: false
1791670156.862 10312  5415  5415 D BaseDepthController: shouldBlurWorkspace: false targetState: Normal currentStableState: Normal mCurrentBlur: 0 mLauncher.getDepthBlurTargets(): [com.android.launcher3.Workspace{c04cee1 V.ED..... ........ 0,0-1440,3216 #7f0a054d app:id/workspace aid=1073741834}, com.android.launcher3.Hotseat{176cc63 V.ED..... ........ 0,2667-1440,3216 #7f0a0241 app:id/hotseat aid=1073741899}]
1791670156.864 10531 17229 17229 I AppLaunchTracker: [main] Custom granular phase provideMetricsSensor completed. Interval(startNanos=1791670156864000000ns, durationNanos=0ns)
1791670156.872 10531 17229 17229 I AppLaunchTracker: [main] Custom granular phase provideTracker completed. Interval(startNanos=1791670156866000000ns, durationNanos=6000000ns)
1791670156.872 10312  5415  5415 V BaseDepthController: Applying blur: 0 to Surface(name=VRI-com.android.launcher3/com.android.launcher3.uioverrides.QuickstepLauncher#4965)/@0xf5059f2 applyImmediately: false
1791670156.872 10312  5415  5415 D BaseDepthController: shouldBlurWorkspace: false targetState: Normal currentStableState: Normal mCurrentBlur: 0 mLauncher.getDepthBlurTargets(): [com.android.launcher3.Workspace{c04cee1 V.ED..... ........ 0,0-1440,3216 #7f0a054d app:id/workspace aid=1073741834}, com.android.launcher3.Hotseat{176cc63 V.ED..... ........ 0,2667-1440,3216 #7f0a0241 app:id/hotseat aid=1073741899}]
1791670156.879 10531 17229 17229 I AppLaunchTracker: [main] Custom granular phase auth completed. Interval(startNanos=1791670156872000000ns, durationNanos=7000000ns)
1791670156.880 10531 17229 17229 I LixCacheFactory: [main] Using pre-warmed cache for type 1
1791670156.880 10531 17229 17229 I LixCacheManager: [main] Sync init Lix cache (pre-warmed), type=1, isPersistentCache=true
1791670156.884  1000  4337  6601 D BiometricService: canAuthenticate: User=0, Caller=0, Authenticators=33023
1791670156.885  1000  4337  6601 D BiometricService/PreAuthInfo: Package: com.linkedin.android Sensor ID: 1008 Modality: 8 User id: 0 Status: 4
1791670156.885  1000  4337  6601 D BiometricService/PreAuthInfo: Package: com.linkedin.android Sensor ID: 0 Modality: 2 User id: 0 Status: 1
1791670156.885  1000  4337  6601 D BiometricService/PreAuthInfo: getCanAuthenticateInternal Modality: 2 AuthenticatorStatus: 1
1791670156.885  1000  4337  6601 D AuthService: canAuthenticate, userId: 0, callingUserId: 0, authenticators: 33023, result: 0
1791670156.887 10312  5415  5415 V BaseDepthController: Applying blur: 0 to Surface(name=VRI-com.android.launcher3/com.android.launcher3.uioverrides.QuickstepLauncher#4965)/@0xf5059f2 applyImmediately: false
1791670156.887 10312  5415  5415 D BaseDepthController: shouldBlurWorkspace: false targetState: Normal currentStableState: Normal mCurrentBlur: 0 mLauncher.getDepthBlurTargets(): [com.android.launcher3.Workspace{c04cee1 V.ED..... ........ 0,0-1440,3216 #7f0a054d app:id/workspace aid=1073741834}, com.android.launcher3.Hotseat{176cc63 V.ED..... ........ 0,2667-1440,3216 #7f0a0241 app:id/hotseat aid=1073741899}]
1791670156.892 10444  8158  8158 I susfs   : [10444][8158][susfs_is_inode_sus_path] hiding path with ino '0'
1791670156.892 10444  8158  8158 I susfs   : [10444][8158][susfs_is_inode_sus_path] hiding path with ino '0'
1791670156.892 10444  8158  8158 I susfs   : [10444][8158][susfs_is_inode_sus_path] hiding path with ino '0'
1791670156.892 10444  8158  8158 I susfs   : [10444][8158][susfs_is_inode_sus_path] hiding path with ino '0'
1791670156.892 10444  8158  8158 I susfs   : [10444][8158][susfs_is_inode_sus_path] hiding path with ino '0'
1791670156.892 10444  8158  8158 I susfs   : [10444][8158][susfs_is_inode_sus_path] hiding path with ino '0'
1791670156.892 10444  8158  8158 I susfs   : [10444][8158][susfs_is_inode_sus_path] hiding path with ino '0'
1791670156.892 10444  8158  8158 I susfs   : [10444][8158][susfs_is_inode_sus_path] hiding path with ino '0'
1791670156.892 10444  8158  8158 I susfs   : [10444][8158][susfs_is_inode_sus_path] hiding path with ino '0'
1791670156.893 10444  8158  8158 I susfs   : [10444][8158][susfs_is_inode_sus_path] hiding path with ino '0'
1791670156.893 10444  8158  8158 I susfs   : [10444][8158][susfs_is_inode_sus_path] hiding path with ino '0'
1791670156.893 10444  8158  8158 I susfs   : [10444][8158][susfs_is_inode_sus_path] hiding path with ino '0'
1791670156.893 10444  8158  8158 I susfs   : [10444][8158][susfs_is_inode_sus_path] hiding path with ino '0'
1791670156.893 10444  8158  8158 I susfs   : [10444][8158][susfs_is_inode_sus_path] hiding path with ino '0'
1791670156.893 10444  8158  8158 I susfs   : [10444][8158][susfs_is_inode_sus_path] hiding path with ino '0'
1791670156.893 10444  8158  8158 I susfs   : [10444][8158][susfs_is_inode_sus_path] hiding path with ino '0'
1791670156.893 10444  8158  8158 I susfs   : [10444][8158][susfs_is_inode_sus_path] hiding path with ino '0'
1791670156.893 10444  8158  8158 I susfs   : [10444][8158][susfs_is_inode_sus_path] hiding path with ino '0'
1791670156.893 10444  8158  8158 I susfs   : [10444][8158][susfs_is_inode_sus_path] hiding path with ino '0'
1791670156.893 10444  8158  8158 I susfs   : [10444][8158][susfs_is_inode_sus_path] hiding path with ino '0'
1791670156.893 10444  8158  8158 I susfs   : [10444][8158][susfs_is_inode_sus_path] hiding path with ino '0'
1791670156.893 10444  8158  8158 I susfs   : [10444][8158][susfs_is_inode_sus_path] hiding path with ino '0'
1791670156.893 10444  8158  8158 I susfs   : [10444][8158][susfs_is_inode_sus_path] hiding path with ino '0'
1791670156.893 10444  8158  8158 I susfs   : [10444][8158][susfs_is_inode_sus_path] hiding path with ino '0'
1791670156.893 10444  8158  8158 I susfs   : [10444][8158][susfs_is_inode_sus_path] hiding path with ino '0'
1791670156.893 10444  8158  8158 I susfs   : [10444][8158][susfs_is_inode_sus_path] hiding path with ino '0'
1791670156.894 10444  8158  8158 I susfs   : [10444][8158][susfs_is_inode_sus_path] hiding path with ino '0'
1791670156.894 10444  8158  8158 I susfs   : [10444][8158][susfs_is_inode_sus_path] hiding path with ino '0'
1791670156.894 10444  8158  8158 I susfs   : [10444][8158][susfs_is_inode_sus_path] hiding path with ino '0'
1791670156.894 10444  8158  8158 I susfs   : [10444][8158][susfs_is_inode_sus_path] hiding path with ino '0'
1791670156.891 10444  7726  9519 I NotifySyncService_7726_9519: handle message  MSG_NOTIFY_ADD_TIMEOUT  mNotifyDataList size1 ids: 8
1791670156.892 10444  7726  9519 I NotifySyncService_7726_9519: isNeedRemoveNotify notificationNotEnabled: id = 8
1791670156.892 10444  7726  9519 I NotifySyncService_7726_9519: postNotifications list size:0
1791670156.894 10444  7726  8158 W System.err: java.io.IOException: No such file or directory
1791670156.894 10444  7726  8158 W System.err: 	at java.io.UnixFileSystem.createFileExclusively0(Native Method)
1791670156.894 10444  7726  8158 W System.err: 	at java.io.UnixFileSystem.createFileExclusively(UnixFileSystem.java:373)
1791670156.894 10444  7726  8158 W System.err: 	at java.io.File.createNewFile(File.java:1022)
1791670156.894 10444  7726  8158 W System.err: 	at epa$e.f(SourceFile:42)
1791670156.894 10444  7726  8158 W System.err: 	at epa.f(SourceFile:66)
1791670156.894 10444  7726  8158 W System.err: 	at epa.b(SourceFile:0)
1791670156.894 10444  7726  8158 W System.err: 	at epa$d.run(SourceFile:20)
1791670156.894 10444  7726  8158 W System.err: 	at java.lang.Thread.run(Thread.java:1572)
1791670156.895  1000  4337  4385 W ActivityTaskManager: Activity top resumed state loss timeout for ActivityRecord{263110576 u0 com.oplus.camera/.Camera t932 f} isExiting}
1791670156.895 10531 17229 17383 D LixCacheManager: [FlagshipScheduledExecutor-1] waitTillReady, type=1, isPersistentCache=true
1791670156.895 10531 17229 17229 D LixCacheManager: [main] waitTillReady, type=1, isPersistentCache=true
1791670156.897 10444  7726  8158 W System.err: java.io.IOException: No such file or directory
1791670156.897 10444  7726  8158 W System.err: 	at java.io.UnixFileSystem.createFileExclusively0(Native Method)
1791670156.897 10444  7726  8158 W System.err: 	at java.io.UnixFileSystem.createFileExclusively(UnixFileSystem.java:373)
1791670156.897 10444  7726  8158 W System.err: 	at java.io.File.createNewFile(File.java:1022)
1791670156.897 10444  7726  8158 W System.err: 	at epa$e.f(SourceFile:42)
1791670156.897 10444  7726  8158 W System.err: 	at epa.f(SourceFile:66)
1791670156.897 10444  7726  8158 W System.err: 	at epa.b(SourceFile:0)
1791670156.897 10444  7726  8158 W System.err: 	at epa$d.run(SourceFile:20)
1791670156.897 10444  7726  8158 W System.err: 	at java.lang.Thread.run(Thread.java:1572)
1791670156.900  1000  4337  4525 D ConnectivityService: requestNetwork for uid/pid:10531/17229 activeRequest: null callbackRequest: 1397 [NetworkRequest [ REQUEST id=1398, [ Capabilities: INTERNET&NOT_RESTRICTED&TRUSTED&NOT_VCN_MANAGED&NOT_BANDWIDTH_CONSTRAINED Uid: 10531 RequestorUid: 10531 RequestorPkg: com.linkedin.android UnderlyingNetworks: Null] ]] callback flags: 0 order: 2147483647 isUidTracked: false declaredMethods: AVAIL|LOST|NC|LP
1791670156.895 10444  8158  8158 I susfs   : [10444][8158][susfs_is_inode_sus_path] hiding path with ino '0'
1791670156.895 10444  8158  8158 I susfs   : [10444][8158][susfs_is_inode_sus_path] hiding path with ino '0'
1791670156.901 10444  7726  8158 W System.err: java.io.IOException: No such file or directory
1791670156.901 10444  7726  8158 W System.err: 	at java.io.UnixFileSystem.createFileExclusively0(Native Method)
1791670156.901 10444  7726  8158 W System.err: 	at java.io.UnixFileSystem.createFileExclusively(UnixFileSystem.java:373)
1791670156.901  1000  4337  4525 D CompatChangeReporter: Compat change id reported: 349487600; UID 10531; state: ENABLED
1791670156.901 10444  7726  8158 W System.err: 	at java.io.File.createNewFile(File.java:1022)
1791670156.901 10444  7726  8158 W System.err: 	at epa$e.f(SourceFile:42)
1791670156.901 10444  7726  8158 W System.err: 	at epa.f(SourceFile:66)
1791670156.901 10444  7726  8158 W System.err: 	at epa.b(SourceFile:0)
1791670156.901 10444  7726  8158 W System.err: 	at epa$d.run(SourceFile:20)
1791670156.901 10444  7726  8158 W System.err: 	at java.lang.Thread.run(Thread.java:1572)
1791670156.895 10444  8158  8158 I susfs   : [10444][8158][susfs_is_inode_sus_path] hiding path with ino '0'
1791670156.895 10444  8158  8158 I susfs   : [10444][8158][susfs_is_inode_sus_path] hiding path with ino '0'
1791670156.895 10444  8158  8158 I susfs   : [10444][8158][susfs_is_inode_sus_path] hiding path with ino '0'
1791670156.896 10444  8158  8158 I susfs   : [10444][8158][susfs_is_inode_sus_path] hiding path with ino '0'
1791670156.896 10444  8158  8158 I susfs   : [10444][8158][susfs_is_inode_sus_path] hiding path with ino '0'
1791670156.896 10444  8158  8158 I susfs   : [10444][8158][susfs_is_inode_sus_path] hiding path with ino '0'
1791670156.896 10444  8158  8158 I susfs   : [10444][8158][susfs_is_inode_sus_path] hiding path with ino '0'
1791670156.896 10444  8158  8158 I susfs   : [10444][8158][susfs_is_inode_sus_path] hiding path with ino '0'
1791670156.896 10444  8158  8158 I susfs   : [10444][8158][susfs_is_inode_sus_path] hiding path with ino '0'
1791670156.896 10444  8158  8158 I susfs   : [10444][8158][susfs_is_inode_sus_path] hiding path with ino '0'
1791670156.896 10444  8158  8158 I susfs   : [10444][8158][susfs_is_inode_sus_path] hiding path with ino '0'
1791670156.896 10444  8158  8158 I susfs   : [10444][8158][susfs_is_inode_sus_path] hiding path with ino '0'
1791670156.896 10444  8158  8158 I susfs   : [10444][8158][susfs_is_inode_sus_path] hiding path with ino '0'
1791670156.896 10444  8158  8158 I susfs   : [10444][8158][susfs_is_inode_sus_path] hiding path with ino '0'
1791670156.897 10444  8158  8158 I susfs   : [10444][8158][susfs_is_inode_sus_path] hiding path with ino '0'
1791670156.897 10444  8158  8158 I susfs   : [10444][8158][susfs_is_inode_sus_path] hiding path with ino '0'
1791670156.897 10444  8158  8158 I susfs   : [10444][8158][susfs_is_inode_sus_path] hiding path with ino '0'
1791670156.897 10444  8158  8158 I susfs   : [10444][8158][susfs_is_inode_sus_path] hiding path with ino '0'
1791670156.897 10444  8158  8158 I susfs   : [10444][8158][susfs_is_inode_sus_path] hiding path with ino '0'
1791670156.897 10444  8158  8158 I susfs   : [10444][8158][susfs_is_inode_sus_path] hiding path with ino '0'
1791670156.897 10444  8158  8158 I susfs   : [10444][8158][susfs_is_inode_sus_path] hiding path with ino '0'
1791670156.897 10444  8158  8158 I susfs   : [10444][8158][susfs_is_inode_sus_path] hiding path with ino '0'
1791670156.897 10444  8158  8158 I susfs   : [10444][8158][susfs_is_inode_sus_path] hiding path with ino '0'
1791670156.898 10444  8158  8158 I susfs   : [10444][8158][susfs_is_inode_sus_path] hiding path with ino '0'
1791670156.898 10444  8158  8158 I susfs   : [10444][8158][susfs_is_inode_sus_path] hiding path with ino '0'
1791670156.898 10444  8158  8158 I susfs   : [10444][8158][susfs_is_inode_sus_path] hiding path with ino '0'
1791670156.898 10444  8158  8158 I susfs   : [10444][8158][susfs_is_inode_sus_path] hiding path with ino '0'
1791670156.898 10444  8158  8158 I susfs   : [10444][8158][susfs_is_inode_sus_path] hiding path with ino '0'
1791670156.898 10444  8158  8158 I susfs   : [10444][8158][susfs_is_inode_sus_path] hiding path with ino '0'
1791670156.898 10444  8158  8158 I susfs   : [10444][8158][susfs_is_inode_sus_path] hiding path with ino '0'
1791670156.898 10444  8158  8158 I susfs   : [10444][8158][susfs_is_inode_sus_path] hiding path with ino '0'
1791670156.898 10444  8158  8158 I susfs   : [10444][8158][susfs_is_inode_sus_path] hiding path with ino '0'
1791670156.898 10444  8158  8158 I susfs   : [10444][8158][susfs_is_inode_sus_path] hiding path with ino '0'
1791670156.898 10444  8158  8158 I susfs   : [10444][8158][susfs_is_inode_sus_path] hiding path with ino '0'
1791670156.898 10444  8158  8158 I susfs   : [10444][8158][susfs_is_inode_sus_path] hiding path with ino '0'
1791670156.898 10444  8158  8158 I susfs   : [10444][8158][susfs_is_inode_sus_path] hiding path with ino '0'
1791670156.898 10444  8158  8158 I susfs   : [10444][8158][susfs_is_inode_sus_path] hiding path with ino '0'
1791670156.898 10444  8158  8158 I susfs   : [10444][8158][susfs_is_inode_sus_path] hiding path with ino '0'
1791670156.898 10444  8158  8158 I susfs   : [10444][8158][susfs_is_inode_sus_path] hiding path with ino '0'
1791670156.898 10444  8158  8158 I susfs   : [10444][8158][susfs_is_inode_sus_path] hiding path with ino '0'
1791670156.898 10444  8158  8158 I susfs   : [10444][8158][susfs_is_inode_sus_path] hiding path with ino '0'
1791670156.898 10444  8158  8158 I susfs   : [10444][8158][susfs_is_inode_sus_path] hiding path with ino '0'
1791670156.898 10444  8158  8158 I susfs   : [10444][8158][susfs_is_inode_sus_path] hiding path with ino '0'
1791670156.898 10444  8158  8158 I susfs   : [10444][8158][susfs_is_inode_sus_path] hiding path with ino '0'
1791670156.901 10444  8158  8158 I susfs   : [10444][8158][susfs_is_inode_sus_path] hiding path with ino '0'
1791670156.901 10444  8158  8158 I susfs   : [10444][8158][susfs_is_inode_sus_path] hiding path with ino '0'
1791670156.903  root 11938 11938 I         : read descriptors
1791670156.903  root 11938 11938 I         : read strings
1791670156.903 10312  5415  5415 V BaseDepthController: Applying blur: 0 to Surface(name=VRI-com.android.launcher3/com.android.launcher3.uioverrides.QuickstepLauncher#4965)/@0xf5059f2 applyImmediately: false
1791670156.903 10312  5415  5415 D BaseDepthController: shouldBlurWorkspace: false targetState: Normal currentStableState: Normal mCurrentBlur: 0 mLauncher.getDepthBlurTargets(): [com.android.launcher3.Workspace{c04cee1 V.ED..... ........ 0,0-1440,3216 #7f0a054d app:id/workspace aid=1073741834}, com.android.launcher3.Hotseat{176cc63 V.ED..... ........ 0,2667-1440,3216 #7f0a0241 app:id/hotseat aid=1073741899}]
1791670156.903  root 11925 11938 I adbd    : opening control endpoint /dev/usb-ffs/adb/ep0
1791670156.906  1000  4337  4574 D WifiNetworkFactory: got request NetworkRequest [ REQUEST id=1398, [ Capabilities: INTERNET&NOT_RESTRICTED&TRUSTED&NOT_VCN_MANAGED&NOT_BANDWIDTH_CONSTRAINED Uid: 10531 RequestorUid: 10531 RequestorPkg: com.linkedin.android UnderlyingNetworks: Null] ]
1791670156.908  1000  4337  4574 D UntrustedWifiNetworkFactory: got request NetworkRequest [ REQUEST id=1398, [ Capabilities: INTERNET&NOT_RESTRICTED&TRUSTED&NOT_VCN_MANAGED&NOT_BANDWIDTH_CONSTRAINED Uid: 10531 RequestorUid: 10531 RequestorPkg: com.linkedin.android UnderlyingNetworks: Null] ]
1791670156.911 10531 17229 17420 D nativeloader: Load /data/app/~~eQMLTc-ZJAa9rcG-PLL8Vw==/com.linkedin.android-7ySieQIxbNP5Qihk2MXprQ==/lib/arm64/libcronet.151.0.7922.47.so using class loader ns clns-9 (caller=/data/app/~~eQMLTc-ZJAa9rcG-PLL8Vw==/com.linkedin.android-7ySieQIxbNP5Qihk2MXprQ==/base.apk!classes7.dex): ok
1791670156.912  1000  4337  4574 D OemPaidWifiNetworkFactory: got request NetworkRequest [ REQUEST id=1398, [ Capabilities: INTERNET&NOT_RESTRICTED&TRUSTED&NOT_VCN_MANAGED&NOT_BANDWIDTH_CONSTRAINED Uid: 10531 RequestorUid: 10531 RequestorPkg: com.linkedin.android UnderlyingNetworks: Null] ]
1791670156.913  1000  4337  4574 D MultiInternetWifiNetworkFactory: got request NetworkRequest [ REQUEST id=1398, [ Capabilities: INTERNET&NOT_RESTRICTED&TRUSTED&NOT_VCN_MANAGED&NOT_BANDWIDTH_CONSTRAINED Uid: 10531 RequestorUid: 10531 RequestorPkg: com.linkedin.android UnderlyingNetworks: Null] ]
1791670156.914 10531 17229 17229 D LixCacheManager: [main] waitTillReady, type=1, isPersistentCache=true
1791670156.914 10531 17229 17229 D LixCacheManager: [main] waitTillReady, type=1, isPersistentCache=true
1791670156.915 10531 17229 17229 D LixCacheManager: [main] waitTillReady, type=1, isPersistentCache=true
1791670156.915 10531 17229 17229 D LixCacheManager: [main] waitTillReady, type=1, isPersistentCache=true
1791670156.915 10531 17229 17229 D LixCacheManager: [main] waitTillReady, type=1, isPersistentCache=true
1791670156.915 10531 17229 17229 D LixCacheManager: [main] waitTillReady, type=1, isPersistentCache=true
1791670156.915 10531 17229 17229 D LixCacheManager: [main] waitTillReady, type=1, isPersistentCache=true
1791670156.915  1000  4337  4582 D ConnectivityService: NetReassign [1398 : null → 100] [c 0] [a 1] [i 12]
1791670156.915 10531 17229 17229 D LixCacheManager: [main] waitTillReady, type=1, isPersistentCache=true
1791670156.915 10531 17229 17229 D LixCacheManager: [main] waitTillReady, type=1, isPersistentCache=true
1791670156.915 10531 17229 17229 D LixCacheManager: [main] waitTillReady, type=1, isPersistentCache=true
1791670156.915 10531 17229 17229 D LixCacheManager: [main] waitTillReady, type=1, isPersistentCache=true
1791670156.915 10531 17229 17229 D LixCacheManager: [main] waitTillReady, type=1, isPersistentCache=true
1791670156.915 10531 17229 17229 D LixCacheManager: [main] waitTillReady, type=1, isPersistentCache=true
1791670156.915 10531 17229 17229 D LixCacheManager: [main] waitTillReady, type=1, isPersistentCache=true
1791670156.916 10531 17229 17229 D LixCacheManager: [main] waitTillReady, type=1, isPersistentCache=true
1791670156.916 10531 17229 17229 D LixCacheManager: [main] waitTillReady, type=1, isPersistentCache=true
1791670156.916 10531 17229 17229 D LixCacheManager: [main] waitTillReady, type=1, isPersistentCache=true
1791670156.916 10531 17229 17229 D LixCacheManager: [main] waitTillReady, type=1, isPersistentCache=true
1791670156.917 10531 17229 17229 I AppLaunchTracker: [main] Custom granular phase authenticatedLixManager_registerWithLixManager completed. Interval(startNanos=1791670156894000000ns, durationNanos=23000000ns)
1791670156.924 10312  5415  5415 V BaseDepthController: Applying blur: 0 to Surface(name=VRI-com.android.launcher3/com.android.launcher3.uioverrides.QuickstepLauncher#4965)/@0xf5059f2 applyImmediately: false
1791670156.924 10312  5415  5415 D BaseDepthController: shouldBlurWorkspace: false targetState: Normal currentStableState: Normal mCurrentBlur: 0 mLauncher.getDepthBlurTargets(): [com.android.launcher3.Workspace{c04cee1 V.ED..... ........ 0,0-1440,3216 #7f0a054d app:id/workspace aid=1073741834}, com.android.launcher3.Hotseat{176cc63 V.ED..... ........ 0,2667-1440,3216 #7f0a0241 app:id/hotseat aid=1073741899}]
1791670156.930  1000  4337  4582 D ConnectivityService: NetReassign [no changes] [c 1] [a 3] [i 11]
1791670156.937 10531 17229 17229 W DaggerCameraPipeCompone: [main] Cannot set the application tracking stack multiple times. Skipping assignment.
1791670156.937 10531 17229 17229 D GlobalSequence: [main] Global Sequence already initialized. Ignoring
1791670156.940  1000  4337  6596 D FileUtils: Rounded bytes from 11796553728 to 16000000000
1791670156.941 10531 17229 17229 D LixCacheManager: [main] waitTillReady, type=1, isPersistentCache=true
1791670156.941 10531 17229 17229 D LixCacheManager: [main] waitTillReady, type=1, isPersistentCache=true
1791670156.941 10531 17229 17229 D LixCacheManager: [main] waitTillReady, type=1, isPersistentCache=true
1791670156.944 10531 17229 17383 D RUMClient: [FlagshipScheduledExecutor-1] Supplying network quality metrics from perf.commons.network.NetworkMonitor
1791670156.946 10312  5415  5415 V BaseDepthController: Applying blur: 0 to Surface(name=VRI-com.android.launcher3/com.android.launcher3.uioverrides.QuickstepLauncher#4965)/@0xf5059f2 applyImmediately: false
1791670156.946 10312  5415  5415 D BaseDepthController: shouldBlurWorkspace: false targetState: Normal currentStableState: Normal mCurrentBlur: 0 mLauncher.getDepthBlurTargets(): [com.android.launcher3.Workspace{c04cee1 V.ED..... ........ 0,0-1440,3216 #7f0a054d app:id/workspace aid=1073741834}, com.android.launcher3.Hotseat{176cc63 V.ED..... ........ 0,2667-1440,3216 #7f0a0241 app:id/hotseat aid=1073741899}]
1791670156.948 10280  5540 17430 I DropBoxUtil: (REDACTED) Reading dropbox entry with tag %s and timestamp %d
1791670156.957 10280  5540 17430 I DropBoxUtil: (REDACTED) Reading dropbox entry with tag %s and timestamp %d
1791670156.958  1000  4337  4337 W AccessibilityManagerService:  wait for adding window timeout: 15
1791670156.958 10531 17229 17433 D DesktopExperienceFlags: Toggle override initialized to: false
1791670156.960 10531 17229 17420 I cn_CronetLibraryLoader: Cronet version: 151.0.7922.47, arch: aarch64
1791670156.963 10531 17229 17229 I LixCacheFactory: [main] Using pre-warmed cache for type 0
1791670156.963 10531 17229 17229 I LixCacheManager: [main] Sync init Lix cache (pre-warmed), type=0, isPersistentCache=true
1791670156.969 10345  5754  5754 W LocaleConfig: The resource file pointed to by the given resource ID isn't found.
1791670156.970 10312  5415  5415 V BaseDepthController: Applying blur: 0 to Surface(name=VRI-com.android.launcher3/com.android.launcher3.uioverrides.QuickstepLauncher#4965)/@0xf5059f2 applyImmediately: false
1791670156.970 10312  5415  5415 D BaseDepthController: setEarlyWakeup: false
1791670156.970 10312  5415  5415 D BaseDepthController: shouldBlurWorkspace: false targetState: Normal currentStableState: Normal mCurrentBlur: 0 mLauncher.getDepthBlurTargets(): [com.android.launcher3.Workspace{c04cee1 V.ED..... ........ 0,0-1440,3216 #7f0a054d app:id/workspace aid=1073741834}, com.android.launcher3.Hotseat{176cc63 V.ED..... ........ 0,2667-1440,3216 #7f0a0241 app:id/hotseat aid=1073741899}]
1791670156.970 10303  4915  4915 W LocaleConfig: The resource file pointed to by the given resource ID isn't found.
1791670156.971 10531 17229 17383 D RUMClient: [FlagshipScheduledExecutor-1] Supplying network quality metrics from perf.commons.network.NetworkMonitor
1791670156.972 10531 17229 17436 D RUMClient: [MetricsWrapperSerializer-1] Supplying network quality metrics from perf.commons.network.NetworkMonitor
1791670156.974 10531 17229 17383 D RUMClient: [FlagshipScheduledExecutor-1] Supplying network quality metrics from perf.commons.network.NetworkMonitor
1791670156.979 10531 17229 17383 D RUMClient: [FlagshipScheduledExecutor-1] Supplying network quality metrics from perf.commons.network.NetworkMonitor
1791670156.980 10444  7726  9519 I NotifySyncService_7726_9519: MSG_NOTIFY_POSTED
1791670156.980 10444  7726  9519 I NotifySyncService_7726_9519: onNotificationPosted Id:0 key:0|com.f0x1d.logfox|0|0|com.f0x1d.logfox|g:Aggregate_AlertingSection|10761|0|com.f0x1d.logfox|g:Aggregate_AlertingSection PackageName:com.f0x1d.logfox IsOngoing:true PostTime:1791670156696 currentDeviceModel.connected: true
1791670156.980 10444  7726  9519 I NotifySyncService_7726_9519: onNotificationPosted Id:0 , appName : LogFox
1791670156.980 10444  7726  9519 I NotifySyncService_7726_9519: isFlagNoClearNotification flag = 1794
1791670156.980 10444  7726  9519 I NotifySyncService_7726_9519:  isOngoing = true isIncomingCall = false
1791670156.981 10444  7726  8820 I NotifyLogUtils_7726_8820: isIgnoringBatteryOptimizations true
1791670156.981 10444  7726  8158 W System.err: java.io.IOException: No such file or directory
1791670156.981 10444  7726  8158 W System.err: 	at java.io.UnixFileSystem.createFileExclusively0(Native Method)
1791670156.981 10444  7726  8158 W System.err: 	at java.io.UnixFileSystem.createFileExclusively(UnixFileSystem.java:373)
1791670156.981 10444  7726  8158 W System.err: 	at java.io.File.createNewFile(File.java:1022)
1791670156.981 10444  7726  8158 W System.err: 	at epa$e.f(SourceFile:42)
1791670156.981 10444  7726  8158 W System.err: 	at epa.f(SourceFile:66)
1791670156.981 10444  7726  8158 W System.err: 	at epa.b(SourceFile:0)
1791670156.981 10444  7726  8158 W System.err: 	at epa$d.run(SourceFile:20)
1791670156.981 10444  7726  8158 W System.err: 	at java.lang.Thread.run(Thread.java:1572)
1791670156.980 10444  8158  8158 I susfs   : [10444][8158][susfs_is_inode_sus_path] hiding path with ino '0'
1791670156.981 10444  7726  8158 W System.err: java.io.IOException: No such file or directory
1791670156.980 10444  8158  8158 I susfs   : [10444][8158][susfs_is_inode_sus_path] hiding path with ino '0'
1791670156.981 10444  7726  8158 W System.err: 	at java.io.UnixFileSystem.createFileExclusively0(Native Method)
1791670156.981 10444  7726  8158 W System.err: 	at java.io.UnixFileSystem.createFileExclusively(UnixFileSystem.java:373)
1791670156.981 10444  7726  8158 W System.err: 	at java.io.File.createNewFile(File.java:1022)
1791670156.981 10444  7726  8158 W System.err: 	at epa$e.f(SourceFile:42)
1791670156.981 10444  7726  8158 W System.err: 	at epa.f(SourceFile:66)
1791670156.981 10444  7726  8158 W System.err: 	at epa.b(SourceFile:0)
1791670156.981 10444  7726  8158 W System.err: 	at epa$d.run(SourceFile:20)
1791670156.981 10444  7726  8158 W System.err: 	at java.lang.Thread.run(Thread.java:1572)
1791670156.980 10444  8158  8158 I susfs   : [10444][8158][susfs_is_inode_sus_path] hiding path with ino '0'
1791670156.980 10444  8158  8158 I susfs   : [10444][8158][susfs_is_inode_sus_path] hiding path with ino '0'
1791670156.980 10444  8158  8158 I susfs   : [10444][8158][susfs_is_inode_sus_path] hiding path with ino '0'
1791670156.982 10444  7726  8158 W System.err: 	at java.io.UnixFileSystem.createFileExclusively0(Native Method)
1791670156.982 10444  7726  8158 W System.err: 	at java.io.UnixFileSystem.createFileExclusively(UnixFileSystem.java:373)
1791670156.982 10444  7726  8158 W System.err: 	at java.io.File.createNewFile(File.java:1022)
1791670156.982 10444  7726  8158 W System.err: 	at epa$e.f(SourceFile:42)
1791670156.982 10444  7726  8158 W System.err: 	at epa.f(SourceFile:66)
1791670156.982 10444  7726  8158 W System.err: 	at epa.b(SourceFile:0)
1791670156.982 10444  7726  8158 W System.err: 	at epa$d.run(SourceFile:20)
1791670156.982 10444  7726  8158 W System.err: 	at java.lang.Thread.run(Thread.java:1572)
1791670156.982 10444  7726  8158 W System.err: java.io.IOException: No such file or directory
1791670156.982 10444  7726  8158 W System.err: 	at java.io.UnixFileSystem.createFileExclusively0(Native Method)
1791670156.982 10444  7726  8158 W System.err: 	at java.io.UnixFileSystem.createFileExclusively(UnixFileSystem.java:373)
1791670156.982 10444  7726  8158 W System.err: 	at java.io.File.createNewFile(File.java:1022)
1791670156.982 10444  7726  8158 W System.err: 	at epa$e.f(SourceFile:42)
1791670156.982 10444  7726  8158 W System.err: 	at epa.f(SourceFile:66)
1791670156.982 10444  7726  8158 W System.err: 	at epa.b(SourceFile:0)
1791670156.982 10444  7726  8158 W System.err: 	at epa$d.run(SourceFile:20)
1791670156.982 10444  7726  8158 W System.err: 	at java.lang.Thread.run(Thread.java:1572)
1791670156.983 10444  7726  8158 W System.err: java.io.IOException: No such file or directory
1791670156.983 10444  7726  8158 W System.err: 	at java.io.UnixFileSystem.createFileExclusively0(Native Method)
1791670156.983 10444  7726  8158 W System.err: 	at java.io.UnixFileSystem.createFileExclusively(UnixFileSystem.java:373)
1791670156.983 10444  7726  8158 W System.err: 	at java.io.File.createNewFile(File.java:1022)
1791670156.983 10444  7726  8158 W System.err: 	at epa$e.f(SourceFile:42)
1791670156.983 10444  7726  8158 W System.err: 	at epa.f(SourceFile:66)
1791670156.983 10444  7726  8158 W System.err: 	at epa.b(SourceFile:0)
1791670156.983 10444  7726  8158 W System.err: 	at epa$d.run(SourceFile:20)
1791670156.983 10444  7726  8158 W System.err: 	at java.lang.Thread.run(Thread.java:1572)
1791670156.983 10444  7726  8158 W System.err: java.io.IOException: No such file or directory
1791670156.983 10444  7726  8158 W System.err: 	at java.io.UnixFileSystem.createFileExclusively0(Native Method)
1791670156.983 10444  7726  8158 W System.err: 	at java.io.UnixFileSystem.createFileExclusively(UnixFileSystem.java:373)
1791670156.983 10444  7726  8158 W System.err: 	at java.io.File.createNewFile(File.java:1022)
1791670156.983 10444  7726  8158 W System.err: 	at epa$e.f(SourceFile:42)
1791670156.983 10444  7726  8158 W System.err: 	at epa.f(SourceFile:66)
1791670156.983 10444  7726  8158 W System.err: 	at epa.b(SourceFile:0)
1791670156.983 10444  7726  8158 W System.err: 	at epa$d.run(SourceFile:20)
1791670156.980 10444  8158  8158 I susfs   : [10444][8158][susfs_is_inode_sus_path] hiding path with ino '0'
1791670156.980 10444  8158  8158 I susfs   : [10444][8158][susfs_is_inode_sus_path] hiding path with ino '0'
1791670156.980 10444  8158  8158 I susfs   : [10444][8158][susfs_is_inode_sus_path] hiding path with ino '0'
1791670156.980 10444  8158  8158 I susfs   : [10444][8158][susfs_is_inode_sus_path] hiding path with ino '0'
1791670156.980 10444  8158  8158 I susfs   : [10444][8158][susfs_is_inode_sus_path] hiding path with ino '0'
1791670156.980 10444  8158  8158 I susfs   : [10444][8158][susfs_is_inode_sus_path] hiding path with ino '0'
1791670156.980 10444  8158  8158 I susfs   : [10444][8158][susfs_is_inode_sus_path] hiding path with ino '0'
1791670156.980 10444  8158  8158 I susfs   : [10444][8158][susfs_is_inode_sus_path] hiding path with ino '0'
1791670156.980 10444  8158  8158 I susfs   : [10444][8158][susfs_is_inode_sus_path] hiding path with ino '0'
1791670156.980 10444  8158  8158 I susfs   : [10444][8158][susfs_is_inode_sus_path] hiding path with ino '0'
1791670156.980 10444  8158  8158 I susfs   : [10444][8158][susfs_is_inode_sus_path] hiding path with ino '0'
1791670156.981 10444  8158  8158 I susfs   : [10444][8158][susfs_is_inode_sus_path] hiding path with ino '0'
1791670156.981 10444  8158  8158 I susfs   : [10444][8158][susfs_is_inode_sus_path] hiding path with ino '0'
1791670156.981 10444  8158  8158 I susfs   : [10444][8158][susfs_is_inode_sus_path] hiding path with ino '0'
1791670156.981 10444  8158  8158 I susfs   : [10444][8158][susfs_is_inode_sus_path] hiding path with ino '0'
1791670156.981 10444  8158  8158 I susfs   : [10444][8158][susfs_is_inode_sus_path] hiding path with ino '0'
1791670156.981 10444  8158  8158 I susfs   : [10444][8158][susfs_is_inode_sus_path] hiding path with ino '0'
1791670156.981 10444  8158  8158 I susfs   : [10444][8158][susfs_is_inode_sus_path] hiding path with ino '0'
1791670156.981 10444  8158  8158 I susfs   : [10444][8158][susfs_is_inode_sus_path] hiding path with ino '0'
1791670156.981 10444  8158  8158 I susfs   : [10444][8158][susfs_is_inode_sus_path] hiding path with ino '0'
1791670156.981 10444  8158  8158 I susfs   : [10444][8158][susfs_is_inode_sus_path] hiding path with ino '0'
1791670156.981 10444  8158  8158 I susfs   : [10444][8158][susfs_is_inode_sus_path] hiding path with ino '0'
1791670156.981 10444  8158  8158 I susfs   : [10444][8158][susfs_is_inode_sus_path] hiding path with ino '0'
1791670156.981 10444  8158  8158 I susfs   : [10444][8158][susfs_is_inode_sus_path] hiding path with ino '0'
1791670156.981 10444  8158  8158 I susfs   : [10444][8158][susfs_is_inode_sus_path] hiding path with ino '0'
1791670156.981 10444  8158  8158 I susfs   : [10444][8158][susfs_is_inode_sus_path] hiding path with ino '0'
1791670156.981 10444  8158  8158 I susfs   : [10444][8158][susfs_is_inode_sus_path] hiding path with ino '0'
1791670156.981 10444  8158  8158 I susfs   : [10444][8158][susfs_is_inode_sus_path] hiding path with ino '0'
1791670156.981 10444  8158  8158 I susfs   : [10444][8158][susfs_is_inode_sus_path] hiding path with ino '0'
1791670156.981 10444  8158  8158 I susfs   : [10444][8158][susfs_is_inode_sus_path] hiding path with ino '0'
1791670156.981 10444  8158  8158 I susfs   : [10444][8158][susfs_is_inode_sus_path] hiding path with ino '0'
1791670156.981 10444  8158  8158 I susfs   : [10444][8158][susfs_is_inode_sus_path] hiding path with ino '0'
1791670156.981 10444  8158  8158 I susfs   : [10444][8158][susfs_is_inode_sus_path] hiding path with ino '0'
1791670156.981 10444  8158  8158 I susfs   : [10444][8158][susfs_is_inode_sus_path] hiding path with ino '0'
1791670156.981 10444  8158  8158 I susfs   : [10444][8158][susfs_is_inode_sus_path] hiding path with ino '0'
1791670156.981 10444  8158  8158 I susfs   : [10444][8158][susfs_is_inode_sus_path] hiding path with ino '0'
1791670156.981 10444  8158  8158 I susfs   : [10444][8158][susfs_is_inode_sus_path] hiding path with ino '0'
1791670156.981 10444  8158  8158 I susfs   : [10444][8158][susfs_is_inode_sus_path] hiding path with ino '0'
1791670156.981 10444  8158  8158 I susfs   : [10444][8158][susfs_is_inode_sus_path] hiding path with ino '0'
1791670156.981 10444  8158  8158 I susfs   : [10444][8158][susfs_is_inode_sus_path] hiding path with ino '0'
1791670156.981 10444  8158  8158 I susfs   : [10444][8158][susfs_is_inode_sus_path] hiding path with ino '0'
1791670156.984 10531 17229 17383 D RUMClient: [FlagshipScheduledExecutor-1] Supplying network quality metrics from perf.commons.network.NetworkMonitor
1791670156.986 10531 17229 17383 D RUMClient: [FlagshipScheduledExecutor-1] Supplying network quality metrics from perf.commons.network.NetworkMonitor
1791670156.986 10531 17229 17383 D RUMClient: [FlagshipScheduledExecutor-1] Supplying network quality metrics from perf.commons.network.NetworkMonitor
1791670156.986 10531 17229 17383 D RUMClient: [FlagshipScheduledExecutor-1] Supplying network quality metrics from perf.commons.network.NetworkMonitor
1791670156.986 10531 17229 17383 D RUMClient: [FlagshipScheduledExecutor-1] Supplying network quality metrics from perf.commons.network.NetworkMonitor
1791670156.986 10531 17229 17383 D RUMClient: [FlagshipScheduledExecutor-1] Supplying network quality metrics from perf.commons.network.NetworkMonitor
1791670156.986 10531 17229 17383 D LixCacheManager: [FlagshipScheduledExecutor-1] waitTillReady, type=0, isPersistentCache=true
1791670156.987 10531 17229 17229 I AppLaunchTracker: [main] Custom granular phase guestLixManager_registerWithLixManager completed. Interval(startNanos=1791670156985000000ns, durationNanos=2000000ns)
1791670156.989 10531 17229 17435 D LixCacheManager: [Network-3] waitTillReady, type=1, isPersistentCache=true
1791670156.991 10531 17229 17427 I LMDBLRUCache: [LMDBCache-Writer (flagship-disk-cache-lmdb)] Entry init duration: 52ms
1791670156.991  1000  4337  6601 W ActivityManager: Skipping manifest association check for null package. SourceUid: -1, SourcePkg: null, TargetUid: 10531, TargetPkg: com.linkedin.android
1791670156.991  1000  4337  4391 W ActivityManager: Skipping manifest association check for null package. SourceUid: -1, SourcePkg: null, TargetUid: 10531, TargetPkg: com.linkedin.android
1791670156.991  1000  4337  4391 W ActivityManager: Skipping manifest association check for null package. SourceUid: -1, SourcePkg: null, TargetUid: 10531, TargetPkg: com.linkedin.android
1791670156.991 10303  4915  5469 W AsyncRowInflater: Failed to inflate resource in the background! Retrying on the UI thread
1791670156.991 10303  4915  5469 W AsyncRowInflater: android.view.InflateException: Binary XML file line #19 in com.android.systemui:layout/status_bar_notification_row: should be called from the main thread. sMainLooper.threadName=main Thread.currentThread()=NotifInflation
1791670156.991 10303  4915  5469 W AsyncRowInflater: Caused by: java.lang.IllegalStateException: should be called from the main thread. sMainLooper.threadName=main Thread.currentThread()=NotifInflation
1791670156.991 10303  4915  5469 W AsyncRowInflater: 	at com.android.systemui.util.Assert$$ExternalSyntheticBUOutline0.m(go/retraceme 28439c5fda74c23409abdc1e4f815f97c5b2cc073ab68a9eb796a2cb5693c4b9:20)
1791670156.991 10303  4915  5469 W AsyncRowInflater: 	at com.android.systemui.util.Assert.isMainThread(go/retraceme 28439c5fda74c23409abdc1e4f815f97c5b2cc073ab68a9eb796a2cb5693c4b9:39)
1791670156.991 10303  4915  5469 W AsyncRowInflater: 	at com.android.systemui.statusbar.notification.row.NotificationBackgroundView.setBlurBackgroundEnabled(go/retraceme 28439c5fda74c23409abdc1e4f815f97c5b2cc073ab68a9eb796a2cb5693c4b9:0)
1791670156.991 10303  4915  5469 W AsyncRowInflater: 	at com.android.systemui.statusbar.notification.row.ActivatableNotificationView.onFinishInflate(go/retraceme 28439c5fda74c23409abdc1e4f815f97c5b2cc073ab68a9eb796a2cb5693c4b9:47)
1791670156.991 10303  4915  5469 W AsyncRowInflater: 	at com.android.systemui.statusbar.notification.row.ExpandableNotificationRow.onFinishInflate(go/retraceme 28439c5fda74c23409abdc1e4f815f97c5b2cc073ab68a9eb796a2cb5693c4b9:0)
1791670156.991 10303  4915  5469 W AsyncRowInflater: 	at android.view.LayoutInflater.rInflate(LayoutInflater.java:1069)
1791670156.991 10303  4915  5469 W AsyncRowInflater: 	at android.view.LayoutInflater.rInflateChildren(LayoutInflater.java:1016)
1791670156.991 10303  4915  5469 W AsyncRowInflater: 	at android.view.LayoutInflater.inflate(LayoutInflater.java:601)
1791670156.991 10303  4915  5469 W AsyncRowInflater: 	at android.view.LayoutInflater.inflate(LayoutInflater.java:492)
1791670156.991 10303  4915  5469 W AsyncRowInflater: 	at com.android.systemui.statusbar.notification.row.AsyncRowInflater$inflate$1.invokeSuspend(go/retraceme 28439c5fda74c23409abdc1e4f815f97c5b2cc073ab68a9eb796a2cb5693c4b9:57)
1791670156.991 10303  4915  5469 W AsyncRowInflater: 	at kotlin.coroutines.jvm.internal.BaseContinuationImpl.resumeWith(go/retraceme 28439c5fda74c23409abdc1e4f815f97c5b2cc073ab68a9eb796a2cb5693c4b9:7)
1791670156.991 10303  4915  5469 W AsyncRowInflater: 	at kotlinx.coroutines.DispatchedTask.run(go/retraceme 28439c5fda74c23409abdc1e4f815f97c5b2cc073ab68a9eb796a2cb5693c4b9:111)
1791670156.991 10303  4915  5469 W AsyncRowInflater: 	at android.os.Handler.handleCallback(Handler.java:1095)
1791670156.991 10303  4915  5469 W AsyncRowInflater: 	at android.os.Handler.dispatchMessageImpl(Handler.java:135)
1791670156.991 10303  4915  5469 W AsyncRowInflater: 	at android.os.Handler.dispatchMessage(Handler.java:125)
1791670156.991 10303  4915  5469 W AsyncRowInflater: 	at android.os.Looper.loopOnce(Looper.java:296)
1791670156.991 10303  4915  5469 W AsyncRowInflater: 	at android.os.Looper.loop(Looper.java:397)
1791670156.991 10303  4915  5469 W AsyncRowInflater: 	at android.os.HandlerThread.run(HandlerThread.java:139)
1791670156.992 10531 17229 17433 W chromium: [1011/010916.990190:WARNING:net/dns/dns_config_service_android.cc:69] Failed to read DnsConfig.
1791670156.981 10444  8158  8158 I susfs   : [10444][8158][susfs_is_inode_sus_path] hiding path with ino '0'
1791670156.981 10444  8158  8158 I susfs   : [10444][8158][susfs_is_inode_sus_path] hiding path with ino '0'
1791670156.981 10444  8158  8158 I susfs   : [10444][8158][susfs_is_inode_sus_path] hiding path with ino '0'
1791670156.981 10444  8158  8158 I susfs   : [10444][8158][susfs_is_inode_sus_path] hiding path with ino '0'
1791670156.981 10444  8158  8158 I susfs   : [10444][8158][susfs_is_inode_sus_path] hiding path with ino '0'
1791670156.981 10444  8158  8158 I susfs   : [10444][8158][susfs_is_inode_sus_path] hiding path with ino '0'
1791670156.981 10444  8158  8158 I susfs   : [10444][8158][susfs_is_inode_sus_path] hiding path with ino '0'
1791670156.981 10444  8158  8158 I susfs   : [10444][8158][susfs_is_inode_sus_path] hiding path with ino '0'
1791670156.981 10444  8158  8158 I susfs   : [10444][8158][susfs_is_inode_sus_path] hiding path with ino '0'
1791670156.981 10444  8158  8158 I susfs   : [10444][8158][susfs_is_inode_sus_path] hiding path with ino '0'
1791670156.981 10444  8158  8158 I susfs   : [10444][8158][susfs_is_inode_sus_path] hiding path with ino '0'
1791670156.981 10444  8158  8158 I susfs   : [10444][8158][susfs_is_inode_sus_path] hiding path with ino '0'
1791670156.981 10444  8158  8158 I susfs   : [10444][8158][susfs_is_inode_sus_path] hiding path with ino '0'
1791670156.981 10444  8158  8158 I susfs   : [10444][8158][susfs_is_inode_sus_path] hiding path with ino '0'
1791670156.981 10444  8158  8158 I susfs   : [10444][8158][susfs_is_inode_sus_path] hiding path with ino '0'
1791670156.981 10444  8158  8158 I susfs   : [10444][8158][susfs_is_inode_sus_path] hiding path with ino '0'
1791670156.981 10444  8158  8158 I susfs   : [10444][8158][susfs_is_inode_sus_path] hiding path with ino '0'
1791670156.981 10444  8158  8158 I susfs   : [10444][8158][susfs_is_inode_sus_path] hiding path with ino '0'
1791670156.981 10444  8158  8158 I susfs   : [10444][8158][susfs_is_inode_sus_path] hiding path with ino '0'
1791670156.981 10444  8158  8158 I susfs   : [10444][8158][susfs_is_inode_sus_path] hiding path with ino '0'
1791670156.982 10444  8158  8158 I susfs   : [10444][8158][susfs_is_inode_sus_path] hiding path with ino '0'
1791670156.982 10444  8158  8158 I susfs   : [10444][8158][susfs_is_inode_sus_path] hiding path with ino '0'
1791670156.982 10444  8158  8158 I susfs   : [10444][8158][susfs_is_inode_sus_path] hiding path with ino '0'
1791670156.982 10444  8158  8158 I susfs   : [10444][8158][susfs_is_inode_sus_path] hiding path with ino '0'
1791670156.982 10444  8158  8158 I susfs   : [10444][8158][susfs_is_inode_sus_path] hiding path with ino '0'
1791670156.982 10444  8158  8158 I susfs   : [10444][8158][susfs_is_inode_sus_path] hiding path with ino '0'
1791670156.982 10444  8158  8158 I susfs   : [10444][8158][susfs_is_inode_sus_path] hiding path with ino '0'
1791670156.982 10444  8158  8158 I susfs   : [10444][8158][susfs_is_inode_sus_path] hiding path with ino '0'
1791670156.982 10444  8158  8158 I susfs   : [10444][8158][susfs_is_inode_sus_path] hiding path with ino '0'
1791670156.982 10444  8158  8158 I susfs   : [10444][8158][susfs_is_inode_sus_path] hiding path with ino '0'
1791670156.982 10444  8158  8158 I susfs   : [10444][8158][susfs_is_inode_sus_path] hiding path with ino '0'
1791670156.982 10444  8158  8158 I susfs   : [10444][8158][susfs_is_inode_sus_path] hiding path with ino '0'
1791670156.982 10444  8158  8158 I susfs   : [10444][8158][susfs_is_inode_sus_path] hiding path with ino '0'
1791670156.982 10444  8158  8158 I susfs   : [10444][8158][susfs_is_inode_sus_path] hiding path with ino '0'
1791670156.982 10444  8158  8158 I susfs   : [10444][8158][susfs_is_inode_sus_path] hiding path with ino '0'
1791670156.982 10444  8158  8158 I susfs   : [10444][8158][susfs_is_inode_sus_path] hiding path with ino '0'
1791670156.982 10444  8158  8158 I susfs   : [10444][8158][susfs_is_inode_sus_path] hiding path with ino '0'
1791670156.982 10444  8158  8158 I susfs   : [10444][8158][susfs_is_inode_sus_path] hiding path with ino '0'
1791670156.982 10444  8158  8158 I susfs   : [10444][8158][susfs_is_inode_sus_path] hiding path with ino '0'
1791670156.982 10444  8158  8158 I susfs   : [10444][8158][susfs_is_inode_sus_path] hiding path with ino '0'
1791670156.982 10444  8158  8158 I susfs   : [10444][8158][susfs_is_inode_sus_path] hiding path with ino '0'
1791670156.982 10444  8158  8158 I susfs   : [10444][8158][susfs_is_inode_sus_path] hiding path with ino '0'
1791670156.982 10444  8158  8158 I susfs   : [10444][8158][susfs_is_inode_sus_path] hiding path with ino '0'
1791670156.982 10444  8158  8158 I susfs   : [10444][8158][susfs_is_inode_sus_path] hiding path with ino '0'
1791670156.982 10444  8158  8158 I susfs   : [10444][8158][susfs_is_inode_sus_path] hiding path with ino '0'
1791670156.982 10444  8158  8158 I susfs   : [10444][8158][susfs_is_inode_sus_path] hiding path with ino '0'
1791670156.982 10444  8158  8158 I susfs   : [10444][8158][susfs_is_inode_sus_path] hiding path with ino '0'
1791670156.982 10444  8158  8158 I susfs   : [10444][8158][susfs_is_inode_sus_path] hiding path with ino '0'
1791670156.982 10444  8158  8158 I susfs   : [10444][8158][susfs_is_inode_sus_path] hiding path with ino '0'
1791670156.982 10444  8158  8158 I susfs   : [10444][8158][susfs_is_inode_sus_path] hiding path with ino '0'
1791670156.997 10531 17229 17229 D LixCacheManager: [main] waitTillReady, type=1, isPersistentCache=true
1791670156.982 10444  8158  8158 I susfs   : [10444][8158][susfs_is_inode_sus_path] hiding path with ino '0'
1791670156.998 10531 17229 17229 D LixCacheManager: [main] waitTillReady, type=1, isPersistentCache=true
1791670156.982 10444  8158  8158 I susfs   : [10444][8158][susfs_is_inode_sus_path] hiding path with ino '0'
1791670156.982 10444  8158  8158 I susfs   : [10444][8158][susfs_is_inode_sus_path] hiding path with ino '0'
1791670156.982 10444  8158  8158 I susfs   : [10444][8158][susfs_is_inode_sus_path] hiding path with ino '0'
1791670156.982 10444  8158  8158 I susfs   : [10444][8158][susfs_is_inode_sus_path] hiding path with ino '0'
1791670156.982 10444  8158  8158 I susfs   : [10444][8158][susfs_is_inode_sus_path] hiding path with ino '0'
1791670156.982 10444  8158  8158 I susfs   : [10444][8158][susfs_is_inode_sus_path] hiding path with ino '0'
1791670156.982 10444  8158  8158 I susfs   : [10444][8158][susfs_is_inode_sus_path] hiding path with ino '0'
1791670156.982 10444  8158  8158 I susfs   : [10444][8158][susfs_is_inode_sus_path] hiding path with ino '0'
1791670156.982 10444  8158  8158 I susfs   : [10444][8158][susfs_is_inode_sus_path] hiding path with ino '0'
1791670156.982 10444  8158  8158 I susfs   : [10444][8158][susfs_is_inode_sus_path] hiding path with ino '0'
1791670156.982 10444  8158  8158 I susfs   : [10444][8158][susfs_is_inode_sus_path] hiding path with ino '0'
1791670156.982 10444  8158  8158 I susfs   : [10444][8158][susfs_is_inode_sus_path] hiding path with ino '0'
1791670156.982 10444  8158  8158 I susfs   : [10444][8158][susfs_is_inode_sus_path] hiding path with ino '0'
1791670156.982 10444  8158  8158 I susfs   : [10444][8158][susfs_is_inode_sus_path] hiding path with ino '0'
1791670156.982 10444  8158  8158 I susfs   : [10444][8158][susfs_is_inode_sus_path] hiding path with ino '0'
1791670156.982 10444  8158  8158 I susfs   : [10444][8158][susfs_is_inode_sus_path] hiding path with ino '0'
1791670156.982 10444  8158  8158 I susfs   : [10444][8158][susfs_is_inode_sus_path] hiding path with ino '0'
1791670156.982 10444  8158  8158 I susfs   : [10444][8158][susfs_is_inode_sus_path] hiding path with ino '0'
1791670156.982 10444  8158  8158 I susfs   : [10444][8158][susfs_is_inode_sus_path] hiding path with ino '0'
1791670156.983 10444  8158  8158 I susfs   : [10444][8158][susfs_is_inode_sus_path] hiding path with ino '0'
1791670156.983 10444  8158  8158 I susfs   : [10444][8158][susfs_is_inode_sus_path] hiding path with ino '0'
1791670156.983 10444  8158  8158 I susfs   : [10444][8158][susfs_is_inode_sus_path] hiding path with ino '0'
1791670156.983 10444  8158  8158 I susfs   : [10444][8158][susfs_is_inode_sus_path] hiding path with ino '0'
1791670156.983 10444  8158  8158 I susfs   : [10444][8158][susfs_is_inode_sus_path] hiding path with ino '0'
1791670156.983 10444  8158  8158 I susfs   : [10444][8158][susfs_is_inode_sus_path] hiding path with ino '0'
1791670156.983 10444  8158  8158 I susfs   : [10444][8158][susfs_is_inode_sus_path] hiding path with ino '0'
1791670156.983 10444  8158  8158 I susfs   : [10444][8158][susfs_is_inode_sus_path] hiding path with ino '0'
1791670156.983 10444  8158  8158 I susfs   : [10444][8158][susfs_is_inode_sus_path] hiding path with ino '0'
1791670156.983 10444  8158  8158 I susfs   : [10444][8158][susfs_is_inode_sus_path] hiding path with ino '0'
1791670156.983 10444  8158  8158 I susfs   : [10444][8158][susfs_is_inode_sus_path] hiding path with ino '0'
1791670156.983 10444  8158  8158 I susfs   : [10444][8158][susfs_is_inode_sus_path] hiding path with ino '0'
1791670156.983 10444  8158  8158 I susfs   : [10444][8158][susfs_is_inode_sus_path] hiding path with ino '0'
1791670156.983 10444  8158  8158 I susfs   : [10444][8158][susfs_is_inode_sus_path] hiding path with ino '0'
1791670156.983 10444  8158  8158 I susfs   : [10444][8158][susfs_is_inode_sus_path] hiding path with ino '0'
1791670156.983 10444  8158  8158 I susfs   : [10444][8158][susfs_is_inode_sus_path] hiding path with ino '0'
1791670156.983 10444  8158  8158 I susfs   : [10444][8158][susfs_is_inode_sus_path] hiding path with ino '0'
1791670156.983 10444  8158  8158 I susfs   : [10444][8158][susfs_is_inode_sus_path] hiding path with ino '0'
1791670156.983 10444  8158  8158 I susfs   : [10444][8158][susfs_is_inode_sus_path] hiding path with ino '0'
1791670156.983 10444  8158  8158 I susfs   : [10444][8158][susfs_is_inode_sus_path] hiding path with ino '0'
1791670156.983 10444  8158  8158 I susfs   : [10444][8158][susfs_is_inode_sus_path] hiding path with ino '0'
1791670156.983 10444  8158  8158 I susfs   : [10444][8158][susfs_is_inode_sus_path] hiding path with ino '0'
1791670156.983 10444  8158  8158 I susfs   : [10444][8158][susfs_is_inode_sus_path] hiding path with ino '0'
1791670156.983 10444  8158  8158 I susfs   : [10444][8158][susfs_is_inode_sus_path] hiding path with ino '0'
1791670156.999 10303  4915  5469 W LocaleConfig: The resource file pointed to by the given resource ID isn't found.
1791670156.983 10444  8158  8158 I susfs   : [10444][8158][susfs_is_inode_sus_path] hiding path with ino '0'
1791670156.983 10444  8158  8158 I susfs   : [10444][8158][susfs_is_inode_sus_path] hiding path with ino '0'
1791670156.983 10444  8158  8158 I susfs   : [10444][8158][susfs_is_inode_sus_path] hiding path with ino '0'
1791670156.983 10444  8158  8158 I susfs   : [10444][8158][susfs_is_inode_sus_path] hiding path with ino '0'
1791670156.983 10444  8158  8158 I susfs   : [10444][8158][susfs_is_inode_sus_path] hiding path with ino '0'
1791670156.983 10444  8158  8158 I susfs   : [10444][8158][susfs_is_inode_sus_path] hiding path with ino '0'
1791670156.983 10444  8158  8158 I susfs   : [10444][8158][susfs_is_inode_sus_path] hiding path with ino '0'
1791670156.983 10444  8158  8158 I susfs   : [10444][8158][susfs_is_inode_sus_path] hiding path with ino '0'
1791670156.983 10444  8158  8158 I susfs   : [10444][8158][susfs_is_inode_sus_path] hiding path with ino '0'
1791670156.983 10444  8158  8158 I susfs   : [10444][8158][susfs_is_inode_sus_path] hiding path with ino '0'
1791670156.983 10444  8158  8158 I susfs   : [10444][8158][susfs_is_inode_sus_path] hiding path with ino '0'
1791670156.983 10444  8158  8158 I susfs   : [10444][8158][susfs_is_inode_sus_path] hiding path with ino '0'
1791670156.983 10444  8158  8158 I susfs   : [10444][8158][susfs_is_inode_sus_path] hiding path with ino '0'
1791670156.983 10444  8158  8158 I susfs   : [10444][8158][susfs_is_inode_sus_path] hiding path with ino '0'
1791670156.983 10444  8158  8158 I susfs   : [10444][8158][susfs_is_inode_sus_path] hiding path with ino '0'
1791670156.983 10444  8158  8158 I susfs   : [10444][8158][susfs_is_inode_sus_path] hiding path with ino '0'
1791670157.003 10531 17229 17442 W ThreadPoolExecutor: [ConnectionMonitor-1] ConnectionStateChangedListener added to ConnectionMonitor, but ConnectionMonitor has not been started.
1791670157.005 10531 17229 17229 I AppLaunchTracker: [main] Custom granular phase homeSharedPreferences-SharedPreferences completed. Interval(startNanos=1791670157004000000ns, durationNanos=1000000ns)
1791670157.008 10531 17229 17229 D LixCacheManager: [main] waitTillReady, type=1, isPersistentCache=true
1791670157.013 10531 17229 17229 D LixCacheManager: [main] waitTillReady, type=1, isPersistentCache=true
1791670157.013 10531 17229 17229 D LixCacheManager: [main] waitTillReady, type=1, isPersistentCache=true
1791670157.014 10531 17229 17383 D RUMClient: [FlagshipScheduledExecutor-1] Supplying network quality metrics from perf.commons.network.NetworkMonitor
1791670157.014 10531 17229 17229 D AppLaunchRateLimiter: [main] shouldLimitAppLaunchNetworkCalls: S600
1791670157.014 10531 17229 17229 D InfraAppLaunchOnAppProc: [main] onAppProcessStarted(): shouldLimitNetworkCalls=false
1791670157.014 10531 17229 17229 D LixCacheManager: [main] waitTillReady, type=1, isPersistentCache=true
1791670157.014 10531 17229 17229 D LixCacheManager: [main] waitTillReady, type=1, isPersistentCache=true
1791670157.015 10531 17229 17229 D LixCacheManager: [main] waitTillReady, type=1, isPersistentCache=true
1791670157.015 10531 17229 17229 D LixCacheManager: [main] waitTillReady, type=1, isPersistentCache=true
1791670157.015 10531 17229 17229 D LixCacheManager: [main] waitTillReady, type=1, isPersistentCache=true
1791670157.016 10531 17229 17229 D LixCacheManager: [main] waitTillReady, type=1, isPersistentCache=true
1791670157.020 10531 17229 17229 D LixCacheManager: [main] waitTillReady, type=1, isPersistentCache=true
1791670157.036 10531 17229 17229 D WM-PackageManagerHelper: Skipping component enablement for androidx.work.impl.background.systemjob.SystemJobService
1791670157.036 10531 17229 17229 D WM-Schedulers: Created SystemJobScheduler and enabled SystemJobService
1791670157.037 10531 17229 17451 D WM-ForceStopRunnable: The default process name was not specified.
1791670157.040 10531 17229 17451 D WM-ForceStopRunnable: Performing cleanup operations.
1791670157.044 10531 17229 17433 W chromium: [1011/010917.044508:WARNING:net/dns/dns_config_service_android.cc:69] Failed to read DnsConfig.
1791670157.047 10531 17229 17229 D EventBus: No subscribers registered for event class com.google.mlkit.vision.text.zzd
1791670157.047 10531 17229 17229 D EventBus: No subscribers registered for event class org.greenrobot.eventbus.NoSubscriberEvent
1791670157.052 10660  7469  7469 D ToastAccService: Not a toast, ignore
1791670157.054 10312  5415  5415 D ScalingWorkspaceRevealAnim: onAnimationEnd, workspace and hotseat are visible
1791670157.055 10312  5415  5415 V BaseDepthController: Applying blur: 0 to Surface(name=VRI-com.android.launcher3/com.android.launcher3.uioverrides.QuickstepLauncher#4965)/@0xf5059f2 applyImmediately: false
1791670157.055 10312  5415  5415 D BaseDepthController: shouldBlurWorkspace: false targetState: Normal currentStableState: Normal mCurrentBlur: 0 mLauncher.getDepthBlurTargets(): [com.android.launcher3.Workspace{c04cee1 V.ED..... ......ID 0,0-1440,3216 #7f0a054d app:id/workspace aid=1073741834}, com.android.launcher3.Hotseat{176cc63 V.ED..... ......ID 0,2667-1440,3216 #7f0a0241 app:id/hotseat aid=1073741899}]
1791670157.055 10303  4915  6114 V WindowManagerShell: Received remote transition finished callback for (#315)
1791670157.056 10303  4915  5301 V WindowManagerShell: Transition animation finished (aborted=false), notifying core (#315) android.os.BinderProxy@8048b9c@0
1791670157.063  1000  4337  4382 V WindowManager: Finish Transition (#315): created at 10-11 01:09:16.394 collect-started=0.031ms request-sent=0.195ms started=4.693ms ready=66.446ms sent=129.041ms commit=21.121ms finished=668.244ms
1791670157.063  1000  4337  6576 W ActivityManager: pid 4337 system sent binder code 7 with flags 1 and got error -32
1791670157.064  1000  4337  6576 W WindowManager: Exception thrown during dispatchAppVisibility Window{c8dec2c u0 com.oplus.camera/com.oplus.camera.Camera EXITING}
1791670157.064  1000  4337  6576 W WindowManager: android.os.DeadObjectException
1791670157.064  1000  4337  6576 W WindowManager: 	at android.os.BinderProxy.transactNative(Native Method)
1791670157.064  1000  4337  6576 W WindowManager: 	at android.os.BinderProxy.transact(BinderProxy.java:626)
1791670157.064  1000  4337  6576 W WindowManager: 	at android.view.IWindow$Stub$Proxy.dispatchAppVisibility(IWindow.java:602)
1791670157.064  1000  4337  6576 W WindowManager: 	at com.android.server.wm.WindowState.sendAppVisibilityToClients(WindowState.java:3397)
1791670157.064  1000  4337  6576 W WindowManager: 	at com.android.server.wm.WindowContainer.sendAppVisibilityToClients(WindowContainer.java:1250)
1791670157.064  1000  4337  6576 W WindowManager: 	at com.android.server.wm.WindowToken.setClientVisible(WindowToken.java:392)
1791670157.064  1000  4337  6576 W WindowManager: 	at com.android.server.wm.ActivityRecord.commitVisibility(ActivityRecord.java:5665)
1791670157.064  1000  4337  6576 W WindowManager: 	at com.android.server.wm.Transition.finishTransition(Transition.java:1629)
1791670157.064  1000  4337  6576 W WindowManager: 	at com.android.server.wm.TransitionController.finishTransition(TransitionController.java:1220)
1791670157.064  1000  4337  6576 W WindowManager: 	at com.android.server.wm.WindowOrganizerController.finishTransition(WindowOrganizerController.java:533)
1791670157.064  1000  4337  6576 W WindowManager: 	at android.window.IWindowOrganizerController$Stub.onTransact(IWindowOrganizerController.java:265)
1791670157.064  1000  4337  6576 W WindowManager: 	at com.android.server.wm.WindowOrganizerController.onTransact(WindowOrganizerController.java:239)
1791670157.064  1000  4337  6576 W WindowManager: 	at android.os.Binder.execTransactInternal(Binder.java:1364)
1791670157.064  1000  4337  6576 W WindowManager: 	at android.os.Binder.execTransact(Binder.java:1323)
1791670157.064  1000  4337  6576 W Process : Unable to open /proc/16870/status
1791670157.063  1000  6576  6576 I binder  : 4337:6576 transaction failed 29189/-22, size 68-0 line 3153
1791670157.067  1000  1659  1659 E QTI PowerHAL: Failed to acquire lock.
1791670157.067  1000  1659  1659 E QTI PowerHAL: Failed process_boost for boost_handle
1791670157.073 10303  4915  5301 V WindowManagerShell: Track 0 became idle
1791670157.073 10303  4915  5301 V WindowManagerShell: All active transition animations finished
1791670157.076 10312  5415  5415 D RecentsView: onTaskRemoved: 932, not handling task stack changes
1791670157.077 10312  5415  5415 D RecentsView: onTaskRemoved: 932, not handling task stack changes
1791670157.077 10303  4915  5301 V ShellTaskOrganizer: Task vanished taskId=932
1791670157.077 10303  4915  5301 V ShellTaskOrganizer: Fullscreen Task Vanished: #932
1791670157.077 10303  4915  5301 V ShellDesktopMode: Task Vanished: #932 closed=true
1791670157.077 10303  4915  5301 D ShellPackageUpdate: PackageUpdateController: Removing handlePackageUpdate for task: 932
1791670157.079  1000  4337  6576 E WindowOrganizerController: Attempting to externally change a non-organized container: Task{def6e29 #932 type=standard A=10551:com.oplus.camera}={handlePackageUpdate:false,} playercount=2 taskorg=android.window.ITaskOrganizer$Stub$Proxy@819e586
1791670157.079 10303  4915  5301 V RecentTasksController: Notify recent tasks changed
1791670157.079 10303  4915  5301 D ShellDesktopMode: AppToWebRepository: Task 932 is vanishing. Removing task data from repository
1791670157.079 10303  4915  5301 V AppCompat: SingleSurfaceLetterboxController: []
1791670157.079 10303  4915  5301 V AppCompat: MultiSurfaceLetterboxController: []
1791670157.079 10303  4915  5301 V AppCompat: LetterboxInputController: []
1791670157.079 10303  4915  5301 V AppCompat: RoundedCornersLetterboxController: {}
1791670157.079 10312  5415  5415 D RecentTasksList: invalidateLoadedTasks - previous requestLoadId: -1
1791670157.081 10303  4915  4915 W TouchableRegionManager: onHeadsUpPinnedModeChanged
1791670157.083 10303  4915  4915 D WindowOnBackDispatcher: setTopOnBackInvokedCallback (unwrapped): com.android.systemui.back.domain.interactor.BackActionInteractor$callback$2@9ce00ea
1791670157.085  1000  4337  6601 D CoreBackPreview: Window{36d4d2e u0 NotificationShade}: Setting back callback OnBackInvokedCallbackInfo{mCallback=android.window.IOnBackInvokedCallback$Stub$Proxy@86e2432, mPriority=0, mIsAnimationCallback=false, mOverrideBehavior=0}
1791670157.089  1000  1753  1753 E BpTransactionCompletedListener: Failed to transact (-32)
1791670157.089  1000  1753  1753 E BpTransactionCompletedListener: Failed to transact (-32)
1791670157.089  1000  1753  1753 E BpTransactionCompletedListener: Failed to transact (-32)
1791670157.090 10531 17229 17454 W JobInfo : Job 'com.linkedin.android/.notifications.push.RegistrationJobIntentServiceImpl#-1173897311' has a deadline with no functional constraints. The deadline won't improve job execution latency. Consider removing the deadline.
1791670157.090  1000  4337  6601 W JobInfo : Job 'com.linkedin.android/.notifications.push.RegistrationJobIntentServiceImpl#-1173897311' has a deadline with no functional constraints. The deadline won't improve job execution latency. Consider removing the deadline.
1791670157.093  1000  4337  4663 I Surface : Creating surface for consumer unnamed-4337-115 with slotExpansion=1 for 64 slots
1791670157.093  1000  4337  4663 I Surface : Creating surface for consumer ImageReader-1440x3216f1m1-4337-109 with slotExpansion=1 for 64 slots
1791670157.094  1000  4337  4663 W ImageReader_JNI: Unable to acquire a buffer item, very likely client tried to acquire more than maxImages buffers
1791670157.108  root  6836  7966 V BinderSender: Uid 10531 already starts
1791670157.110  1000  4337  4502 W JobServiceContext: Sending onNetworkChanged for a job that isn't started. JobStatus{c748cc3 androidx.work.systemjobscheduler:u0a531/-2147483585 #RestProxyWorker#@androidx.work.systemjobscheduler@com.linkedin.android/androidx.work.impl.background.systemjob.SystemJobService u=0 s=10531 TIME=-1s452ms:none NET READY}
1791670157.111  1000  4337  4502 W JobServiceContext: Sending onNetworkChanged for a job that isn't started. JobStatus{6ee8e5f androidx.work.systemjobscheduler:u0a531/-2147483589 #SendTrackingEventWorker#@androidx.work.systemjobscheduler@com.linkedin.android/androidx.work.impl.background.systemjob.SystemJobService u=0 s=10531 TIME=-2s108ms:none NET READY}
1791670157.113 10531 17229 17229 I Choreographer: Skipped 36 frames!  The application may be doing too much work on its main thread.
1791670157.117  1000  4337  6601 D WindowManager: setClientSurface Surface(name=VRI-NotificationShade#83)/@0x6f2a0a9 for 36d4d2e NotificationShade
1791670157.117 10303  4915  4915 I Surface : Creating surface for consumer unnamed-4915-272 with slotExpansion=1 for 64 slots
1791670157.117 10303  4915  4915 I Surface : Creating surface for consumer VRI[NotificationShade]#256(BLAST Consumer)256 with slotExpansion=1 for 64 slots
1791670157.136  1000  4337  4663 E ConsumerBase: [ImageReader-1440x3216f1m1-4337-109] abandonLocked: ConsumerBase is abandoned!
1791670157.143  1000  4337  6576 D ConnectivityService: Returning UNBLOCKED NetworkInfo to uid=10531
1791670157.149 10303  4915  4915 D DeviceEntryIconViewBinder: Initializing device entry fgIconView
1791670157.151 10303  4915 16871 E FrameEvents: addRelease: Did not find frame.
1791670157.164 10531 17229 17229 D WM-SystemJobService: onStartJob for WorkGenerationalId(workSpecId=08e64781-0908-4fdc-81ce-7bca9843e7f3, generation=236)
1791670157.165 10531 17229 17229 D WM-SystemJobService: onStartJob for WorkGenerationalId(workSpecId=8ec106b2-e11d-434e-8d21-ead39b408a1e, generation=0)
1791670157.194  1000  4337  6601 D SystemServerTiming: getUserSwitchability-0
1791670157.194  1000  4337  6601 D SystemServerTiming: TM.isInCall
1791670157.195  1000  4337  6601 D SystemServerTiming: hasUserRestriction-DISALLOW_USER_SWITCH
1791670157.195  1000  4337  6601 D SystemServerTiming: getInt-ALLOW_USER_SWITCHING_WHEN_SYSTEM_USER_LOCKED
1791670157.195  1000  4337  6601 D SystemServerTiming: isUserUnlocked-USER_SYSTEM
1791670157.197  1000  4337  6575 D SystemServerTiming: getUserSwitchability-0
1791670157.197  1000  4337  6575 D SystemServerTiming: TM.isInCall
1791670157.197  1000  4337  6575 D SystemServerTiming: hasUserRestriction-DISALLOW_USER_SWITCH
1791670157.197  1000  4337  6575 D SystemServerTiming: getInt-ALLOW_USER_SWITCHING_WHEN_SYSTEM_USER_LOCKED
1791670157.197  1000  4337  6575 D SystemServerTiming: isUserUnlocked-USER_SYSTEM
1791670157.213 10531 17229 17477 D WM-GreedyScheduler: Ignoring {WorkSpec: ea90efc3-38d1-404e-8af1-36184ba1eeee}. Requires device idle.
1791670157.213 10531 17229 17477 D WM-GreedyScheduler: Starting tracking for 8ec106b2-e11d-434e-8d21-ead39b408a1e,08e64781-0908-4fdc-81ce-7bca9843e7f3
1791670157.222 10531 17229 17451 D WM-Processor: Processor: processing WorkGenerationalId(workSpecId=08e64781-0908-4fdc-81ce-7bca9843e7f3, generation=236)
1791670157.235 10531 17229 17479 D WM-Processor: Processor: processing WorkGenerationalId(workSpecId=8ec106b2-e11d-434e-8d21-ead39b408a1e, generation=0)
1791670157.238  1000  1722  1722 D vendor.qti.vibrator: Vibrator on for timeoutMs: 350
1791670157.240  1000  1722  1722 E aw8697_vmax_store: value=1600
1791670157.249  1000  1722 17499 D vendor.qti.vibrator: Starting on on another thread
1791670157.242  1000  1722  1722 E aw8697_vmax_store: aw8697->gain[0x75], aw8697->vmax[0x0] end
1791670157.242  1000  1722  1722 E aw8697_waveform_index_store: waveform_index = 7
1791670157.244  1000  1722  1722 E aw8697_duration_store: value=350
1791670157.245  1000  1722  1722 E aw8697_activate_store: value=1
1791670157.245  1000  1722  1722 I aw8697_activate_store: a aw8697->rtp_file_num=264
1791670157.249  root 17586 17586 I         : aw8697_rtp_work_routine enter
1791670157.249  root 17586 17586 I         : aw8697_rtp_work_routine  aw8697->rtp_file_num[264]
1791670157.249  root 17586 17586 W aw8697_haptic 6-005a: Direct firmware load for 360ms_RTP.bin failed with error -2
1791670157.249  root 17586 17586 W aw8697_haptic 6-005a: Falling back to sysfs fallback for: 360ms_RTP.bin
1791670157.249  1000  1722  1722 I aw8697_haptic_juge_RTP_is_going_on: rtp_routine_on
1791670157.257  logd 17500 17500 I ueventd : firmware: loading '360ms_RTP.bin' for '/devices/platform/soc/88c000.i2c/i2c-6/6-005a/firmware/360ms_RTP.bin'
1791670157.257  logd 17500 17500 I ueventd : found /odm/firmware/360ms_RTP.bin for /devices/platform/soc/88c000.i2c/i2c-6/6-005a/firmware/360ms_RTP.bin
1791670157.260  root 17586 17586 I aw8697_rtp_work_routine: rtp file [shuntai24k_rtp.bin] size = 8612
1791670157.260  root 17586 17586 I aw8697_rtp_work_routine: rtp file [360ms_RTP.bin] size = 8612, f0 = 1700
1791670157.261  root 17586 17586 E aw8697_haptic_ram_vbat_comp: aw8697->gain = 0x75, temp_gain = 0x0, aw8697->ram_vbat_comp=1.
1791670157.261  logd 17500 17500 I ueventd : loading /devices/platform/soc/88c000.i2c/i2c-6/6-005a/firmware/360ms_RTP.bin took 4ms
1791670157.267  root 17586 17586 I         : aw8697_haptic_rtp_init enter
1791670157.268  root 17586 17586 I         : aw8697_dump_rtp_regs reg_0x02 = 0x00
1791670157.268  root 17586 17586 I         : aw8697_dump_rtp_regs reg_0x03 = 0x99
1791670157.268  root 17586 17586 I         : aw8697_dump_rtp_regs reg_0x04 = 0x46
1791670157.268  root 17586 17586 I         : aw8697_dump_rtp_regs reg_0x05 = 0x00
1791670157.269  root 17586 17586 I         : aw8697_dump_rtp_regs reg_0x46 = 0x03
1791670157.270  root 17586 17586 I         : aw8697_dump_rtp_regs reg_0x30 = 0x91
1791670157.275 10531 17229 17229 D WM-WorkerWrapper: Starting work for com.linkedin.tracking.grpc.transport.restproxy.worker.RestProxyWorker
1791670157.289 10531 17229 17229 D WM-WorkerWrapper: Starting work for com.linkedin.android.litrackinglib.network.SendTrackingEventWorker
1791670157.300 10531 17229 17479 D WM-WorkConstraintsTrack: NetworkRequestConstraintController register shared callback
1791670157.302  1000  4337  4525 D ConnectivityService: requestNetwork for uid/pid:10531/17229 activeRequest: null callbackRequest: 1400 [NetworkRequest [ REQUEST id=1401, [ Capabilities: INTERNET&NOT_RESTRICTED&TRUSTED&NOT_VCN_MANAGED&NOT_BANDWIDTH_CONSTRAINED Uid: 10531 RequestorUid: 10531 RequestorPkg: com.linkedin.android UnderlyingNetworks: Null] ]] callback flags: 0 order: 2147483647 isUidTracked: false declaredMethods: AVAIL|LOST|NC|BLK
1791670157.303 media  4181 17395 I GenericSource: start
1791670157.303 10303  4915 17393 D RingtonePlayer: player.start piid:2407
1791670157.304 10303  4915  4915 D MediaRouter: onRestoreRoute() : route=RouteInfo{ name=Telefon, description=null, status=null, category=RouteCategory{ name=Sistem types=ROUTE_TYPE_LIVE_AUDIO ROUTE_TYPE_LIVE_VIDEO  groupable=false }, supportedTypes=ROUTE_TYPE_LIVE_AUDIO ROUTE_TYPE_LIVE_VIDEO , presentationDisplay=null }
1791670157.304 10303  4915  4915 V MediaRouter: Selecting route: RouteInfo{ name=Telefon, description=null, status=null, category=RouteCategory{ name=Sistem types=ROUTE_TYPE_LIVE_AUDIO ROUTE_TYPE_LIVE_VIDEO  groupable=false }, supportedTypes=ROUTE_TYPE_LIVE_AUDIO ROUTE_TYPE_LIVE_VIDEO , presentationDisplay=null }
1791670157.306 10531 17229 17414 D WM-WorkConstraintsTrack: NetworkRequestConstraintController onCapabilitiesChanged callback
1791670157.306 10531 17229 17414 D WM-WorkConstraintsTrack: Not dispatching constraint state yet: isBlocked=null, capabilitiesInitialized=true
1791670157.306 10531 17229 17414 D WM-WorkConstraintsTrack: NetworkRequestConstraintController onBlockedStatusChanged callback false
1791670157.307  1000  4337  4574 D WifiNetworkFactory: got request NetworkRequest [ REQUEST id=1401, [ Capabilities: INTERNET&NOT_RESTRICTED&TRUSTED&NOT_VCN_MANAGED&NOT_BANDWIDTH_CONSTRAINED Uid: 10531 RequestorUid: 10531 RequestorPkg: com.linkedin.android UnderlyingNetworks: Null] ]
1791670157.308  1000  4337  4582 D ConnectivityService: NetReassign [1401 : null → 100] [c 1] [a 1] [i 2]
1791670157.308  1000  4337  4574 D UntrustedWifiNetworkFactory: got request NetworkRequest [ REQUEST id=1401, [ Capabilities: INTERNET&NOT_RESTRICTED&TRUSTED&NOT_VCN_MANAGED&NOT_BANDWIDTH_CONSTRAINED Uid: 10531 RequestorUid: 10531 RequestorPkg: com.linkedin.android UnderlyingNetworks: Null] ]
1791670157.308  1000  4337  4574 D OemPaidWifiNetworkFactory: got request NetworkRequest [ REQUEST id=1401, [ Capabilities: INTERNET&NOT_RESTRICTED&TRUSTED&NOT_VCN_MANAGED&NOT_BANDWIDTH_CONSTRAINED Uid: 10531 RequestorUid: 10531 RequestorPkg: com.linkedin.android UnderlyingNetworks: Null] ]
1791670157.308  1000  4337  4574 D MultiInternetWifiNetworkFactory: got request NetworkRequest [ REQUEST id=1401, [ Capabilities: INTERNET&NOT_RESTRICTED&TRUSTED&NOT_VCN_MANAGED&NOT_BANDWIDTH_CONSTRAINED Uid: 10531 RequestorUid: 10531 RequestorPkg: com.linkedin.android UnderlyingNetworks: Null] ]
1791670157.309 media  4181 17513 I MediaCodec: Retry enabled for HDCP failure
1791670157.309 10531 17229 17451 D WM-WorkConstraintsTrack: NetworkRequestConstraintController send initial capabilities
1791670157.310 10531 17229 17451 D WM-PackageManagerHelper: Skipping component enablement for androidx.work.impl.background.systemalarm.RescheduleReceiver
1791670157.313 10303  4915  4915 D DeviceEntryIconViewBinder: Updating device entry icon image state ForegroundIconViewModel(type=LOCK, useAodVariant=false, tint=-1, padding=62)
1791670157.316 10531 17229 17451 D WM-GreedyScheduler: Constraints met: Scheduling work ID WorkGenerationalId(workSpecId=8ec106b2-e11d-434e-8d21-ead39b408a1e, generation=0)
1791670157.316 media  4181 17513 W mediaserver: Failed to query component store for system resources: 6
1791670157.319 media  4181 17515 D CCodec  : allocate(c2.android.vorbis.decoder)
1791670157.319 10531 17229 17479 D WM-GreedyScheduler: Constraints met: Scheduling work ID WorkGenerationalId(workSpecId=08e64781-0908-4fdc-81ce-7bca9843e7f3, generation=236)
1791670157.321 media  4181 17515 I CCodec  : setting up 'default' as default (vendor) store
1791670157.323  1046  2213  5536 E CodecServiceRegistrant: querySupportedValues -- transaction failed.
1791670157.324 media  4181 17515 I CCodec  : Created component [c2.android.vorbis.decoder] for [c2.android.vorbis.decoder]
1791670157.325 media  4181 17515 D CCodecConfig: read media type: audio/vorbis
1791670157.326 10531 17229 17479 I WM-WorkerWrapper: Worker result SUCCESS for Work [ id=8ec106b2-e11d-434e-8d21-ead39b408a1e, tags={ com.linkedin.android.litrackinglib.network.SendTrackingEventWorker,period_sync_work } ]
1791670157.326 media  4181 17515 D ReflectedParamUpdater: extent() != 1 for single value type: algo.buffers.max-count.values
1791670157.326 media  4181 17515 D ReflectedParamUpdater: extent() != 1 for single value type: output.subscribed-indices.values
1791670157.326 media  4181 17515 D ReflectedParamUpdater: extent() != 1 for single value type: input.buffers.allocator-ids.values
1791670157.326 media  4181 17515 D ReflectedParamUpdater: extent() != 1 for single value type: output.buffers.allocator-ids.values
1791670157.326 media  4181 17515 D ReflectedParamUpdater: extent() != 1 for single value type: algo.buffers.allocator-ids.values
1791670157.327 media  4181 17515 D ReflectedParamUpdater: extent() != 1 for single value type: output.buffers.pool-ids.values
1791670157.327 media  4181 17515 D ReflectedParamUpdater: extent() != 1 for single value type: algo.buffers.pool-ids.values
1791670157.327 media  4181 17515 I CCodecConfig: query failed after returning 8 values (BAD_INDEX)
1791670157.327 media  4181 17515 D CCodecConfig: c2 config diff is Dict {
1791670157.327 media  4181 17515 D CCodecConfig:   c2::u32 coded.bitrate.value = 64000
1791670157.327 media  4181 17515 D CCodecConfig:   c2::u32 input.buffers.max-size.value = 32768
1791670157.327 media  4181 17515 D CCodecConfig:   c2::u32 input.delay.value = 0
1791670157.327 media  4181 17515 D CCodecConfig:   string input.media-type.value = "audio/vorbis"
1791670157.327 media  4181 17515 D CCodecConfig:   c2::u32 output.large-frame.max-size = 0
1791670157.327 media  4181 17515 D CCodecConfig:   c2::u32 output.large-frame.threshold-size = 0
1791670157.327 media  4181 17515 D CCodecConfig:   string output.media-type.value = "audio/raw"
1791670157.327 media  4181 17515 D CCodecConfig:   c2::u32 raw.channel-count.value = 1
1791670157.327 media  4181 17515 D CCodecConfig:   c2::u32 raw.sample-rate.value = 48000
1791670157.327 media  4181 17515 D CCodecConfig: }
1791670157.330 10531 17229 17229 D WM-Processor: Processor 8ec106b2-e11d-434e-8d21-ead39b408a1e executed; reschedule = false
1791670157.330 10531 17229 17229 D WM-SystemJobService: 8ec106b2-e11d-434e-8d21-ead39b408a1e executed on JobScheduler
1791670157.330 10531 17229 17229 D WM-GreedyScheduler: Stopping tracking for WorkGenerationalId(workSpecId=8ec106b2-e11d-434e-8d21-ead39b408a1e, generation=0)
1791670157.330 media  4181 17513 I MediaCodec: media_quality service unavailable, skipping updatePictureProfile
1791670157.330 media  4181 17515 D CCodec  : [c2.android.vorbis.decoder] buffers are bound to CCodec for this session
1791670157.330 media  4181 17515 D CCodecConfig: no c2 equivalents for durationUs
1791670157.330 media  4181 17515 D CCodecConfig: no c2 equivalents for csd-1
1791670157.330 media  4181 17515 D CCodecConfig: no c2 equivalents for flags
1791670157.331 media  4181 17515 D CCodecConfig: c2 config diff is   c2::u32 coded.bitrate.value = 224000
1791670157.331 media  4181 17515 D CCodecConfig:   c2::u32 raw.channel-count.value = 2
1791670157.331 media  4181 17515 D CCodecConfig:   c2::u32 raw.sample-rate.value = 44100
1791670157.331 media  4181 17515 W Codec2Client: query -- param skipped: index = 1107298332.
1791670157.331 media  4181 17515 D CCodec  : encoding statistics level = 0
1791670157.331 media  4181 17515 D CCodec  : setup formats input: AMessage(what = 0x00000000) = {
1791670157.331 media  4181 17515 D CCodec  :   int32_t bitrate = 224000
1791670157.331 media  4181 17515 D CCodec  :   int32_t channel-count = 2
1791670157.331 media  4181 17515 D CCodec  :   int32_t max-input-size = 32768
1791670157.331 media  4181 17515 D CCodec  :   string mime = "audio/vorbis"
1791670157.331 media  4181 17515 D CCodec  :   int32_t sample-rate = 44100
1791670157.331 media  4181 17515 D CCodec  : }
1791670157.331 media  4181 17515 D CCodec  : setup formats output: AMessage(what = 0x00000000) = {
1791670157.331 media  4181 17515 D CCodec  :   int32_t buffer-batch-max-output-size = 0
1791670157.331 media  4181 17515 D CCodec  :   int32_t buffer-batch-threshold-output-size = 0
1791670157.331 media  4181 17515 D CCodec  :   int32_t channel-count = 2
1791670157.331 media  4181 17515 D CCodec  :   string mime = "audio/raw"
1791670157.331 media  4181 17515 D CCodec  :   int32_t sample-rate = 44100
1791670157.331 media  4181 17515 D CCodec  :   int32_t channel-mask = 3
1791670157.331 media  4181 17515 D CCodec  :   int32_t android._config-pcm-encoding = 2
1791670157.331 media  4181 17515 D CCodec  : }
1791670157.331 media  4181 17515 I CCodecConfig: query failed after returning 8 values (BAD_INDEX)
1791670157.331 media  4181 17515 E mediaserver: Failed to query component interface for required system resources: 6
1791670157.332 media  4181 17515 I MediaCodec: MediaCodec will operate in async mode
1791670157.332 media  4181 17513 D MediaCodec: keep callback message for reclaim
1791670157.332 media  4181 17515 W Codec2Client: query -- param skipped: index = 1342179345.
1791670157.333 media  4181 17515 W Codec2Client: query -- param skipped: index = 2415921170.
1791670157.333 media  4181 17515 I hw-BpHwBinder: onLastStrongRef automatically unlinking death recipients
1791670157.333 media  4181 17515 D BufferPoolAccessor2.0: bufferpool2 0xea683ce8 : 4(131072 size) total buffers - 4(131072 size) used buffers - 11/19 (recycle/alloc) - 8/34 (fetch/transfer)
1791670157.333 media  4181 17515 D BufferPoolAccessor2.0: bufferpool2 0xea685008 : 4(32768 size) total buffers - 4(32768 size) used buffers - 10/18 (recycle/alloc) - 6/14 (fetch/transfer)
1791670157.333 media  4181 17515 D CCodecBufferChannel: [c2.android.vorbis.decoder#217] Created input block pool with allocatorID 16 => poolID 93 - OK (0)
1791670157.333  1046  2213  5536 E CodecServiceRegistrant: querySupportedValues -- transaction failed.
1791670157.334  1046  2213 20820 D BufferPoolAccessor2.0: bufferpool2 0xb400006e4c86dce8 : 0(0 size) total buffers - 0(0 size) used buffers - 143/154 (recycle/alloc) - 11/153 (fetch/transfer)
1791670157.334  1046  2213 20820 D BufferPoolAccessor2.0: Destruction - bufferpool2 0xb400006e4c86dce8 cached: 0/0M, 0/0% in use; allocs: 154, 93% recycled; transfers: 153, 93% unfetched
1791670157.335 media  4181 17515 I CCodecBufferChannel: [c2.android.vorbis.decoder#217] Created output block pool with allocatorID 16 => poolID 362 - OK
1791670157.335 media  4181 17515 D CCodecBufferChannel: [c2.android.vorbis.decoder#217] Configured output block pool ids 362 => OK
1791670157.335  1046  2213  5536 E Codec2-ComponentInterface: We have a failed config
1791670157.336  1046  2213 17520 E CodecServiceRegistrant: querySupportedValues -- transaction failed.
1791670157.336  1046  2213 17520 D SimpleC2Component: Using output block pool with poolID 362 => got 362 - 0
1791670157.338 10531 17229 17479 D WM-Processor: Processor: processing WorkGenerationalId(workSpecId=8ec106b2-e11d-434e-8d21-ead39b408a1e, generation=0)
1791670157.349 10531 17229 17477 D WM-Processor: Work WorkGenerationalId(workSpecId=08e64781-0908-4fdc-81ce-7bca9843e7f3, generation=236) is already enqueued for processing
1791670157.352 10531 17229 17477 D WM-GreedyScheduler: Cancelling work ID 8ec106b2-e11d-434e-8d21-ead39b408a1e
1791670157.356  1041  4179 17335 D AudioFlinger: Client defaulted notificationFrames to 11025 for frameCount 22050
1791670157.356  1041  4179 17335 I AF::AfPlaybackCommon: AfPlaybackCommon: creating track with enforcement level 0 reason PRIVILEGED_APP shouldHarden 1
1791670157.365  root  2766  2769 I android.hardware.thermal-service.qti: sensor: cpu-1-6-usr temperature: 95.3 old: 0 new: 3
1791670157.373  1041  4165  4173 I EffectsFactory: EffectCreate() create_effect
1791670157.376 10531 17229 17477 D WM-SystemJobScheduler: Scheduling work ID 8ec106b2-e11d-434e-8d21-ead39b408a1eJob ID -2147483589
1791670157.377  root  2766  2769 I android.hardware.thermal-service.qti: sensor: cpu-1-6-usr temperature: 89.9 old: 3 new: 0
1791670157.378  1041  4165  4173 E volume_listener: check_and_set_gain_dep_cal: Failed to set gain dep cal level
1791670157.378  1041  4165 22570 D audio_hw_primary: start_output_stream: enter: stream(0xecf064c0)usecase(1: low-latency-playback) devices(0x2) is_haptic_usecase(0)
1791670157.378  1000  1659  1659 I QTI PowerHAL: Boost 3Not Supported
1791670157.378  1041  4165 22570 D audio_hw_primary: select_devices for use case (low-latency-playback)
1791670157.378  1041  4165 22570 I msm8974_platform: platform_check_and_set_codec_backend_cfg:becf: afe: bitwidth 24, samplerate 48000 channels 2, backend_idx 0 usecase = 1 device (speaker)
1791670157.378  1041  4165 22570 I msm8974_platform: platform_check_and_set_codec_backend_cfg: new_snd_devices[0] is 2
1791670157.378  1041  4165 22570 I msm8974_platform: platform_check_codec_backend_cfg:becf: afe: bitwidth 24, samplerate 48000 channels 2, backend_idx 0 usecase = 1 device (speaker)
1791670157.379 10531 17229 17477 D WM-GreedyScheduler: Ignoring {WorkSpec: ea90efc3-38d1-404e-8af1-36184ba1eeee}. Requires device idle.
1791670157.381  1041 22570 22570 I tfa98xx_set_stereo_ctl(): tfa98xx_set_stereo_ctl: selector = 3
1791670157.381  1041 22570 22570 I tfa98xx_get_check_feedback(): tfa98xx_get_check_feedback: g_chk_err = 0
1791670157.381  1041 22570 22570 I tfa98xx_set_check_feedback(): tfa98xx_set_check_feedback: need_chk = 1
1791670157.380  1041  4165 22570 D msm8974_platform: platform_check_codec_backend_cfg:becf: updated afe: bitwidth 24, samplerate 48000 channels 2,backend_idx 0 usecase = 1 device (speaker)
1791670157.380  1041  4165 22570 I msm8974_platform: platform_check_codec_backend_cfg:becf: afe: Codec selected backend: 0 updated bit width: 24 and sample rate: 48000
1791670157.380  1041  4165 22570 D audio_hw_primary: check_usecases_codec_backend:becf: force routing 0
1791670157.380  1041  4165 22570 D audio_hw_primary: check_usecases_codec_backend:becf: (93) check_usecases curr device: speaker, usecase device: backends match 0
1791670157.380  1041  4165 22570 D audio_hw_primary: check_usecases_codec_backend:becf: check_usecases num.of Usecases to switch 0
1791670157.380  1041  4165 22570 D hardware_info: hw_info_append_hw_type : device_name = speaker
1791670157.380  1041  4165 22570 D audio_hw_primary: enable_snd_device: snd_device(2: speaker)
1791670157.380  1041  4165 22570 D msm8974_platform: platform_get_island_cfg_on_device:island cfg status on snd_device = (speaker 0)
1791670157.380  1041  4165 22570 I soundtrigger: audio_extn_sound_trigger_update_device_status: device 0x2 of type 0 for Event 1, with Raise=0
1791670157.380  1041  4165 22570 D audio_route: Apply path: speaker
1791670157.382 10531 17229 17479 D WM-WorkerWrapper: Delaying execution for com.linkedin.android.litrackinglib.network.SendTrackingEventWorker because it is being executed before schedule.
1791670157.382  root  1705  1818 E ANDR-PERF-RESOURCEQS: Resource with major=15, minor=0 not supported
1791670157.382  1041  4165 22570 D hardware_info: hw_info_append_hw_type : device_name = vi-feedback
1791670157.382  1041  4165 22570 D audio_hw_primary: enable_snd_device: snd_device(209: vi-feedback)
1791670157.382  1041  4165 22570 D msm8974_platform: platform_get_island_cfg_on_device:island cfg status on snd_device = (vi-feedback 0)
1791670157.382  1041  4165 22570 I soundtrigger: audio_extn_sound_trigger_update_device_status: device 0xd1 of type 1 for Event 1, with Raise=0
1791670157.382  1041  4165 22570 D audio_route: Apply path: vi-feedback
1791670157.382  1041  4165 22570 D msm8974_platform: fluence nn disabled
1791670157.382  1041  4165 22570 D soundtrigger: audio_extn_sound_trigger_update_stream_status: uc_info->id 56 of type 1 for Event 3, with Raise=0
1791670157.382  1041  4165 22570 D audio_hw_utils: audio_extn_utils_send_app_type_cfg: usecase->in_snd_device vi-feedback
1791670157.383  1041  4165 22570 E audio_hw_utils: send_app_type_cfg_for_device: Could not get ctl for mixer cmd - Audio Stream Capture 32 App Type Cfg
1791670157.383  1041  4165 22570 D ACDB-LOADER: ACDB -> send_audio_cal, acdb_id = 102, path = 1, app id = 0x11132, sample rate = 48000, use_case = 0,buffer_idx_w_path =1, afe_sample_rate = 48000, cal_mode = 1, offset_index = 0
1791670157.383  1041  4165 22570 D ACDB-LOADER: ACDB -> send_asm_topology
1791670157.383  1041  4165 22570 D ACDB-LOADER: ACDB -> ACDB_CMD_GET_AUDPROC_STREAM_TOPOLOGY_ID
1791670157.383  1041  4165 22570 D ACDB-LOADER: ACDB -> send_adm_topology
1791670157.383  1041  4165 22570 D ACDB-LOADER: ACDB -> ACDB_CMD_GET_AUDPROC_COMMON_TOPOLOGY_ID
1791670157.383  1041  4165 22570 D ACDB-LOADER: ACDB -> send_audtable
1791670157.383  1041  4165 22570 D ACDB-LOADER: ACDB -> ACDB_CMD_GET_AUDPROC_INSTANCE_COMMON_TABLE_SIZE
1791670157.383  1041  4165 22570 D ACDB-LOADER: ACDB -> ACDB_CMD_GET_AUDPROC_INSTANCE_COMMON_TABLE
1791670157.383  1041  4165 22570 D ACDB-LOADER: ACDB -> AUDIO_SET_AUDPROC_CAL cal_type[11] acdb_id[102] app_type[69938]
1791670157.383  1041  4165 22570 D ACDB-LOADER: check_fnn_usecase_status: fnn usecase active 0
1791670157.383  1041  4165 22570 D ACDB-LOADER: ACDB -> ACDB_CMD_GET_PERSISTENT_AUDPROC_INSTANCE_COMMON_TABLE_SIZE
1791670157.383  1041  4165 22570 D android.hardware.audio.service: [Data Manager]-> No data found
1791670157.383  1041  4165 22570 D ACDB-LOADER: Error: ACDB_CMD_GET_PERSISTENT_AUDPROC_INSTANCE_COMMON_TABLE_SIZE returned -18
1791670157.383  1041  4165 22570 D ACDB-LOADER: ACDB -> send_audproc_persist_table -18
1791670157.383  1041  4165 22570 D ACDB-LOADER: Error: Invalid Audproc persist size = -18
1791670157.383  1041  4165 22570 D ACDB-LOADER: ACDB -> ACDB_CMD_GET_AUDPROC_INSTANCE_STREAM_TABLE_SIZE
1791670157.383  1041  4165 22570 D ACDB-LOADER: ACDB -> send_audstrmtable
1791670157.383  1041  4165 22570 D ACDB-LOADER: ACDB -> ACDB_CMD_GET_AUDPROC_INSTANCE_STREAM_TABLE
1791670157.383  1041  4165 22570 D ACDB-LOADER: ACDB -> audstrm_cal->cal_type.cal_data.cal_size = 20
1791670157.383  1041  4165 22570 D ACDB-LOADER: ACDB -> send_afe_topology
1791670157.383  1041  4165 22570 D ACDB-LOADER: ACDB -> ACDB_CMD_GET_AFE_TOPOLOGY_ID
1791670157.383  1041  4165 22570 D ACDB-LOADER: ACDB -> GET_AFE_TOPOLOGY_ID for adcd_id 102, Topology Id 1000b909
1791670157.383  1041  4165 22570 D ACDB-LOADER: ACDB -> send_afe_cal
1791670157.383  1041  4165 22570 D ACDB-LOADER: ACDB -> ACDB_CMD_GET_AFE_INSTANCE_COMMON_TABLE_SIZE
1791670157.383  1041  4165 22570 D ACDB-LOADER: ACDB -> ACDB_CMD_GET_AFE_INSTANCE_COMMON_TABLE
1791670157.383  1041  4165 22570 D ACDB-LOADER: ACDB -> AUDIO_SET_AFE_CAL cal_type[17] acdb_id[102]
1791670157.383  1041  4165 22570 D ACDB-LOADER: ACDB -> send_hw_delay : acdb_id = 102 path = 1
1791670157.383  1041  4165 22570 D ACDB-LOADER: ACDB -> ACDB_AVSYNC_INFO: ACDB_CMD_GET_DEVICE_PROPERTY
1791670157.383  1041  4165 22570 D msm8974_platform: fluence nn disabled
1791670157.383  1041  4165 22570 D audio_hw_primary: enable_audio_route: apply mixer and update path: spkr-vi-record
1791670157.383  1041  4165 22570 D audio_route: Apply path: spkr-vi-record
1791670157.385 media  4181  4219 D MediaPlayerService: onAudioDeviceUpdate deviceIds: 3
1791670157.385 10531 17229 17479 D WM-WorkerWrapper: Status for 8ec106b2-e11d-434e-8d21-ead39b408a1e is ENQUEUED; not doing any work and rescheduling for later execution
1791670157.388  1041 22570 22570 I afe_get_cal_topology_id: port_id = 0x1005 acdb_id = 102 topology_id = 0x1000b909 cal_type_index=8 ret=0
1791670157.386  1041  4165 22570 D audio_amplifier: pcm_dev_tx_id = 32
1791670157.389  1041 22570 22570 I afe_send_hw_delay: port_id 0x1005 rate 48000 delay_usec 578 status 0
1791670157.389 10531 17229 17229 D WM-Processor: Processor 8ec106b2-e11d-434e-8d21-ead39b408a1e executed; reschedule = true
1791670157.389 10531 17229 17229 D WM-SystemJobService: 8ec106b2-e11d-434e-8d21-ead39b408a1e executed on JobScheduler
1791670157.394  1041  4165 22570 D soundtrigger: audio_extn_sound_trigger_update_stream_status: uc_info->id 1 of type 0 for Event 3, with Raise=0
1791670157.394  1041  4165 22570 D audio_hw_utils: audio_extn_utils_send_app_type_cfg: usecase->out_snd_device speaker
1791670157.394  1041  4165 22570 I audio_hw_utils: send_app_type_cfg_for_device PLAYBACK app_type 69937, acdb_dev_id 15, sample_rate 48000, snd_device_be_idx 45
1791670157.396  1041  4165 22570 D ACDB-LOADER: ACDB -> send_audio_cal, acdb_id = 15, path = 0, app id = 0x11131, sample rate = 48000, use_case = 0,buffer_idx_w_path =0, afe_sample_rate = 48000, cal_mode = 1, offset_index = 0
1791670157.396  1041  4165 22570 D ACDB-LOADER: ACDB -> send_asm_topology
1791670157.396  1041  4165 22570 D ACDB-LOADER: ACDB -> ACDB_CMD_GET_AUDPROC_STREAM_TOPOLOGY_ID
1791670157.396  1041  4165 22570 D ACDB-LOADER: ACDB -> send_adm_topology
1791670157.396  1041  4165 22570 D ACDB-LOADER: ACDB -> ACDB_CMD_GET_AUDPROC_COMMON_TOPOLOGY_ID
1791670157.396  1041  4165 22570 D ACDB-LOADER: ACDB -> send_audtable
1791670157.396  1041  4165 22570 D ACDB-LOADER: ACDB -> ACDB_CMD_GET_AUDPROC_INSTANCE_COMMON_TABLE_SIZE
1791670157.396  1041  4165 22570 D ACDB-LOADER: ACDB -> ACDB_CMD_GET_AUDPROC_INSTANCE_COMMON_TABLE
1791670157.396  1041  4165 22570 D ACDB-LOADER: ACDB -> AUDIO_SET_AUDPROC_CAL cal_type[11] acdb_id[15] app_type[69937]
1791670157.396  1041  4165 22570 D ACDB-LOADER: ACDB -> send_audvoltable
1791670157.396  1041  4165 22570 D ACDB-LOADER: ACDB -> ACDB_CMD_GET_AUDPROC_INSTANCE_GAIN_DEP_STEP_TABLE_SIZE
1791670157.396  1041  4165 22570 D ACDB-LOADER: ACDB -> ACDB_CMD_GET_AUDPROC_INSTANCE_GAIN_DEP_STEP_TABLE, vol index 0
1791670157.396  1041  4165 22570 D ACDB-LOADER: ACDB -> AUDIO_SET_VOL_CAL cal type = 12
1791670157.396  1041  4165 22570 D ACDB-LOADER: ACDB -> ACDB_CMD_GET_AUDPROC_INSTANCE_STREAM_TABLE_SIZE
1791670157.396  1041  4165 22570 D ACDB-LOADER: ACDB -> send_audstrmtable
1791670157.396  1041  4165 22570 D ACDB-LOADER: ACDB -> ACDB_CMD_GET_AUDPROC_INSTANCE_STREAM_TABLE
1791670157.396  1041  4165 22570 D ACDB-LOADER: ACDB -> audstrm_cal->cal_type.cal_data.cal_size = 20
1791670157.396  1041  4165 22570 D ACDB-LOADER: ACDB -> send_afe_topology
1791670157.396  1041  4165 22570 D ACDB-LOADER: ACDB -> ACDB_CMD_GET_AFE_TOPOLOGY_ID
1791670157.396  1041  4165 22570 D ACDB-LOADER: ACDB -> GET_AFE_TOPOLOGY_ID for adcd_id 15, Topology Id 1000b910
1791670157.396  1041  4165 22570 D ACDB-LOADER: ACDB -> send_afe_cal
1791670157.400  1041 22570 22570 E msm_adsp_init_mixer_ctl_adm_pp_event_queue: failed to get kctl.
1791670157.400  1041 22570 22570 I tfa98xx_hw_params(): Requested rate: 48000, sample size: 24, physical size: 32
1791670157.400  1041 22570 22570 I tfa98xx_hw_params(): mixer profile:container profile = [1:1]
1791670157.400  1041 22570 22570 I tfa98xx_hw_params(): Requested rate: 48000, sample size: 24, physical size: 32
1791670157.400  1041 22570 22570 I tfa98xx_hw_params(): mixer profile:container profile = [1:1]
1791670157.401  1041 22570 22570 I afe_get_cal_topology_id: port_id = 0x1004 acdb_id = 15 topology_id = 0x1000b910 cal_type_index=8 ret=0
1791670157.401  root 17586 17586 I         : aw8697_haptic_rtp_init exit
1791670157.401  root 17586 17586 I         : aw8697_op_clean_status enter
1791670157.396  1041  4165 22570 D ACDB-LOADER: ACDB -> ACDB_CMD_GET_AFE_INSTANCE_COMMON_TABLE_SIZE
1791670157.396  1041  4165 22570 D ACDB-LOADER: ACDB -> ACDB_CMD_GET_AFE_INSTANCE_COMMON_TABLE
1791670157.396  1041  4165 22570 D ACDB-LOADER: ACDB -> AUDIO_SET_AFE_CAL cal_type[16] acdb_id[15]
1791670157.396  1041  4165 22570 D ACDB-LOADER: ACDB -> send_hw_delay : acdb_id = 15 path = 0
1791670157.396  1041  4165 22570 D ACDB-LOADER: ACDB -> ACDB_AVSYNC_INFO: ACDB_CMD_GET_DEVICE_PROPERTY
1791670157.396  1041  4165 22570 D audio_hw_primary: enable_audio_route: apply mixer and update path: low-latency-playback
1791670157.402  1041 22570 22570 I afe_send_hw_delay: port_id 0x1004 rate 48000 delay_usec 474 status 0
1791670157.396  1041  4165 22570 D audio_route: Apply path: low-latency-playback
1791670157.397  1041  4165 22570 D audio_hw_primary: select_devices: done
1791670157.398  1041  4165 22570 D msm8974_platform: platform_set_channel_map mixer_ctl_name:Playback Channel Map9
1791670157.398  1041  4165 22570 D msm8974_platform: platform_set_channel_map: set mapping(1 2 0 0 0 0 0 0) for channel:2
1791670157.405  1041 22570 22570 I tfa98xx 4-0035: tfa98xx_mute: state: 0
1791670157.406  1041 22570 22570 I tfa98xx_adsp_send_calib_values(): Device 0x35, nr 7, cal value is 6431
1791670157.406  1041 22570 22570 I tfa98xx_adsp_send_calib_values(): Device 0x34, nr 4, cal value is 6262
1791670157.406  1041 22570 22570 I tfa98xx_adsp_send_calib_values(): tfa98xx_device_count=2  bytes[0]=2
1791670157.406  1041 22570 22570 I tfa98xx_adsp_send_calib_values(): calibration value send to host DSP.
1791670157.405 10531 17229 17473 D WM-GreedyScheduler: Cancelling work ID 8ec106b2-e11d-434e-8d21-ead39b408a1e
1791670157.421 10531 17229 17473 D WM-SystemJobScheduler: Scheduling work ID 8ec106b2-e11d-434e-8d21-ead39b408a1eJob ID -2147483584
1791670157.422  1041 22570 22570 I tfa98xx 4-0035: tfa98xx->flags:0x10128
1791670157.422  1041 22570 22570 I tfa98xx 4-0035: tfa98xx_dsp_init enter
1791670157.422  1041 22570 22570 I tfa98xx 4-0035: tfa98xx_tfa_start enter
1791670157.422  1041 22570 22570 I         : tfa_dev_start enter
1791670157.428 10531 17229 17473 D WM-GreedyScheduler: Ignoring {WorkSpec: ea90efc3-38d1-404e-8af1-36184ba1eeee}. Requires device idle.
1791670157.427  1041 22570 22570 I tfa98xx 4-0035: tfa_dev_start success (0)
1791670157.427  1041 22570 22570 I tfa98xx 4-0034: tfa98xx_mute: state: 0
1791670157.427  1041 22570 22570 I tfa98xx_adsp_send_calib_values(): The calibration value was sent to host DSP.
1791670157.427  1041 22570 22570 I tfa98xx 4-0034: tfa98xx->flags:0x10128
1791670157.427  1041 22570 22570 I tfa98xx 4-0034: tfa98xx_dsp_init enter
1791670157.427  1041 22570 22570 I tfa98xx 4-0034: tfa98xx_tfa_start enter
1791670157.427  1041 22570 22570 I         : tfa_dev_start enter
1791670157.432  1041 22570 22570 I tfa98xx 4-0034: tfa_dev_start success (0)
1791670157.432  1041 22570 22570 I tfa98xx_dsp_init(): set umute state
1791670157.432  1041 22570 22570 I tfa98xx_dsp_init(): set umute state
1791670157.435  1041 22570 22570 E q6asm_find_cal_by_buf_number: Can't find ASM Cal for cal_index 2 app_type 69937 buffer_number 8
1791670157.443  1000  1659  1659 I QTI PowerHAL: Boost 3Not Supported
1791670157.443  1041  4165 22570 D audio_hw_primary: start_output_stream: exit
1791670157.443  1041  4165 22570 D audio_hw_primary: out_write: retry previous failed cal level set
1791670157.443  1041  4165 22570 D ACDB-LOADER: ACDB -> send_audvoltable
1791670157.443  1041  4165 22570 D ACDB-LOADER: ACDB -> ACDB_CMD_GET_AUDPROC_INSTANCE_GAIN_DEP_STEP_TABLE_SIZE
1791670157.443  1041  4165 22570 D ACDB-LOADER: ACDB -> ACDB_CMD_GET_AUDPROC_INSTANCE_GAIN_DEP_STEP_TABLE, vol index 5
1791670157.443  1041  4165 22570 D ACDB-LOADER: ACDB -> AUDIO_SET_VOL_CAL cal type = 40
1791670157.443  1041  4165 22570 W msm8974_platform: platform_send_gain_dep_cal: Usecase list is empty
1791670157.455 10385  7893  7893 W OctW-t-1: type=1400 audit(0.0:8175): avc:  denied  { read } for  name="cache" dev="dm-2" ino=17 scontext=u:r:untrusted_app_34:s0:c129,c257,c512,c768 tcontext=u:object_r:cache_file:s0 tclass=lnk_file permissive=0 app=com.garanti.cepsubesi
1791670157.464  1041  4165  4174 D ACDB-LOADER: ACDB -> send_audvoltable
1791670157.464  1041  4165  4174 D ACDB-LOADER: ACDB -> ACDB_CMD_GET_AUDPROC_INSTANCE_GAIN_DEP_STEP_TABLE_SIZE
1791670157.464  1041  4165  4174 D ACDB-LOADER: ACDB -> ACDB_CMD_GET_AUDPROC_INSTANCE_GAIN_DEP_STEP_TABLE, vol index 2
1791670157.464  1041  4165  4174 D ACDB-LOADER: ACDB -> AUDIO_SET_VOL_CAL cal type = 40
1791670157.464  1041  4165  4174 W msm8974_platform: platform_send_gain_dep_cal: Usecase list is empty
1791670157.509  root  7825  7825 W activate_work_func: 1 callbacks suppressed
1791670157.509  root  7825  7825 E ipa_pm activate_work_func: 448 client has no callback
1791670157.522  root    43    43 I IRQ 16  : no longer affine to CPU5
1791670157.580  root   673   673 I         : aw8697_op_clean_status enter
1791670157.580  root   673   673 I aw8697_irq: rtp update complete,glb_state_val=0x8
1791670157.588  1000  1722  1722 D vendor.qti.vibrator: QTI Vibrator off
1791670157.600  1000  1722 17499 D vendor.qti.vibrator: Notifying on complete
1791670157.668  1000  1753  1753 D SurfaceFlinger: initiateModeChange 4630946292801050754 {mode={fps=60.00 Hz, modePtr={id=3, vsyncRate=60.00 Hz, peakRefreshRate=60.00 Hz}}, emitEvent=false, force=false}
1791670157.668  1000  1703  3573 D SDM     : IRIS_LOG_HWC::SetActiveConfigWithConstraints:465: 03
1791670157.669  1000  1703  3573 I IRIS_LOG_SERV: config 3, Refresh rate 60, Frame 3216x1440, Current mode 'ABYP'
1791670157.669  1000  1703  3573 D IRIS_LOG_SERV: Service Mode changed to: IRIS_SERVICE_MODE_BYPASS
1791670157.669  1000  1703  3573 I IRIS_LOG_SERV: SetActiveConfig[3]: 60 3216x1440 => 0
1791670157.671  1000  1703  3573 I SDM     : HWDeviceDRM::UpdateMixerAttributes: Mixer WxH 1440x3216-1 for Peripheral
1791670157.671  1000  1703  3573 I SDM     : HWCDisplay::SubmitDisplayConfig: HWC SetActiveConfig [5,3], cur_resolution is (1440, 3216), new_resolution is (1440, 3216)
1791670157.671  1000  1703  3573 I SDM     : HWCDisplay::SubmitDisplayConfig: Active configuration changed to: 3
1791670157.674  1000  1703  3573 D IRIS_LOG_COLR: Use kPbGamut HwConfigPayload
1791670157.690  root   709   709 I [drm:dsi_display_set_mode [msm_drm]] [msm-dsi-info]: mdp_transfer_time=7700, hactive=1440, vactive=3216, fps=60, h_skew=1
1791670157.690  root   709   709 E         : IRIS_LOG I iris_post_switch(), post switch to 1440x3216@60Hz, cmd list 0, switch case ABYP_TO_ABYP
1791670157.690  root   709   709 E         : <AMB670YF01> dsi_cmd qcom,mdss-dsi-adfr-pre-switch-command
1791670157.691  root   709   709 I [drm:oplus_dsi_display_vsync_switch_check_te [msm_drm]] [msm-dsi-info]: kVRR vsync_switch_gpio is already 0
1791670157.691  root   709   709 E         : IRIS_LOG I iris_switch(), return 0, total cost '238 us'
1791670157.691  root   709   709 I [drm:dsi_panel_adfr_status_reset [msm_drm]] [msm-dsi-info]: kVRR auto mode reset: auto mode 0, fakeframe 0, min fps 1
1791670157.691  root   709   709 E         : <AMB670YF01> dsi_cmd qcom,mdss-dsi-post-panel-on-command
1791670157.708  1000  1617  1785 E minksocket: MinkIPC_QRTR_Service: client with node 1 port 58fe went down
1791670157.710  1000  1617  1785 E minksocket: MinkIPC_QRTR_Service: client with node 1 port 58ff went down
1791670157.711  1000  1617  1785 E minksocket: MinkIPC_QRTR_Service: client with node 1 port 5900 went down
1791670157.714  1000  1617  1785 E minksocket: MinkIPC_QRTR_Service: client with node 1 port 5902 went down
1791670157.715  1000  1617  1785 E minksocket: MinkIPC_QRTR_Service: client with node 1 port 5903 went down
1791670157.716  1000  1617  1785 E minksocket: MinkIPC_QRTR_Service: client with node 1 port 5904 went down
1791670157.838  1000  1722  1722 D vendor.qti.vibrator: Vibrator on for timeoutMs: 350
1791670157.838  1000  1722  1722 E aw8697_vmax_store: value=1600
1791670157.839  1000  1722  1722 E aw8697_vmax_store: aw8697->gain[0x75], aw8697->vmax[0x0] end
1791670157.840  1000  1722  1722 E aw8697_waveform_index_store: waveform_index = 7
1791670157.841  1000  1722  1722 E aw8697_duration_store: value=350
1791670157.841  1000  1722  1722 E aw8697_activate_store: value=1
1791670157.842  1000  1722  1722 I aw8697_activate_store: a aw8697->rtp_file_num=264
1791670157.847  root 17586 17586 I         : aw8697_rtp_work_routine enter
1791670157.847  root 17586 17586 I         : aw8697_rtp_work_routine  aw8697->rtp_file_num[264]
1791670157.847  root 17586 17586 W aw8697_haptic 6-005a: Direct firmware load for 360ms_RTP.bin failed with error -2
1791670157.847  root 17586 17586 W aw8697_haptic 6-005a: Falling back to sysfs fallback for: 360ms_RTP.bin
1791670157.850  1000  1722  1722 I aw8697_haptic_juge_RTP_is_going_on: rtp_routine_on
1791670157.850  1000  1722 17534 D vendor.qti.vibrator: Starting on on another thread
1791670157.860  root 17535 17535 I ueventd : firmware: loading '360ms_RTP.bin' for '/devices/platform/soc/88c000.i2c/i2c-6/6-005a/firmware/360ms_RTP.bin'
1791670157.861  root 17535 17535 I ueventd : found /odm/firmware/360ms_RTP.bin for /devices/platform/soc/88c000.i2c/i2c-6/6-005a/firmware/360ms_RTP.bin
1791670157.861  root 17535 17535 I ueventd : loading /devices/platform/soc/88c000.i2c/i2c-6/6-005a/firmware/360ms_RTP.bin took 1ms
1791670157.861  root 17586 17586 I aw8697_rtp_work_routine: rtp file [shuntai24k_rtp.bin] size = 8612
1791670157.861  root 17586 17586 I aw8697_rtp_work_routine: rtp file [360ms_RTP.bin] size = 8612, f0 = 1700
1791670157.862  root 17586 17586 E aw8697_haptic_ram_vbat_comp: aw8697->gain = 0x75, temp_gain = 0x0, aw8697->ram_vbat_comp=1.
1791670157.868  root 17586 17586 I         : aw8697_haptic_rtp_init enter
1791670157.868  root 17586 17586 I         : aw8697_dump_rtp_regs reg_0x02 = 0x00
1791670157.868  root 17586 17586 I         : aw8697_dump_rtp_regs reg_0x03 = 0x99
1791670157.869  root 17586 17586 I         : aw8697_dump_rtp_regs reg_0x04 = 0x46
1791670157.869  root 17586 17586 I         : aw8697_dump_rtp_regs reg_0x05 = 0x00
1791670157.869  root 17586 17586 I         : aw8697_dump_rtp_regs reg_0x46 = 0x03
1791670157.869  root 17586 17586 I         : aw8697_dump_rtp_regs reg_0x30 = 0x91
1791670157.906  root 11925 17425 W adbd    : timed out while waiting for FUNCTIONFS_BIND, trying again
1791670157.906  root 11925 17425 I adbd    : UsbFfs: connection terminated: monitor thread finished
1791670157.923  root 11938 11938 I         : read descriptors
1791670157.924  root 11938 11938 I         : read strings
1791670157.923  root 11925 11938 I adbd    : opening control endpoint /dev/usb-ffs/adb/ep0
1791670157.980  root 17586 17586 I         : aw8697_haptic_rtp_init exit
1791670157.980  root 17586 17586 I         : aw8697_op_clean_status enter
1791670158.030  1000  4337  4390 W ActivityManager: Rescheduling restart of crashed service com.oplus.camera/.aps.service.ApsService in 0ms for mem-pressure-event
1791670158.033  1000  4337  4391 V GrammaticalInflectionUtils: AttributionSource: android.content.AttributionSource@6ef94739 does not have READ_SYSTEM_GRAMMATICAL_GENDER permission.
1791670158.037  root  4167  4167 W Zygote  : Resorting to Java fork code; multipleOK = false
1791670158.039 10531 17229 17410 E FirebaseMessaging: Topic sync or token retrieval failed on hard failure exceptions: FCM Registration failed!. Won't retry the operation.
1791670158.053  root  4167  4167 D Zygote  : Forked child process 17542
1791670158.056  1000  4337  4392 I ActivityManager: Start proc 17542:com.oplus.camera/u0a551 for started-service {com.oplus.camera/com.oplus.camera.aps.service.ApsService}
1791670158.066  root 17542 17542 I libprocessgroup: Created cgroup /sys/fs/cgroup/apps/uid_10551/pid_17542
1791670158.068 10551 17542 17542 I KernelSU: handle_setresuid from 0 to 10551
1791670158.075 10551 17542 17542 I Zygote  : Process 17542 created for com.oplus.camera
1791670158.076 10551 17542 17542 I om.oplus.camera: Using generational CollectorTypeCMC GC.
1791670158.088 10551 17542 17542 D nativeloader: Load libframework-connectivity-tiramisu-jni.so using APEX ns com_android_tethering for caller /apex/com.android.tethering/javalib/framework-connectivity-t.jar: ok
1791670158.098 10383  6979 11921 I floq    : (REDACTED) HDM. appOpsListener %s %s
1791670158.098 10383  6979 11921 I floq    : (REDACTED) HDM. Ignoring irrelevant audio permission changes for package %s
1791670158.098  root  6836  7966 V BinderSender: Uid 10551 starts
1791670158.103 10551 17542 17542 D ApplicationLoaders: Returning zygote-cached class loader: /system/framework/org.apache.http.legacy.jar
1791670158.108 10551 17542 17542 D nativeloader: Configuring clns-9 for other apk /system/framework/oplus-support-wrapper.jar. target_sdk_version=35, uses_libraries=ALL, library_path=/data/app/~~pwrM1FFZPcTDtyIFM23IXQ==/com.oplus.camera-6To1ae9Bp6KmV_a4LzhBKw==/lib/arm64:/data/app/~~pwrM1FFZPcTDtyIFM23IXQ==/com.oplus.camera-6To1ae9Bp6KmV_a4LzhBKw==/base.apk!/lib/arm64-v8a, permitted_path=/data:/mnt/expand:/data/user/0/com.oplus.camera
1791670158.111 10551 17542 17542 W om.oplus.camera: Can't mmap dex file /system_ext/framework/com.oplus.camera.unit.sdk.jar!classes.dex directly; please zipalign to 4 bytes. Falling back to extracting file.
1791670158.129 10551 17542 17542 D nativeloader: Configuring clns-10 for other apk /system_ext/framework/com.oplus.camera.unit.sdk.jar. target_sdk_version=35, uses_libraries=ALL, library_path=/data/app/~~pwrM1FFZPcTDtyIFM23IXQ==/com.oplus.camera-6To1ae9Bp6KmV_a4LzhBKw==/lib/arm64:/data/app/~~pwrM1FFZPcTDtyIFM23IXQ==/com.oplus.camera-6To1ae9Bp6KmV_a4LzhBKw==/base.apk!/lib/arm64-v8a, permitted_path=/data:/mnt/expand:/data/user/0/com.oplus.camera
1791670158.131 10551 17542 17542 D ApplicationLoaders: Returning zygote-cached class loader: /system_ext/framework/androidx.window.extensions.jar
1791670158.131 10551 17542 17542 D ApplicationLoaders: Returning zygote-cached class loader: /system_ext/framework/androidx.window.sidecar.jar
1791670158.138 10551 17542 17542 I om.oplus.camera: Could not load runtime generated app image: Boot image chunk count mismatch (0 != 1) in image /data/user/0/com.oplus.camera/cache/oat_primary/arm64/base.art
1791670158.139 10551 17542 17542 D nativeloader: Configuring clns-11 for other apk /data/app/~~pwrM1FFZPcTDtyIFM23IXQ==/com.oplus.camera-6To1ae9Bp6KmV_a4LzhBKw==/base.apk. target_sdk_version=35, uses_libraries=, library_path=/data/app/~~pwrM1FFZPcTDtyIFM23IXQ==/com.oplus.camera-6To1ae9Bp6KmV_a4LzhBKw==/lib/arm64:/data/app/~~pwrM1FFZPcTDtyIFM23IXQ==/com.oplus.camera-6To1ae9Bp6KmV_a4LzhBKw==/base.apk!/lib/arm64-v8a, permitted_path=/data:/mnt/expand:/data/user/0/com.oplus.camera
1791670158.141 10551 17542 17542 D CompatChangeReporter: Compat change id reported: 202956589; UID 10551; state: ENABLED
1791670158.146 10551 17542 17542 I GameProps: Game props config loaded, games=1, enabled=false
1791670158.150 10551 17542 17542 V GraphicsEnvironment: Currently set values for:
1791670158.150 10551 17542 17542 V GraphicsEnvironment:   angle_gl_driver_selection_pkgs=[]
1791670158.150 10551 17542 17542 V GraphicsEnvironment:   angle_gl_driver_selection_values=[]
1791670158.150 10551 17542 17542 V GraphicsEnvironment: com.oplus.camera is not listed in per-application setting
1791670158.150 10551 17542 17542 V GraphicsEnvironment: No special selections for ANGLE, returning default driver choice
1791670158.150 10551 17542 17542 V GraphicsEnvironment: Neither updatable production driver nor prerelease driver is supported.
1791670158.155 10551 17542 17542 V OCAM_MyApplication: attachBaseContext, E
1791670158.155 10551 17542 17542 V OCAM_MyApplication: attachBaseContext, sbPreBindApplication: false
1791670158.155 10551 17542 17542 V OCAM_OppoCamera_TRACE: traceBeginSection, msg: CameraStartupPerformance.attachBaseContext
1791670158.158 10551 17542 17581 D OCAM_ThreadManager: setUxThreadValue: pid is: 17542, tid is 17581 value is 130, keyThreadTag: TaskBusThread
1791670158.158 10551 17542 17578 D OCAM_ThreadManager: setUxThreadValue: pid is: 17542, tid is 17578 value is 130, keyThreadTag: TaskBusThread
1791670158.158 10551 17542 17576 D OCAM_ThreadManager: setUxThreadValue: pid is: 17542, tid is 17576 value is 130, keyThreadTag: TaskBusThread
1791670158.158 10551 17542 17577 D OCAM_ThreadManager: setUxThreadValue: pid is: 17542, tid is 17577 value is 130, keyThreadTag: TaskBusThread
1791670158.158 10551 17542 17581 E OCAM_AppOsenseResClientHelper: init, sbKeyThreadFeatureOpen: false
1791670158.159 10551 17542 17542 V OCAM_OppoCamera_TRACE: traceBeginSection, msg: CameraStartupPerformance.preloadClassForDlOpen
1791670158.159 10551 17542 17542 E OCAM_MyApplication: load class error
1791670158.159 10551 17542 17542 E OCAM_MyApplication: java.lang.ClassNotFoundException: android.graphics.OplusBaseRenderNode
1791670158.159 10551 17542 17542 E OCAM_MyApplication: 	at java.lang.Class.classForName(Native Method)
1791670158.159 10551 17542 17542 E OCAM_MyApplication: 	at java.lang.Class.forName(Class.java:591)
1791670158.159 10551 17542 17542 E OCAM_MyApplication: 	at java.lang.Class.forName(Class.java:496)
1791670158.159 10551 17542 17542 E OCAM_MyApplication: 	at com.oplus.camera.MyApplication.l(MyApplication.java:11)
1791670158.159 10551 17542 17542 E OCAM_MyApplication: 	at com.oplus.camera.MyApplication.attachBaseContext(MyApplication.java:80)
1791670158.159 10551 17542 17542 E OCAM_MyApplication: 	at android.app.Application.attach(Application.java:356)
1791670158.159 10551 17542 17542 E OCAM_MyApplication: 	at android.app.Instrumentation.newApplication(Instrumentation.java:1363)
1791670158.159 10551 17542 17542 E OCAM_MyApplication: 	at android.app.LoadedApk.makeApplicationInner(LoadedApk.java:1658)
1791670158.159 10551 17542 17542 E OCAM_MyApplication: 	at android.app.LoadedApk.makeApplicationInner(LoadedApk.java:1590)
1791670158.159 10551 17542 17542 E OCAM_MyApplication: 	at android.app.ActivityThread.handleBindApplication(ActivityThread.java:8304)
1791670158.159 10551 17542 17542 E OCAM_MyApplication: 	at android.app.ActivityThread.-$$Nest$mhandleBindApplication(ActivityThread.java:0)
1791670158.159 10551 17542 17542 E OCAM_MyApplication: 	at android.app.ActivityThread$H.handleMessage(ActivityThread.java:2765)
1791670158.159 10551 17542 17542 E OCAM_MyApplication: 	at android.os.Handler.dispatchMessageImpl(Handler.java:142)
1791670158.159 10551 17542 17542 E OCAM_MyApplication: 	at android.os.Handler.dispatchMessage(Handler.java:125)
1791670158.159 10551 17542 17542 E OCAM_MyApplication: 	at android.os.Looper.loopOnce(Looper.java:296)
1791670158.159 10551 17542 17542 E OCAM_MyApplication: 	at android.os.Looper.loop(Looper.java:397)
1791670158.159 10551 17542 17542 E OCAM_MyApplication: 	at android.app.ActivityThread.main(ActivityThread.java:9581)
1791670158.159 10551 17542 17542 E OCAM_MyApplication: 	at java.lang.reflect.Method.invoke(Native Method)
1791670158.159 10551 17542 17542 E OCAM_MyApplication: 	at com.android.internal.os.RuntimeInit$MethodAndArgsCaller.run(RuntimeInit.java:578)
1791670158.159 10551 17542 17542 E OCAM_MyApplication: 	at com.android.internal.os.ZygoteInit.main(ZygoteInit.java:939)
1791670158.159 10551 17542 17542 E OCAM_MyApplication: Caused by: java.lang.ClassNotFoundException: android.graphics.OplusBaseRenderNode
1791670158.159 10551 17542 17542 E OCAM_MyApplication: 	... 20 more
1791670158.159 10551 17542 17542 V OCAM_OppoCamera_TRACE: traceEndSection, msg: CameraStartupPerformance.preloadClassForDlOpen
1791670158.159 10551 17542 17542 V OCAM_OppoCamera_TRACE: traceBeginSection, msg: CameraStartupPerformance.preloadSharedPreferences
1791670158.160 10551 17542 17578 V OCAM_OppoCamera_TRACE: traceBeginSection, msg: initCoreThread
1791670158.160 10551 17542 17542 V OCAM_OppoCamera_TRACE: traceEndSection, msg: CameraStartupPerformance.preloadSharedPreferences
1791670158.160 10551 17542 17576 V OCAM_OppoCamera_TRACE: traceBeginSection, msg: initCoreThread
1791670158.160 10551 17542 17577 V OCAM_OppoCamera_TRACE: traceBeginSection, msg: initCoreThread
1791670158.160 10551 17542 17576 V OCAM_OppoCamera_TRACE: traceEndSection, msg: initCoreThread
1791670158.160 10551 17542 17578 V OCAM_OppoCamera_TRACE: traceEndSection, msg: initCoreThread
1791670158.160 10551 17542 17577 V OCAM_OppoCamera_TRACE: traceEndSection, msg: initCoreThread
1791670158.161 10551 17542 17581 V OCAM_OppoCamera_TRACE: traceBeginSection, msg: initCoreThread
1791670158.161 10551 17542 17581 V OCAM_OppoCamera_TRACE: traceEndSection, msg: initCoreThread
1791670158.162 10551 17542 17542 D nativeloader: Load /data/app/~~pwrM1FFZPcTDtyIFM23IXQ==/com.oplus.camera-6To1ae9Bp6KmV_a4LzhBKw==/lib/arm64/libpreview_show.so using class loader ns clns-11 (caller=/data/app/~~pwrM1FFZPcTDtyIFM23IXQ==/com.oplus.camera-6To1ae9Bp6KmV_a4LzhBKw==/base.apk!classes12.dex): ok
1791670158.162 10551 17542 17542 V OCAM_Util: attachBaseContext, context: android.app.ContextImpl@b494422
1791670158.162 10551 17542 17542 V OCAM_CommonUtil: attachBaseContext, context: android.app.ContextImpl@b494422
1791670158.163 10551 17542 17542 E OCAM_OplusCameraSceneCollector: get gcSupression err java.lang.NoSuchMethodException: dalvik.system.VMRuntime.SupressionGC [int, int]
1791670158.164 10551 17542 17542 I MMKV    : Disable checkProcessMode()
1791670158.164 10551 17542 17542 D nativeloader: Load /data/app/~~pwrM1FFZPcTDtyIFM23IXQ==/com.oplus.camera-6To1ae9Bp6KmV_a4LzhBKw==/lib/arm64/libmmkv.so using class loader ns clns-11 (caller=/data/app/~~pwrM1FFZPcTDtyIFM23IXQ==/com.oplus.camera-6To1ae9Bp6KmV_a4LzhBKw==/base.apk!classes22.dex): ok
1791670158.165 10551 17542 17542 I MMKV    : <native-bridge.cpp:104::JNI_OnLoad> current API level = 37, libc++_shared=0
1791670158.165 10551 17542 17542 I MMKV    : <MMKV.cpp:156::initialize> version v1.2.10, page size 4096, arch arm64-v8a
1791670158.165 10551 17542 17542 I MMKV    : <MMKV.cpp:167::initialize> armv8 AES instructions is supported
1791670158.165 10551 17542 17542 I MMKV    : <MMKV.cpp:175::initialize> armv8 CRC32 instructions is supported
1791670158.167  root   673   673 I         : aw8697_op_clean_status enter
1791670158.167  root   673   673 I aw8697_irq: rtp update complete,glb_state_val=0x8
1791670158.165 10551 17542 17542 I MMKV    : <MMKV.cpp:198::initializeMMKV> root dir: /data/user/0/com.oplus.camera/files/mmkv
1791670158.165 10551 17542 17542 W OCAM_TaskBus: init sContext: com.oplus.camera.MyApplication@4744be9
1791670158.165 10551 17542 17542 V OCAM_MyApplication: initCameraUnit
1791670158.165 10551 17542 17542 V OCAM_OppoCamera_TRACE: traceBeginSection, msg: CameraStartupPerformance.initCameraUnit
1791670158.165 10551 17542 17542 V OCAM_OppoCamera_TRACE: traceEndSection, msg: CameraStartupPerformance.initCameraUnit
1791670158.165 10551 17542 17542 V OCAM_OppoCamera_TRACE: traceEndSection, msg: CameraStartupPerformance.attachBaseContext
1791670158.165 10551 17542 17576 V OCAM_OppoCamera_TRACE: traceBeginSection, msg: InitCameraUnitTask
1791670158.165 10551 17542 17542 V OCAM_MyApplication: attachBaseContext X, config parse ver2: false
1791670158.165 10551 17542 17576 D OCAM_CameraUnitProxy: initCameraUnit
1791670158.167 10551 17542 17576 D OCAM_CameraUnitProxy: checkCameraPermission, permissionGranted: true
1791670158.169 10551 17542 17542 D DesktopExperienceFlags: Toggle override initialized to: false
1791670158.170 10551 17542 17542 D CompatChangeReporter: Compat change id reported: 312399441; UID 10551; state: ENABLED
1791670158.171 10551 17542 17542 D OCAM_CameraInfoProvider: onCreate
1791670158.176 10551 17542 17542 D CardWidget.Utils: Utils sIsDebug sync ret: false
1791670158.176 10551 17542 17542 I Utils   : Utils sIsDebug sync ret: false
1791670158.177 10551 17542 17542 E CardWidget.Compatibility.AssistantScreenSelector: queryAssistantMetaData get ast metaData err! com.coloros.assistantscreen
1791670158.177 10551 17542 17542 E CardWidget.Compatibility.AssistantScreenSelector: getSmartEngineApkVersionCode getPackageInfo err! com.oplus.smartengine
1791670158.177 10551 17542 17542 D CardWidget.Compatibility.AssistantScreenSelector: get SmartEngine versionCode: 0
1791670158.180 10551 17542 17542 V OCAM_MyApplication: onCreate, E
1791670158.180 10551 17542 17542 V OCAM_OppoCamera_TRACE: traceBeginSection, msg: CameraStartupPerformance.onCameraApplicationCreated
1791670158.180 10551 17542 17542 D OCAM_MyApplication: monitorActivityLifeCycle E
1791670158.180 10551 17542 17542 D OCAM_MyApplication: monitorActivityLifeCycle X
1791670158.181 10551 17542 17542 I OCAM_CameraSingleton: single instance created, current obj: ng.i$a@2d7f5f6
1791670158.182 10551 17542 17542 V OCAM_LocationManager: registerLocationListener, listener: ng.a@528ddf7
1791670158.182 10551 17542 17542 I MMKV    : Disable checkProcessMode()
1791670158.182 10551 17542 17542 I MMKV    : <MMKV.cpp:198::initializeMMKV> root dir: /data/user/0/com.oplus.camera/files/mmkv
1791670158.183 10551 17542 17542 D OCAM_SPDataBuffer: SPDataBuffer: create SPDataBuffer at com.oplus.camera_preferences
1791670158.183 10551 17542 17542 V OCAM_MyApplication: startTaskBus
1791670158.183 10551 17542 17542 V OCAM_OppoCamera_TRACE: traceBeginSection, msg: CameraStartupPerformance.startTaskBus
1791670158.184 10551 17542 17542 E OCAM_CameraThreadExector: thread name is null
1791670158.185 10551 17542 17595 D OCAM_ThreadManager: setUxThreadValue: pid is: 17542, tid is 17595 value is 130, keyThreadTag: TaskBusThread
1791670158.185 10551 17542 17596 D OCAM_ThreadManager: setUxThreadValue: pid is: 17542, tid is 17596 value is 130, keyThreadTag: TaskBusThread
1791670158.185 10551 17542 17542 V OCAM_OppoCamera_TRACE: traceEndSection, msg: CameraStartupPerformance.startTaskBus
1791670158.185 10551 17542 17599 D OCAM_ThreadManager: setUxThreadValue: pid is: 17542, tid is 17599 value is 130, keyThreadTag: TaskBusThread
1791670158.185 10551 17542 17598 D OCAM_ThreadManager: setUxThreadValue: pid is: 17542, tid is 17598 value is 130, keyThreadTag: TaskBusThread
1791670158.185 10551 17542 17576 W CameraUnitLog: initLog, autoTestLogOn:false, isLogOn:false, isTrialVersion():false, isConfigForceOpen:false, isPanic:false, isMpVersion:false
1791670158.185 10551 17542 17576 W CameraUnit, CameraUnitImpl: checkAuthenticationPermission, api {versionName: 1.1.183, versionCode: 100004}; SdkConfig: {version name: 5.045.58, version code: 341000, type: release}
1791670158.185 10551 17542 17599 I OCAM_TaskBusRunnable: TaskBusRunable.run setUx for 17599
1791670158.185 10551 17542 17596 I OCAM_TaskBusRunnable: TaskBusRunable.run setUx for 17596
1791670158.185 10551 17542 17598 I OCAM_TaskBusRunnable: TaskBusRunable.run setUx for 17598
1791670158.185 10551 17542 17599 V OCAM_OppoCamera_TRACE: traceBeginSection, msg: InitThreadMonitorTask
1791670158.185 10551 17542 17596 V OCAM_OppoCamera_TRACE: traceBeginSection, msg: InitCameraConfigTask
1791670158.185 10551 17542 17598 V OCAM_OppoCamera_TRACE: traceBeginSection, msg: initStoragePathTask
1791670158.185 10551 17542 17599 W OCAM_ThreadMonitor: prepare()
1791670158.185 10551 17542 17595 I OCAM_TaskBusRunnable: TaskBusRunable.run setUx for 17595
1791670158.185 10551 17542 17595 V OCAM_OppoCamera_TRACE: traceBeginSection, msg: InitDcsTask
1791670158.185 10551 17542 17542 I OCAM_CameraSingleton: single instance created, current obj: y6.e$b@53df285
1791670158.185 10551 17542 17596 V OCAM_CameraConfig: initialize, sbInit: false
1791670158.185 10551 17542 17598 D OCAM_Storage: initializeStoragePath()
1791670158.185 10551 17542 17542 D OCAM_OplusDeviceStateManager_OplusDeviceStateManager: init default
1791670158.185 10551 17542 17542 W OCAM_OplusDeviceStateManagerCompat: OplusDeviceStateManager init failed due to: can't find system class.
1791670158.186 10551 17542 17595 D OCAM_DcsReporter: init app context
1791670158.188 10551 17542 17598 D OCAM_SPDataBuffer: SPDataBuffer: create SPDataBuffer at com.oplus.camera_preferences_0
1791670158.188 10551 17542 17598 E OCAM_Storage: initializeCachedDeletedMediaIds, sCachedMediaIds: []
1791670158.188 10551 17542 17600 W OCAM_ThreadMonitor: ***** Monitor thread start *****
1791670158.189 10551 17542 17599 V OCAM_OppoCamera_TRACE: traceEndSection, msg: InitThreadMonitorTask
1791670158.189 10551 17542 17542 D OCAM_OplusDeviceStateManagerCompat: onDeviceStateChanged, getSoftwareFoldingMode: -1
1791670158.189 10551 17542 17599 D OCAM_TaskBusRunnable: TaskBusRunable.run executeTask: InitThreadMonitorTask, cost time: 4ms.
1791670158.190 10551 17542 17599 D OCAM_TaskBus: needDisableUx: false corePoolSize: 4 mDoneTasks: 1 mAllTasksCls: 12 this:yh.c@647c8a6
1791670158.190 10551 17542 17599 V OCAM_OppoCamera_TRACE: traceEndSection, msg: InitThreadMonitorTask
1791670158.190 10551 17542 17599 V OCAM_OppoCamera_TRACE: traceBeginSection, msg: InitAlgoListModelTask
1791670158.190 10551 17542 17542 D OCAM_OplusDeviceStateManagerCompat: onDeviceStateChanged, getFolderAngle: -1
1791670158.190 10551 17542 17542 D OCAM_OplusDeviceStateManagerCompat: onDeviceStateChanged, sFoldAngle: -1
1791670158.190 10551 17542 17598 V OCAM_OppoCamera_TRACE: traceEndSection, msg: initStoragePathTask
1791670158.190 10551 17542 17599 V OCAM_OppoCamera_TRACE: traceEndSection, msg: InitAlgoListModelTask
1791670158.190 10551 17542 17598 D OCAM_TaskBusRunnable: TaskBusRunable.run executeTask: initStoragePathTask, cost time: 5ms.
1791670158.190 10551 17542 17599 D OCAM_TaskBusRunnable: TaskBusRunable.run executeTask: InitAlgoListModelTask, cost time: 0ms.
1791670158.190 10551 17542 17599 D OCAM_TaskBus: needDisableUx: false corePoolSize: 4 mDoneTasks: 2 mAllTasksCls: 12 this:yh.c@647c8a6
1791670158.190 10551 17542 17599 V OCAM_OppoCamera_TRACE: traceEndSection, msg: InitAlgoListModelTask
1791670158.190 10551 17542 17598 D OCAM_TaskBus: needDisableUx: false corePoolSize: 4 mDoneTasks: 3 mAllTasksCls: 12 this:yh.c@647c8a6
1791670158.190 10551 17542 17599 V OCAM_OppoCamera_TRACE: traceBeginSection, msg: InitActivityContextUtil
1791670158.190 10551 17542 17598 V OCAM_OppoCamera_TRACE: traceEndSection, msg: initStoragePathTask
1791670158.190 10551 17542 17542 D OCAM_OplusDeviceStateManagerCompat: onDeviceStateChanged, getFoldStateBySystem: -1
1791670158.190 10551 17542 17598 V OCAM_OppoCamera_TRACE: traceBeginSection, msg: InitCameraConfigHeavyTask
1791670158.191 10551 17542 17542 D OCAM_OplusDeviceStateManagerCompat: onDeviceStateChanged, mLastCachedDeviceState: -1, state: 0
1791670158.191 10551 17542 17599 V OCAM_OppoCamera_TRACE: traceEndSection, msg: InitActivityContextUtil
1791670158.191 10551 17542 17599 D OCAM_TaskBusRunnable: TaskBusRunable.run executeTask: InitActivityContextUtil, cost time: 1ms.
1791670158.191 10551 17542 17599 D OCAM_TaskBus: needDisableUx: false corePoolSize: 4 mDoneTasks: 4 mAllTasksCls: 12 this:yh.c@647c8a6
1791670158.191 10551 17542 17599 V OCAM_OppoCamera_TRACE: traceEndSection, msg: InitActivityContextUtil
1791670158.191 10551 17542 17599 V OCAM_OppoCamera_TRACE: traceBeginSection, msg: InitCameraConfigAsyncTask
1791670158.191 10551 17542 17542 V OCAM_OppoCamera_TRACE: traceEndSection, msg: CameraStartupPerformance.onCameraApplicationCreated
1791670158.191 10551 17542 17599 I OCAM_Task: initCameraConfig
1791670158.191 10551 17542 17542 D OCAM_LottieUtil: hookThreadPool success
1791670158.191 10551 17542 17542 V OCAM_MyApplication: onCreate, X
1791670158.191 10551 17542 17599 V OCAM_CameraThreadExector: thread name: feature_init
1791670158.191 10551 17542 17599 V OCAM_CameraThreadExector: thread name: Camera Initialize
1791670158.191 10551 17542 17599 V OCAM_CameraThreadExector: thread name: init MyRegionAdapter
1791670158.191 10551 17542 17599 V OCAM_OppoCamera_TRACE: traceEndSection, msg: InitCameraConfigAsyncTask
1791670158.191 10551 17542 17599 D OCAM_TaskBusRunnable: TaskBusRunable.run executeTask: InitCameraConfigAsyncTask, cost time: 0ms.
1791670158.191 10551 17542 17599 D OCAM_TaskBus: needDisableUx: false corePoolSize: 4 mDoneTasks: 5 mAllTasksCls: 12 this:yh.c@647c8a6
1791670158.191 10551 17542 17599 V OCAM_OppoCamera_TRACE: traceEndSection, msg: InitCameraConfigAsyncTask
1791670158.192 10551 17542 17599 V OCAM_OppoCamera_TRACE: traceBeginSection, msg: InitActivityUtilTask
1791670158.192 10551 17542 17599 V OCAM_OppoCamera_TRACE: traceEndSection, msg: InitActivityUtilTask
1791670158.192 10551 17542 17599 D OCAM_TaskBusRunnable: TaskBusRunable.run executeTask: InitActivityUtilTask, cost time: 0ms.
1791670158.192 10551 17542 17599 D OCAM_TaskBus: needDisableUx: false corePoolSize: 4 mDoneTasks: 6 mAllTasksCls: 12 this:yh.c@647c8a6
1791670158.192 10551 17542 17599 V OCAM_OppoCamera_TRACE: traceEndSection, msg: InitActivityUtilTask
1791670158.192 10551 17542 17599 V OCAM_OppoCamera_TRACE: traceBeginSection, msg: InitVibrateManagerTask
1791670158.192 10551 17542 17599 V OCAM_OppoCamera_TRACE: traceEndSection, msg: InitVibrateManagerTask
1791670158.192 10551 17542 17599 D OCAM_TaskBusRunnable: TaskBusRunable.run executeTask: InitVibrateManagerTask, cost time: 0ms.
1791670158.192 10551 17542 17599 D OCAM_TaskBus: needDisableUx: false corePoolSize: 4 mDoneTasks: 7 mAllTasksCls: 12 this:yh.c@647c8a6
1791670158.192 10551 17542 17599 V OCAM_OppoCamera_TRACE: traceEndSection, msg: InitVibrateManagerTask
1791670158.193  root  6836 24683 V BinderSender: Uid 10551 already starts
1791670158.195 10551 17542 17542 D OCAM_ApsService: onCreate
1791670158.195  1000  4337  5236 D FileUtils: Rounded bytes from 11796553728 to 16000000000
1791670158.196 10551 17542 17542 W OCAM_MemoryUtils: getMemoryInfo, mi.totalMem11796553728, mi.availMem: 3736461312
1791670158.196 10551 17542 17542 D OCAM_ApsService: onStartCommand, flags: 0, startId: 2
1791670158.197 10551 17542 17576 E CapabilityBase.a: Unable to fetch metadata from teh manifest com.oplus.ocs
1791670158.199 10551 17542 17601 I CameraUnit, CameraUnitImpl: setDeathRecipient
1791670158.201 10551 17542 17601 E OplusCameraManagerGlobal: setDeathRecipient
1791670158.201  1000  1722 17534 D vendor.qti.vibrator: Notifying on complete
1791670158.201 10551 17542 17601 I OplusCameraManagerGlobal: Connecting to camera service
1791670158.201  1000  1722  1722 D vendor.qti.vibrator: QTI Vibrator off
1791670158.203 10551 17542 17595 D OplusTrack-OplusTrack: packageName:com.oplus.camera,isDebug:true
1791670158.203  1000  4337  6576 W ActivityManager: pid 17542 com.oplus.camera sent binder code 10002 with flags 2 and got error -74
1791670158.203 10551 17542 17595 D OplusTrack-OplusTrack: setSession timeout is 10
1791670158.203 10551 17542 17595 V OCAM_OppoCamera_TRACE: traceEndSection, msg: InitDcsTask
1791670158.203 10551 17542 17595 D OCAM_TaskBusRunnable: TaskBusRunable.run executeTask: InitDcsTask, cost time: 18ms.
1791670158.204 10551 17542 17595 D OCAM_TaskBus: needDisableUx: false corePoolSize: 4 mDoneTasks: 8 mAllTasksCls: 12 this:yh.c@647c8a6
1791670158.204 10551 17542 17595 V OCAM_OppoCamera_TRACE: traceEndSection, msg: InitDcsTask
1791670158.204 10551 17542 17595 V OCAM_OppoCamera_TRACE: traceBeginSection, msg: InitCaptureDeferTask
1791670158.204 10551 17542 17595 V OCAM_CameraThreadExector: thread name: Capture Defer Init
1791670158.204 10551 17542 17595 V OCAM_OppoCamera_TRACE: traceEndSection, msg: InitCaptureDeferTask
1791670158.204 10551 17542 17595 D OCAM_TaskBusRunnable: TaskBusRunable.run executeTask: InitCaptureDeferTask, cost time: 0ms.
1791670158.204 10551 17542 17595 D OCAM_TaskBus: needDisableUx: true corePoolSize: 4 mDoneTasks: 9 mAllTasksCls: 12 this:yh.c@647c8a6
1791670158.204 10551 17542 17595 V OCAM_OppoCamera_TRACE: traceBeginSection, msg: disableKeyThreadValue_17595
1791670158.204  1041  4179  4403 W AudioTrackShared: releaseBuffer: dropped wake
1791670158.204 10551 17542 17595 V OCAM_OppoCamera_TRACE: traceEndSection, msg: disableKeyThreadValue_17595
1791670158.204 10551 17542 17595 V OCAM_OppoCamera_TRACE: traceEndSection, msg: InitCaptureDeferTask
1791670158.204 10551 17542 17595 D OCAM_ThreadManager: setUxThreadValue: pid is: 17542, tid is 17595 value is 130, keyThreadTag: TemporaryThread
1791670158.209 10551 17542 17602 D ApsAdapter, CameraPerformance: setUxThreadValue, pid is: 17542, tid is 17602 value is 136, keyThreadTag: ConfigInitThread
1791670158.209 10551 17542 17602 E ApsAdapter, OsenseResClientHelper: init, sbKeyThreadFeatureOpen: false
1791670158.209 10551 17542 17603 D ApsAdapter, CameraPerformance: setUxThreadValue, pid is: 17542, tid is 17603 value is 136, keyThreadTag: ConfigInitThread
1791670158.211 10551 17542 17595 E CameraUnit_TRACE: traceBeginSection, msg: parseFromProtobuf
1791670158.212 10551 17542 17595 D CameraUnit, CameraConfigure: decodeConfigFileVersion1, rusVersionNum: 1, odmVersionNum: 1
1791670158.212 10551 17542 17595 E CameraUnit_TRACE: traceBeginSection, msg: FeatureApi.parse
1791670158.217 10551 17542 17604 E ActivityThread: Failed to find provider info for com.oplus.statistics.provider
1791670158.217 10551 17542 17604 D OplusTrack-ContentProviderRecorder: get provider client failed.
1791670158.217 10551 17542 17604 W OplusTrack-ContentProviderRecorder: not support content provider
1791670158.218  1000  4337  6576 W ActivityManager: Unable to start service Intent { xflg=0x4 cmp=com.nearme.statistics.rom/.service.ReceiverService (has extras) } U=0: not found
1791670158.219 media  4181 17515 D CCodecBuffers: [c2.android.vorbis.decoder#217:1D-Output] received null buffer
1791670158.219 media  4181 17512 D AudioTrack: stop(156): called with 55554 frames delivered
1791670158.224 10551 17542 17596 D nativeloader: Load /system_ext/lib64/libOplusStringJNI.so using ns default for caller /system_ext/framework/com.oplus.camera.unit.sdk.jar in same partition (is_bridged=0): ok
1791670158.225 10551 17542 17596 W OplusString: [WARNING] string_util.cpp: 324  OplusStringJNI_needGetString() length: 29041, flag: 91, 10, 10
1791670158.226 10551 17542 17596 D ApsAdapter, UpdateHelper: getValidConfigData, no rus, use ota, path: /odm/etc/camera/config/oplus_camera_config
1791670158.242 10280  5540  5540 D BoundBrokerSvc: onRebind: Intent { act=com.google.android.gms.libs.gmscorelogger.service.START dat=chimera-action:/... xflg=0x4 cmp=com.google.android.gms/.chimera.PersistentDirectBootAwareApiService }
1791670158.245 10531 17229 17473 I WM-WorkerWrapper: Worker result SUCCESS for Work [ id=08e64781-0908-4fdc-81ce-7bca9843e7f3, tags={ com.linkedin.tracking.grpc.transport.restproxy.worker.RestProxyWorker,FlushAllTransport } ]
1791670158.257 10531 17229 17229 D WM-Processor: Processor 08e64781-0908-4fdc-81ce-7bca9843e7f3 executed; reschedule = false
1791670158.257 10531 17229 17229 D WM-SystemJobService: 08e64781-0908-4fdc-81ce-7bca9843e7f3 executed on JobScheduler
1791670158.257 10531 17229 17229 D WM-GreedyScheduler: Stopping tracking for WorkGenerationalId(workSpecId=08e64781-0908-4fdc-81ce-7bca9843e7f3, generation=236)
1791670158.259 10551 17542 17596 D ApsAdapter, ApsUtils: initConfigData, old format without version
1791670158.260 10551 17542 17598 I OCAM_CameraConfig: confirmInitCompleted cost: 69036us.
1791670158.260 10551 17542 17596 V OCAM_CameraConfig: isLightVersion: false
1791670158.260 10551 17542 17596 V OCAM_CameraConfig: initialize X
1791670158.260 10551 17542 17598 V OCAM_CamCmdUtil: initialize, sSupportCamCmdValue: 0
1791670158.260 10551 17542 17598 V CameraUnit, PowerDebugUtil: updatePWDebugSysPropVal, PW_DEBUG pwVal: 0, captureVal: 0
1791670158.260 10551 17542 17598 E PowerDebugUtil: updatePWDebugVal, PW_DEBUG sPWVal: 0, sCaptureFlow: 0
1791670158.261 10551 17542 17598 V OCAM_CameraSettingsConfig: initialize, sbInit: false
1791670158.262 10551 17542 17598 D OCAM_CameraVendorTagConfig: isCaptureDeferSupported, sCaptureDeferSupported: null
1791670158.262 10551 17542 17598 D OCAM_SpruceUtil: sIsSupportSpruceNode: false
1791670158.263 10551 17542 17598 V OCAM_CameraSettingsConfig: initialize X
1791670158.264 10551 17542 17598 V OCAM_SizeUtils: initialize, sbInit: false
1791670158.265 10551 17542 17598 V OCAM_SizeUtils: displaycontent, getDefaultDisplay().getHeight(): 3216 wm.getDefaultDisplay().getWidth(): 1440 metrics.density: 2.8 metrics.densityDpi: 448
1791670158.265 10551 17542 17598 V OCAM_MyApplication: startDaemonService, stopService and startForegroundService
1791670158.265 10551 17542 17598 V OCAM_OppoCamera_TRACE: traceBeginSection, msg: CameraStartupPerformance.startDaemonService
1791670158.265 10551 17542 17602 I ApsAdapter, Util: getThreadId, getTid err
1791670158.265 10551 17542 17602 I ApsAdapter, Util: getThreadId, getTid err
1791670158.266 10551 17542 17602 I ApsAdapter, Util: getThreadId, getTid err
1791670158.266 10551 17542 17602 I ApsAdapter, Util: getThreadId, getTid err
1791670158.266 10551 17542 17602 D CameraUnit, Util: checkCameraPermission, permissionGranted: true
1791670158.266 10551 17542 17602 E CameraUnitLog: setIsVendorTagConfigInitialize : false > false
1791670158.266  1000  4337  6601 W ActivityManager: Skipping manifest association check for null package. SourceUid: 10551, SourcePkg: null, TargetUid: 10551, TargetPkg: com.oplus.camera
1791670158.267  1000  4337  6601 D CompatChangeReporter: Compat change id reported: 311208629; UID 10551; state: ENABLED
1791670158.268 10551 17542 17542 D OCAM_ApsService: onDestroy
1791670158.272  1000  4337  6601 D CompatChangeReporter: Compat change id reported: 319471980; UID 10551; state: ENABLED
1791670158.273  1000  4337  6601 W ActivityManager: Background start not allowed: service Intent { xflg=0x4 cmp=com.oplus.camera/.aps.service.ApsService } to com.oplus.camera/.aps.service.ApsService from pid=17542 uid=10551 pkg=com.oplus.camera startFg?=false
1791670158.274 10551 17542 17596 V OCAM_QuickWhitelist: getRusUpdatePath, updatePath: /data/user/0/com.oplus.camera/files/odm/etc/camera/config/quick_visibility_white_list, fileExists: false
1791670158.275 10551 17542 17596 D OCAM_QuickWhitelist: init, quickVisibilityWhitelist: []
1791670158.275 10551 17542 17596 V OCAM_QuickWhitelist: notifyQuickWhitelistUpdate
1791670158.277 10531 17229 17414 D WM-WorkConstraintsTrack: NetworkRequestConstraintController onBlockedStatusChanged callback true
1791670158.279 10551 17542 17596 V OCAM_QuickWhitelist: ++notifyQuickWhitelistUpdate
1791670158.279 10551 17542 17596 V OCAM_OppoCamera_TRACE: traceEndSection, msg: InitCameraConfigTask
1791670158.279 10551 17542 17596 D OCAM_TaskBusRunnable: TaskBusRunable.run executeTask: InitCameraConfigTask, cost time: 94ms.
1791670158.279 10551 17542 17596 D OCAM_TaskBus: needDisableUx: true corePoolSize: 4 mDoneTasks: 10 mAllTasksCls: 12 this:yh.c@647c8a6
1791670158.279 10551 17542 17596 V OCAM_OppoCamera_TRACE: traceBeginSection, msg: disableKeyThreadValue_17596
1791670158.279 10551 17542 17596 V OCAM_OppoCamera_TRACE: traceEndSection, msg: disableKeyThreadValue_17596
1791670158.279 10551 17542 17596 V OCAM_OppoCamera_TRACE: traceEndSection, msg: InitCameraConfigTask
1791670158.279 10551 17542 17599 V OCAM_OppoCamera_TRACE: traceBeginSection, msg: InitPerformanceTask
1791670158.279 10551 17542 17596 E OCAM_CameraVendorTagConfig: isScreenFoldInwardLeftAndRight, sDeviceScreenForm: normal
1791670158.280 10551 17542 17596 I OCAM_CameraSingleton: single instance created, current obj: com.oplus.camera.upgrade.aps.i$a@6a91930
1791670158.280 10551 17542 17596 D OCAM_TuningParameterUpgradeUtil: checkTuningUpgrade
1791670158.281 10551 17542 17596 V OCAM_MyApplication: checkDataManagerStatus X
1791670158.284 10551 17542 17596 E ActivityThread: Failed to find provider info for com.oplus.customize.coreapp.configmanager.configprovider.AppFeatureProvider
1791670158.284 10531 17229 17477 D WM-GreedyScheduler: Cancelling work ID 08e64781-0908-4fdc-81ce-7bca9843e7f3
1791670158.290 10551 17542 17598 V OCAM_MyApplication: startDaemonService, failed because: Not allowed to start service Intent { xflg=0x4 cmp=com.oplus.camera/.aps.service.ApsService }: app is in background uid UidRecord{d849967 u0a551 SVC  bg:+179ms idle change:procadj procs:0 seq(83064,83060)} caps=-------TI
1791670158.290 10551 17542 17598 V OCAM_OppoCamera_TRACE: traceEndSection, msg: CameraStartupPerformance.startDaemonService
1791670158.290 10551 17542 17598 V OCAM_Util: initialize, sbInit: false
1791670158.296 10551 17542 17598 D nativeloader: Load /data/app/~~pwrM1FFZPcTDtyIFM23IXQ==/com.oplus.camera-6To1ae9Bp6KmV_a4LzhBKw==/lib/arm64/libFormatConverter.so using class loader ns clns-11 (caller=/data/app/~~pwrM1FFZPcTDtyIFM23IXQ==/com.oplus.camera-6To1ae9Bp6KmV_a4LzhBKw==/base.apk!classes12.dex): ok
1791670158.296 10551 17542 17598 D OCAM_CameraCharacteristicsUtil: waitForInitialization() - start
1791670158.297 10551 17542 17608 D ApsAdapter, CameraPerformance: setUxThreadValue, pid is: 17542, tid is 17608 value is 129, keyThreadTag: PreviewImageThread
1791670158.297 10551 17542 17610 D ApsAdapter, CameraPerformance: setUxThreadValue, pid is: 17542, tid is 17610 value is 136, keyThreadTag: PreviewFrameThread
1791670158.298 10551 17542 17603 I ApsAdapter, Util: getThreadId, getTid err
1791670158.298 10551 17542 17611 D ApsAdapter, CameraPerformance: setUxThreadValue, pid is: 17542, tid is 17611 value is 132, keyThreadTag: CaptureImageThread
1791670158.298 10531 17229 17477 D WM-SystemJobScheduler: Scheduling work ID 08e64781-0908-4fdc-81ce-7bca9843e7f3Job ID -2147483585
1791670158.299 10551 17542 17599 V OCAM_Performance: init
1791670158.301 10551 17542 17599 W OCAM_QualityReport: No permission to reach tracing node.
1791670158.301 10551 17542 17599 I OCAM_QualityReport: isTraceSupported, isPreVersion: false, accessPermission: false
1791670158.301 10551 17542 17599 D OCAM_QualityReport: init, mbIsTraceSupported: false
1791670158.301 10551 17542 17599 V OCAM_OppoCamera_TRACE: traceEndSection, msg: InitPerformanceTask
1791670158.301 10551 17542 17599 D OCAM_TaskBusRunnable: TaskBusRunable.run executeTask: InitPerformanceTask, cost time: 22ms.
1791670158.301 10551 17542 17599 D OCAM_TaskBus: needDisableUx: true corePoolSize: 4 mDoneTasks: 11 mAllTasksCls: 12 this:yh.c@647c8a6
1791670158.301 10531 17229 17477 D WM-GreedyScheduler: Ignoring {WorkSpec: ea90efc3-38d1-404e-8af1-36184ba1eeee}. Requires device idle.
1791670158.301 10551 17542 17612 D ApsAdapter, CameraPerformance: setUxThreadValue, pid is: 17542, tid is 17612 value is 136, keyThreadTag: PreviewReceivedWorkThread
1791670158.302 10531 17229 17479 D WM-WorkConstraintsTrack: NetworkRequestConstraintController unregister shared callback
1791670158.302 10551 17542 17599 V OCAM_OppoCamera_TRACE: traceBeginSection, msg: disableKeyThreadValue_17599
1791670158.302 10551 17542 17599 V OCAM_OppoCamera_TRACE: traceEndSection, msg: disableKeyThreadValue_17599
1791670158.302 10551 17542 17599 V OCAM_OppoCamera_TRACE: traceEndSection, msg: InitPerformanceTask
1791670158.303 10551 17542 17613 D ApsAdapter, CameraPerformance: setUxThreadValue, pid is: 17542, tid is 17613 value is 136, keyThreadTag: ConfigInitThread
1791670158.303 10551 17542 17615 D ApsAdapter, CameraPerformance: setUxThreadValue, pid is: 17542, tid is 17615 value is 129, keyThreadTag: UnitHandlerThread
1791670158.303 10551 17542 17613 I CameraUnit, CameraConfigHelper: initialize config, justParseVendorTag: false
1791670158.303 10551 17542 17613 E OplusCameraManagerGlobal: setCallInfo
1791670158.303 10551 17542 17603 I ApsAdapter, Util: getThreadId, getTid err
1791670158.304 10551 17542 17613 D ActivityThread: Too many transaction errors, throttling transaction error callback.
1791670158.304 10551 17542 17613 W OplusString: [WARNING] string_util.cpp: 324  OplusStringJNI_needGetString() length: 18590, flag: 123, 13, 10
1791670158.308 10551 17542 17613 I CameraUnit, JsonParser: loadConfigFile, path: /odm/etc/camera/config/camera_unit_config
1791670158.308 10551 17542 17613 I CameraUnit, JsonParser: parserDefaultSupportPreviewSizes, values: ["1920X1080","1280X720"]
1791670158.308 10551 17542 17613 I CameraUnit, JsonParser: parserDefaultSupportVideoSizes, values: ["4000X3000","3840X2160","2752X2064","1920X1080","1280X720"]
1791670158.309 10551 17542 17613 E CameraUnit, JsonParser: parserCaptureStreamNumberConfig, don't have config in the camera_unit_config file, parseKey: capture_stream_number
1791670158.309 10551 17542 17613 I CameraUnit, JsonParser: parserDngDescription, camera: rear_main, desc: OP Pro HB Color Profile 0
1791670158.309 10551 17542 17613 I CameraUnit, JsonParser: parserDngDescription, camera: rear_wide, desc: OP Pro HB Color Profile 3
1791670158.309 10551 17542 17613 I CameraUnit, JsonParser: parserDngDescription, camera: rear_tele, desc: OP Pro HB Color Profile 2
1791670158.309 10551 17542 17613 I CameraUnit, JsonParser: initAllModeFeatures
1791670158.310 10551 17542 17616 D ApsAdapter, CameraPerformance: setUxThreadValue, pid is: 17542, tid is 17616 value is 129, keyThreadTag: UnitHandlerThread
1791670158.313 10551 17542 17576 I CameraUnitClient: handleAuthenticate, isAuthed: true, supportAsyncAuth: false
1791670158.313 10551 17542 17576 V OCAM_CameraCharacteristicsUtil: initialize
1791670158.314 10551 17542 17576 V OCAM_CameraThreadExector: thread name: initCameraInfo
1791670158.314 10551 17542 17576 V OCAM_CameraCharacteristicsUtil: initialize, X
1791670158.314 10551 17542 17576 V OCAM_OppoCamera_TRACE: traceEndSection, msg: InitCameraUnitTask
1791670158.314 10551 17542 17599 V OCAM_OppoCamera_TRACE: traceBeginSection, msg: initCameraInfo
1791670158.314 10551 17542 17599 D OCAM_ThreadManager: setUxThreadValue: pid is: 17542, tid is 17599 value is 130, keyThreadTag: TemporaryThread
1791670158.316 10551 17542 17599 E CameraUnit_TRACE: traceBeginSection, msg: getAllSupportCameraType
1791670158.325 10551 17542 17613 I CameraUnit, FeatureImpl: initCategoryAndValueType, do not have matching category featureName: beauty
1791670158.331 10551 17542 17613 I CameraUnit, JsonParser: initAllModeFeatures X, spend time: 22
1791670158.331 10551 17542 17613 E CameraUnit_TRACE: traceBeginSection, msg: CameraCharacteristicsHelper.initialize
1791670158.338  root    36    36 I IRQ 16  : no longer affine to CPU4
1791670158.339 10551 17542 17613 D ApsAdapter, CameraPerformance: setUxThreadValue, pid is: 17542, tid is 17617 value is 129, keyThreadTag: UnitHandlerThread
1791670158.340 10551 17542 17613 D CameraUnit, RomVersion: initRomVersion, final ROM version: OnePlus/lemonadep/lemonadep:17/CP2A.260605.016/5:userdebug/release-keys
1791670158.340 10551 17542 17613 D CameraUnit, CameraCharacteristicsWrapper_0: Get cached value from value of shared preferences, camera: 0
1791670158.342 10551 17542 17613 D CameraUnit, CameraCharacteristicsWrapper_0: 26 cached value(s) built, camera: 0
1791670158.342 10551 17542 17613 V CameraUnit, CameraCharacteristicsHelper: initialize, cameraId: 0, cameraIdType: 0, cameraType: rear_main, availableStreamFpsRanges: null
1791670158.342 10551 17542 17613 D CameraUnit, CameraCharacteristicsWrapper_1: Get cached value from value of shared preferences, camera: 1
1791670158.345 10551 17542 17613 D CameraUnit, CameraCharacteristicsWrapper_1: 15 cached value(s) built, camera: 1
1791670158.345 10551 17542 17613 V CameraUnit, CameraCharacteristicsHelper: initialize, cameraId: 1, cameraIdType: 1, cameraType: front_main, availableStreamFpsRanges: null
1791670158.345 10551 17542 17613 D CameraUnit, CameraCharacteristicsWrapper_2: Get cached value from value of shared preferences, camera: 2
1791670158.345 10551 17542 17613 D CameraUnit, CameraCharacteristicsWrapper_2: 6 cached value(s) built, camera: 2
1791670158.345 10551 17542 17613 V CameraUnit, CameraCharacteristicsHelper: initialize, cameraId: 2, cameraIdType: 2, cameraType: rear_wide, availableStreamFpsRanges: null
1791670158.345 10551 17542 17613 D CameraUnit, CameraCharacteristicsWrapper_3: Get cached value from value of shared preferences, camera: 3
1791670158.345 10551 17542 17613 D CameraUnit, CameraCharacteristicsWrapper_3: 5 cached value(s) built, camera: 3
1791670158.345 10551 17542 17613 V CameraUnit, CameraCharacteristicsHelper: initialize, cameraId: 3, cameraIdType: 6, cameraType: rear_tele, availableStreamFpsRanges: null
1791670158.345 10551 17542 17613 D CameraUnit, CameraCharacteristicsWrapper_4: Get cached value from value of shared preferences, camera: 4
1791670158.345 10551 17542 17613 D CameraUnit, CameraCharacteristicsWrapper_4: 5 cached value(s) built, camera: 4
1791670158.345 10551 17542 17613 V CameraUnit, CameraCharacteristicsHelper: initialize, cameraId: 4, cameraIdType: 13, cameraType: rear_mono_1, availableStreamFpsRanges: null
1791670158.345 10551 17542 17613 D CameraUnit, CameraCharacteristicsWrapper_5: Get cached value from value of shared preferences, camera: 5
1791670158.347 10551 17542 17617 D CameraUnit, CameraCharacteristicsWrapper_0: start get camera characteristics, camera: 0
1791670158.347 10551 17542 17617 I CameraManagerGlobal: Connecting to camera service
1791670158.350 10551 17542 17613 D CameraUnit, CameraCharacteristicsWrapper_5: 26 cached value(s) built, camera: 5
1791670158.350 10551 17542 17613 V CameraUnit, CameraCharacteristicsHelper: initialize, cameraId: 5, cameraIdType: 12, cameraType: rear_sat, availableStreamFpsRanges: null
1791670158.350 10551 17542 17613 E CameraUnit_TRACE: traceEndSection, msg: CameraCharacteristicsHelper.initialize
1791670158.351 10551 17542 17599 E CameraUnit_TRACE: traceEndSection, msg: getAllSupportCameraType
1791670158.356 10551 17542 17599 I CameraUnit, ModeFactory: createMode, name: video_mode
1791670158.363  1000  4337  6576 D FileUtils: Rounded bytes from 11796553728 to 16000000000
1791670158.369 10551 17542 17613 W OplusString: [WARNING] string_util.cpp: 324  OplusStringJNI_needGetString() length: 99627, flag: 123, 10, 10
1791670158.371 10551 17542 17613 D ApsAdapter, UpdateHelper: getValidConfigData, no rus, use ota, path: /odm/etc/camera/config/oplus_camera_algo_switch_config
1791670158.388 10551 17542 17617 D CameraUnit, CameraCharacteristicsWrapper_0: complete get camera characteristics, camera: 0
1791670158.388 10551 17542 17617 D CameraUnit, CameraCharacteristicsWrapper_1: start get camera characteristics, camera: 1
1791670158.392 10551 17542 17617 D CameraUnit, CameraCharacteristicsWrapper_1: complete get camera characteristics, camera: 1
1791670158.392 10551 17542 17617 D CameraUnit, CameraCharacteristicsWrapper_2: start get camera characteristics, camera: 2
1791670158.394 10551 17542 17617 D CameraUnit, CameraCharacteristicsWrapper_2: complete get camera characteristics, camera: 2
1791670158.394 10551 17542 17617 D CameraUnit, CameraCharacteristicsWrapper_3: start get camera characteristics, camera: 3
1791670158.396 10551 17542 17617 D CameraUnit, CameraCharacteristicsWrapper_3: complete get camera characteristics, camera: 3
1791670158.396 10551 17542 17617 D CameraUnit, CameraCharacteristicsWrapper_4: start get camera characteristics, camera: 4
1791670158.406 10551 17542 17617 D CameraUnit, CameraCharacteristicsWrapper_4: complete get camera characteristics, camera: 4
1791670158.407 10551 17542 17617 D CameraUnit, CameraCharacteristicsWrapper_5: start get camera characteristics, camera: 5
1791670158.407  1000  1659  1659 E QTI PowerHAL: Failed to acquire lock.
1791670158.408  1000  1659  1659 E QTI PowerHAL: Failed process_boost for boost_handle
1791670158.410 10551 17542 17617 D CameraUnit, CameraCharacteristicsWrapper_5: complete get camera characteristics, camera: 5
1791670158.414 10551 17542 17613 D ApsAdapter, AlgoSwitchConfig: parseConfigData, sApsVersion: 3, sApsMode: 1
1791670158.416 10551 17542 17613 D ApsAdapter, AlgoSwitchConfig: parsePreviewConfig, config: common@0, pipeline: video, e1: No value for master_input_width
1791670158.416 10551 17542 17613 D ApsAdapter, AlgoSwitchConfig: parsePreviewConfig, config: common@1, pipeline: video, e1: No value for master_input_width
1791670158.416 10551 17542 17613 D ApsAdapter, AlgoSwitchConfig: parsePreviewConfig, config: commonDummy@0, pipeline: video, e1: No value for master_input_width
1791670158.416 10551 17542 17613 D ApsAdapter, AlgoSwitchConfig: parsePreviewConfig, config: commonDummy@1, pipeline: video, e1: No value for master_input_width
1791670158.416 10551 17542 17613 D ApsAdapter, AlgoSwitchConfig: parsePreviewConfig, config: commonVideoDummy@0, pipeline: video, e1: No value for master_input_width
1791670158.416 10551 17542 17613 D ApsAdapter, AlgoSwitchConfig: parsePreviewConfig, config: commonVideoDummy@0, pipeline: asd, e1: No value for master_input_width
1791670158.416 10551 17542 17613 D ApsAdapter, AlgoSwitchConfig: parsePreviewConfig, config: commonVideoDummy@1, pipeline: video, e1: No value for master_input_width
1791670158.416 10551 17542 17613 D ApsAdapter, AlgoSwitchConfig: parsePreviewConfig, config: commonVideoDummy@1, pipeline: asd, e1: No value for master_input_width
1791670158.416 10551 17542 17613 D ApsAdapter, AlgoSwitchConfig: parsePreviewConfig, config: idPhoto@0, pipeline: video, e1: No value for master_input_width
1791670158.416 10551 17542 17613 D ApsAdapter, AlgoSwitchConfig: parsePreviewConfig, config: idPhoto@0, pipeline: asd, e1: No value for master_input_width
1791670158.416 10551 17542 17613 D ApsAdapter, AlgoSwitchConfig: parsePreviewConfig, config: idPhoto@1, pipeline: video, e1: No value for master_input_width
1791670158.416 10551 17542 17613 D ApsAdapter, AlgoSwitchConfig: parsePreviewConfig, config: idPhoto@1, pipeline: asd, e1: No value for master_input_width
1791670158.416 10551 17542 17613 D ApsAdapter, AlgoSwitchConfig: parsePreviewConfig, config: minimalDummy@0, pipeline: video, e1: No value for master_input_width
1791670158.416 10551 17542 17613 D ApsAdapter, AlgoSwitchConfig: parsePreviewConfig, config: minimalDummy@0, pipeline: asd, e1: No value for master_input_width
1791670158.417 10551 17542 17613 D ApsAdapter, AlgoSwitchConfig: parsePreviewConfig, config: minimalDummy@1, pipeline: video, e1: No value for master_input_width
1791670158.417 10551 17542 17613 D ApsAdapter, AlgoSwitchConfig: parsePreviewConfig, config: minimalDummy@1, pipeline: asd, e1: No value for master_input_width
1791670158.417 10551 17542 17613 D ApsAdapter, AlgoSwitchConfig: parsePreviewConfig, config: night@0, pipeline: video, e1: No value for master_input_width
1791670158.417 10551 17542 17613 D ApsAdapter, AlgoSwitchConfig: parsePreviewConfig, config: night@1, pipeline: video, e1: No value for master_input_width
1791670158.417 10551 17542 17613 D ApsAdapter, AlgoSwitchConfig: parsePreviewConfig, config: portrait@0, pipeline: video, e1: No value for master_input_width
1791670158.417 10551 17542 17613 D ApsAdapter, AlgoSwitchConfig: parsePreviewConfig, config: portrait@1, pipeline: video, e1: No value for master_input_width
1791670158.417 10551 17542 17613 D ApsAdapter, AlgoSwitchConfig: parsePreviewConfig, config: xpan@0, pipeline: video, e1: No value for master_input_width
1791670158.417 10551 17542 17613 D ApsAdapter, AlgoSwitchConfig: parsePreviewConfig, config: xpan@0, pipeline: asd, e1: No value for master_input_width
1791670158.417 10551 17542 17613 D ApsAdapter, AlgoSwitchConfig: parsePreviewConfig, config: panorama@0, pipeline: video, e1: No value for master_input_width
1791670158.417 10551 17542 17613 D ApsAdapter, AlgoSwitchConfig: parsePreviewConfig, config: panorama@0, pipeline: asd, e1: No value for master_input_width
1791670158.417 10551 17542 17613 D ApsAdapter, AlgoSwitchConfig: parsePreviewConfig, config: panorama@1, pipeline: video, e1: No value for master_input_width
1791670158.417 10551 17542 17613 D ApsAdapter, AlgoSwitchConfig: parsePreviewConfig, config: panorama@1, pipeline: asd, e1: No value for master_input_width
1791670158.417 10551 17542 17613 D ApsAdapter, AlgoSwitchConfig: parsePreviewConfig, config: professional@0, pipeline: video, e1: No value for master_input_width
1791670158.417 10551 17542 17613 D ApsAdapter, AlgoSwitchConfig: parsePreviewConfig, config: professional@0, pipeline: asd, e1: No value for master_input_width
1791670158.417 10551 17542 17613 D ApsAdapter, AlgoSwitchConfig: parsePreviewConfig, config: focusPeaking@0, pipeline: video, e1: No value for master_input_width
1791670158.417 10551 17542 17613 D ApsAdapter, AlgoSwitchConfig: parsePreviewConfig, config: focusPeaking@0, pipeline: asd, e1: No value for master_input_width
1791670158.417 10551 17542 17613 D ApsAdapter, AlgoSwitchConfig: parsePreviewConfig, config: focusPeaking@2, pipeline: video, e1: No value for master_input_width
1791670158.418 10551 17542 17613 D ApsAdapter, AlgoSwitchConfig: parsePreviewConfig, config: focusPeaking@2, pipeline: asd, e1: No value for master_input_width
1791670158.418 10551 17542 17613 D ApsAdapter, AlgoSwitchConfig: parsePreviewConfig, config: focusPeaking@3, pipeline: video, e1: No value for master_input_width
1791670158.418 10551 17542 17613 D ApsAdapter, AlgoSwitchConfig: parsePreviewConfig, config: focusPeaking@3, pipeline: asd, e1: No value for master_input_width
1791670158.418 10551 17542 17613 D ApsAdapter, AlgoSwitchConfig: parsePreviewConfig, config: sticker@0, pipeline: preview, e1: No value for master_input_width
1791670158.418 10551 17542 17613 D ApsAdapter, AlgoSwitchConfig: parsePreviewConfig, config: sticker@0, pipeline: video, e1: No value for master_input_width
1791670158.418 10551 17542 17613 D ApsAdapter, AlgoSwitchConfig: parsePreviewConfig, config: sticker@0, pipeline: asd, e1: No value for master_input_width
1791670158.419  1000  1753  1753 D SurfaceFlinger: initiateModeChange 4630946292801050754 {mode={fps=120.00 Hz, modePtr={id=5, vsyncRate=120.00 Hz, peakRefreshRate=120.00 Hz}}, emitEvent=false, force=false}
1791670158.419  1000  1703  3573 D SDM     : IRIS_LOG_HWC::SetActiveConfigWithConstraints:465: 05
1791670158.419  1000  1703  3573 I IRIS_LOG_SERV: config 5, Refresh rate 120, Frame 3216x1440, Current mode 'ABYP'
1791670158.419  1000  1703  3573 D IRIS_LOG_SERV: Service Mode changed to: IRIS_SERVICE_MODE_BYPASS
1791670158.419  1000  1703  3573 I IRIS_LOG_SERV: SetActiveConfig[5]: 120 3216x1440 => 0
1791670158.421  1000  1703  3573 I SDM     : HWDeviceDRM::UpdateMixerAttributes: Mixer WxH 1440x3216-1 for Peripheral
1791670158.421  1000  1703  3573 I SDM     : HWCDisplay::SubmitDisplayConfig: HWC SetActiveConfig [3,5], cur_resolution is (1440, 3216), new_resolution is (1440, 3216)
1791670158.421  1000  1703  3573 I SDM     : HWCDisplay::SubmitDisplayConfig: Active configuration changed to: 5
1791670158.422  1000  1703  3573 D IRIS_LOG_COLR: Use kPbGamut HwConfigPayload
1791670158.423 10551 17542 17599 D CameraUnit, ModeFactory: getMode, mode name: video_mode
1791670158.424 10551 17542 17613 D ApsAdapter, AlgoSwitchConfig: parsePreviewConfig, config: sticker@1, pipeline: preview, e1: No value for master_input_width
1791670158.424 10551 17542 17613 D ApsAdapter, AlgoSwitchConfig: parsePreviewConfig, config: sticker@1, pipeline: video, e1: No value for master_input_width
1791670158.425 10551 17542 17613 D ApsAdapter, AlgoSwitchConfig: parsePreviewConfig, config: groupshot@0, pipeline: video, e1: No value for master_input_width
1791670158.425 10551 17542 17613 D ApsAdapter, AlgoSwitchConfig: parsePreviewConfig, config: groupshot@0, pipeline: asd, e1: No value for master_input_width
1791670158.425 10551 17542 17613 D ApsAdapter, AlgoSwitchConfig: parsePreviewConfig, config: commonVideo@0, pipeline: asd, e1: No value for master_input_width
1791670158.425 10551 17542 17613 D ApsAdapter, AlgoSwitchConfig: parsePreviewConfig, config: commonVideo@1, pipeline: asd, e1: No value for master_input_width
1791670158.425 10551 17542 17613 D ApsAdapter, AlgoSwitchConfig: parsePreviewConfig, config: 4kVideo@0, pipeline: asd, e1: No value for master_input_width
1791670158.425 10551 17542 17613 D ApsAdapter, AlgoSwitchConfig: parsePreviewConfig, config: 4kVideo@1, pipeline: preview, e1: No value for master_input_width
1791670158.425 10551 17542 17613 D ApsAdapter, AlgoSwitchConfig: parsePreviewConfig, config: 4kVideo@1, pipeline: video, e1: No value for master_input_width
1791670158.425 10551 17542 17613 D ApsAdapter, AlgoSwitchConfig: parsePreviewConfig, config: 4kVideo@1, pipeline: asd, e1: No value for master_input_width
1791670158.425 10551 17542 17613 D ApsAdapter, AlgoSwitchConfig: parsePreviewConfig, config: superEISVideo@0, pipeline: video, e1: No value for master_input_width
1791670158.425 10551 17542 17613 D ApsAdapter, AlgoSwitchConfig: parsePreviewConfig, config: superEISVideo@0, pipeline: asd, e1: No value for master_input_width
1791670158.425 10551 17542 17613 D ApsAdapter, AlgoSwitchConfig: parsePreviewConfig, config: superEISVideo@1, pipeline: preview, e1: No value for master_input_width
1791670158.425 10551 17542 17613 D ApsAdapter, AlgoSwitchConfig: parsePreviewConfig, config: superEISVideo@1, pipeline: video, e1: No value for master_input_width
1791670158.425 10551 17542 17613 D ApsAdapter, AlgoSwitchConfig: parsePreviewConfig, config: superEISVideo@1, pipeline: asd, e1: No value for master_input_width
1791670158.425 10551 17542 17613 D ApsAdapter, AlgoSwitchConfig: parsePreviewConfig, config: superEISProVideo@0, pipeline: asd, e1: No value for master_input_width
1791670158.425 10551 17542 17613 D ApsAdapter, AlgoSwitchConfig: parsePreviewConfig, config: superEISProVideo@1, pipeline: preview, e1: No value for master_input_width
1791670158.426 10551 17542 17613 D ApsAdapter, AlgoSwitchConfig: parsePreviewConfig, config: superEISProVideo@1, pipeline: video, e1: No value for master_input_width
1791670158.426 10551 17542 17613 D ApsAdapter, AlgoSwitchConfig: parsePreviewConfig, config: superEISProVideo@1, pipeline: asd, e1: No value for master_input_width
1791670158.426 10551 17542 17613 D ApsAdapter, AlgoSwitchConfig: parsePreviewConfig, config: fastVideo@0, pipeline: asd, e1: No value for master_input_width
1791670158.426 10551 17542 17613 D ApsAdapter, AlgoSwitchConfig: parsePreviewConfig, config: fastVideo@1, pipeline: asd, e1: No value for master_input_width
1791670158.427  root   709   709 E         : [drm:_sde_crtc_blend_setup_mixer:1602] do not config dimlayer at the fps switch
1791670158.428  root   709   709 I [drm:dsi_display_set_mode [msm_drm]] [msm-dsi-info]: mdp_transfer_time=7700, hactive=1440, vactive=3216, fps=120, h_skew=0
1791670158.428  root   709   709 E         : IRIS_LOG I iris_post_switch(), post switch to 1440x3216@120Hz, cmd list 0, switch case ABYP_TO_ABYP
1791670158.428  root   709   709 E         : <AMB670YF01> dsi_cmd qcom,mdss-dsi-adfr-pre-switch-command
1791670158.428  root   709   709 I [drm:oplus_dsi_display_vsync_switch_check_te [msm_drm]] [msm-dsi-info]: kVRR vsync_switch_gpio is already 0
1791670158.429  root   709   709 E         : IRIS_LOG I iris_switch(), return 0, total cost '300 us'
1791670158.429  root   709   709 I [drm:dsi_panel_adfr_status_reset [msm_drm]] [msm-dsi-info]: kVRR auto mode reset: auto mode 0, fakeframe 1, min fps 0
1791670158.429  root   709   709 E         : <AMB670YF01> dsi_cmd qcom,mdss-dsi-post-panel-on-command
1791670158.426 10551 17542 17613 D ApsAdapter, AlgoSwitchConfig: parsePreviewConfig, config: slowVideo@0, pipeline: video, e1: No value for master_input_width
1791670158.426 10551 17542 17613 D ApsAdapter, AlgoSwitchConfig: parsePreviewConfig, config: slowVideo@0, pipeline: asd, e1: No value for master_input_width
1791670158.426 10551 17542 17613 D ApsAdapter, AlgoSwitchConfig: parsePreviewConfig, config: commonSatHal@0, pipeline: video, e1: No value for master_input_width
1791670158.426 10551 17542 17613 D ApsAdapter, AlgoSwitchConfig: parsePreviewConfig, config: commonSatHal@1, pipeline: preview, e1: No value for master_input_width
1791670158.426 10551 17542 17613 D ApsAdapter, AlgoSwitchConfig: parsePreviewConfig, config: commonSatHal@1, pipeline: video, e1: No value for master_input_width
1791670158.426 10551 17542 17613 D ApsAdapter, AlgoSwitchConfig: parsePreviewConfig, config: commonSatHal@1, pipeline: asd, e1: No value for master_input_width
1791670158.426 10551 17542 17613 D ApsAdapter, AlgoSwitchConfig: parsePreviewConfig, config: commonVideoSatHal@0, pipeline: asd, e1: No value for master_input_width
1791670158.426 10551 17542 17613 D ApsAdapter, AlgoSwitchConfig: parsePreviewConfig, config: commonVideoSatHal@1, pipeline: asd, e1: No value for master_input_width
1791670158.427 10551 17542 17613 D ApsAdapter, AlgoSwitchConfig: parsePreviewConfig, config: liveHDR@0, pipeline: asd, e1: No value for master_input_width
1791670158.427 10551 17542 17613 D ApsAdapter, AlgoSwitchConfig: parsePreviewConfig, config: ultraNight@0, pipeline: asd, e1: No value for master_input_width
1791670158.427 10551 17542 17613 D ApsAdapter, AlgoSwitchConfig: parsePreviewConfig, config: hyperlapseVideo@0, pipeline: asd, e1: No value for master_input_width
1791670158.427 10551 17542 17613 D ApsAdapter, AlgoSwitchConfig: parsePreviewConfig, config: hyperlapseProVideo@0, pipeline: asd, e1: No value for master_input_width
1791670158.427 10551 17542 17613 D ApsAdapter, AlgoSwitchConfig: parsePreviewConfig, config: aiEnhancement@0, pipeline: asd, e1: No value for master_input_width
1791670158.427 10551 17542 17613 D ApsAdapter, AlgoSwitchConfig: parsePreviewConfig, config: movie@0, pipeline: asd, e1: No value for master_input_width
1791670158.427 10551 17542 17613 D ApsAdapter, AlgoSwitchConfig: parsePreviewConfig, config: movieNoEis@0, pipeline: asd, e1: No value for master_input_width
1791670158.427 10551 17542 17613 D ApsAdapter, AlgoSwitchConfig: parsePreviewConfig, config: microscope@0, pipeline: video, e1: No value for master_input_width
1791670158.427 10551 17542 17613 D ApsAdapter, AlgoSwitchConfig: parsePreviewConfig, config: microscope@0, pipeline: asd, e1: No value for master_input_width
1791670158.427 10551 17542 17613 D ApsAdapter, AlgoSwitchConfig: parsePreviewConfig, config: longExposure@0, pipeline: video, e1: No value for master_input_width
1791670158.427 10551 17542 17613 D ApsAdapter, AlgoSwitchConfig: parsePreviewConfig, config: longExposure@0, pipeline: asd, e1: No value for master_input_width
1791670158.428 10551 17542 17596 D OCAM_CaptureDeferTaskUtils: init, capture defer is not supported
1791670158.430 10551 17542 17599 I CameraUnit, BaseMode: updateAllParameterRange, featureName: com.oplus.configure.video.fovc, parameterName: com.oplus.configure.video.fovc, configValue: [on, off], after convert: [on, off]
1791670158.430 10551 17542 17599 I CameraUnit, BaseMode: updateAllParameterRange, featureName: beauty, parameterName: beauty, configValue: [com.oplus.preview.video.beauty.exfoliating, com.oplus.preview.video.beauty.thin_face], after convert: [null, null]
1791670158.430 10551 17542 17599 I CameraUnit, BaseMode: updateAllParameterRange, featureName: com.oplus.configure.video.stabilization, parameterName: com.oplus.configure.video.stabilization, configValue: [super_stabilization, video_stabilization], after convert: [super_stabilization, video_stabilization]
1791670158.430 10551 17542 17599 I CameraUnit, BaseMode: updateAllParameterRange, featureName: com.oplus.video.stabilization.mode, parameterName: com.oplus.video.stabilization.mode, configValue: [0, 1], after convert: [0, 1]
1791670158.430 10551 17542 17599 I CameraUnit, BaseMode: updateAllParameterRange, featureName: com.oplus.configure.video.fps, parameterName: com.oplus.configure.video.fps, configValue: [video_30fps, video_60fps, video_120fps], after convert: [video_30fps, video_60fps, video_120fps]
1791670158.430 10551 17542 17599 I CameraUnit, BaseMode: updateAllParameterRange, featureName: com.oplus.preview.focus.mode, parameterName: com.oplus.preview.focus.mode, configValue: [2, 3, 4], after convert: [2, 3, 4]
1791670158.430 10551 17542 17599 I CameraUnit, BaseMode: updateAllParameterRange, featureName: com.oplus.preview.flash.mode, parameterName: com.oplus.preview.flash.mode, configValue: [off, torch], after convert: [off, torch]
1791670158.430 10551 17542 17599 I CameraUnit, BaseMode: updateAllParameterRange, featureName: com.oplus.configure.video.night, parameterName: com.oplus.configure.video.night, configValue: [normal_night_video, ultra_night_video], after convert: [normal_night_video, ultra_night_video]
1791670158.435 10551 17542 17595 E CameraUnit, CameraConfigure: protobuf version: aee017a5953
1791670158.435 10551 17542 17595 E CameraUnit, CameraConfigure: protobuf parser cost time: 223
1791670158.435 10551 17542 17595 E CameraUnit_TRACE: traceEndSection, msg: FeatureApi.parse
1791670158.435 10551 17542 17595 E CameraUnit_TRACE: traceBeginSection, msg: FeatureApi.initFeatureTable
1791670158.435 10551 17542 17595 D CameraUnit, CameraConfigure: initCameraFeatureTable, modeName: common, modeTableSize: 0
1791670158.439 10551 17542 17595 D CameraUnit, CameraConfigure: initCameraFeatureTable, modeName: fastvideo_mode, modeTableSize: 0
1791670158.440 10551 17542 17599 D CameraUnit, VideoMode: createCameraDeviceInfo, cameraType: rear_main
1791670158.441 10551 17542 17599 I OCAM_CameraCharacteristicsUtil: initCameraInfo, cameraType: rear_main, cameraId: 0, isFront: false
1791670158.441 10551 17542 17599 I CameraUnit, BaseMode: updateAllParameterRange, featureName: com.oplus.configure.video.fovc, parameterName: com.oplus.configure.video.fovc, configValue: [on, off], after convert: [on, off]
1791670158.441 10551 17542 17599 I CameraUnit, BaseMode: updateAllParameterRange, featureName: com.oplus.configure.video.fps, parameterName: com.oplus.configure.video.fps, configValue: [video_30fps, video_60fps], after convert: [video_30fps, video_60fps]
1791670158.441 10551 17542 17599 I CameraUnit, BaseMode: updateAllParameterRange, featureName: com.oplus.configure.video.stabilization, parameterName: com.oplus.configure.video.stabilization, configValue: [super_stabilization_front], after convert: [super_stabilization_front]
1791670158.442 10551 17542 17599 D CameraUnit, VideoMode: createCameraDeviceInfo, cameraType: front_main
1791670158.442 10551 17542 17599 I OCAM_CameraCharacteristicsUtil: initCameraInfo, cameraType: front_main, cameraId: 1, isFront: true
1791670158.442 10551 17542 17599 I CameraUnit, BaseMode: updateAllParameterRange, featureName: com.oplus.configure.video.fps, parameterName: com.oplus.configure.video.fps, configValue: [video_30fps, video_60fps], after convert: [video_30fps, video_60fps]
1791670158.442 10551 17542 17599 I CameraUnit, BaseMode: updateAllParameterRange, featureName: com.oplus.preview.focus.mode, parameterName: com.oplus.preview.focus.mode, configValue: [2, 3, 4], after convert: [2, 3, 4]
1791670158.443 10551 17542 17599 I CameraUnit, BaseMode: updateAllParameterRange, featureName: com.oplus.configure.video.fovc, parameterName: com.oplus.configure.video.fovc, configValue: [on, off], after convert: [on, off]
1791670158.443 10551 17542 17599 I CameraUnit, BaseMode: updateAllParameterRange, featureName: com.oplus.configure.video.stabilization, parameterName: com.oplus.configure.video.stabilization, configValue: [super_stabilization], after convert: [super_stabilization]
1791670158.443 10551 17542 17599 I CameraUnit, BaseMode: updateAllParameterRange, featureName: com.oplus.video.stabilization.mode, parameterName: com.oplus.video.stabilization.mode, configValue: [0, 1], after convert: [0, 1]
1791670158.443 10551 17542 17599 I CameraUnit, BaseMode: updateAllParameterRange, featureName: com.oplus.configure.video.night, parameterName: com.oplus.configure.video.night, configValue: [normal_night_video, ultra_night_video], after convert: [normal_night_video, ultra_night_video]
1791670158.443 10551 17542 17599 D CameraUnit, VideoMode: createCameraDeviceInfo, cameraType: rear_wide
1791670158.443 10551 17542 17599 I OCAM_CameraCharacteristicsUtil: initCameraInfo, cameraType: rear_wide, cameraId: 2, isFront: false
1791670158.443 10551 17542 17599 I CameraUnit, ModeFactory: createMode, name: professional_mode
1791670158.446 10551 17542 17599 D CameraUnit, ModeFactory: getMode, mode name: professional_mode
1791670158.447 10551 17542 17599 I CameraUnit, BaseMode: updateAllParameterRange, featureName: com.oplus.preview.focus.mode, parameterName: com.oplus.preview.focus.mode, configValue: [1, 3, 4], after convert: [1, 3, 4]
1791670158.447 10551 17542 17599 I CameraUnit, BaseMode: updateAllParameterRange, featureName: com.oplus.preview.flash.mode, parameterName: com.oplus.preview.flash.mode, configValue: [on, off, auto, torch], after convert: [on, off, auto, torch]
1791670158.447 10551 17542 17595 D CameraUnit, CameraConfigure: initCameraFeatureTable, modeName: slowvideo_mode, modeTableSize: 0
1791670158.451 10551 17542 17595 D CameraUnit, CameraConfigure: initCameraFeatureTable, modeName: portrait_mode, modeTableSize: 0
1791670158.454 10551 17542 17595 E CameraUnit, CameraConfigure: Conflict feature not config: portrait_mode/front_main/key_should_reopen_hdr_mode
1791670158.454 10551 17542 17595 E CameraUnit, CameraConfigure: Conflict feature not config: portrait_mode/front_main/key_should_reopen_hdr_mode
1791670158.454 10551 17542 17595 D CameraUnit, CameraConfigure: initCameraFeatureTable, modeName: super_text_mode, modeTableSize: 0
1791670158.455 10551 17542 17595 E CameraUnit, CameraConfigure: Conflict feature not config: super_text_mode/common/pref_camera_flashmode_key
1791670158.455 10551 17542 17595 E CameraUnit, CameraConfigure: Conflict feature not config: super_text_mode/common/pref_camera_flashmode_key
1791670158.458 10551 17542 17595 D CameraUnit, CameraConfigure: initCameraFeatureTable, modeName: long_exposure_mode, modeTableSize: 0
1791670158.460 10551 17542 17595 D CameraUnit, CameraConfigure: initCameraFeatureTable, modeName: multi_camera_mode, modeTableSize: 0
1791670158.461 10551 17542 17595 D CameraUnit, CameraConfigure: initCameraFeatureTable, modeName: panorama_mode, modeTableSize: 0
1791670158.461 10551 17542 17595 D CameraUnit, CameraConfigure: initCameraFeatureTable, modeName: video_mode, modeTableSize: 0
1791670158.467 10551 17542 17599 I OCAM_CameraCharacteristicsUtil: initCameraInfo, cameraType: rear_tele, cameraId: 6, isFront: false
1791670158.468 10551 17542 17599 I CameraUnit, ModeFactory: createMode, name: photo_mode
1791670158.473 10551 17542 17599 D CameraUnit, ModeFactory: getMode, mode name: photo_mode
1791670158.473 10551 17542 17599 V CameraUnit, BaseMode: updateAllParameterRange, no need update
1791670158.476 10551 17542 17595 D CameraUnit, CameraConfigure: initCameraFeatureTable, modeName: night_mode, modeTableSize: 0
1791670158.477 10551 17542 17595 D CameraUnit, CameraConfigure: initCameraFeatureTable, modeName: photo_mode, modeTableSize: 0
1791670158.481 10551 17542 17613 I ApsAdapter, Util: getThreadId, getTid err
1791670158.485 10551 17542 17599 I OCAM_CameraCharacteristicsUtil: initCameraInfo, cameraType: rear_mono_1, cameraId: 13, isFront: false
1791670158.486 10551 17542 17599 I CameraUnit, BaseMode: updateAllParameterRange, featureName: com.oplus.configure.video.3hdr, parameterName: com.oplus.configure.video.3hdr, configValue: [on], after convert: [on]
1791670158.486 10551 17542 17599 I CameraUnit, BaseMode: updateAllParameterRange, featureName: com.oplus.configure.video.fovc, parameterName: com.oplus.configure.video.fovc, configValue: [on, off], after convert: [on, off]
1791670158.486 10551 17542 17599 I CameraUnit, BaseMode: updateAllParameterRange, featureName: com.oplus.configure.video.stabilization, parameterName: com.oplus.configure.video.stabilization, configValue: [video_stabilization], after convert: [video_stabilization]
1791670158.486 10551 17542 17599 I CameraUnit, BaseMode: updateAllParameterRange, featureName: com.oplus.configure.video.fps, parameterName: com.oplus.configure.video.fps, configValue: [video_30fps, video_60fps], after convert: [video_30fps, video_60fps]
1791670158.486 10551 17542 17599 I CameraUnit, BaseMode: updateAllParameterRange, featureName: com.oplus.preview.focus.mode, parameterName: com.oplus.preview.focus.mode, configValue: [2, 3, 4], after convert: [2, 3, 4]
1791670158.486 10551 17542 17599 I CameraUnit, BaseMode: updateAllParameterRange, featureName: com.oplus.preview.flash.mode, parameterName: com.oplus.preview.flash.mode, configValue: [off, torch], after convert: [off, torch]
1791670158.486 10551 17542 17599 I CameraUnit, BaseMode: updateAllParameterRange, featureName: com.oplus.sat.none.zoom.ratio, parameterName: com.oplus.sat.none.zoom.ratio, configValue: [0.6f, 1.0f, 5.0f], after convert: [0.6, 1.0, 5.0]
1791670158.486 10551 17542 17599 D CameraUnit, VideoMode: createCameraDeviceInfo, cameraType: rear_sat
1791670158.486 10551 17542 17620 D ApsAdapter, CameraPerformance: setUxThreadValue, pid is: 17542, tid is 17620 value is 129, keyThreadTag: PictureMetaArriveThread
1791670158.486 10551 17542 17613 V ApsAdapter, ApsAdapterImpl: createProcessThread, thread id: 17620
1791670158.487 10551 17542 17613 V ApsAdapter, ApsAdapterImpl: connectAps
1791670158.487 10551 17542 17620 V ApsAdapter, ApsAdapterImpl: ImageProcessHandler, handleMessage, what: 1
1791670158.494 10551 17542 17599 I OCAM_CameraCharacteristicsUtil: initCameraInfo, cameraType: rear_sat, cameraId: 12, isFront: false
1791670158.495  1000  4337  6103 E ClipboardService: Denying clipboard access to io.github.jqssun.helium, application is not in focus nor is it a system service for user 0
1791670158.495 10551 17542 17599 I CameraUnit, ModeFactory: createMode, name: multi_camera_mode
1791670158.495 10551 17542 17599 D CameraUnit, ModeFactory: getMode, mode name: multi_camera_mode
1791670158.495 10551 17542 17599 V CameraUnit, BaseMode: updateAllParameterRange, no need update
1791670158.496  1000  4337  6103 E ClipboardService: Denying clipboard access to com.floweq.equalizer, application is not in focus nor is it a system service for user 0
1791670158.496  1000  4337  6103 E ClipboardService: Denying clipboard access to com.garanti.cepsubesi, application is not in focus nor is it a system service for user 0
1791670158.500 10551 17542 17599 I OCAM_CameraCharacteristicsUtil: initCameraInfo, cameraType: rear_main_front_main, cameraId: 100, isFront: true
1791670158.500 10551 17542 17599 E OCAM_CameraCharacteristicsUtil: initCameraInfo, cameraType: rear_main_front_sub, cameraId: 101
1791670158.511 10303  4915  5146 D RingtonePlayer: stopAsync()
1791670158.512 10303  4915  5146 D RingtonePlayer: stop
1791670158.512 10551 17542 17595 D CameraUnit, CameraConfigure: initCameraFeatureTable, modeName: professional_mode, modeTableSize: 0
1791670158.513 10384  6896  6896 I LSPosedFramework: (com.google.android.inputmethod.latin)[com.keyflux,XposedBridge,1af0-1a127b057c7-2-22,0,1] xposed-KeyFlux-hook-query end, size=0
1791670158.513 10303  4915 17622 D RingtonePlayer: RemoveFirst
1791670158.513 10303  4915 17622 D RingtonePlayer: STOP
1791670158.514 media  4181  4219 D NuPlayerDriver: stop(0xef900f10)
1791670158.515 10303  4915 17622 I RingtonePlayer: About to release MediaPlayer piid:2407 due to notif cancelled
1791670158.515  1000  4337  6596 W InputChannel-JNI: Channel already disposed.
1791670158.515 10303  4915 17622 V MediaPlayer: resetDrmState:  mDrmInfo=null mDrmProvisioningThread=null mPrepareDrmInProgress=false mActiveDrmScheme=false
1791670158.515 10303  4915 17622 V MediaPlayer: cleanDrmObj: mDrmObj=null mDrmSessionId=null
1791670158.515 media  4181  4219 D NuPlayerDriver: reset(0xef900f10) at state 8
1791670158.518 10551 17542 17599 D OCAM_CameraCharacteristicsUtil: initCameraInfo, 2 front camera(s) found
1791670158.519 10551 17542 17599 V OCAM_OppoCamera_TRACE: traceEndSection, msg: initCameraInfo
1791670158.519 10551 17542 17599 V OCAM_CameraCharacteristicsUtil: initCameraInfo, sbInitializing: false
1791670158.519 10551 17542 17598 D OCAM_CameraCharacteristicsUtil: waitForInitialization() - end
1791670158.519 10551 17542 17599 E CameraUnit_TRACE: traceBeginSection, msg: getAllSupportCameraType
1791670158.519 media  4181 17623 D CCodec  : hold CodecLooper(1) until release
1791670158.519 10551 17542 17599 E CameraUnit_TRACE: traceEndSection, msg: getAllSupportCameraType
1791670158.519 10551 17542 17599 D OCAM_CameraCharacteristicsUtil: initialize, sAllCameraIdTypeMap's size is error, clear cache
1791670158.519 10551 17542 17599 D OCAM_CameraCharacteristicsUtil: clearCameraIdTypeCache
1791670158.520 10551 17542 17599 V OCAM_OppoCamera_TRACE: traceBeginSection, msg: disableKeyThreadValue_17599
1791670158.520 10551 17542 17599 V OCAM_OppoCamera_TRACE: traceEndSection, msg: disableKeyThreadValue_17599
1791670158.520 media  4181 17623 I hw-BpHwBinder: onLastStrongRef automatically unlinking death recipients
1791670158.521  1046  2213  5536 I hw-BpHwBinder: onLastStrongRef automatically unlinking death recipients
1791670158.521  1046  2213  5536 D BufferPoolAccessor2.0: Destruction - bufferpool2 0xb400006e4c870b28 cached: 0/0M, 0/0% in use; allocs: 0, 0% recycled; transfers: 0, 0% unfetched
1791670158.522  1000  4337  6596 D WindowManager: setClientSurface Surface(name=VRI-Toast#4978)/@0xf83fb98 for ba980ac Toast
1791670158.523 10551 17542 17595 D CameraUnit, CameraConfigure: initCameraFeatureTable, modeName: movie_mode, modeTableSize: 0
1791670158.524 10303  4915  4915 I Surface : Creating surface for consumer unnamed-4915-273 with slotExpansion=1 for 64 slots
1791670158.524 10303  4915  4915 I Surface : Creating surface for consumer VRI[Toast]#257(BLAST Consumer)257 with slotExpansion=1 for 64 slots
1791670158.525 media  4181 17395 D NuPlayerDriver: notifyResetComplete(0xef900f10)
1791670158.526 media  4181  4219 W AMessage: failed to post message as target looper for handler 0 is gone.
1791670158.531 10551 17542 17620 D ApsAdapter, ApsUtils: loadLibrary, libName: APSClient-cmd-jni
1791670158.534 10551 17542 17595 D CameraUnit, CameraConfigure: initCameraFeatureTable, modeName: id_photo_mode, modeTableSize: 0
1791670158.537 10444  7726  9519 I NotifySyncService_7726_9519: MSG_NOTIFY_REMOVED
1791670158.537 10303  4915  4915 W TouchableRegionManager: onHeadsUpPinnedModeChanged
1791670158.537 10444  7726  9519 I NotifySyncService_7726_9519: onNotificationRemoved appID:com.f0x1d.logfox uid:8 key:0|com.f0x1d.logfox|8|com.oplus.camera|10761  reason:REASON_APP_CANCEL
1791670158.537 10444  7726  9519 I NotifySyncService_7726_9519: getNotificationActions wearableActions size: 0
1791670158.538 10444  7726  9519 I NotifySyncService_7726_9519: removeActionCache packageName:com.f0x1d.logfox , action size: 1
1791670158.538 10444  7726  9519 I NotifySyncService_7726_9519: removeActionCache action title: Kopyala
1791670158.538 10444  7726  9519 I NotificationActionsData_7726_9519: removeAction uuid = e74af770-8782-441b-99e7-8a1d505a561d
1791670158.538 10444  8158  8158 I susfs   : [10444][8158][susfs_is_inode_sus_path] hiding path with ino '0'
1791670158.538 10444  8158  8158 I susfs   : [10444][8158][susfs_is_inode_sus_path] hiding path with ino '0'
1791670158.538 10444  8158  8158 I susfs   : [10444][8158][susfs_is_inode_sus_path] hiding path with ino '0'
1791670158.538 10444  8158  8158 I susfs   : [10444][8158][susfs_is_inode_sus_path] hiding path with ino '0'
1791670158.538 10444  8158  8158 I susfs   : [10444][8158][susfs_is_inode_sus_path] hiding path with ino '0'
1791670158.538 10444  8158  8158 I susfs   : [10444][8158][susfs_is_inode_sus_path] hiding path with ino '0'
1791670158.538 10444  8158  8158 I susfs   : [10444][8158][susfs_is_inode_sus_path] hiding path with ino '0'
1791670158.538 10444  8158  8158 I susfs   : [10444][8158][susfs_is_inode_sus_path] hiding path with ino '0'
1791670158.538 10444  8158  8158 I susfs   : [10444][8158][susfs_is_inode_sus_path] hiding path with ino '0'
1791670158.538 10303  4915 17622 D RingtonePlayer: in STOP: abandonning AudioFocus
1791670158.539 10444  7726  9519 I NotifySyncService_7726_9519: handle MSG_NOTIFY_REMOVE size = 1
1791670158.539 10444  7726  8158 W System.err: java.io.IOException: No such file or directory
1791670158.539 10444  7726  8158 W System.err: 	at java.io.UnixFileSystem.createFileExclusively0(Native Method)
1791670158.539 10444  7726  8158 W System.err: 	at java.io.UnixFileSystem.createFileExclusively(UnixFileSystem.java:373)
1791670158.539  1000  4337  6596 I MediaFocusControl: abandonAudioFocus() from uid/pid 10303/4915 clientId=android.media.AudioManager@7f4d97c callingPack=com.android.systemui
1791670158.539 10444  7726  8158 W System.err: 	at java.io.File.createNewFile(File.java:1022)
1791670158.539 10444  7726  8158 W System.err: 	at epa$e.f(SourceFile:42)
1791670158.539 10444  7726  8158 W System.err: 	at epa.f(SourceFile:66)
1791670158.540 10444  7726  8158 W System.err: 	at epa.b(SourceFile:0)
1791670158.540 10444  7726  8158 W System.err: 	at epa$d.run(SourceFile:20)
1791670158.540 10444  7726  8158 W System.err: 	at java.lang.Thread.run(Thread.java:1572)
1791670158.540 10303  4915 17622 D RingtonePlayer: in STOP: quitting looper Looper (Thread-21, tid 256) {1249776}
1791670158.541 10444  7726  8158 W System.err: java.io.IOException: No such file or directory
1791670158.541 10444  7726  8158 W System.err: 	at java.io.UnixFileSystem.createFileExclusively0(Native Method)
1791670158.541 10444  7726  8158 W System.err: 	at java.io.UnixFileSystem.createFileExclusively(UnixFileSystem.java:373)
1791670158.541 10444  7726  8158 W System.err: 	at java.io.File.createNewFile(File.java:1022)
1791670158.541 10444  7726  8158 W System.err: 	at epa$e.f(SourceFile:42)
1791670158.541 10444  7726  8158 W System.err: 	at epa.f(SourceFile:66)
1791670158.541 10444  7726  8158 W System.err: 	at epa.b(SourceFile:0)
1791670158.541 10444  7726  8158 W System.err: 	at epa$d.run(SourceFile:20)
1791670158.541 10444  7726  8158 W System.err: 	at java.lang.Thread.run(Thread.java:1572)
1791670158.541 10384  6896 20171 I LSPosedFramework: (com.google.android.inputmethod.latin)[com.keyflux,XposedBridge,1af0-1a127b057c7-11f-23,0,1] xposed-KeyFlux-hook-query end, size=0
1791670158.538 10444  8158  8158 I susfs   : [10444][8158][susfs_is_inode_sus_path] hiding path with ino '0'
1791670158.539 10444  8158  8158 I susfs   : [10444][8158][susfs_is_inode_sus_path] hiding path with ino '0'
1791670158.539 10444  8158  8158 I susfs   : [10444][8158][susfs_is_inode_sus_path] hiding path with ino '0'
1791670158.539 10444  8158  8158 I susfs   : [10444][8158][susfs_is_inode_sus_path] hiding path with ino '0'
1791670158.539 10444  8158  8158 I susfs   : [10444][8158][susfs_is_inode_sus_path] hiding path with ino '0'
1791670158.539 10444  8158  8158 I susfs   : [10444][8158][susfs_is_inode_sus_path] hiding path with ino '0'
1791670158.539 10444  8158  8158 I susfs   : [10444][8158][susfs_is_inode_sus_path] hiding path with ino '0'
1791670158.539 10444  8158  8158 I susfs   : [10444][8158][susfs_is_inode_sus_path] hiding path with ino '0'
1791670158.539 10444  8158  8158 I susfs   : [10444][8158][susfs_is_inode_sus_path] hiding path with ino '0'
1791670158.539 10444  8158  8158 I susfs   : [10444][8158][susfs_is_inode_sus_path] hiding path with ino '0'
1791670158.539 10444  8158  8158 I susfs   : [10444][8158][susfs_is_inode_sus_path] hiding path with ino '0'
1791670158.539 10444  8158  8158 I susfs   : [10444][8158][susfs_is_inode_sus_path] hiding path with ino '0'
1791670158.539 10444  8158  8158 I susfs   : [10444][8158][susfs_is_inode_sus_path] hiding path with ino '0'
1791670158.539 10444  8158  8158 I susfs   : [10444][8158][susfs_is_inode_sus_path] hiding path with ino '0'
1791670158.539 10444  8158  8158 I susfs   : [10444][8158][susfs_is_inode_sus_path] hiding path with ino '0'
1791670158.539 10444  8158  8158 I susfs   : [10444][8158][susfs_is_inode_sus_path] hiding path with ino '0'
1791670158.539 10444  8158  8158 I susfs   : [10444][8158][susfs_is_inode_sus_path] hiding path with ino '0'
1791670158.540 10444  8158  8158 I susfs   : [10444][8158][susfs_is_inode_sus_path] hiding path with ino '0'
1791670158.540 10444  8158  8158 I susfs   : [10444][8158][susfs_is_inode_sus_path] hiding path with ino '0'
1791670158.540 10444  8158  8158 I susfs   : [10444][8158][susfs_is_inode_sus_path] hiding path with ino '0'
1791670158.540 10444  8158  8158 I susfs   : [10444][8158][susfs_is_inode_sus_path] hiding path with ino '0'
1791670158.540 10444  8158  8158 I susfs   : [10444][8158][susfs_is_inode_sus_path] hiding path with ino '0'
1791670158.540 10444  8158  8158 I susfs   : [10444][8158][susfs_is_inode_sus_path] hiding path with ino '0'
1791670158.540 10444  8158  8158 I susfs   : [10444][8158][susfs_is_inode_sus_path] hiding path with ino '0'
1791670158.540 10444  8158  8158 I susfs   : [10444][8158][susfs_is_inode_sus_path] hiding path with ino '0'
1791670158.540 10444  8158  8158 I susfs   : [10444][8158][susfs_is_inode_sus_path] hiding path with ino '0'
1791670158.540 10444  8158  8158 I susfs   : [10444][8158][susfs_is_inode_sus_path] hiding path with ino '0'
1791670158.540 10444  8158  8158 I susfs   : [10444][8158][susfs_is_inode_sus_path] hiding path with ino '0'
1791670158.540 10444  8158  8158 I susfs   : [10444][8158][susfs_is_inode_sus_path] hiding path with ino '0'
1791670158.540 10444  8158  8158 I susfs   : [10444][8158][susfs_is_inode_sus_path] hiding path with ino '0'
1791670158.540 10444  8158  8158 I susfs   : [10444][8158][susfs_is_inode_sus_path] hiding path with ino '0'
1791670158.540 10444  8158  8158 I susfs   : [10444][8158][susfs_is_inode_sus_path] hiding path with ino '0'
1791670158.540 10444  8158  8158 I susfs   : [10444][8158][susfs_is_inode_sus_path] hiding path with ino '0'
1791670158.540 10444  8158  8158 I susfs   : [10444][8158][susfs_is_inode_sus_path] hiding path with ino '0'
1791670158.540 10444  8158  8158 I susfs   : [10444][8158][susfs_is_inode_sus_path] hiding path with ino '0'
1791670158.540 10444  8158  8158 I susfs   : [10444][8158][susfs_is_inode_sus_path] hiding path with ino '0'
1791670158.540 10444  8158  8158 I susfs   : [10444][8158][susfs_is_inode_sus_path] hiding path with ino '0'
1791670158.541 10444  8158  8158 I susfs   : [10444][8158][susfs_is_inode_sus_path] hiding path with ino '0'
1791670158.541 10444  8158  8158 I susfs   : [10444][8158][susfs_is_inode_sus_path] hiding path with ino '0'
1791670158.542 10444  7726  8158 W System.err: java.io.IOException: No such file or directory
1791670158.542 10384  6896 20171 I LSPosedFramework: (com.google.android.inputmethod.latin)[com.keyflux,XposedBridge,1af0-1a127b057c7-11f-24,0,1] xposed-KeyFlux-hook-query end, size=36
1791670158.542 10444  7726  8158 W System.err: 	at java.io.UnixFileSystem.createFileExclusively0(Native Method)
1791670158.542 10444  7726  8158 W System.err: 	at java.io.UnixFileSystem.createFileExclusively(UnixFileSystem.java:373)
1791670158.542 10444  7726  8158 W System.err: 	at java.io.File.createNewFile(File.java:1022)
1791670158.542 10444  7726  8158 W System.err: 	at epa$e.f(SourceFile:42)
1791670158.542 10444  7726  8158 W System.err: 	at epa.f(SourceFile:66)
1791670158.542 10444  7726  8158 W System.err: 	at epa.b(SourceFile:0)
1791670158.542 10444  7726  8158 W System.err: 	at epa$d.run(SourceFile:20)
1791670158.542 10444  7726  8158 W System.err: 	at java.lang.Thread.run(Thread.java:1572)
1791670158.543 10444  7726  8158 W System.err: java.io.IOException: No such file or directory
1791670158.543 10444  7726  8158 W System.err: 	at java.io.UnixFileSystem.createFileExclusively0(Native Method)
1791670158.543 10444  7726  8158 W System.err: 	at java.io.UnixFileSystem.createFileExclusively(UnixFileSystem.java:373)
1791670158.543 10444  7726  8158 W System.err: 	at java.io.File.createNewFile(File.java:1022)
1791670158.543 10444  7726  8158 W System.err: 	at epa$e.f(SourceFile:42)
1791670158.543 10444  7726  8158 W System.err: 	at epa.f(SourceFile:66)
1791670158.543 10444  7726  8158 W System.err: 	at epa.b(SourceFile:0)
1791670158.543 10444  7726  8158 W System.err: 	at epa$d.run(SourceFile:20)
1791670158.543 10444  7726  8158 W System.err: 	at java.lang.Thread.run(Thread.java:1572)
1791670158.543 10444  7726  8158 W System.err: java.io.IOException: No such file or directory
1791670158.543 10444  7726  8158 W System.err: 	at java.io.UnixFileSystem.createFileExclusively0(Native Method)
1791670158.543 10444  7726  8158 W System.err: 	at java.io.UnixFileSystem.createFileExclusively(UnixFileSystem.java:373)
1791670158.543 10444  7726  8158 W System.err: 	at java.io.File.createNewFile(File.java:1022)
1791670158.543 10444  7726  8158 W System.err: 	at epa$e.f(SourceFile:42)
1791670158.543 10444  7726  8158 W System.err: 	at epa.f(SourceFile:66)
1791670158.543 10444  7726  8158 W System.err: 	at epa.b(SourceFile:0)
1791670158.543 10444  7726  8158 W System.err: 	at epa$d.run(SourceFile:20)
1791670158.543 10444  7726  8158 W System.err: 	at java.lang.Thread.run(Thread.java:1572)
1791670158.544 10444  7726  8158 W System.err: java.io.IOException: No such file or directory
1791670158.544 10444  7726  8158 W System.err: 	at java.io.UnixFileSystem.createFileExclusively0(Native Method)
1791670158.544 10444  7726  8158 W System.err: 	at java.io.UnixFileSystem.createFileExclusively(UnixFileSystem.java:373)
1791670158.544 10444  7726  8158 W System.err: 	at java.io.File.createNewFile(File.java:1022)
1791670158.544 10444  7726  8158 W System.err: 	at epa$e.f(SourceFile:42)
1791670158.544 10444  7726  8158 W System.err: 	at epa.f(SourceFile:66)
1791670158.544 10444  7726  8158 W System.err: 	at epa.b(SourceFile:0)
1791670158.544 10444  7726  8158 W System.err: 	at epa$d.run(SourceFile:20)
1791670158.544 10444  7726  8158 W System.err: 	at java.lang.Thread.run(Thread.java:1572)
1791670158.544 10444  7726  8158 W System.err: java.io.IOException: No such file or directory
1791670158.544 10444  7726  8158 W System.err: 	at java.io.UnixFileSystem.createFileExclusively0(Native Method)
1791670158.544 10444  7726  8158 W System.err: 	at java.io.UnixFileSystem.createFileExclusively(UnixFileSystem.java:373)
1791670158.544 10444  7726  8158 W System.err: 	at java.io.File.createNewFile(File.java:1022)
1791670158.544 10444  7726  8158 W System.err: 	at epa$e.f(SourceFile:42)
1791670158.544 10444  7726  8158 W System.err: 	at epa.f(SourceFile:66)
1791670158.544 10444  7726  8158 W System.err: 	at epa.b(SourceFile:0)
1791670158.544 10444  7726  8158 W System.err: 	at epa$d.run(SourceFile:20)
1791670158.544 10444  7726  8158 W System.err: 	at java.lang.Thread.run(Thread.java:1572)
1791670158.544 10551 17542 17595 D CameraUnit, CameraConfigure: initCameraFeatureTable, modeName: macro_mode, modeTableSize: 0
1791670158.541 10444  8158  8158 I susfs   : [10444][8158][susfs_is_inode_sus_path] hiding path with ino '0'
1791670158.541 10444  8158  8158 I susfs   : [10444][8158][susfs_is_inode_sus_path] hiding path with ino '0'
1791670158.541 10444  8158  8158 I susfs   : [10444][8158][susfs_is_inode_sus_path] hiding path with ino '0'
1791670158.547 10551 17542 17620 E vndksupport: Could not load libalog.so from sphal namespace: dlopen failed: library "libalog.so" not found.
1791670158.547 10551 17542 17620 E ALOG_JNI: libalog.so dlopen failed!! dlerror:(null)
1791670158.547 10551 17542 17595 D CameraUnit, CameraConfigure: initCameraFeatureTable, modeName: sticker_mode, modeTableSize: 0
1791670158.548 10551 17542 17620 D nativeloader: Load /system_ext/lib64/libAPSClient-cmd-jni.so using ns default for caller /system_ext/framework/com.oplus.camera.unit.sdk.jar in same partition (is_bridged=0): ok
1791670158.549 10551 17542 17613 D CameraUnit, StatisticsManager: report, mAppId: 20230, mEventId: start, params: {pack_name=com.oplus.camera, enter_time=1791670158548, rear_front=rear}
1791670158.554 10551 17542 17613 I CameraUnit, CameraConfigHelper: initialize config X, spend time: 249
1791670158.554 10551 17542 17613 E CameraUnitLog: setIsVendorTagConfigInitialize : false > true
1791670158.554 10551 17542 17613 W CameraUnitLog: initLog, sbIsVendorTagConfigInitialize : true
1791670158.554 10551 17542 17613 W CameraUnitLog: initLog, autoTestLogOn:false, isLogOn:false, isTrialVersion():false, isConfigForceOpen:false, isPanic:false, isMpVersion:false
1791670158.541 10444  8158  8158 I susfs   : [10444][8158][susfs_is_inode_sus_path] hiding path with ino '0'
1791670158.541 10444  8158  8158 I susfs   : [10444][8158][susfs_is_inode_sus_path] hiding path with ino '0'
1791670158.541 10444  8158  8158 I susfs   : [10444][8158][susfs_is_inode_sus_path] hiding path with ino '0'
1791670158.541 10444  8158  8158 I susfs   : [10444][8158][susfs_is_inode_sus_path] hiding path with ino '0'
1791670158.541 10444  8158  8158 I susfs   : [10444][8158][susfs_is_inode_sus_path] hiding path with ino '0'
1791670158.542 10444  8158  8158 I susfs   : [10444][8158][susfs_is_inode_sus_path] hiding path with ino '0'
1791670158.542 10444  8158  8158 I susfs   : [10444][8158][susfs_is_inode_sus_path] hiding path with ino '0'
1791670158.542 10444  8158  8158 I susfs   : [10444][8158][susfs_is_inode_sus_path] hiding path with ino '0'
1791670158.542 10444  8158  8158 I susfs   : [10444][8158][susfs_is_inode_sus_path] hiding path with ino '0'
1791670158.542 10444  8158  8158 I susfs   : [10444][8158][susfs_is_inode_sus_path] hiding path with ino '0'
1791670158.542 10444  8158  8158 I susfs   : [10444][8158][susfs_is_inode_sus_path] hiding path with ino '0'
1791670158.542 10444  8158  8158 I susfs   : [10444][8158][susfs_is_inode_sus_path] hiding path with ino '0'
1791670158.542 10444  8158  8158 I susfs   : [10444][8158][susfs_is_inode_sus_path] hiding path with ino '0'
1791670158.542 10444  8158  8158 I susfs   : [10444][8158][susfs_is_inode_sus_path] hiding path with ino '0'
1791670158.542 10444  8158  8158 I susfs   : [10444][8158][susfs_is_inode_sus_path] hiding path with ino '0'
1791670158.542 10444  8158  8158 I susfs   : [10444][8158][susfs_is_inode_sus_path] hiding path with ino '0'
1791670158.542 10444  8158  8158 I susfs   : [10444][8158][susfs_is_inode_sus_path] hiding path with ino '0'
1791670158.542 10444  8158  8158 I susfs   : [10444][8158][susfs_is_inode_sus_path] hiding path with ino '0'
1791670158.542 10444  8158  8158 I susfs   : [10444][8158][susfs_is_inode_sus_path] hiding path with ino '0'
1791670158.542 10444  8158  8158 I susfs   : [10444][8158][susfs_is_inode_sus_path] hiding path with ino '0'
1791670158.542 10444  8158  8158 I susfs   : [10444][8158][susfs_is_inode_sus_path] hiding path with ino '0'
1791670158.542 10444  8158  8158 I susfs   : [10444][8158][susfs_is_inode_sus_path] hiding path with ino '0'
1791670158.542 10444  8158  8158 I susfs   : [10444][8158][susfs_is_inode_sus_path] hiding path with ino '0'
1791670158.542 10444  8158  8158 I susfs   : [10444][8158][susfs_is_inode_sus_path] hiding path with ino '0'
1791670158.542 10444  8158  8158 I susfs   : [10444][8158][susfs_is_inode_sus_path] hiding path with ino '0'
1791670158.542 10444  8158  8158 I susfs   : [10444][8158][susfs_is_inode_sus_path] hiding path with ino '0'
1791670158.542 10444  8158  8158 I susfs   : [10444][8158][susfs_is_inode_sus_path] hiding path with ino '0'
1791670158.542 10444  8158  8158 I susfs   : [10444][8158][susfs_is_inode_sus_path] hiding path with ino '0'
1791670158.542 10444  8158  8158 I susfs   : [10444][8158][susfs_is_inode_sus_path] hiding path with ino '0'
1791670158.542 10444  8158  8158 I susfs   : [10444][8158][susfs_is_inode_sus_path] hiding path with ino '0'
1791670158.542 10444  8158  8158 I susfs   : [10444][8158][susfs_is_inode_sus_path] hiding path with ino '0'
1791670158.542 10444  8158  8158 I susfs   : [10444][8158][susfs_is_inode_sus_path] hiding path with ino '0'
1791670158.542 10444  8158  8158 I susfs   : [10444][8158][susfs_is_inode_sus_path] hiding path with ino '0'
1791670158.542 10444  8158  8158 I susfs   : [10444][8158][susfs_is_inode_sus_path] hiding path with ino '0'
1791670158.542 10444  8158  8158 I susfs   : [10444][8158][susfs_is_inode_sus_path] hiding path with ino '0'
1791670158.542 10444  8158  8158 I susfs   : [10444][8158][susfs_is_inode_sus_path] hiding path with ino '0'
1791670158.542 10444  8158  8158 I susfs   : [10444][8158][susfs_is_inode_sus_path] hiding path with ino '0'
1791670158.542 10444  8158  8158 I susfs   : [10444][8158][susfs_is_inode_sus_path] hiding path with ino '0'
1791670158.542 10444  8158  8158 I susfs   : [10444][8158][susfs_is_inode_sus_path] hiding path with ino '0'
1791670158.542 10444  8158  8158 I susfs   : [10444][8158][susfs_is_inode_sus_path] hiding path with ino '0'
1791670158.542 10444  8158  8158 I susfs   : [10444][8158][susfs_is_inode_sus_path] hiding path with ino '0'
1791670158.542 10444  8158  8158 I susfs   : [10444][8158][susfs_is_inode_sus_path] hiding path with ino '0'
1791670158.542 10444  8158  8158 I susfs   : [10444][8158][susfs_is_inode_sus_path] hiding path with ino '0'
1791670158.543 10444  8158  8158 I susfs   : [10444][8158][susfs_is_inode_sus_path] hiding path with ino '0'
1791670158.543 10444  8158  8158 I susfs   : [10444][8158][susfs_is_inode_sus_path] hiding path with ino '0'
1791670158.543 10444  8158  8158 I susfs   : [10444][8158][susfs_is_inode_sus_path] hiding path with ino '0'
1791670158.543 10444  8158  8158 I susfs   : [10444][8158][susfs_is_inode_sus_path] hiding path with ino '0'
1791670158.543 10444  8158  8158 I susfs   : [10444][8158][susfs_is_inode_sus_path] hiding path with ino '0'
1791670158.543 10444  8158  8158 I susfs   : [10444][8158][susfs_is_inode_sus_path] hiding path with ino '0'
1791670158.543 10444  8158  8158 I susfs   : [10444][8158][susfs_is_inode_sus_path] hiding path with ino '0'
1791670158.543 10444  8158  8158 I susfs   : [10444][8158][susfs_is_inode_sus_path] hiding path with ino '0'
1791670158.543 10444  8158  8158 I susfs   : [10444][8158][susfs_is_inode_sus_path] hiding path with ino '0'
1791670158.543 10444  8158  8158 I susfs   : [10444][8158][susfs_is_inode_sus_path] hiding path with ino '0'
1791670158.543 10444  8158  8158 I susfs   : [10444][8158][susfs_is_inode_sus_path] hiding path with ino '0'
1791670158.543 10444  8158  8158 I susfs   : [10444][8158][susfs_is_inode_sus_path] hiding path with ino '0'
1791670158.543 10444  8158  8158 I susfs   : [10444][8158][susfs_is_inode_sus_path] hiding path with ino '0'
1791670158.543 10444  8158  8158 I susfs   : [10444][8158][susfs_is_inode_sus_path] hiding path with ino '0'
1791670158.543 10444  8158  8158 I susfs   : [10444][8158][susfs_is_inode_sus_path] hiding path with ino '0'
1791670158.543 10444  8158  8158 I susfs   : [10444][8158][susfs_is_inode_sus_path] hiding path with ino '0'
1791670158.543 10444  8158  8158 I susfs   : [10444][8158][susfs_is_inode_sus_path] hiding path with ino '0'
1791670158.543 10444  8158  8158 I susfs   : [10444][8158][susfs_is_inode_sus_path] hiding path with ino '0'
1791670158.543 10444  8158  8158 I susfs   : [10444][8158][susfs_is_inode_sus_path] hiding path with ino '0'
1791670158.543 10444  8158  8158 I susfs   : [10444][8158][susfs_is_inode_sus_path] hiding path with ino '0'
1791670158.543 10444  8158  8158 I susfs   : [10444][8158][susfs_is_inode_sus_path] hiding path with ino '0'
1791670158.543 10444  8158  8158 I susfs   : [10444][8158][susfs_is_inode_sus_path] hiding path with ino '0'
1791670158.543 10444  8158  8158 I susfs   : [10444][8158][susfs_is_inode_sus_path] hiding path with ino '0'
1791670158.543 10444  8158  8158 I susfs   : [10444][8158][susfs_is_inode_sus_path] hiding path with ino '0'
1791670158.543 10444  8158  8158 I susfs   : [10444][8158][susfs_is_inode_sus_path] hiding path with ino '0'
1791670158.543 10444  8158  8158 I susfs   : [10444][8158][susfs_is_inode_sus_path] hiding path with ino '0'
1791670158.563 10551 17542 17620 E ApsAdapter, APSClient: APSClient, classloaderdalvik.system.PathClassLoader[DexPathList[[zip file "/system_ext/framework/com.oplus.camera.unit.sdk.jar"],nativeLibraryDirectories=[/data/app/~~pwrM1FFZPcTDtyIFM23IXQ==/com.oplus.camera-6To1ae9Bp6KmV_a4LzhBKw==/lib/arm64, /data/app/~~pwrM1FFZPcTDtyIFM23IXQ==/com.oplus.camera-6To1ae9Bp6KmV_a4LzhBKw==/base.apk!/lib/arm64-v8a, /system/lib64, /system_ext/lib64]]], mbAPSClientJNICmdVersion: true, jniVersion: V002.000.000
1791670158.543 10444  8158  8158 I susfs   : [10444][8158][susfs_is_inode_sus_path] hiding path with ino '0'
1791670158.543 10444  8158  8158 I susfs   : [10444][8158][susfs_is_inode_sus_path] hiding path with ino '0'
1791670158.543 10444  8158  8158 I susfs   : [10444][8158][susfs_is_inode_sus_path] hiding path with ino '0'
1791670158.543 10444  8158  8158 I susfs   : [10444][8158][susfs_is_inode_sus_path] hiding path with ino '0'
1791670158.543 10444  8158  8158 I susfs   : [10444][8158][susfs_is_inode_sus_path] hiding path with ino '0'
1791670158.543 10444  8158  8158 I susfs   : [10444][8158][susfs_is_inode_sus_path] hiding path with ino '0'
1791670158.543 10444  8158  8158 I susfs   : [10444][8158][susfs_is_inode_sus_path] hiding path with ino '0'
1791670158.543 10444  8158  8158 I susfs   : [10444][8158][susfs_is_inode_sus_path] hiding path with ino '0'
1791670158.543 10444  8158  8158 I susfs   : [10444][8158][susfs_is_inode_sus_path] hiding path with ino '0'
1791670158.543 10444  8158  8158 I susfs   : [10444][8158][susfs_is_inode_sus_path] hiding path with ino '0'
1791670158.543 10444  8158  8158 I susfs   : [10444][8158][susfs_is_inode_sus_path] hiding path with ino '0'
1791670158.543 10444  8158  8158 I susfs   : [10444][8158][susfs_is_inode_sus_path] hiding path with ino '0'
1791670158.543 10444  8158  8158 I susfs   : [10444][8158][susfs_is_inode_sus_path] hiding path with ino '0'
1791670158.543 10444  8158  8158 I susfs   : [10444][8158][susfs_is_inode_sus_path] hiding path with ino '0'
1791670158.543 10444  8158  8158 I susfs   : [10444][8158][susfs_is_inode_sus_path] hiding path with ino '0'
1791670158.543 10444  8158  8158 I susfs   : [10444][8158][susfs_is_inode_sus_path] hiding path with ino '0'
1791670158.543 10444  8158  8158 I susfs   : [10444][8158][susfs_is_inode_sus_path] hiding path with ino '0'
1791670158.543 10444  8158  8158 I susfs   : [10444][8158][susfs_is_inode_sus_path] hiding path with ino '0'
1791670158.543 10444  8158  8158 I susfs   : [10444][8158][susfs_is_inode_sus_path] hiding path with ino '0'
1791670158.543 10444  8158  8158 I susfs   : [10444][8158][susfs_is_inode_sus_path] hiding path with ino '0'
1791670158.543 10444  8158  8158 I susfs   : [10444][8158][susfs_is_inode_sus_path] hiding path with ino '0'
1791670158.543 10444  8158  8158 I susfs   : [10444][8158][susfs_is_inode_sus_path] hiding path with ino '0'
1791670158.543 10444  8158  8158 I susfs   : [10444][8158][susfs_is_inode_sus_path] hiding path with ino '0'
1791670158.543 10444  8158  8158 I susfs   : [10444][8158][susfs_is_inode_sus_path] hiding path with ino '0'
1791670158.543 10444  8158  8158 I susfs   : [10444][8158][susfs_is_inode_sus_path] hiding path with ino '0'
1791670158.543 10444  8158  8158 I susfs   : [10444][8158][susfs_is_inode_sus_path] hiding path with ino '0'
1791670158.543 10444  8158  8158 I susfs   : [10444][8158][susfs_is_inode_sus_path] hiding path with ino '0'
1791670158.543 10444  8158  8158 I susfs   : [10444][8158][susfs_is_inode_sus_path] hiding path with ino '0'
1791670158.544 10444  8158  8158 I susfs   : [10444][8158][susfs_is_inode_sus_path] hiding path with ino '0'
1791670158.544 10444  8158  8158 I susfs   : [10444][8158][susfs_is_inode_sus_path] hiding path with ino '0'
1791670158.544 10444  8158  8158 I susfs   : [10444][8158][susfs_is_inode_sus_path] hiding path with ino '0'
1791670158.544 10444  8158  8158 I susfs   : [10444][8158][susfs_is_inode_sus_path] hiding path with ino '0'
1791670158.544 10444  8158  8158 I susfs   : [10444][8158][susfs_is_inode_sus_path] hiding path with ino '0'
1791670158.544 10444  8158  8158 I susfs   : [10444][8158][susfs_is_inode_sus_path] hiding path with ino '0'
1791670158.544 10444  8158  8158 I susfs   : [10444][8158][susfs_is_inode_sus_path] hiding path with ino '0'
1791670158.544 10444  8158  8158 I susfs   : [10444][8158][susfs_is_inode_sus_path] hiding path with ino '0'
1791670158.544 10444  8158  8158 I susfs   : [10444][8158][susfs_is_inode_sus_path] hiding path with ino '0'
1791670158.544 10444  8158  8158 I susfs   : [10444][8158][susfs_is_inode_sus_path] hiding path with ino '0'
1791670158.544 10444  8158  8158 I susfs   : [10444][8158][susfs_is_inode_sus_path] hiding path with ino '0'
1791670158.544 10444  8158  8158 I susfs   : [10444][8158][susfs_is_inode_sus_path] hiding path with ino '0'
1791670158.544 10444  8158  8158 I susfs   : [10444][8158][susfs_is_inode_sus_path] hiding path with ino '0'
1791670158.544 10444  8158  8158 I susfs   : [10444][8158][susfs_is_inode_sus_path] hiding path with ino '0'
1791670158.544 10444  8158  8158 I susfs   : [10444][8158][susfs_is_inode_sus_path] hiding path with ino '0'
1791670158.544 10444  8158  8158 I susfs   : [10444][8158][susfs_is_inode_sus_path] hiding path with ino '0'
1791670158.544 10444  8158  8158 I susfs   : [10444][8158][susfs_is_inode_sus_path] hiding path with ino '0'
1791670158.544 10444  8158  8158 I susfs   : [10444][8158][susfs_is_inode_sus_path] hiding path with ino '0'
1791670158.544 10444  8158  8158 I susfs   : [10444][8158][susfs_is_inode_sus_path] hiding path with ino '0'
1791670158.544 10444  8158  8158 I susfs   : [10444][8158][susfs_is_inode_sus_path] hiding path with ino '0'
1791670158.544 10444  8158  8158 I susfs   : [10444][8158][susfs_is_inode_sus_path] hiding path with ino '0'
1791670158.544 10444  8158  8158 I susfs   : [10444][8158][susfs_is_inode_sus_path] hiding path with ino '0'
1791670158.544 10444  8158  8158 I susfs   : [10444][8158][susfs_is_inode_sus_path] hiding path with ino '0'
1791670158.544 10444  8158  8158 I susfs   : [10444][8158][susfs_is_inode_sus_path] hiding path with ino '0'
1791670158.544 10444  8158  8158 I susfs   : [10444][8158][susfs_is_inode_sus_path] hiding path with ino '0'
1791670158.544 10444  8158  8158 I susfs   : [10444][8158][susfs_is_inode_sus_path] hiding path with ino '0'
1791670158.544 10444  8158  8158 I susfs   : [10444][8158][susfs_is_inode_sus_path] hiding path with ino '0'
1791670158.544 10444  8158  8158 I susfs   : [10444][8158][susfs_is_inode_sus_path] hiding path with ino '0'
1791670158.544 10444  8158  8158 I susfs   : [10444][8158][susfs_is_inode_sus_path] hiding path with ino '0'
1791670158.544 10444  8158  8158 I susfs   : [10444][8158][susfs_is_inode_sus_path] hiding path with ino '0'
1791670158.544 10444  8158  8158 I susfs   : [10444][8158][susfs_is_inode_sus_path] hiding path with ino '0'
1791670158.544 10444  8158  8158 I susfs   : [10444][8158][susfs_is_inode_sus_path] hiding path with ino '0'
1791670158.568 10551 17542 17629 E ActivityThread: Failed to find provider info for com.oplus.statistics.provider
1791670158.568 10551 17542 17629 W OplusTrack-ContentProviderRecorder: not support content provider
1791670158.569  1000  4337  6103 W ActivityManager: Unable to start service Intent { xflg=0x4 cmp=com.nearme.statistics.rom/.service.ReceiverService (has extras) } U=0: not found
1791670158.570 10551 17542 17598 W VideoCapabilities: Unrecognized profile/level 0/3 for video/mpeg2
1791670158.584 10551 17542 17598 W VideoCapabilities: Unsupported mime image/vnd.android.heic
1791670158.600  1041  4165  4174 D ACDB-LOADER: ACDB -> send_audvoltable
1791670158.600  1041  4165  4174 D ACDB-LOADER: ACDB -> ACDB_CMD_GET_AUDPROC_INSTANCE_GAIN_DEP_STEP_TABLE_SIZE
1791670158.600  1041  4165  4174 D ACDB-LOADER: ACDB -> ACDB_CMD_GET_AUDPROC_INSTANCE_GAIN_DEP_STEP_TABLE, vol index 0
1791670158.600  1041  4165  4174 D ACDB-LOADER: ACDB -> AUDIO_SET_VOL_CAL cal type = 40
1791670158.600  1041  4165  4174 W msm8974_platform: platform_send_gain_dep_cal: Usecase list is empty
1791670158.600  1041  4165  4173 W msm8974_platform: platform_send_gain_dep_cal: Usecase list is empty
1791670158.601  1041  4179  4201 W libbinder.Binder: Binder 0xb400007a504f6f00 destroyed after setInheritRt before being parceled.
1791670158.601  1041  4179  4201 W libbinder.Binder: Binder 0xb400007a504f6f00 destroyed after setMinSchedulerPolicy before being parceled.
1791670158.601  1041  4179  4201 I APM_AudioPolicyManager: getNewOutputDevices io 13 recent device override {AUDIO_DEVICE_OUT_SPEAKER, @:}
1791670158.615 10551 17542 17620 I APS core: persist.sys.assert.panic() persist.camera.assert.panic() ro.build.release_type()ro.version.confidential() persist.sys.log.user() mpVersion(0) needOpenDebugLogInMp(0) needOpenDebugLogInDev(0) needOpenDebugLogInPre(0) isPreVersion(0)
1791670158.621 10660  7469  7469 D ToastAccService: Captured message [Metin kopyalandı] from [com.f0x1d.logfox]
1791670158.631 10660  7469 30372 D ToastAccService: item added to db: 1240
1791670158.641 10444  8158  8158 I susfs   : [10444][8158][susfs_is_inode_sus_path] hiding path with ino '0'
1791670158.641 10444  8158  8158 I susfs   : [10444][8158][susfs_is_inode_sus_path] hiding path with ino '0'
1791670158.641 10444  8158  8158 I susfs   : [10444][8158][susfs_is_inode_sus_path] hiding path with ino '0'
1791670158.641 10444  8158  8158 I susfs   : [10444][8158][susfs_is_inode_sus_path] hiding path with ino '0'
1791670158.641 10444  8158  8158 I susfs   : [10444][8158][susfs_is_inode_sus_path] hiding path with ino '0'
1791670158.641 10444  8158  8158 I susfs   : [10444][8158][susfs_is_inode_sus_path] hiding path with ino '0'
1791670158.641 10444  8158  8158 I susfs   : [10444][8158][susfs_is_inode_sus_path] hiding path with ino '0'
1791670158.641 10444  8158  8158 I susfs   : [10444][8158][susfs_is_inode_sus_path] hiding path with ino '0'
1791670158.641 10444  8158  8158 I susfs   : [10444][8158][susfs_is_inode_sus_path] hiding path with ino '0'
1791670158.641 10444  8158  8158 I susfs   : [10444][8158][susfs_is_inode_sus_path] hiding path with ino '0'
1791670158.641 10444  8158  8158 I susfs   : [10444][8158][susfs_is_inode_sus_path] hiding path with ino '0'
1791670158.641 10444  8158  8158 I susfs   : [10444][8158][susfs_is_inode_sus_path] hiding path with ino '0'
1791670158.641 10444  8158  8158 I susfs   : [10444][8158][susfs_is_inode_sus_path] hiding path with ino '0'
1791670158.641 10444  8158  8158 I susfs   : [10444][8158][susfs_is_inode_sus_path] hiding path with ino '0'
1791670158.641 10444  8158  8158 I susfs   : [10444][8158][susfs_is_inode_sus_path] hiding path with ino '0'
1791670158.641 10444  8158  8158 I susfs   : [10444][8158][susfs_is_inode_sus_path] hiding path with ino '0'
1791670158.641 10444  8158  8158 I susfs   : [10444][8158][susfs_is_inode_sus_path] hiding path with ino '0'
1791670158.641 10444  8158  8158 I susfs   : [10444][8158][susfs_is_inode_sus_path] hiding path with ino '0'
1791670158.641 10444  8158  8158 I susfs   : [10444][8158][susfs_is_inode_sus_path] hiding path with ino '0'
1791670158.641 10444  8158  8158 I susfs   : [10444][8158][susfs_is_inode_sus_path] hiding path with ino '0'
1791670158.641 10444  8158  8158 I susfs   : [10444][8158][susfs_is_inode_sus_path] hiding path with ino '0'
1791670158.641 10444  8158  8158 I susfs   : [10444][8158][susfs_is_inode_sus_path] hiding path with ino '0'
1791670158.641 10444  8158  8158 I susfs   : [10444][8158][susfs_is_inode_sus_path] hiding path with ino '0'
1791670158.641 10444  8158  8158 I susfs   : [10444][8158][susfs_is_inode_sus_path] hiding path with ino '0'
1791670158.641 10444  8158  8158 I susfs   : [10444][8158][susfs_is_inode_sus_path] hiding path with ino '0'
1791670158.641 10444  8158  8158 I susfs   : [10444][8158][susfs_is_inode_sus_path] hiding path with ino '0'
1791670158.640 10444  7726  9519 I NotifySyncService_7726_9519: MSG_NOTIFY_REMOVE_TIMEOUT size = 1 ids: 8
1791670158.641 10551 17542 17598 W VideoCapabilities: Unrecognized profile/level 0/3 for video/mpeg2
1791670158.641 10551 17542 17598 W VideoCapabilities: Unrecognized profile/level 0/3 for video/mpeg2
1791670158.641 10444  7726  8158 W System.err: java.io.IOException: No such file or directory
1791670158.641 10444  7726  8158 W System.err: 	at java.io.UnixFileSystem.createFileExclusively0(Native Method)
1791670158.641 10444  7726  8158 W System.err: 	at java.io.UnixFileSystem.createFileExclusively(UnixFileSystem.java:373)
1791670158.641 10444  7726  8158 W System.err: 	at java.io.File.createNewFile(File.java:1022)
1791670158.641 10444  7726  8158 W System.err: 	at epa$e.f(SourceFile:42)
1791670158.641 10444  7726  8158 W System.err: 	at epa.f(SourceFile:66)
1791670158.641 10444  7726  8158 W System.err: 	at epa.b(SourceFile:0)
1791670158.641 10444  7726  8158 W System.err: 	at epa$d.run(SourceFile:20)
1791670158.641 10444  7726  8158 W System.err: 	at java.lang.Thread.run(Thread.java:1572)
1791670158.642 10444  7726  9519 I NotifySyncService_7726_9519: removeNotifications isHuaMi false
1791670158.643 10444  8158  8158 I susfs   : [10444][8158][susfs_is_inode_sus_path] hiding path with ino '0'
1791670158.643 10444  8158  8158 I susfs   : [10444][8158][susfs_is_inode_sus_path] hiding path with ino '0'
1791670158.643 10444  8158  8158 I susfs   : [10444][8158][susfs_is_inode_sus_path] hiding path with ino '0'
1791670158.643 10444  8158  8158 I susfs   : [10444][8158][susfs_is_inode_sus_path] hiding path with ino '0'
1791670158.643 10444  8158  8158 I susfs   : [10444][8158][susfs_is_inode_sus_path] hiding path with ino '0'
1791670158.643 10444  8158  8158 I susfs   : [10444][8158][susfs_is_inode_sus_path] hiding path with ino '0'
1791670158.643 10444  8158  8158 I susfs   : [10444][8158][susfs_is_inode_sus_path] hiding path with ino '0'
1791670158.643 10444  8158  8158 I susfs   : [10444][8158][susfs_is_inode_sus_path] hiding path with ino '0'
1791670158.643 10444  8158  8158 I susfs   : [10444][8158][susfs_is_inode_sus_path] hiding path with ino '0'
1791670158.643 10444  8158  8158 I susfs   : [10444][8158][susfs_is_inode_sus_path] hiding path with ino '0'
1791670158.643 10444  8158  8158 I susfs   : [10444][8158][susfs_is_inode_sus_path] hiding path with ino '0'
1791670158.643 10444  8158  8158 I susfs   : [10444][8158][susfs_is_inode_sus_path] hiding path with ino '0'
1791670158.643 10444  8158  8158 I susfs   : [10444][8158][susfs_is_inode_sus_path] hiding path with ino '0'
1791670158.643 10444  8158  8158 I susfs   : [10444][8158][susfs_is_inode_sus_path] hiding path with ino '0'
1791670158.643 10444  8158  8158 I susfs   : [10444][8158][susfs_is_inode_sus_path] hiding path with ino '0'
1791670158.643 10444  8158  8158 I susfs   : [10444][8158][susfs_is_inode_sus_path] hiding path with ino '0'
1791670158.643 10444  8158  8158 I susfs   : [10444][8158][susfs_is_inode_sus_path] hiding path with ino '0'
1791670158.643 10444  8158  8158 I susfs   : [10444][8158][susfs_is_inode_sus_path] hiding path with ino '0'
1791670158.643 10444  8158  8158 I susfs   : [10444][8158][susfs_is_inode_sus_path] hiding path with ino '0'
1791670158.643 10444  8158  8158 I susfs   : [10444][8158][susfs_is_inode_sus_path] hiding path with ino '0'
1791670158.643 10444  8158  8158 I susfs   : [10444][8158][susfs_is_inode_sus_path] hiding path with ino '0'
1791670158.643 10444  8158  8158 I susfs   : [10444][8158][susfs_is_inode_sus_path] hiding path with ino '0'
1791670158.643 10444  8158  8158 I susfs   : [10444][8158][susfs_is_inode_sus_path] hiding path with ino '0'
1791670158.643 10444  8158  8158 I susfs   : [10444][8158][susfs_is_inode_sus_path] hiding path with ino '0'
1791670158.643 10444  8158  8158 I susfs   : [10444][8158][susfs_is_inode_sus_path] hiding path with ino '0'
1791670158.643 10444  8158  8158 I susfs   : [10444][8158][susfs_is_inode_sus_path] hiding path with ino '0'
1791670158.643 10444  7726  8158 W System.err: 	at java.io.UnixFileSystem.createFileExclusively0(Native Method)
1791670158.643 10444  7726  8158 W System.err: 	at java.io.UnixFileSystem.createFileExclusively(UnixFileSystem.java:373)
1791670158.643 10444  7726  8158 W System.err: 	at java.io.File.createNewFile(File.java:1022)
1791670158.643 10444  7726  8158 W System.err: 	at epa$e.f(SourceFile:42)
1791670158.643 10444  7726  8158 W System.err: 	at epa.f(SourceFile:66)
1791670158.643 10444  7726  8158 W System.err: 	at epa.b(SourceFile:0)
1791670158.643 10444  7726  8158 W System.err: 	at epa$d.run(SourceFile:20)
1791670158.643 10444  7726  8158 W System.err: 	at java.lang.Thread.run(Thread.java:1572)
1791670158.644 10551 17542 17598 W VideoCapabilities: Unsupported mime image/vnd.android.heic
1791670158.645 10551 17542 17598 W VideoCapabilities: Unsupported mime image/vnd.android.heic
1791670158.658 10551 17542 17598 V OCAM_Util: isSupportH265Encoder, width: 7680, height: 4320, support: true
1791670158.658 10551 17542 17598 V OCAM_DensityUtil: supportResolutionSwitch, getPhysicalWidth: 1080
1791670158.659 10551 17542 17598 V OCAM_DensityUtil: supportResolutionSwitch, getPhysicalWidth: 1440
1791670158.663 10551 17542 17598 D OCAM_DensityUtil: initializeDefaultDisplay, acquire sDefaultDensity: 640
1791670158.663 10551 17542 17598 D OCAM_DeviceUtil: updateFolderAngle, sFoldAngle: -1, sSensorAngle: -1
1791670158.663 10551 17542 17598 V OCAM_UpdateUtil: setInitState, sbInit: true
1791670158.667 10551 17542 17598 W libc    : Access denied finding property "vendor.camera.simulation.debug.state"
1791670158.668 10551 17542 17598 V OCAM_Util: initialize X
1791670158.670 10551 17542 17598 V OCAM_OppoCamera_TRACE: traceEndSection, msg: InitCameraConfigHeavyTask
1791670158.670 10551 17542 17598 D OCAM_TaskBusRunnable: TaskBusRunable.run executeTask: InitCameraConfigHeavyTask, cost time: 479ms.
1791670158.670 10551 17542 17598 D OCAM_TaskBus: needDisableUx: true corePoolSize: 4 mDoneTasks: 12 mAllTasksCls: 12 this:yh.c@647c8a6
1791670158.670 10551 17542 17598 V OCAM_OppoCamera_TRACE: traceBeginSection, msg: disableKeyThreadValue_17598
1791670158.670 10551 17542 17598 V OCAM_OppoCamera_TRACE: traceEndSection, msg: disableKeyThreadValue_17598
1791670158.670 10551 17542 17598 V OCAM_OppoCamera_TRACE: traceEndSection, msg: InitCameraConfigHeavyTask
1791670158.675 10551 17542 17595 E CameraUnit, CameraConfigure: initialize, configParseVersion: 1, cost time: 464
1791670158.675 10551 17542 17595 V OCAM_OppoCamera_TRACE: traceBeginSection, msg: disableKeyThreadValue_17595
1791670158.675 10551 17542 17595 V OCAM_OppoCamera_TRACE: traceEndSection, msg: disableKeyThreadValue_17595
1791670158.701 10551 17542 17620 E APS_CORE: [ERROR][ ALGO_JNI ] APSInterface.cpp: 86  loadAPSAdapterLib()  gAPSAdapterOps.heifWinBufReflectJavaFlag: 0
1791670158.702 10551 17542 17620 W libc    : Access denied finding property "vendor.oplus.aps.refcount"
1791670158.737  1000  4337  4385 D WindowManager: AppCompatCamera: Active camera compat treatments: {}
1791670158.740 10551 17542 17620 E APS_CORE: [ERROR][ JSON_PARSER ] APSJsonParser.cpp: 367  str2nums()  value type: Int32 json format illegal
1791670158.749 10345  5754  5754 W LocaleConfig: The resource file pointed to by the given resource ID isn't found.
1791670158.750 10444  7726  9519 I NotifySyncService_7726_9519: MSG_NOTIFY_POSTED
1791670158.751 10444  7726  9519 I NotifySyncService_7726_9519: onNotificationPosted Id:0 key:0|com.f0x1d.logfox|0|0|com.f0x1d.logfox|g:Aggregate_AlertingSection|10761|0|com.f0x1d.logfox|g:Aggregate_AlertingSection PackageName:com.f0x1d.logfox IsOngoing:true PostTime:1791670156696 currentDeviceModel.connected: true
1791670158.752 10444  7726  8426 I NotifyLogUtils_7726_8426: isIgnoringBatteryOptimizations true
1791670158.752 10444  7726  9519 I NotifySyncService_7726_9519: onNotificationPosted Id:0 , appName : LogFox
1791670158.752 10444  7726  9519 I NotifySyncService_7726_9519: isFlagNoClearNotification flag = 132866
1791670158.752 10444  7726  9519 I NotifySyncService_7726_9519:  isOngoing = true isIncomingCall = false
1791670158.753 10444  7726  8158 W System.err: java.io.IOException: No such file or directory
1791670158.752 10444  8158  8158 I susfs   : [10444][8158][susfs_is_inode_sus_path] hiding path with ino '0'
1791670158.752 10444  8158  8158 I susfs   : [10444][8158][susfs_is_inode_sus_path] hiding path with ino '0'
1791670158.752 10444  8158  8158 I susfs   : [10444][8158][susfs_is_inode_sus_path] hiding path with ino '0'
1791670158.752 10444  8158  8158 I susfs   : [10444][8158][susfs_is_inode_sus_path] hiding path with ino '0'
1791670158.752 10444  8158  8158 I susfs   : [10444][8158][susfs_is_inode_sus_path] hiding path with ino '0'
1791670158.753 10444  8158  8158 I susfs   : [10444][8158][susfs_is_inode_sus_path] hiding path with ino '0'
1791670158.753 10444  8158  8158 I susfs   : [10444][8158][susfs_is_inode_sus_path] hiding path with ino '0'
1791670158.753 10444  8158  8158 I susfs   : [10444][8158][susfs_is_inode_sus_path] hiding path with ino '0'
1791670158.753 10444  8158  8158 I susfs   : [10444][8158][susfs_is_inode_sus_path] hiding path with ino '0'
1791670158.753 10444  8158  8158 I susfs   : [10444][8158][susfs_is_inode_sus_path] hiding path with ino '0'
1791670158.753 10444  8158  8158 I susfs   : [10444][8158][susfs_is_inode_sus_path] hiding path with ino '0'
1791670158.753 10444  8158  8158 I susfs   : [10444][8158][susfs_is_inode_sus_path] hiding path with ino '0'
1791670158.753 10444  8158  8158 I susfs   : [10444][8158][susfs_is_inode_sus_path] hiding path with ino '0'
1791670158.753 10444  8158  8158 I susfs   : [10444][8158][susfs_is_inode_sus_path] hiding path with ino '0'
1791670158.753 10444  8158  8158 I susfs   : [10444][8158][susfs_is_inode_sus_path] hiding path with ino '0'
1791670158.753 10444  8158  8158 I susfs   : [10444][8158][susfs_is_inode_sus_path] hiding path with ino '0'
1791670158.753 10444  8158  8158 I susfs   : [10444][8158][susfs_is_inode_sus_path] hiding path with ino '0'
1791670158.753 10444  8158  8158 I susfs   : [10444][8158][susfs_is_inode_sus_path] hiding path with ino '0'
1791670158.753 10444  8158  8158 I susfs   : [10444][8158][susfs_is_inode_sus_path] hiding path with ino '0'
1791670158.753 10444  8158  8158 I susfs   : [10444][8158][susfs_is_inode_sus_path] hiding path with ino '0'
1791670158.753 10444  8158  8158 I susfs   : [10444][8158][susfs_is_inode_sus_path] hiding path with ino '0'
1791670158.753 10444  8158  8158 I susfs   : [10444][8158][susfs_is_inode_sus_path] hiding path with ino '0'
1791670158.753 10444  8158  8158 I susfs   : [10444][8158][susfs_is_inode_sus_path] hiding path with ino '0'
1791670158.753 10444  8158  8158 I susfs   : [10444][8158][susfs_is_inode_sus_path] hiding path with ino '0'
1791670158.753 10444  8158  8158 I susfs   : [10444][8158][susfs_is_inode_sus_path] hiding path with ino '0'
1791670158.753 10444  8158  8158 I susfs   : [10444][8158][susfs_is_inode_sus_path] hiding path with ino '0'
1791670158.753 10444  8158  8158 I susfs   : [10444][8158][susfs_is_inode_sus_path] hiding path with ino '0'
1791670158.753 10444  8158  8158 I susfs   : [10444][8158][susfs_is_inode_sus_path] hiding path with ino '0'
1791670158.753 10444  8158  8158 I susfs   : [10444][8158][susfs_is_inode_sus_path] hiding path with ino '0'
1791670158.753 10444  8158  8158 I susfs   : [10444][8158][susfs_is_inode_sus_path] hiding path with ino '0'
1791670158.753 10444  8158  8158 I susfs   : [10444][8158][susfs_is_inode_sus_path] hiding path with ino '0'
1791670158.753 10444  8158  8158 I susfs   : [10444][8158][susfs_is_inode_sus_path] hiding path with ino '0'
1791670158.753 10444  8158  8158 I susfs   : [10444][8158][susfs_is_inode_sus_path] hiding path with ino '0'
1791670158.753 10444  8158  8158 I susfs   : [10444][8158][susfs_is_inode_sus_path] hiding path with ino '0'
1791670158.753 10444  8158  8158 I susfs   : [10444][8158][susfs_is_inode_sus_path] hiding path with ino '0'
1791670158.753 10444  8158  8158 I susfs   : [10444][8158][susfs_is_inode_sus_path] hiding path with ino '0'
1791670158.753 10444  8158  8158 I susfs   : [10444][8158][susfs_is_inode_sus_path] hiding path with ino '0'
1791670158.753 10444  7726  8158 W System.err: 	at java.io.UnixFileSystem.createFileExclusively0(Native Method)
1791670158.753 10444  7726  8158 W System.err: 	at java.io.UnixFileSystem.createFileExclusively(UnixFileSystem.java:373)
1791670158.753 10444  7726  8158 W System.err: 	at java.io.File.createNewFile(File.java:1022)
1791670158.753 10444  7726  8158 W System.err: 	at epa$e.f(SourceFile:42)
1791670158.753 10444  7726  8158 W System.err: 	at epa.f(SourceFile:66)
1791670158.753 10444  7726  8158 W System.err: 	at epa.b(SourceFile:0)
1791670158.753 10444  7726  8158 W System.err: 	at epa$d.run(SourceFile:20)
1791670158.753 10444  7726  8158 W System.err: 	at java.lang.Thread.run(Thread.java:1572)
1791670158.754 10444  7726  8158 W System.err: java.io.IOException: No such file or directory
1791670158.754 10444  7726  8158 W System.err: 	at java.io.UnixFileSystem.createFileExclusively0(Native Method)
1791670158.754 10444  7726  8158 W System.err: 	at java.io.UnixFileSystem.createFileExclusively(UnixFileSystem.java:373)
1791670158.754 10444  7726  8158 W System.err: 	at java.io.File.createNewFile(File.java:1022)
1791670158.754 10444  7726  8158 W System.err: 	at epa$e.f(SourceFile:42)
1791670158.754 10444  7726  8158 W System.err: 	at epa.f(SourceFile:66)
1791670158.754 10444  7726  8158 W System.err: 	at epa.b(SourceFile:0)
1791670158.754 10444  7726  8158 W System.err: 	at epa$d.run(SourceFile:20)
1791670158.754 10444  7726  8158 W System.err: 	at java.lang.Thread.run(Thread.java:1572)
1791670158.754 10444  7726  8158 W System.err: java.io.IOException: No such file or directory
1791670158.754 10444  7726  8158 W System.err: 	at java.io.UnixFileSystem.createFileExclusively0(Native Method)
1791670158.754 10444  7726  8158 W System.err: 	at java.io.UnixFileSystem.createFileExclusively(UnixFileSystem.java:373)
1791670158.754 10444  7726  8158 W System.err: 	at java.io.File.createNewFile(File.java:1022)
1791670158.755 10444  7726  8158 W System.err: 	at epa$e.f(SourceFile:42)
1791670158.755 10444  7726  8158 W System.err: 	at epa.f(SourceFile:66)
1791670158.755 10444  7726  8158 W System.err: 	at epa.b(SourceFile:0)
1791670158.755 10444  7726  8158 W System.err: 	at epa$d.run(SourceFile:20)
1791670158.755 10444  7726  8158 W System.err: 	at java.lang.Thread.run(Thread.java:1572)
1791670158.755 10444  7726  8158 W System.err: java.io.IOException: No such file or directory
1791670158.754 10444  8158  8158 I susfs   : [10444][8158][susfs_is_inode_sus_path] hiding path with ino '0'
1791670158.755 10444  7726  8158 W System.err: 	at java.io.UnixFileSystem.createFileExclusively0(Native Method)
1791670158.755 10444  7726  8158 W System.err: 	at java.io.UnixFileSystem.createFileExclusively(UnixFileSystem.java:373)
1791670158.755 10444  7726  8158 W System.err: 	at java.io.File.createNewFile(File.java:1022)
1791670158.755 10444  7726  8158 W System.err: 	at epa$e.f(SourceFile:42)
1791670158.755 10444  7726  8158 W System.err: 	at epa.f(SourceFile:66)
1791670158.755 10444  7726  8158 W System.err: 	at epa.b(SourceFile:0)
1791670158.755 10444  7726  8158 W System.err: 	at epa$d.run(SourceFile:20)
1791670158.755 10444  7726  8158 W System.err: 	at java.lang.Thread.run(Thread.java:1572)
1791670158.755 10444  7726  8158 W System.err: java.io.IOException: No such file or directory
1791670158.755 10444  7726  8158 W System.err: 	at java.io.UnixFileSystem.createFileExclusively0(Native Method)
1791670158.755 10444  7726  8158 W System.err: 	at java.io.UnixFileSystem.createFileExclusively(UnixFileSystem.java:373)
1791670158.755 10444  7726  8158 W System.err: 	at java.io.File.createNewFile(File.java:1022)
1791670158.755 10444  7726  8158 W System.err: 	at epa$e.f(SourceFile:42)
1791670158.755 10444  7726  8158 W System.err: 	at epa.f(SourceFile:66)
1791670158.755 10444  7726  8158 W System.err: 	at epa.b(SourceFile:0)
1791670158.755 10444  7726  8158 W System.err: 	at epa$d.run(SourceFile:20)
1791670158.755 10444  7726  8158 W System.err: 	at java.lang.Thread.run(Thread.java:1572)
1791670158.756 10444  7726  8158 W System.err: java.io.IOException: No such file or directory
1791670158.756 10444  7726  8158 W System.err: 	at java.io.UnixFileSystem.createFileExclusively0(Native Method)
1791670158.756 10444  7726  8158 W System.err: 	at java.io.UnixFileSystem.createFileExclusively(UnixFileSystem.java:373)
1791670158.756 10444  7726  8158 W System.err: 	at java.io.File.createNewFile(File.java:1022)
1791670158.756 10444  7726  8158 W System.err: 	at epa$e.f(SourceFile:42)
1791670158.756 10444  7726  8158 W System.err: 	at epa.f(SourceFile:66)
1791670158.756 10444  7726  8158 W System.err: 	at epa.b(SourceFile:0)
1791670158.756 10444  7726  8158 W System.err: 	at epa$d.run(SourceFile:20)
1791670158.756 10444  7726  8158 W System.err: 	at java.lang.Thread.run(Thread.java:1572)
1791670158.757 10551 17542 17620 E APS_CORE: [ERROR][ LOGIC ] APSRefFrameSelector.cpp: 521  APSRefFrameSelector()  dlsym pClarityEvaluateRawCrop failed, error msg: undefined symbol: multi_img_clarity_evaluation_v2
1791670158.757 10551 17542 17620 E APS_CORE: [ERROR][ LOGIC ] APSRefFrameSelector.cpp: 527  APSRefFrameSelector()  dlsym pClarityEvaluateRawPickFrame failed, error msg: undefined symbol: multi_img_clarity_evaluation_pickframe
1791670158.757 10551 17542 17620 E APS_CORE: [ERROR][ LOGIC ] APSRefFrameSelector.cpp: 532  APSRefFrameSelector()  dlsym pClarityEvaluate failed, error msg: undefined symbol: multi_img_clarity_evaluation
1791670158.758 10551 17542 17620 E APS_CORE: [ERROR][ LOGIC ] APSRefFrameSelector.cpp: 544  APSRefFrameSelector()  dlsym failed, error msg: dlopen failed: library "/odm/lib64/libarcsoft_turbo_hdr_grf.so" not found, try to load /odm/lib64/libarcsoft_turbo_fusion_raw_grf.so
1791670158.759 10551 17542 17620 W libc    : Access denied finding property "vendor.aps.logic.quick.jpeg.debug"
1791670158.759 10551 17542 17620 E APS_CORE: [ERROR][ LOGIC ] ODNNLoad.cpp: 61  ODNNLoad()  hDllLib is nullptr! no dlopen libODNN.so
1791670158.759 10551 17542 17620 E APS_CORE:  dlopen failed: library "/odm/lib64/libODNN.so" not found
1791670158.759 10551 17542 17620 E APS_CORE: [ERROR][ LOGIC ] ODNNLoad.cpp: 224  IsSkelUnLoadable()  skelway hDllLib is nullptr!
1791670158.759 10551 17542 17620 E APS_CORE: [ERROR][ LOGIC ] ODNNLoad.cpp: 134  InitSkel()  hDllLib is nullptr!
1791670158.754 10444  8158  8158 I susfs   : [10444][8158][susfs_is_inode_sus_path] hiding path with ino '0'
1791670158.754 10444  8158  8158 I susfs   : [10444][8158][susfs_is_inode_sus_path] hiding path with ino '0'
1791670158.754 10444  8158  8158 I susfs   : [10444][8158][susfs_is_inode_sus_path] hiding path with ino '0'
1791670158.754 10444  8158  8158 I susfs   : [10444][8158][susfs_is_inode_sus_path] hiding path with ino '0'
1791670158.754 10444  8158  8158 I susfs   : [10444][8158][susfs_is_inode_sus_path] hiding path with ino '0'
1791670158.754 10444  8158  8158 I susfs   : [10444][8158][susfs_is_inode_sus_path] hiding path with ino '0'
1791670158.754 10444  8158  8158 I susfs   : [10444][8158][susfs_is_inode_sus_path] hiding path with ino '0'
1791670158.754 10444  8158  8158 I susfs   : [10444][8158][susfs_is_inode_sus_path] hiding path with ino '0'
1791670158.754 10444  8158  8158 I susfs   : [10444][8158][susfs_is_inode_sus_path] hiding path with ino '0'
1791670158.754 10444  8158  8158 I susfs   : [10444][8158][susfs_is_inode_sus_path] hiding path with ino '0'
1791670158.754 10444  8158  8158 I susfs   : [10444][8158][susfs_is_inode_sus_path] hiding path with ino '0'
1791670158.754 10444  8158  8158 I susfs   : [10444][8158][susfs_is_inode_sus_path] hiding path with ino '0'
1791670158.754 10444  8158  8158 I susfs   : [10444][8158][susfs_is_inode_sus_path] hiding path with ino '0'
1791670158.754 10444  8158  8158 I susfs   : [10444][8158][susfs_is_inode_sus_path] hiding path with ino '0'
1791670158.754 10444  8158  8158 I susfs   : [10444][8158][susfs_is_inode_sus_path] hiding path with ino '0'
1791670158.754 10444  8158  8158 I susfs   : [10444][8158][susfs_is_inode_sus_path] hiding path with ino '0'
1791670158.754 10444  8158  8158 I susfs   : [10444][8158][susfs_is_inode_sus_path] hiding path with ino '0'
1791670158.754 10444  8158  8158 I susfs   : [10444][8158][susfs_is_inode_sus_path] hiding path with ino '0'
1791670158.754 10444  8158  8158 I susfs   : [10444][8158][susfs_is_inode_sus_path] hiding path with ino '0'
1791670158.754 10444  8158  8158 I susfs   : [10444][8158][susfs_is_inode_sus_path] hiding path with ino '0'
1791670158.754 10444  8158  8158 I susfs   : [10444][8158][susfs_is_inode_sus_path] hiding path with ino '0'
1791670158.754 10444  8158  8158 I susfs   : [10444][8158][susfs_is_inode_sus_path] hiding path with ino '0'
1791670158.754 10444  8158  8158 I susfs   : [10444][8158][susfs_is_inode_sus_path] hiding path with ino '0'
1791670158.754 10444  8158  8158 I susfs   : [10444][8158][susfs_is_inode_sus_path] hiding path with ino '0'
1791670158.754 10444  8158  8158 I susfs   : [10444][8158][susfs_is_inode_sus_path] hiding path with ino '0'
1791670158.754 10444  8158  8158 I susfs   : [10444][8158][susfs_is_inode_sus_path] hiding path with ino '0'
1791670158.754 10444  8158  8158 I susfs   : [10444][8158][susfs_is_inode_sus_path] hiding path with ino '0'
1791670158.754 10444  8158  8158 I susfs   : [10444][8158][susfs_is_inode_sus_path] hiding path with ino '0'
1791670158.754 10444  8158  8158 I susfs   : [10444][8158][susfs_is_inode_sus_path] hiding path with ino '0'
1791670158.754 10444  8158  8158 I susfs   : [10444][8158][susfs_is_inode_sus_path] hiding path with ino '0'
1791670158.754 10444  8158  8158 I susfs   : [10444][8158][susfs_is_inode_sus_path] hiding path with ino '0'
1791670158.754 10444  8158  8158 I susfs   : [10444][8158][susfs_is_inode_sus_path] hiding path with ino '0'
1791670158.754 10444  8158  8158 I susfs   : [10444][8158][susfs_is_inode_sus_path] hiding path with ino '0'
1791670158.754 10444  8158  8158 I susfs   : [10444][8158][susfs_is_inode_sus_path] hiding path with ino '0'
1791670158.754 10444  8158  8158 I susfs   : [10444][8158][susfs_is_inode_sus_path] hiding path with ino '0'
1791670158.754 10444  8158  8158 I susfs   : [10444][8158][susfs_is_inode_sus_path] hiding path with ino '0'
1791670158.754 10444  8158  8158 I susfs   : [10444][8158][susfs_is_inode_sus_path] hiding path with ino '0'
1791670158.754 10444  8158  8158 I susfs   : [10444][8158][susfs_is_inode_sus_path] hiding path with ino '0'
1791670158.754 10444  8158  8158 I susfs   : [10444][8158][susfs_is_inode_sus_path] hiding path with ino '0'
1791670158.754 10444  8158  8158 I susfs   : [10444][8158][susfs_is_inode_sus_path] hiding path with ino '0'
1791670158.755 10444  8158  8158 I susfs   : [10444][8158][susfs_is_inode_sus_path] hiding path with ino '0'
1791670158.755 10444  8158  8158 I susfs   : [10444][8158][susfs_is_inode_sus_path] hiding path with ino '0'
1791670158.755 10444  8158  8158 I susfs   : [10444][8158][susfs_is_inode_sus_path] hiding path with ino '0'
1791670158.755 10444  8158  8158 I susfs   : [10444][8158][susfs_is_inode_sus_path] hiding path with ino '0'
1791670158.755 10444  8158  8158 I susfs   : [10444][8158][susfs_is_inode_sus_path] hiding path with ino '0'
1791670158.755 10444  8158  8158 I susfs   : [10444][8158][susfs_is_inode_sus_path] hiding path with ino '0'
1791670158.755 10444  8158  8158 I susfs   : [10444][8158][susfs_is_inode_sus_path] hiding path with ino '0'
1791670158.755 10444  8158  8158 I susfs   : [10444][8158][susfs_is_inode_sus_path] hiding path with ino '0'
1791670158.755 10444  8158  8158 I susfs   : [10444][8158][susfs_is_inode_sus_path] hiding path with ino '0'
1791670158.755 10444  8158  8158 I susfs   : [10444][8158][susfs_is_inode_sus_path] hiding path with ino '0'
1791670158.755 10444  8158  8158 I susfs   : [10444][8158][susfs_is_inode_sus_path] hiding path with ino '0'
1791670158.755 10444  8158  8158 I susfs   : [10444][8158][susfs_is_inode_sus_path] hiding path with ino '0'
1791670158.755 10444  8158  8158 I susfs   : [10444][8158][susfs_is_inode_sus_path] hiding path with ino '0'
1791670158.755 10444  8158  8158 I susfs   : [10444][8158][susfs_is_inode_sus_path] hiding path with ino '0'
1791670158.755 10444  8158  8158 I susfs   : [10444][8158][susfs_is_inode_sus_path] hiding path with ino '0'
1791670158.755 10444  8158  8158 I susfs   : [10444][8158][susfs_is_inode_sus_path] hiding path with ino '0'
1791670158.755 10444  8158  8158 I susfs   : [10444][8158][susfs_is_inode_sus_path] hiding path with ino '0'
1791670158.755 10444  8158  8158 I susfs   : [10444][8158][susfs_is_inode_sus_path] hiding path with ino '0'
1791670158.755 10444  8158  8158 I susfs   : [10444][8158][susfs_is_inode_sus_path] hiding path with ino '0'
1791670158.755 10444  8158  8158 I susfs   : [10444][8158][susfs_is_inode_sus_path] hiding path with ino '0'
1791670158.755 10444  8158  8158 I susfs   : [10444][8158][susfs_is_inode_sus_path] hiding path with ino '0'
1791670158.755 10444  8158  8158 I susfs   : [10444][8158][susfs_is_inode_sus_path] hiding path with ino '0'
1791670158.755 10444  8158  8158 I susfs   : [10444][8158][susfs_is_inode_sus_path] hiding path with ino '0'
1791670158.755 10444  8158  8158 I susfs   : [10444][8158][susfs_is_inode_sus_path] hiding path with ino '0'
1791670158.755 10444  8158  8158 I susfs   : [10444][8158][susfs_is_inode_sus_path] hiding path with ino '0'
1791670158.755 10444  8158  8158 I susfs   : [10444][8158][susfs_is_inode_sus_path] hiding path with ino '0'
1791670158.755 10444  8158  8158 I susfs   : [10444][8158][susfs_is_inode_sus_path] hiding path with ino '0'
1791670158.755 10444  8158  8158 I susfs   : [10444][8158][susfs_is_inode_sus_path] hiding path with ino '0'
1791670158.755 10444  8158  8158 I susfs   : [10444][8158][susfs_is_inode_sus_path] hiding path with ino '0'
1791670158.755 10444  8158  8158 I susfs   : [10444][8158][susfs_is_inode_sus_path] hiding path with ino '0'
1791670158.755 10444  8158  8158 I susfs   : [10444][8158][susfs_is_inode_sus_path] hiding path with ino '0'
1791670158.755 10444  8158  8158 I susfs   : [10444][8158][susfs_is_inode_sus_path] hiding path with ino '0'
1791670158.755 10444  8158  8158 I susfs   : [10444][8158][susfs_is_inode_sus_path] hiding path with ino '0'
1791670158.755 10444  8158  8158 I susfs   : [10444][8158][susfs_is_inode_sus_path] hiding path with ino '0'
1791670158.755 10444  8158  8158 I susfs   : [10444][8158][susfs_is_inode_sus_path] hiding path with ino '0'
1791670158.755 10444  8158  8158 I susfs   : [10444][8158][susfs_is_inode_sus_path] hiding path with ino '0'
1791670158.755 10444  8158  8158 I susfs   : [10444][8158][susfs_is_inode_sus_path] hiding path with ino '0'
1791670158.755 10444  8158  8158 I susfs   : [10444][8158][susfs_is_inode_sus_path] hiding path with ino '0'
1791670158.755 10444  8158  8158 I susfs   : [10444][8158][susfs_is_inode_sus_path] hiding path with ino '0'
1791670158.755 10444  8158  8158 I susfs   : [10444][8158][susfs_is_inode_sus_path] hiding path with ino '0'
1791670158.755 10444  8158  8158 I susfs   : [10444][8158][susfs_is_inode_sus_path] hiding path with ino '0'
1791670158.755 10444  8158  8158 I susfs   : [10444][8158][susfs_is_inode_sus_path] hiding path with ino '0'
1791670158.755 10444  8158  8158 I susfs   : [10444][8158][susfs_is_inode_sus_path] hiding path with ino '0'
1791670158.755 10444  8158  8158 I susfs   : [10444][8158][susfs_is_inode_sus_path] hiding path with ino '0'
1791670158.755 10444  8158  8158 I susfs   : [10444][8158][susfs_is_inode_sus_path] hiding path with ino '0'
1791670158.755 10444  8158  8158 I susfs   : [10444][8158][susfs_is_inode_sus_path] hiding path with ino '0'
1791670158.755 10444  8158  8158 I susfs   : [10444][8158][susfs_is_inode_sus_path] hiding path with ino '0'
1791670158.755 10444  8158  8158 I susfs   : [10444][8158][susfs_is_inode_sus_path] hiding path with ino '0'
1791670158.755 10444  8158  8158 I susfs   : [10444][8158][susfs_is_inode_sus_path] hiding path with ino '0'
1791670158.755 10444  8158  8158 I susfs   : [10444][8158][susfs_is_inode_sus_path] hiding path with ino '0'
1791670158.755 10444  8158  8158 I susfs   : [10444][8158][susfs_is_inode_sus_path] hiding path with ino '0'
1791670158.755 10444  8158  8158 I susfs   : [10444][8158][susfs_is_inode_sus_path] hiding path with ino '0'
1791670158.755 10444  8158  8158 I susfs   : [10444][8158][susfs_is_inode_sus_path] hiding path with ino '0'
1791670158.755 10444  8158  8158 I susfs   : [10444][8158][susfs_is_inode_sus_path] hiding path with ino '0'
1791670158.755 10444  8158  8158 I susfs   : [10444][8158][susfs_is_inode_sus_path] hiding path with ino '0'
1791670158.756 10444  8158  8158 I susfs   : [10444][8158][susfs_is_inode_sus_path] hiding path with ino '0'
1791670158.756 10444  8158  8158 I susfs   : [10444][8158][susfs_is_inode_sus_path] hiding path with ino '0'
1791670158.756 10444  8158  8158 I susfs   : [10444][8158][susfs_is_inode_sus_path] hiding path with ino '0'
1791670158.756 10444  8158  8158 I susfs   : [10444][8158][susfs_is_inode_sus_path] hiding path with ino '0'
1791670158.756 10444  8158  8158 I susfs   : [10444][8158][susfs_is_inode_sus_path] hiding path with ino '0'
1791670158.756 10444  8158  8158 I susfs   : [10444][8158][susfs_is_inode_sus_path] hiding path with ino '0'
1791670158.756 10444  8158  8158 I susfs   : [10444][8158][susfs_is_inode_sus_path] hiding path with ino '0'
1791670158.756 10444  8158  8158 I susfs   : [10444][8158][susfs_is_inode_sus_path] hiding path with ino '0'
1791670158.756 10444  8158  8158 I susfs   : [10444][8158][susfs_is_inode_sus_path] hiding path with ino '0'
1791670158.756 10444  8158  8158 I susfs   : [10444][8158][susfs_is_inode_sus_path] hiding path with ino '0'
1791670158.756 10444  8158  8158 I susfs   : [10444][8158][susfs_is_inode_sus_path] hiding path with ino '0'
1791670158.756 10444  8158  8158 I susfs   : [10444][8158][susfs_is_inode_sus_path] hiding path with ino '0'
1791670158.756 10444  8158  8158 I susfs   : [10444][8158][susfs_is_inode_sus_path] hiding path with ino '0'
1791670158.756 10444  8158  8158 I susfs   : [10444][8158][susfs_is_inode_sus_path] hiding path with ino '0'
1791670158.756 10444  8158  8158 I susfs   : [10444][8158][susfs_is_inode_sus_path] hiding path with ino '0'
1791670158.756 10444  8158  8158 I susfs   : [10444][8158][susfs_is_inode_sus_path] hiding path with ino '0'
1791670158.756 10444  8158  8158 I susfs   : [10444][8158][susfs_is_inode_sus_path] hiding path with ino '0'
1791670158.756 10444  8158  8158 I susfs   : [10444][8158][susfs_is_inode_sus_path] hiding path with ino '0'
1791670158.756 10444  8158  8158 I susfs   : [10444][8158][susfs_is_inode_sus_path] hiding path with ino '0'
1791670158.756 10444  8158  8158 I susfs   : [10444][8158][susfs_is_inode_sus_path] hiding path with ino '0'
1791670158.756 10444  8158  8158 I susfs   : [10444][8158][susfs_is_inode_sus_path] hiding path with ino '0'
1791670158.756 10444  8158  8158 I susfs   : [10444][8158][susfs_is_inode_sus_path] hiding path with ino '0'
1791670158.756 10444  8158  8158 I susfs   : [10444][8158][susfs_is_inode_sus_path] hiding path with ino '0'
1791670158.760 10551 17542 17620 W osense_aidl_hal: Finding osense aidl service failed!
1791670158.761 10551 17542 17620 W osense_aidl_hal: get osense hal client instance failed
1791670158.761 10551 17542 17620 W RefBase : RefBase: Explicit destruction, weak count = 0 (in 0xb400007c97c84048). Use sp<> to manage this object. Note - if weak count is 0, this leaks mRefs (weakref_impl).
1791670158.761 10551 17542 17620 W RefBase : CallStack::getCurrentInternal not linked, returning null
1791670158.761 10551 17542 17620 W RefBase : CallStack::logStackInternal not linked
1791670158.779  1000  1659  1659 E QTI PowerHAL: Failed to acquire lock.
1791670158.779  1000  1659  1659 E QTI PowerHAL: Failed process_boost for boost_handle
1791670158.784 10303  4915  4915 D WindowOnBackDispatcher: setTopOnBackInvokedCallback (unwrapped): null
1791670158.784  1000  4337  6576 D CoreBackPreview: Window{36d4d2e u0 NotificationShade}: Setting back callback null
1791670158.786 10303  4915  5361 D ShadeStatusBarComponentsInteractor#disableFlagsInteractor: newValue: DisableFlagsModel(disable1=0, disable2=0, animate=false)
1791670158.815 10312  5415  5415 I BaseDragLayer: findActiveController: mActiveController=StatusBarController mCanIntercept:true , mSysUiProxy available:true
1791670158.821 10303  4915  4915 D WindowOnBackDispatcher: setTopOnBackInvokedCallback (unwrapped): com.android.systemui.back.domain.interactor.BackActionInteractor$callback$2@9ce00ea
1791670158.822 10303  4915  5366 D ShadeStatusBarComponentsInteractor#disableFlagsInteractor: newValue: DisableFlagsModel(disable1=0, disable2=0, animate=true)
1791670158.825 10303  4915  5575 D RingtonePlayer: stopAsync()
1791670158.825 10303  4915  5575 D RingtonePlayer: stop
1791670158.825  1000  4337  6576 D CoreBackPreview: Window{36d4d2e u0 NotificationShade}: Setting back callback OnBackInvokedCallbackInfo{mCallback=android.window.IOnBackInvokedCallback$Stub$Proxy@7008d4f, mPriority=0, mIsAnimationCallback=false, mOverrideBehavior=0}
1791670158.831 10551 17542 17620 W libc    : Access denied finding property "vendor.camera.mem.debug.enable"
1791670158.831 10551 17542 17620 W libc    : Access denied finding property "vendor.camera.autotime.debug.switch"
1791670158.831 10551 17542 17620 W libc    : Access denied finding property "vendor.oplus.aps.res.detect"
1791670158.833 10551 17542 17635 E APS_CORE: [ERROR][ LOGIC ] APSManager.cpp: 353  apsRoutine()  Enter APS Routine cmdtype: 0, cmdQueueSize: 0, procQueueSize: 0, semval: 0
1791670158.833 10303  4915  4915 I Surface : Creating surface for consumer unnamed-4915-274 with slotExpansion=1 for 64 slots
1791670158.834 10303  4915  4915 I Surface : Creating surface for consumer VRI[NotificationShade]#258(BLAST Consumer)258 with slotExpansion=1 for 64 slots
1791670158.836  1000  4337  4525 D WindowManager: setClientSurface Surface(name=VRI-NotificationShade#83)/@0x646cdc for 36d4d2e NotificationShade
1791670158.838 10551 17542 17620 W libc    : Access denied finding property "vendor.aps.logic.preview.metadata.debug"
1791670158.838 10551 17542 17620 W libc    : Access denied finding property "vendor.aps.logic.quick.jpeg.debug"
1791670158.856 10303  4915  4915 W BlurChoreographer: Multiple blur values emitted in the same frame
1791670158.857 10303  4915  5359 D ShadeStatusBarComponentsInteractor#disableFlagsInteractor: newValue: DisableFlagsModel(disable1=0, disable2=0, animate=false)
1791670158.860 10312  5415  5415 D StatsLog: LAUNCHER_SWIPE_DOWN_WORKSPACE_NOTISHADE_OPEN
1791670158.861  1000  1659  1659 E QTI PowerHAL: Failed to acquire lock.
1791670158.861  1000  1659  1659 E QTI PowerHAL: Failed process_boost for boost_handle
1791670158.869  1000  1722  1722 E aw8697_rtp_store: val [0]
1791670158.870  1000  1722  1722 I         : aw8697_op_clean_status enter
1791670158.868  1000  1722  1722 D vendor.qti.vibrator: Vibrator perform effect 0
1791670158.869 10303  4915  4915 W BlurChoreographer: Multiple blur values emitted in the same frame
1791670158.873 10303  4915  5362 W Flashlight: onTorchModeChanged: saved camera id was 0 but flashlight with camera id 3 called back.
1791670158.873 10303  4915  5361 W Flashlight: onTorchModeChanged: saved camera id was 0 but flashlight with camera id 2 called back.
1791670158.880  1000  1722  1722 E aw8697_vmax_store: value=2500
1791670158.881  1000  1722  1722 E aw8697_vmax_store: aw8697->gain[0x80], aw8697->vmax[0x16] end
1791670158.881  1000  1722  1722 E aw8697_waveform_index_store: waveform_index = 1
1791670158.890 10303  4915  4915 W BlurChoreographer: Multiple blur values emitted in the same frame
1791670158.892 10303  4915  5361 D StatusBar##isHomeStatusBarAllowed: newValue: false
1791670158.892 10303  4915  5363 D StatusBar##canShowOngoingActivityChips: newValue: false
1791670158.892 10303  4915  5359 D StatusBar##chips: newValue: Chips[allowed=false numChips=0]
1791670158.891  1000  1722  1722 E aw8697_haptic_ram_vbat_comp: aw8697->gain = 0x80, temp_gain = 0x0, aw8697->ram_vbat_comp=1.
1791670158.898  1000  1722  1722 E aw8697_rtp_store: val [0]
1791670158.898  1000  1722  1722 I         : aw8697_op_clean_status enter
1791670158.912 10303  4915  4915 W BlurChoreographer: Multiple blur values emitted in the same frame
1791670158.912  1000  1722 17640 D vendor.qti.vibrator: Starting perform on another thread
1791670158.919 10280  5540 14502 I NearbyMediums: No BLE Fast/GATT advertisements found in the latest cycle.
1791670158.919 10280  5540 14502 I NearbyMediums: Current Tracked Scanning Clients are : {NearbyConnections.EnvironmentMonitor, NearbySharing, NearbyConnections.TxAdvertisement}
1791670158.926  1000  4337  6596 D SystemServerTiming: getUserSwitchability-0
1791670158.926  1000  4337  6596 D SystemServerTiming: TM.isInCall
1791670158.927  1000  4337  5236 D SystemServerTiming: getUserSwitchability-0
1791670158.927  1000  4337  5236 D SystemServerTiming: TM.isInCall
1791670158.927 10303  4915  4915 W BlurChoreographer: Multiple blur values emitted in the same frame
1791670158.927  1000  4337  5236 D SystemServerTiming: hasUserRestriction-DISALLOW_USER_SWITCH
1791670158.927 10303  4915  4915 D DeviceEntryIconViewBinder: Initializing device entry fgIconView
1791670158.927  1000  4337  5236 D SystemServerTiming: getInt-ALLOW_USER_SWITCHING_WHEN_SYSTEM_USER_LOCKED
1791670158.927  1000  4337  5236 D SystemServerTiming: isUserUnlocked-USER_SYSTEM
1791670158.928  root 11925 17536 W adbd    : timed out while waiting for FUNCTIONFS_BIND, trying again
1791670158.929  root 11925 17536 I adbd    : UsbFfs: connection terminated: monitor thread finished
1791670158.930  1000  4337  6596 D SystemServerTiming: hasUserRestriction-DISALLOW_USER_SWITCH
1791670158.930  1000  4337  6596 D SystemServerTiming: getInt-ALLOW_USER_SWITCHING_WHEN_SYSTEM_USER_LOCKED
1791670158.930  1000  4337  6596 D SystemServerTiming: isUserUnlocked-USER_SYSTEM
1791670158.934 10303  4915  4915 W BlurChoreographer: Multiple blur values emitted in the same frame
1791670158.947 10303  4915  4915 W BlurChoreographer: Multiple blur values emitted in the same frame
1791670158.957 10303  4915  4915 W BlurChoreographer: Multiple blur values emitted in the same frame
1791670158.960 10303  4915  4915 W BlurChoreographer: Multiple blur values emitted in the same frame
1791670158.962 10303  4915  4915 W BlurChoreographer: Multiple blur values emitted in the same frame
1791670158.966  root 11938 11938 I         : read descriptors
1791670158.966  root 11938 11938 I         : read strings
1791670158.965  root 11925 11938 I adbd    : opening control endpoint /dev/usb-ffs/adb/ep0
1791670159.062  1000  1722 17640 D vendor.qti.vibrator: Notifying perform complete
1791670159.063 10303  4915  4915 D DeviceEntryIconViewBinder: Updating device entry icon image state ForegroundIconViewModel(type=LOCK, useAodVariant=false, tint=-1, padding=62)
1791670159.063  1000  1722  1722 D vendor.qti.vibrator: QTI Vibrator off
1791670159.063  1000  1722  1722 E aw8697_activate_store: value=0
1791670159.066  1000  1722  1722 I aw8697_activate_store: value=0
1791670159.109  1000  1617  1785 E minksocket: MinkIPC_QRTR_Service: client with node 1 port 5901 went down
1791670159.109  1000  1617  1785 E minksocket: MinkIPC_QRTR_Service: client with node 1 port 5905 went down
1791670159.122  root    43    43 I IRQ 16  : no longer affine to CPU5
1791670159.284 10383  6979 11921 I floq    : (REDACTED) HDM. appOpsListener %s %s
1791670159.284 10383  6979 11921 I floq    : (REDACTED) HDM. Ignoring irrelevant audio permission changes for package %s
1791670159.423  1000  1753  1753 D SurfaceFlinger: initiateModeChange 4630946292801050754 {mode={fps=60.00 Hz, modePtr={id=3, vsyncRate=60.00 Hz, peakRefreshRate=60.00 Hz}}, emitEvent=false, force=false}
1791670159.424  1000  1703  3573 D SDM     : IRIS_LOG_HWC::SetActiveConfigWithConstraints:465: 03
1791670159.424  1000  1703  3573 I IRIS_LOG_SERV: config 3, Refresh rate 60, Frame 3216x1440, Current mode 'ABYP'
1791670159.424  1000  1703  3573 D IRIS_LOG_SERV: Service Mode changed to: IRIS_SERVICE_MODE_BYPASS
1791670159.424  1000  1703  3573 I IRIS_LOG_SERV: SetActiveConfig[3]: 60 3216x1440 => 0
1791670159.426  1000  1703  3573 I SDM     : HWDeviceDRM::UpdateMixerAttributes: Mixer WxH 1440x3216-1 for Peripheral
1791670159.426  1000  1703  3573 I SDM     : HWCDisplay::SubmitDisplayConfig: HWC SetActiveConfig [5,3], cur_resolution is (1440, 3216), new_resolution is (1440, 3216)
1791670159.426  1000  1703  3573 I SDM     : HWCDisplay::SubmitDisplayConfig: Active configuration changed to: 3
1791670159.429  1000  1703  3573 D IRIS_LOG_COLR: Use kPbGamut HwConfigPayload
1791670159.445  root   709   709 I [drm:dsi_display_set_mode [msm_drm]] [msm-dsi-info]: mdp_transfer_time=7700, hactive=1440, vactive=3216, fps=60, h_skew=1
1791670159.445  root   709   709 E         : IRIS_LOG I iris_post_switch(), post switch to 1440x3216@60Hz, cmd list 0, switch case ABYP_TO_ABYP
1791670159.445  root   709   709 E         : <AMB670YF01> dsi_cmd qcom,mdss-dsi-adfr-pre-switch-command
1791670159.446  root   709   709 I [drm:oplus_dsi_display_vsync_switch_check_te [msm_drm]] [msm-dsi-info]: kVRR vsync_switch_gpio is already 0
1791670159.446  root   709   709 E         : IRIS_LOG I iris_switch(), return 0, total cost '429 us'
1791670159.446  root   709   709 I [drm:dsi_panel_adfr_status_reset [msm_drm]] [msm-dsi-info]: kVRR auto mode reset: auto mode 0, fakeframe 0, min fps 1
1791670159.447  root   709   709 E         : <AMB670YF01> dsi_cmd qcom,mdss-dsi-post-panel-on-command
1791670159.461  1000  1753  1753 D SurfaceFlinger: initiateModeChange 4630946292801050754 {mode={fps=120.00 Hz, modePtr={id=5, vsyncRate=120.00 Hz, peakRefreshRate=120.00 Hz}}, emitEvent=false, force=false}
1791670159.461  1000  1703  3573 D SDM     : IRIS_LOG_HWC::SetActiveConfigWithConstraints:465: 05
1791670159.461  1000  1703  3573 I IRIS_LOG_SERV: config 5, Refresh rate 120, Frame 3216x1440, Current mode 'ABYP'
1791670159.461  1000  1703  3573 D IRIS_LOG_SERV: Service Mode changed to: IRIS_SERVICE_MODE_BYPASS
1791670159.461  1000  1703  3573 I IRIS_LOG_SERV: SetActiveConfig[5]: 120 3216x1440 => 0
1791670159.462  1000  1703  3573 I SDM     : HWDeviceDRM::UpdateMixerAttributes: Mixer WxH 1440x3216-1 for Peripheral
1791670159.463  1000  1703  3573 I SDM     : HWCDisplay::SubmitDisplayConfig: HWC SetActiveConfig [3,5], cur_resolution is (1440, 3216), new_resolution is (1440, 3216)
1791670159.463  1000  1703  3573 I SDM     : HWCDisplay::SubmitDisplayConfig: Active configuration changed to: 5
1791670159.465  1000  1703  3573 D IRIS_LOG_COLR: Use kPbGamut HwConfigPayload
1791670159.470  root   709   709 E         : [drm:_sde_crtc_blend_setup_mixer:1602] do not config dimlayer at the fps switch
1791670159.474  root   709   709 I [drm:dsi_display_set_mode [msm_drm]] [msm-dsi-info]: mdp_transfer_time=7700, hactive=1440, vactive=3216, fps=120, h_skew=0
1791670159.474  root   709   709 E         : IRIS_LOG I iris_post_switch(), post switch to 1440x3216@120Hz, cmd list 0, switch case ABYP_TO_ABYP
1791670159.474  root   709   709 E         : <AMB670YF01> dsi_cmd qcom,mdss-dsi-adfr-pre-switch-command
1791670159.474  root   709   709 I [drm:oplus_dsi_display_vsync_switch_check_te [msm_drm]] [msm-dsi-info]: kVRR vsync_switch_gpio is already 0
1791670159.475  root   709   709 E         : IRIS_LOG I iris_switch(), return 0, total cost '319 us'
1791670159.475  root   709   709 I [drm:dsi_panel_adfr_status_reset [msm_drm]] [msm-dsi-info]: kVRR auto mode reset: auto mode 0, fakeframe 1, min fps 0
1791670159.475  root   709   709 E         : <AMB670YF01> dsi_cmd qcom,mdss-dsi-post-panel-on-command
1791670159.682  1000  1753  1753 D SurfaceFlinger: initiateModeChange 4630946292801050754 {mode={fps=60.00 Hz, modePtr={id=3, vsyncRate=60.00 Hz, peakRefreshRate=60.00 Hz}}, emitEvent=false, force=false}
1791670159.683  1000  1703  3573 D SDM     : IRIS_LOG_HWC::SetActiveConfigWithConstraints:465: 03
1791670159.683  1000  1703  3573 I IRIS_LOG_SERV: config 3, Refresh rate 60, Frame 3216x1440, Current mode 'ABYP'
1791670159.683  1000  1703  3573 D IRIS_LOG_SERV: Service Mode changed to: IRIS_SERVICE_MODE_BYPASS
1791670159.683  1000  1703  3573 I IRIS_LOG_SERV: SetActiveConfig[3]: 60 3216x1440 => 0
1791670159.685  1000  1703  3573 I SDM     : HWDeviceDRM::UpdateMixerAttributes: Mixer WxH 1440x3216-1 for Peripheral
1791670159.685  1000  1703  3573 I SDM     : HWCDisplay::SubmitDisplayConfig: HWC SetActiveConfig [5,3], cur_resolution is (1440, 3216), new_resolution is (1440, 3216)
1791670159.685  1000  1703  3573 I SDM     : HWCDisplay::SubmitDisplayConfig: Active configuration changed to: 3
1791670159.689  1000  1703  3573 D IRIS_LOG_COLR: Use kPbGamut HwConfigPayload
1791670159.705  root   709   709 I [drm:dsi_display_set_mode [msm_drm]] [msm-dsi-info]: mdp_transfer_time=7700, hactive=1440, vactive=3216, fps=60, h_skew=1
1791670159.705  root   709   709 E         : IRIS_LOG I iris_post_switch(), post switch to 1440x3216@60Hz, cmd list 0, switch case ABYP_TO_ABYP
1791670159.705  root   709   709 E         : <AMB670YF01> dsi_cmd qcom,mdss-dsi-adfr-pre-switch-command
1791670159.706  root   709   709 I [drm:oplus_dsi_display_vsync_switch_check_te [msm_drm]] [msm-dsi-info]: kVRR vsync_switch_gpio is already 0
1791670159.706  root   709   709 E         : IRIS_LOG I iris_switch(), return 0, total cost '339 us'
1791670159.706  root   709   709 I [drm:dsi_panel_adfr_status_reset [msm_drm]] [msm-dsi-info]: kVRR auto mode reset: auto mode 0, fakeframe 0, min fps 1
1791670159.707  root   709   709 E         : <AMB670YF01> dsi_cmd qcom,mdss-dsi-post-panel-on-command
1791670159.801  1000  1753  1753 D SurfaceFlinger: initiateModeChange 4630946292801050754 {mode={fps=120.00 Hz, modePtr={id=5, vsyncRate=120.00 Hz, peakRefreshRate=120.00 Hz}}, emitEvent=false, force=false}
1791670159.801  1000  1703  3573 D SDM     : IRIS_LOG_HWC::SetActiveConfigWithConstraints:465: 05
1791670159.801  1000  1703  3573 I IRIS_LOG_SERV: config 5, Refresh rate 120, Frame 3216x1440, Current mode 'ABYP'
1791670159.801  1000  1703  3573 D IRIS_LOG_SERV: Service Mode changed to: IRIS_SERVICE_MODE_BYPASS
1791670159.801  1000  1703  3573 I IRIS_LOG_SERV: SetActiveConfig[5]: 120 3216x1440 => 0
1791670159.802  1000  1703  3573 I SDM     : HWDeviceDRM::UpdateMixerAttributes: Mixer WxH 1440x3216-1 for Peripheral
1791670159.802  1000  1703  3573 I SDM     : HWCDisplay::SubmitDisplayConfig: HWC SetActiveConfig [3,5], cur_resolution is (1440, 3216), new_resolution is (1440, 3216)
1791670159.802  1000  1703  3573 I SDM     : HWCDisplay::SubmitDisplayConfig: Active configuration changed to: 5
1791670159.805  1000  1703  3573 D IRIS_LOG_COLR: Use kPbGamut HwConfigPayload
1791670159.815  root   709   709 E         : [drm:_sde_crtc_blend_setup_mixer:1602] do not config dimlayer at the fps switch
1791670159.817  root   709   709 I [drm:dsi_display_set_mode [msm_drm]] [msm-dsi-info]: mdp_transfer_time=7700, hactive=1440, vactive=3216, fps=120, h_skew=0
1791670159.817  root   709   709 E         : IRIS_LOG I iris_post_switch(), post switch to 1440x3216@120Hz, cmd list 0, switch case ABYP_TO_ABYP
1791670159.817  root   709   709 E         : <AMB670YF01> dsi_cmd qcom,mdss-dsi-adfr-pre-switch-command
1791670159.817  root   709   709 I [drm:oplus_dsi_display_vsync_switch_check_te [msm_drm]] [msm-dsi-info]: kVRR vsync_switch_gpio is already 0
1791670159.817  root   709   709 E         : IRIS_LOG I iris_switch(), return 0, total cost '255 us'
1791670159.818  root   709   709 I [drm:dsi_panel_adfr_status_reset [msm_drm]] [msm-dsi-info]: kVRR auto mode reset: auto mode 0, fakeframe 1, min fps 0
1791670159.818  root   709   709 E         : <AMB670YF01> dsi_cmd qcom,mdss-dsi-post-panel-on-command
