SDK: 37
PRODUCT_NAME: OnePlus9Pro
DEVICE_NAME: OnePlus9Pro
BOARD_NAME: lahaina
SUPPORTED_ABIS: arm64-v8a, armeabi-v7a, armeabi
MANUFACTURER: OnePlus
BRAND: OnePlus
MODEL: LE2127

1791670700.447  root 11925 11938 I adbd    : opening control endpoint /dev/usb-ffs/adb/ep0
1791670700.447  root 11938 11938 I         : read descriptors
1791670700.447  root 11938 11938 I         : read strings
1791670700.683 10345  5754  5754 W LocaleConfig: The resource file pointed to by the given resource ID isn't found.
1791670700.699 10444  7726  9519 I NotifySyncService_7726_9519: MSG_NOTIFY_POSTED
1791670700.700 10444  7726  9519 I NotifySyncService_7726_9519: onNotificationPosted Id:0 key:0|com.f0x1d.logfox|0|recording|10761 PackageName:com.f0x1d.logfox IsOngoing:true PostTime:1791670700461 currentDeviceModel.connected: true
1791670700.700 10444  7726  9519 I NotifySyncService_7726_9519: onNotificationPosted Id:0 , appName : LogFox
1791670700.700 10444  7726  9519 I NotifySyncService_7726_9519: isFlagNoClearNotification flag = 131074
1791670700.700 10444  7726  9519 I NotifySyncService_7726_9519:  isOngoing = true isIncomingCall = false
1791670700.701 10444  7726  8820 I NotifyLogUtils_7726_8820: isIgnoringBatteryOptimizations true
1791670700.701 10444  7726  8158 W System.err: java.io.IOException: No such file or directory
1791670700.701 10444  7726  8158 W System.err: 	at java.io.UnixFileSystem.createFileExclusively0(Native Method)
1791670700.701 10444  7726  8158 W System.err: 	at java.io.UnixFileSystem.createFileExclusively(UnixFileSystem.java:373)
1791670700.701 10444  7726  8158 W System.err: 	at java.io.File.createNewFile(File.java:1022)
1791670700.701 10444  7726  8158 W System.err: 	at epa$e.f(SourceFile:42)
1791670700.701 10444  7726  8158 W System.err: 	at epa.f(SourceFile:66)
1791670700.701 10444  7726  8158 W System.err: 	at epa.b(SourceFile:0)
1791670700.701 10444  7726  8158 W System.err: 	at epa$d.run(SourceFile:20)
1791670700.701 10444  7726  8158 W System.err: 	at java.lang.Thread.run(Thread.java:1572)
1791670700.702 10444  7726  8158 W System.err: java.io.IOException: No such file or directory
1791670700.703 10444  7726  8158 W System.err: 	at java.io.UnixFileSystem.createFileExclusively0(Native Method)
1791670700.703 10444  7726  8158 W System.err: 	at java.io.UnixFileSystem.createFileExclusively(UnixFileSystem.java:373)
1791670700.703 10444  7726  8158 W System.err: 	at java.io.File.createNewFile(File.java:1022)
1791670700.703 10444  7726  8158 W System.err: 	at epa$e.f(SourceFile:42)
1791670700.703 10444  7726  8158 W System.err: 	at epa.f(SourceFile:66)
1791670700.703 10444  7726  8158 W System.err: 	at epa.b(SourceFile:0)
1791670700.703 10444  7726  8158 W System.err: 	at epa$d.run(SourceFile:20)
1791670700.703 10444  7726  8158 W System.err: 	at java.lang.Thread.run(Thread.java:1572)
1791670700.704 10444  7726  8158 W System.err: java.io.IOException: No such file or directory
1791670700.704 10444  7726  8158 W System.err: 	at java.io.UnixFileSystem.createFileExclusively0(Native Method)
1791670700.704 10444  7726  8158 W System.err: 	at java.io.UnixFileSystem.createFileExclusively(UnixFileSystem.java:373)
1791670700.704 10444  7726  8158 W System.err: 	at java.io.File.createNewFile(File.java:1022)
1791670700.704 10444  7726  8158 W System.err: 	at epa$e.f(SourceFile:42)
1791670700.704 10444  7726  8158 W System.err: 	at epa.f(SourceFile:66)
1791670700.704 10444  7726  8158 W System.err: 	at epa.b(SourceFile:0)
1791670700.704 10444  7726  8158 W System.err: 	at epa$d.run(SourceFile:20)
1791670700.704 10444  7726  8158 W System.err: 	at java.lang.Thread.run(Thread.java:1572)
1791670700.700 10444  8158  8158 I susfs   : [10444][8158][susfs_is_inode_sus_path] hiding path with ino '0'
1791670700.700 10444  8158  8158 I susfs   : [10444][8158][susfs_is_inode_sus_path] hiding path with ino '0'
1791670700.700 10444  8158  8158 I susfs   : [10444][8158][susfs_is_inode_sus_path] hiding path with ino '0'
1791670700.700 10444  8158  8158 I susfs   : [10444][8158][susfs_is_inode_sus_path] hiding path with ino '0'
1791670700.700 10444  8158  8158 I susfs   : [10444][8158][susfs_is_inode_sus_path] hiding path with ino '0'
1791670700.700 10444  8158  8158 I susfs   : [10444][8158][susfs_is_inode_sus_path] hiding path with ino '0'
1791670700.700 10444  8158  8158 I susfs   : [10444][8158][susfs_is_inode_sus_path] hiding path with ino '0'
1791670700.700 10444  8158  8158 I susfs   : [10444][8158][susfs_is_inode_sus_path] hiding path with ino '0'
1791670700.700 10444  8158  8158 I susfs   : [10444][8158][susfs_is_inode_sus_path] hiding path with ino '0'
1791670700.700 10444  8158  8158 I susfs   : [10444][8158][susfs_is_inode_sus_path] hiding path with ino '0'
1791670700.700 10444  8158  8158 I susfs   : [10444][8158][susfs_is_inode_sus_path] hiding path with ino '0'
1791670700.700 10444  8158  8158 I susfs   : [10444][8158][susfs_is_inode_sus_path] hiding path with ino '0'
1791670700.700 10444  8158  8158 I susfs   : [10444][8158][susfs_is_inode_sus_path] hiding path with ino '0'
1791670700.700 10444  8158  8158 I susfs   : [10444][8158][susfs_is_inode_sus_path] hiding path with ino '0'
1791670700.700 10444  8158  8158 I susfs   : [10444][8158][susfs_is_inode_sus_path] hiding path with ino '0'
1791670700.701 10444  8158  8158 I susfs   : [10444][8158][susfs_is_inode_sus_path] hiding path with ino '0'
1791670700.701 10444  8158  8158 I susfs   : [10444][8158][susfs_is_inode_sus_path] hiding path with ino '0'
1791670700.701 10444  8158  8158 I susfs   : [10444][8158][susfs_is_inode_sus_path] hiding path with ino '0'
1791670700.701 10444  8158  8158 I susfs   : [10444][8158][susfs_is_inode_sus_path] hiding path with ino '0'
1791670700.701 10444  8158  8158 I susfs   : [10444][8158][susfs_is_inode_sus_path] hiding path with ino '0'
1791670700.701 10444  8158  8158 I susfs   : [10444][8158][susfs_is_inode_sus_path] hiding path with ino '0'
1791670700.701 10444  8158  8158 I susfs   : [10444][8158][susfs_is_inode_sus_path] hiding path with ino '0'
1791670700.701 10444  8158  8158 I susfs   : [10444][8158][susfs_is_inode_sus_path] hiding path with ino '0'
1791670700.701 10444  8158  8158 I susfs   : [10444][8158][susfs_is_inode_sus_path] hiding path with ino '0'
1791670700.701 10444  8158  8158 I susfs   : [10444][8158][susfs_is_inode_sus_path] hiding path with ino '0'
1791670700.701 10444  8158  8158 I susfs   : [10444][8158][susfs_is_inode_sus_path] hiding path with ino '0'
1791670700.701 10444  8158  8158 I susfs   : [10444][8158][susfs_is_inode_sus_path] hiding path with ino '0'
1791670700.701 10444  8158  8158 I susfs   : [10444][8158][susfs_is_inode_sus_path] hiding path with ino '0'
1791670700.701 10444  8158  8158 I susfs   : [10444][8158][susfs_is_inode_sus_path] hiding path with ino '0'
1791670700.701 10444  8158  8158 I susfs   : [10444][8158][susfs_is_inode_sus_path] hiding path with ino '0'
1791670700.702 10444  8158  8158 I susfs   : [10444][8158][susfs_is_inode_sus_path] hiding path with ino '0'
1791670700.702 10444  8158  8158 I susfs   : [10444][8158][susfs_is_inode_sus_path] hiding path with ino '0'
1791670700.702 10444  8158  8158 I susfs   : [10444][8158][susfs_is_inode_sus_path] hiding path with ino '0'
1791670700.702 10444  8158  8158 I susfs   : [10444][8158][susfs_is_inode_sus_path] hiding path with ino '0'
1791670700.702 10444  8158  8158 I susfs   : [10444][8158][susfs_is_inode_sus_path] hiding path with ino '0'
1791670700.702 10444  8158  8158 I susfs   : [10444][8158][susfs_is_inode_sus_path] hiding path with ino '0'
1791670700.702 10444  8158  8158 I susfs   : [10444][8158][susfs_is_inode_sus_path] hiding path with ino '0'
1791670700.702 10444  8158  8158 I susfs   : [10444][8158][susfs_is_inode_sus_path] hiding path with ino '0'
1791670700.702 10444  8158  8158 I susfs   : [10444][8158][susfs_is_inode_sus_path] hiding path with ino '0'
1791670700.702 10444  8158  8158 I susfs   : [10444][8158][susfs_is_inode_sus_path] hiding path with ino '0'
1791670700.702 10444  8158  8158 I susfs   : [10444][8158][susfs_is_inode_sus_path] hiding path with ino '0'
1791670700.702 10444  8158  8158 I susfs   : [10444][8158][susfs_is_inode_sus_path] hiding path with ino '0'
1791670700.702 10444  8158  8158 I susfs   : [10444][8158][susfs_is_inode_sus_path] hiding path with ino '0'
1791670700.709 10444  7726  8158 W System.err: java.io.IOException: No such file or directory
1791670700.702 10444  8158  8158 I susfs   : [10444][8158][susfs_is_inode_sus_path] hiding path with ino '0'
1791670700.702 10444  8158  8158 I susfs   : [10444][8158][susfs_is_inode_sus_path] hiding path with ino '0'
1791670700.702 10444  8158  8158 I susfs   : [10444][8158][susfs_is_inode_sus_path] hiding path with ino '0'
1791670700.702 10444  8158  8158 I susfs   : [10444][8158][susfs_is_inode_sus_path] hiding path with ino '0'
1791670700.702 10444  8158  8158 I susfs   : [10444][8158][susfs_is_inode_sus_path] hiding path with ino '0'
1791670700.702 10444  8158  8158 I susfs   : [10444][8158][susfs_is_inode_sus_path] hiding path with ino '0'
1791670700.702 10444  8158  8158 I susfs   : [10444][8158][susfs_is_inode_sus_path] hiding path with ino '0'
1791670700.702 10444  8158  8158 I susfs   : [10444][8158][susfs_is_inode_sus_path] hiding path with ino '0'
1791670700.703 10444  8158  8158 I susfs   : [10444][8158][susfs_is_inode_sus_path] hiding path with ino '0'
1791670700.703 10444  8158  8158 I susfs   : [10444][8158][susfs_is_inode_sus_path] hiding path with ino '0'
1791670700.703 10444  8158  8158 I susfs   : [10444][8158][susfs_is_inode_sus_path] hiding path with ino '0'
1791670700.703 10444  8158  8158 I susfs   : [10444][8158][susfs_is_inode_sus_path] hiding path with ino '0'
1791670700.703 10444  8158  8158 I susfs   : [10444][8158][susfs_is_inode_sus_path] hiding path with ino '0'
1791670700.703 10444  8158  8158 I susfs   : [10444][8158][susfs_is_inode_sus_path] hiding path with ino '0'
1791670700.703 10444  8158  8158 I susfs   : [10444][8158][susfs_is_inode_sus_path] hiding path with ino '0'
1791670700.703 10444  8158  8158 I susfs   : [10444][8158][susfs_is_inode_sus_path] hiding path with ino '0'
1791670700.703 10444  8158  8158 I susfs   : [10444][8158][susfs_is_inode_sus_path] hiding path with ino '0'
1791670700.703 10444  8158  8158 I susfs   : [10444][8158][susfs_is_inode_sus_path] hiding path with ino '0'
1791670700.703 10444  8158  8158 I susfs   : [10444][8158][susfs_is_inode_sus_path] hiding path with ino '0'
1791670700.703 10444  8158  8158 I susfs   : [10444][8158][susfs_is_inode_sus_path] hiding path with ino '0'
1791670700.703 10444  8158  8158 I susfs   : [10444][8158][susfs_is_inode_sus_path] hiding path with ino '0'
1791670700.703 10444  8158  8158 I susfs   : [10444][8158][susfs_is_inode_sus_path] hiding path with ino '0'
1791670700.704 10444  8158  8158 I susfs   : [10444][8158][susfs_is_inode_sus_path] hiding path with ino '0'
1791670700.704 10444  8158  8158 I susfs   : [10444][8158][susfs_is_inode_sus_path] hiding path with ino '0'
1791670700.704 10444  8158  8158 I susfs   : [10444][8158][susfs_is_inode_sus_path] hiding path with ino '0'
1791670700.704 10444  8158  8158 I susfs   : [10444][8158][susfs_is_inode_sus_path] hiding path with ino '0'
1791670700.704 10444  8158  8158 I susfs   : [10444][8158][susfs_is_inode_sus_path] hiding path with ino '0'
1791670700.704 10444  8158  8158 I susfs   : [10444][8158][susfs_is_inode_sus_path] hiding path with ino '0'
1791670700.704 10444  8158  8158 I susfs   : [10444][8158][susfs_is_inode_sus_path] hiding path with ino '0'
1791670700.704 10444  8158  8158 I susfs   : [10444][8158][susfs_is_inode_sus_path] hiding path with ino '0'
1791670700.704 10444  8158  8158 I susfs   : [10444][8158][susfs_is_inode_sus_path] hiding path with ino '0'
1791670700.704 10444  8158  8158 I susfs   : [10444][8158][susfs_is_inode_sus_path] hiding path with ino '0'
1791670700.704 10444  8158  8158 I susfs   : [10444][8158][susfs_is_inode_sus_path] hiding path with ino '0'
1791670700.704 10444  8158  8158 I susfs   : [10444][8158][susfs_is_inode_sus_path] hiding path with ino '0'
1791670700.704 10444  8158  8158 I susfs   : [10444][8158][susfs_is_inode_sus_path] hiding path with ino '0'
1791670700.704 10444  8158  8158 I susfs   : [10444][8158][susfs_is_inode_sus_path] hiding path with ino '0'
1791670700.706 10444  8158  8158 I susfs   : [10444][8158][susfs_is_inode_sus_path] hiding path with ino '0'
1791670700.706 10444  8158  8158 I susfs   : [10444][8158][susfs_is_inode_sus_path] hiding path with ino '0'
1791670700.706 10444  8158  8158 I susfs   : [10444][8158][susfs_is_inode_sus_path] hiding path with ino '0'
1791670700.707 10444  8158  8158 I susfs   : [10444][8158][susfs_is_inode_sus_path] hiding path with ino '0'
1791670700.707 10444  8158  8158 I susfs   : [10444][8158][susfs_is_inode_sus_path] hiding path with ino '0'
1791670700.709 10444  7726  8158 W System.err: 	at java.io.UnixFileSystem.createFileExclusively0(Native Method)
1791670700.707 10444  8158  8158 I susfs   : [10444][8158][susfs_is_inode_sus_path] hiding path with ino '0'
1791670700.709 10444  7726  8158 W System.err: 	at java.io.UnixFileSystem.createFileExclusively(UnixFileSystem.java:373)
1791670700.707 10444  8158  8158 I susfs   : [10444][8158][susfs_is_inode_sus_path] hiding path with ino '0'
1791670700.709 10444  7726  8158 W System.err: 	at java.io.File.createNewFile(File.java:1022)
1791670700.709 10444  7726  8158 W System.err: 	at epa$e.f(SourceFile:42)
1791670700.708 10444  8158  8158 I susfs   : [10444][8158][susfs_is_inode_sus_path] hiding path with ino '0'
1791670700.709 10444  7726  8158 W System.err: 	at epa.f(SourceFile:66)
1791670700.709 10444  7726  8158 W System.err: 	at epa.b(SourceFile:0)
1791670700.709 10444  7726  8158 W System.err: 	at epa$d.run(SourceFile:20)
1791670700.709 10444  7726  8158 W System.err: 	at java.lang.Thread.run(Thread.java:1572)
1791670700.710 10444  7726  8158 W System.err: java.io.IOException: No such file or directory
1791670700.708 10444  8158  8158 I susfs   : [10444][8158][susfs_is_inode_sus_path] hiding path with ino '0'
1791670700.710 10444  7726  8158 W System.err: 	at java.io.UnixFileSystem.createFileExclusively0(Native Method)
1791670700.708 10444  8158  8158 I susfs   : [10444][8158][susfs_is_inode_sus_path] hiding path with ino '0'
1791670700.710 10444  7726  8158 W System.err: 	at java.io.UnixFileSystem.createFileExclusively(UnixFileSystem.java:373)
1791670700.710 10444  7726  8158 W System.err: 	at java.io.File.createNewFile(File.java:1022)
1791670700.708 10444  8158  8158 I susfs   : [10444][8158][susfs_is_inode_sus_path] hiding path with ino '0'
1791670700.710 10444  7726  8158 W System.err: 	at epa$e.f(SourceFile:42)
1791670700.708 10444  8158  8158 I susfs   : [10444][8158][susfs_is_inode_sus_path] hiding path with ino '0'
1791670700.708 10444  8158  8158 I susfs   : [10444][8158][susfs_is_inode_sus_path] hiding path with ino '0'
1791670700.708 10444  8158  8158 I susfs   : [10444][8158][susfs_is_inode_sus_path] hiding path with ino '0'
1791670700.708 10444  8158  8158 I susfs   : [10444][8158][susfs_is_inode_sus_path] hiding path with ino '0'
1791670700.708 10444  8158  8158 I susfs   : [10444][8158][susfs_is_inode_sus_path] hiding path with ino '0'
1791670700.708 10444  8158  8158 I susfs   : [10444][8158][susfs_is_inode_sus_path] hiding path with ino '0'
1791670700.708 10444  8158  8158 I susfs   : [10444][8158][susfs_is_inode_sus_path] hiding path with ino '0'
1791670700.708 10444  8158  8158 I susfs   : [10444][8158][susfs_is_inode_sus_path] hiding path with ino '0'
1791670700.710 10444  7726  8158 W System.err: 	at epa.f(SourceFile:66)
1791670700.708 10444  8158  8158 I susfs   : [10444][8158][susfs_is_inode_sus_path] hiding path with ino '0'
1791670700.710 10444  7726  8158 W System.err: 	at epa.b(SourceFile:0)
1791670700.708 10444  8158  8158 I susfs   : [10444][8158][susfs_is_inode_sus_path] hiding path with ino '0'
1791670700.710 10444  7726  8158 W System.err: 	at epa$d.run(SourceFile:20)
1791670700.710 10444  7726  8158 W System.err: 	at java.lang.Thread.run(Thread.java:1572)
1791670700.708 10444  8158  8158 I susfs   : [10444][8158][susfs_is_inode_sus_path] hiding path with ino '0'
1791670700.711 10444  7726  8158 W System.err: java.io.IOException: No such file or directory
1791670700.711 10444  7726  8158 W System.err: 	at java.io.UnixFileSystem.createFileExclusively0(Native Method)
1791670700.711 10444  7726  8158 W System.err: 	at java.io.UnixFileSystem.createFileExclusively(UnixFileSystem.java:373)
1791670700.711 10444  7726  8158 W System.err: 	at java.io.File.createNewFile(File.java:1022)
1791670700.711 10444  7726  8158 W System.err: 	at epa$e.f(SourceFile:42)
1791670700.711 10444  7726  8158 W System.err: 	at epa.f(SourceFile:66)
1791670700.711 10444  7726  8158 W System.err: 	at epa.b(SourceFile:0)
1791670700.711 10444  7726  8158 W System.err: 	at epa$d.run(SourceFile:20)
1791670700.711 10444  7726  8158 W System.err: 	at java.lang.Thread.run(Thread.java:1572)
1791670700.715 10303  4915  4915 W LocaleConfig: The resource file pointed to by the given resource ID isn't found.
1791670700.708 10444  8158  8158 I susfs   : [10444][8158][susfs_is_inode_sus_path] hiding path with ino '0'
1791670700.708 10444  8158  8158 I susfs   : [10444][8158][susfs_is_inode_sus_path] hiding path with ino '0'
1791670700.709 10444  8158  8158 I susfs   : [10444][8158][susfs_is_inode_sus_path] hiding path with ino '0'
1791670700.709 10444  8158  8158 I susfs   : [10444][8158][susfs_is_inode_sus_path] hiding path with ino '0'
1791670700.709 10444  8158  8158 I susfs   : [10444][8158][susfs_is_inode_sus_path] hiding path with ino '0'
1791670700.709 10444  8158  8158 I susfs   : [10444][8158][susfs_is_inode_sus_path] hiding path with ino '0'
1791670700.709 10444  8158  8158 I susfs   : [10444][8158][susfs_is_inode_sus_path] hiding path with ino '0'
1791670700.709 10444  8158  8158 I susfs   : [10444][8158][susfs_is_inode_sus_path] hiding path with ino '0'
1791670700.709 10444  8158  8158 I susfs   : [10444][8158][susfs_is_inode_sus_path] hiding path with ino '0'
1791670700.709 10444  8158  8158 I susfs   : [10444][8158][susfs_is_inode_sus_path] hiding path with ino '0'
1791670700.709 10444  8158  8158 I susfs   : [10444][8158][susfs_is_inode_sus_path] hiding path with ino '0'
1791670700.709 10444  8158  8158 I susfs   : [10444][8158][susfs_is_inode_sus_path] hiding path with ino '0'
1791670700.709 10444  8158  8158 I susfs   : [10444][8158][susfs_is_inode_sus_path] hiding path with ino '0'
1791670700.709 10444  8158  8158 I susfs   : [10444][8158][susfs_is_inode_sus_path] hiding path with ino '0'
1791670700.709 10444  8158  8158 I susfs   : [10444][8158][susfs_is_inode_sus_path] hiding path with ino '0'
1791670700.709 10444  8158  8158 I susfs   : [10444][8158][susfs_is_inode_sus_path] hiding path with ino '0'
1791670700.709 10444  8158  8158 I susfs   : [10444][8158][susfs_is_inode_sus_path] hiding path with ino '0'
1791670700.709 10444  8158  8158 I susfs   : [10444][8158][susfs_is_inode_sus_path] hiding path with ino '0'
1791670700.710 10444  8158  8158 I susfs   : [10444][8158][susfs_is_inode_sus_path] hiding path with ino '0'
1791670700.710 10444  8158  8158 I susfs   : [10444][8158][susfs_is_inode_sus_path] hiding path with ino '0'
1791670700.710 10444  8158  8158 I susfs   : [10444][8158][susfs_is_inode_sus_path] hiding path with ino '0'
1791670700.710 10444  8158  8158 I susfs   : [10444][8158][susfs_is_inode_sus_path] hiding path with ino '0'
1791670700.710 10444  8158  8158 I susfs   : [10444][8158][susfs_is_inode_sus_path] hiding path with ino '0'
1791670700.710 10444  8158  8158 I susfs   : [10444][8158][susfs_is_inode_sus_path] hiding path with ino '0'
1791670700.710 10444  8158  8158 I susfs   : [10444][8158][susfs_is_inode_sus_path] hiding path with ino '0'
1791670700.719 10303  4915  5469 W AsyncRowInflater: Failed to inflate resource in the background! Retrying on the UI thread
1791670700.719 10303  4915  5469 W AsyncRowInflater: android.view.InflateException: Binary XML file line #19 in com.android.systemui:layout/status_bar_notification_row: should be called from the main thread. sMainLooper.threadName=main Thread.currentThread()=NotifInflation
1791670700.719 10303  4915  5469 W AsyncRowInflater: Caused by: java.lang.IllegalStateException: should be called from the main thread. sMainLooper.threadName=main Thread.currentThread()=NotifInflation
1791670700.719 10303  4915  5469 W AsyncRowInflater: 	at com.android.systemui.util.Assert$$ExternalSyntheticBUOutline0.m(go/retraceme 28439c5fda74c23409abdc1e4f815f97c5b2cc073ab68a9eb796a2cb5693c4b9:20)
1791670700.719 10303  4915  5469 W AsyncRowInflater: 	at com.android.systemui.util.Assert.isMainThread(go/retraceme 28439c5fda74c23409abdc1e4f815f97c5b2cc073ab68a9eb796a2cb5693c4b9:39)
1791670700.719 10303  4915  5469 W AsyncRowInflater: 	at com.android.systemui.statusbar.notification.row.NotificationBackgroundView.setBlurBackgroundEnabled(go/retraceme 28439c5fda74c23409abdc1e4f815f97c5b2cc073ab68a9eb796a2cb5693c4b9:0)
1791670700.719 10303  4915  5469 W AsyncRowInflater: 	at com.android.systemui.statusbar.notification.row.ActivatableNotificationView.onFinishInflate(go/retraceme 28439c5fda74c23409abdc1e4f815f97c5b2cc073ab68a9eb796a2cb5693c4b9:47)
1791670700.719 10303  4915  5469 W AsyncRowInflater: 	at com.android.systemui.statusbar.notification.row.ExpandableNotificationRow.onFinishInflate(go/retraceme 28439c5fda74c23409abdc1e4f815f97c5b2cc073ab68a9eb796a2cb5693c4b9:0)
1791670700.719 10303  4915  5469 W AsyncRowInflater: 	at android.view.LayoutInflater.rInflate(LayoutInflater.java:1069)
1791670700.719 10303  4915  5469 W AsyncRowInflater: 	at android.view.LayoutInflater.rInflateChildren(LayoutInflater.java:1016)
1791670700.719 10303  4915  5469 W AsyncRowInflater: 	at android.view.LayoutInflater.inflate(LayoutInflater.java:601)
1791670700.719 10303  4915  5469 W AsyncRowInflater: 	at android.view.LayoutInflater.inflate(LayoutInflater.java:492)
1791670700.719 10303  4915  5469 W AsyncRowInflater: 	at com.android.systemui.statusbar.notification.row.AsyncRowInflater$inflate$1.invokeSuspend(go/retraceme 28439c5fda74c23409abdc1e4f815f97c5b2cc073ab68a9eb796a2cb5693c4b9:57)
1791670700.719 10303  4915  5469 W AsyncRowInflater: 	at kotlin.coroutines.jvm.internal.BaseContinuationImpl.resumeWith(go/retraceme 28439c5fda74c23409abdc1e4f815f97c5b2cc073ab68a9eb796a2cb5693c4b9:7)
1791670700.719 10303  4915  5469 W AsyncRowInflater: 	at kotlinx.coroutines.DispatchedTask.run(go/retraceme 28439c5fda74c23409abdc1e4f815f97c5b2cc073ab68a9eb796a2cb5693c4b9:111)
1791670700.719 10303  4915  5469 W AsyncRowInflater: 	at android.os.Handler.handleCallback(Handler.java:1095)
1791670700.719 10303  4915  5469 W AsyncRowInflater: 	at android.os.Handler.dispatchMessageImpl(Handler.java:135)
1791670700.719 10303  4915  5469 W AsyncRowInflater: 	at android.os.Handler.dispatchMessage(Handler.java:125)
1791670700.719 10303  4915  5469 W AsyncRowInflater: 	at android.os.Looper.loopOnce(Looper.java:296)
1791670700.719 10303  4915  5469 W AsyncRowInflater: 	at android.os.Looper.loop(Looper.java:397)
1791670700.719 10303  4915  5469 W AsyncRowInflater: 	at android.os.HandlerThread.run(HandlerThread.java:139)
1791670700.710 10444  8158  8158 I susfs   : [10444][8158][susfs_is_inode_sus_path] hiding path with ino '0'
1791670700.710 10444  8158  8158 I susfs   : [10444][8158][susfs_is_inode_sus_path] hiding path with ino '0'
1791670700.710 10444  8158  8158 I susfs   : [10444][8158][susfs_is_inode_sus_path] hiding path with ino '0'
1791670700.710 10444  8158  8158 I susfs   : [10444][8158][susfs_is_inode_sus_path] hiding path with ino '0'
1791670700.710 10444  8158  8158 I susfs   : [10444][8158][susfs_is_inode_sus_path] hiding path with ino '0'
1791670700.710 10444  8158  8158 I susfs   : [10444][8158][susfs_is_inode_sus_path] hiding path with ino '0'
1791670700.710 10444  8158  8158 I susfs   : [10444][8158][susfs_is_inode_sus_path] hiding path with ino '0'
1791670700.710 10444  8158  8158 I susfs   : [10444][8158][susfs_is_inode_sus_path] hiding path with ino '0'
1791670700.710 10444  8158  8158 I susfs   : [10444][8158][susfs_is_inode_sus_path] hiding path with ino '0'
1791670700.710 10444  8158  8158 I susfs   : [10444][8158][susfs_is_inode_sus_path] hiding path with ino '0'
1791670700.710 10444  8158  8158 I susfs   : [10444][8158][susfs_is_inode_sus_path] hiding path with ino '0'
1791670700.710 10444  8158  8158 I susfs   : [10444][8158][susfs_is_inode_sus_path] hiding path with ino '0'
1791670700.711 10444  8158  8158 I susfs   : [10444][8158][susfs_is_inode_sus_path] hiding path with ino '0'
1791670700.711 10444  8158  8158 I susfs   : [10444][8158][susfs_is_inode_sus_path] hiding path with ino '0'
1791670700.711 10444  8158  8158 I susfs   : [10444][8158][susfs_is_inode_sus_path] hiding path with ino '0'
1791670700.711 10444  8158  8158 I susfs   : [10444][8158][susfs_is_inode_sus_path] hiding path with ino '0'
1791670700.711 10444  8158  8158 I susfs   : [10444][8158][susfs_is_inode_sus_path] hiding path with ino '0'
1791670700.711 10444  8158  8158 I susfs   : [10444][8158][susfs_is_inode_sus_path] hiding path with ino '0'
1791670700.711 10444  8158  8158 I susfs   : [10444][8158][susfs_is_inode_sus_path] hiding path with ino '0'
1791670700.711 10444  8158  8158 I susfs   : [10444][8158][susfs_is_inode_sus_path] hiding path with ino '0'
1791670700.711 10444  8158  8158 I susfs   : [10444][8158][susfs_is_inode_sus_path] hiding path with ino '0'
1791670700.711 10444  8158  8158 I susfs   : [10444][8158][susfs_is_inode_sus_path] hiding path with ino '0'
1791670700.711 10444  8158  8158 I susfs   : [10444][8158][susfs_is_inode_sus_path] hiding path with ino '0'
1791670700.711 10444  8158  8158 I susfs   : [10444][8158][susfs_is_inode_sus_path] hiding path with ino '0'
1791670700.711 10444  8158  8158 I susfs   : [10444][8158][susfs_is_inode_sus_path] hiding path with ino '0'
1791670700.711 10444  8158  8158 I susfs   : [10444][8158][susfs_is_inode_sus_path] hiding path with ino '0'
1791670700.711 10444  8158  8158 I susfs   : [10444][8158][susfs_is_inode_sus_path] hiding path with ino '0'
1791670700.711 10444  8158  8158 I susfs   : [10444][8158][susfs_is_inode_sus_path] hiding path with ino '0'
1791670700.711 10444  8158  8158 I susfs   : [10444][8158][susfs_is_inode_sus_path] hiding path with ino '0'
1791670700.723 10303  4915  5469 W LocaleConfig: The resource file pointed to by the given resource ID isn't found.
1791670700.773 10660  7469  7469 D ToastAccService: Not a toast, ignore
1791670700.935  1000  1659  1659 E QTI PowerHAL: Failed to acquire lock.
1791670700.935  1000  1659  1659 E QTI PowerHAL: Failed process_boost for boost_handle
1791670700.940 10312  5415  5415 D OtherActivityInputConsumer: ACTION_DOWN: mIsDeferredDownTarget=false
1791670700.947  root    36    36 I IRQ 16  : no longer affine to CPU4
1791670700.952 10312  5415  5415 D ContextTracker: Registering callback: callback=com.android.quickstep.util.ContextInitListener@c16f02f, context=com.android.launcher3.uioverrides.QuickstepLauncher@c0470f3, reason=OtherActivityInputConsumer.startTouchTrackingForWindowAnimation
1791670700.953 10312  5415  5415 D RecentsView: onGestureAnimationStart - groupedTaskInfo: Desk ID= -1, Desk Display ID=-1, Tasks=[id=948 winMode=fullscreen visReq=true vis=true excluded=false baseIntent=com.f0x1d.logfox/.presentation.ui.activity.MainActivity], Type=FULLSCREEN, Minimized Task IDs=null
1791670700.953 10312  5415  5415 D RecentsView: updateTaskStackListenerState: true
1791670700.954 10312  5415  5415 D RecentsView: reloadIfNeeded - getTasks: -1
1791670700.955 10312  5415  5415 D RecentsView: showCurrentTask(onGestureAnimationStart) - groupedTaskInfo: Desk ID= -1, Desk Display ID=-1, Tasks=[id=948 winMode=fullscreen visReq=true vis=true excluded=false baseIntent=com.f0x1d.logfox/.presentation.ui.activity.MainActivity], Type=FULLSCREEN, Minimized Task IDs=null
1791670700.956 10312  5415  5415 D TaskView: onBind com.android.launcher3.uioverrides.QuickstepLauncher@c0470f3 com.android.quickstep.LauncherActivityInterface@2761bed
1791670700.956 10312  5415  5415 D TaskViewModel: bind com.android.quickstep.recents.ui.viewmodel.TaskViewModel@ed365d0 as SINGLE to taskIds: [948]
1791670700.958 10303  4915  5301 V RecentTasksController: generateList(getRecentTasks)
1791670700.958 10303  4915  5301 V RecentTasksController: initializeDesksMap - allDeskIds: []
1791670700.958 10303  4915  5301 V RecentTasksController: Task 948 is not an active desktop task
1791670700.958 10303  4915  5301 V RecentTasksController: Added fullscreen task: 948
1791670700.958 10303  4915  5301 V RecentTasksController: Task 947 is not an active desktop task
1791670700.958 10303  4915  5301 V RecentTasksController: Added fullscreen task: 947
1791670700.958 10303  4915  5301 V RecentTasksController: Task 713 is not an active desktop task
1791670700.958 10303  4915  5301 V RecentTasksController: Added fullscreen task: 713
1791670700.958 10303  4915  5301 V RecentTasksController: generateList - complete
1791670700.959 10312  5415  5453 D RecentTasksList: loadTasksInBackground - isDeviceLocked(0): false
1791670700.960 10312  5415  5453 D RecentTasksList: getTasks - loadTasksInBackground: 801
1791670700.964 10312  5415  5415 D OtherActivityInputConsumer: startTouchTrackingForWindowAnimation: isRecentsAnimationRunning=false
1791670700.964 10312  5415  5415 D TaskAnimationManager: startRecentsAnimation - running TaskAnimationMnaager count: 0
1791670700.965 10312  5415  5415 D RecentTasksList: getTasks - updating mResultsUi: 801
1791670700.965 10312  5415  5415 D RecentTasksList: getTasks - updating mResultsUi: 801
1791670700.965 10312  5415  5415 D RecentsView: applyLoadPlan - taskGroups: [type=SINGLE task=[id=713 windowingMode=0 user=0 lastActiveTime=134812] null, type=SINGLE task=[id=947 windowingMode=1 user=0 lastActiveTime=3586147] null, type=SINGLE task=[id=948 windowingMode=1 user=0 lastActiveTime=3601462] null], taskListChangeId: 801
1791670700.966 10312  5415  5415 D TaskViewModel: unbind com.android.quickstep.recents.ui.viewmodel.TaskViewModel@727a370
1791670700.966 10312  5415  5415 D TaskViewModel: unbind com.android.quickstep.recents.ui.viewmodel.TaskViewModel@e12f1b3
1791670700.966 10303  4915  5301 V ShellRecents: startRecentsTransition
1791670700.966 10312  5415  5415 D TaskViewModel: unbind com.android.quickstep.recents.ui.viewmodel.TaskViewModel@ed365d0
1791670700.966 10303  4915  5301 D WindowManagerShell: PipDesktopState: Recents transition state changed: TRANSITION_STATE_REQUESTED
1791670700.966 10303  4915  5301 V ShellDesktopMode: DesktopTasksController: Recents transition state changed: TRANSITION_STATE_REQUESTED
1791670700.966 10312  5415  5415 D TaskView: onBind com.android.launcher3.uioverrides.QuickstepLauncher@c0470f3 com.android.quickstep.LauncherActivityInterface@2761bed
1791670700.966 10303  4915  5301 V ShellRecents: RecentsTransitionHandler.startRealRecentsTransition(): displayId=0
1791670700.966 10312  5415  5415 D TaskViewModel: bind com.android.quickstep.recents.ui.viewmodel.TaskViewModel@27c5985 as SINGLE to taskIds: [948]
1791670700.967 10303  4915  5301 V WindowManagerShell:  handleRecentsRequest displayId=0 deskActive=false
1791670700.967 10303  4915  5301 V WindowManagerShell: Directly starting a new transition type=START_RECENTS_TRANSITION(FIRST_CUSTOM+21) wct=WindowContainerTransaction { changes= {} hops= [{pendingIntent: options=Bundle[{android.activity.splashScreenStyle=-1, android.activity.sourceInfo=android.app.ActivityOptions$SourceInfo@988726f, android.pendingIntent.backgroundActivityAllowed=3, android.activity.launchDisplayId=0, android:activity.animAbortListener=null, android.activity.transientLaunch=true}]}, {setAnimationDelegate:  caller=android.os.BinderProxy@6f58ca8}] flags= 0 errorCallbackToken=null taskFragmentOrganizer=null } handler=com.android.wm.shell.recents.RecentsTransitionHandler@95843c1
1791670700.967 10312  5415  5415 D TaskView: onBind com.android.launcher3.uioverrides.QuickstepLauncher@c0470f3 com.android.quickstep.LauncherActivityInterface@2761bed
1791670700.967 10312  5415  5415 D TaskViewModel: bind com.android.quickstep.recents.ui.viewmodel.TaskViewModel@416d3da as SINGLE to taskIds: [947]
1791670700.967 10312  5415  5415 D TaskView: onBind com.android.launcher3.uioverrides.QuickstepLauncher@c0470f3 com.android.quickstep.LauncherActivityInterface@2761bed
1791670700.967 10312  5415  5415 D TaskViewModel: bind com.android.quickstep.recents.ui.viewmodel.TaskViewModel@6e0d00b as SINGLE to taskIds: [713]
1791670700.968  1000  4337  5236 V WindowManager: deferTransitionReady deferReadyDepth=1 stack=com.android.server.wm.WindowOrganizerController.applyTransaction:717 com.android.server.wm.WindowOrganizerController.applyTransaction:651 com.android.server.wm.WindowOrganizerController.lambda$startTransition$3:388 com.android.server.wm.WindowOrganizerController.$r8$lambda$PHnU0rj5Bcvaq0dL-Wi7kOJt8bo:0 com.android.server.wm.WindowOrganizerController$$ExternalSyntheticLambda5.onCollectStarted:0
1791670700.968 10312  5415  5415 D TasksRepository: updateTaskRequests to: [947, 713], removed: [], added: [947, 713]
1791670700.969 10312  5415  5415 I TasksRepository: requestTaskData: 947
1791670700.969 10312  5415  5415 I TasksRepository: requestTaskData: 713
1791670700.969 10312  5415  5415 D RecentTasksList: getTasks - updating mResultsUi: 801
1791670700.969 10312  5415  5415 D TasksRepository: getAllTaskData: oldTasks [713, 947], newTasks: [713, 947, 948]
1791670700.969 10312  5415  5415 D TasksRepository: updateTaskRequests to: [948, 947, 713], removed: [], added: [948]
1791670700.969 10312  5415  5415 I TasksRepository: requestTaskData: 948
1791670700.969  1000  1659  1659 I QTI PowerHAL: Power setMode: 5 to: 1
1791670700.971  1000  4337  4385 I ActivityManager: updateOomAdj start time is before than pendingPid added, don't delete it
1791670700.974 10383  7958  7958 D VRI[GoogleDiscoverWindow]: visibilityChanged oldVisibility=false newVisibility=true
1791670700.974  1000  4337  5236 V WindowManager: continueTransitionReady deferReadyDepth=0 stack=com.android.server.wm.WindowOrganizerController.applyTransaction:864 com.android.server.wm.WindowOrganizerController.applyTransaction:651 com.android.server.wm.WindowOrganizerController.lambda$startTransition$3:388 com.android.server.wm.WindowOrganizerController.$r8$lambda$PHnU0rj5Bcvaq0dL-Wi7kOJt8bo:0 com.android.server.wm.WindowOrganizerController$$ExternalSyntheticLambda5.onCollectStarted:0
1791670700.975  1000  1659  1659 E QTI PowerHAL: Failed to acquire lock.
1791670700.980  root   765   765 E [TP]touchpanel: touchpanel0: Touchpanel id 0 :Down[ 974 3173    0]
1791670700.975  1000  1659  1659 E QTI PowerHAL: Failed process_boost for boost_handle
1791670700.975  1000  1659  1659 E QTI PowerHAL: Failed to perform launch boost
1791670700.976 10303  4915  5652 D WallpaperService: onVisibilityChanged(true): com.android.systemui.wallpapers.ImageWallpaper$CanvasEngine@949cb7b
1791670700.981 10312  5415  5415 D Current state display 0: newValue: Background
1791670700.982 10312  5415  5415 D AllAppsTransitionController: shouldProtectHeader: false skipScrim: false state: Background stateManager.getState(): Background
1791670700.982 10312  5415  5415 D BaseDepthController: mSurface is null and mCurrentBlur is: 30
1791670700.983 10312  5415  5415 D AlphabeticalAppsList: Clearing FastScrollerSections.
1791670700.983 10312  5415  5415 D AlphabeticalAppsList: Adding FastScrollSection for work edu card.
1791670700.983 10312  5415  5415 D AlphabeticalAppsList: Adding apps with sections. HasPrivateApps: false
1791670700.983 10312  5415  5415 D AlphabeticalAppsList: addAppsWithSections: adding sectionName: … with appInfoTitle: 20 Minutes Till Dawn
1791670700.983 10312  5415  5415 D AlphabeticalAppsList: addAppsWithSections: adding sectionName: A with appInfoTitle: Activity Manager
1791670700.983 10312  5415  5415 D AlphabeticalAppsList: addAppsWithSections: adding sectionName: B with appInfoTitle: BCR
1791670700.983 10312  5415  5415 D AlphabeticalAppsList: addAppsWithSections: adding sectionName: C with appInfoTitle: CalibRaw
1791670700.983 10312  5415  5415 D AlphabeticalAppsList: addAppsWithSections: adding sectionName: Ç with appInfoTitle: Çeviri
1791670700.983 10312  5415  5415 D AlphabeticalAppsList: addAppsWithSections: adding sectionName: D with appInfoTitle: DeepL
1791670700.983 10312  5415  5415 D AlphabeticalAppsList: addAppsWithSections: adding sectionName: E with appInfoTitle: E-Bilet
1791670700.983 10312  5415  5415 D AlphabeticalAppsList: addAppsWithSections: adding sectionName: F with appInfoTitle: F-Droid
1791670700.983 10312  5415  5415 D AlphabeticalAppsList: addAppsWithSections: adding sectionName: G with appInfoTitle: Galeri
1791670700.983 10312  5415  5415 D AlphabeticalAppsList: addAppsWithSections: adding sectionName: H with appInfoTitle: Habit Tracker
1791670700.983 10312  5415  5415 D AlphabeticalAppsList: addAppsWithSections: adding sectionName: I with appInfoTitle: Iceraven
1791670700.983 10312  5415  5415 D AlphabeticalAppsList: addAppsWithSections: adding sectionName: İ with appInfoTitle: idefix
1791670700.983 10312  5415  5415 D AlphabeticalAppsList: addAppsWithSections: adding sectionName: K with appInfoTitle: Kaboom Metal
1791670700.983 10312  5415  5415 D AlphabeticalAppsList: addAppsWithSections: adding sectionName: L with appInfoTitle: LCW
1791670700.983 10312  5415  5415 D AlphabeticalAppsList: addAppsWithSections: adding sectionName: M with appInfoTitle: Magic Cubes
1791670700.983 10312  5415  5415 D AlphabeticalAppsList: addAppsWithSections: adding sectionName: N with appInfoTitle: n11
1791670700.983 10312  5415  5415 D AlphabeticalAppsList: addAppsWithSections: adding sectionName: O with appInfoTitle: obilet
1791670700.983 10312  5415  5415 D AlphabeticalAppsList: addAppsWithSections: adding sectionName: Ö with appInfoTitle: Ödüller
1791670700.983 10312  5415  5415 D AlphabeticalAppsList: addAppsWithSections: adding sectionName: P with appInfoTitle: PAC-MAN
1791670700.983 10312  5415  5415 D AlphabeticalAppsList: addAppsWithSections: adding sectionName: R with appInfoTitle: Re:X
1791670700.983 10312  5415  5415 D AlphabeticalAppsList: addAppsWithSections: adding sectionName: S with appInfoTitle: Saat
1791670700.983 10312  5415  5415 D AlphabeticalAppsList: addAppsWithSections: adding sectionName: Ş with appInfoTitle: Şifreler
1791670700.983 10312  5415  5415 D AlphabeticalAppsList: addAppsWithSections: adding sectionName: T with appInfoTitle: Tack
1791670700.983 10312  5415  5415 D AlphabeticalAppsList: addAppsWithSections: adding sectionName: U with appInfoTitle: Ucuzabilet
1791670700.983 10312  5415  5415 D AlphabeticalAppsList: addAppsWithSections: adding sectionName: V with appInfoTitle: VD Google
1791670700.983 10312  5415  5415 D AlphabeticalAppsList: addAppsWithSections: adding sectionName: W with appInfoTitle: WA Business
1791670700.983 10312  5415  5415 D AlphabeticalAppsList: addAppsWithSections: adding sectionName: X with appInfoTitle: X
1791670700.983 10312  5415  5415 D AlphabeticalAppsList: addAppsWithSections: adding sectionName: Y with appInfoTitle: Yandex Maps
1791670700.983 10312  5415  5415 D AlphabeticalAppsList: addAppsWithSections: adding sectionName: Z with appInfoTitle: Zank Remote
1791670700.983 10312  5415  5415 D AlphabeticalAppsList: addAppsWithSections: adding sectionName: … with appInfoTitle: @string/four_ones
1791670700.983 10312  5415  5415 D AlphabeticalAppsList: Adding FastScrollSection duplicate to scroll to the bottom.
1791670700.984 10312  5415  5415 D StatsLog: LAUNCHER_ALLAPPS_EXIT
1791670700.984 10312  5415  5415 D AlphabeticalAppsList: Clearing FastScrollerSections.
1791670700.984 10312  5415  5415 D AlphabeticalAppsList: Adding FastScrollSection for work edu card.
1791670700.984 10312  5415  5415 D AlphabeticalAppsList: Adding apps with sections. HasPrivateApps: false
1791670700.984 10312  5415  5415 D AlphabeticalAppsList: addAppsWithSections: adding sectionName: … with appInfoTitle: 20 Minutes Till Dawn
1791670700.984 10312  5415  5415 D AlphabeticalAppsList: addAppsWithSections: adding sectionName: A with appInfoTitle: Activity Manager
1791670700.984 10312  5415  5415 D AlphabeticalAppsList: addAppsWithSections: adding sectionName: B with appInfoTitle: BCR
1791670700.984 10312  5415  5415 D AlphabeticalAppsList: addAppsWithSections: adding sectionName: C with appInfoTitle: CalibRaw
1791670700.984 10312  5415  5415 D AlphabeticalAppsList: addAppsWithSections: adding sectionName: Ç with appInfoTitle: Çeviri
1791670700.984 10312  5415  5415 D AlphabeticalAppsList: addAppsWithSections: adding sectionName: D with appInfoTitle: DeepL
1791670700.984 10312  5415  5415 D AlphabeticalAppsList: addAppsWithSections: adding sectionName: E with appInfoTitle: E-Bilet
1791670700.984 10312  5415  5415 D AlphabeticalAppsList: addAppsWithSections: adding sectionName: F with appInfoTitle: F-Droid
1791670700.984 10312  5415  5415 D AlphabeticalAppsList: addAppsWithSections: adding sectionName: G with appInfoTitle: Galeri
1791670700.984 10312  5415  5415 D AlphabeticalAppsList: addAppsWithSections: adding sectionName: H with appInfoTitle: Habit Tracker
1791670700.984 10312  5415  5415 D AlphabeticalAppsList: addAppsWithSections: adding sectionName: I with appInfoTitle: Iceraven
1791670700.984 10312  5415  5415 D AlphabeticalAppsList: addAppsWithSections: adding sectionName: İ with appInfoTitle: idefix
1791670700.984 10312  5415  5415 D AlphabeticalAppsList: addAppsWithSections: adding sectionName: K with appInfoTitle: Kaboom Metal
1791670700.984 10312  5415  5415 D AlphabeticalAppsList: addAppsWithSections: adding sectionName: L with appInfoTitle: LCW
1791670700.984 10312  5415  5415 D AlphabeticalAppsList: addAppsWithSections: adding sectionName: M with appInfoTitle: Magic Cubes
1791670700.984 10312  5415  5415 D AlphabeticalAppsList: addAppsWithSections: adding sectionName: N with appInfoTitle: n11
1791670700.984 10312  5415  5415 D AlphabeticalAppsList: addAppsWithSections: adding sectionName: O with appInfoTitle: obilet
1791670700.984 10312  5415  5415 D AlphabeticalAppsList: addAppsWithSections: adding sectionName: Ö with appInfoTitle: Ödüller
1791670700.984 10312  5415  5415 D AlphabeticalAppsList: addAppsWithSections: adding sectionName: P with appInfoTitle: PAC-MAN
1791670700.984 10312  5415  5415 D AlphabeticalAppsList: addAppsWithSections: adding sectionName: R with appInfoTitle: Re:X
1791670700.984 10312  5415  5415 D AlphabeticalAppsList: addAppsWithSections: adding sectionName: S with appInfoTitle: Saat
1791670700.984 10312  5415  5415 D AlphabeticalAppsList: addAppsWithSections: adding sectionName: Ş with appInfoTitle: Şifreler
1791670700.984 10312  5415  5415 D AlphabeticalAppsList: addAppsWithSections: adding sectionName: T with appInfoTitle: Tack
1791670700.984 10312  5415  5415 D AlphabeticalAppsList: addAppsWithSections: adding sectionName: U with appInfoTitle: Ucuzabilet
1791670700.984 10312  5415  5415 D AlphabeticalAppsList: addAppsWithSections: adding sectionName: V with appInfoTitle: VD Google
1791670700.984 10312  5415  5415 D AlphabeticalAppsList: addAppsWithSections: adding sectionName: W with appInfoTitle: WA Business
1791670700.984 10312  5415  5415 D AlphabeticalAppsList: addAppsWithSections: adding sectionName: X with appInfoTitle: X
1791670700.984 10312  5415  5415 D AlphabeticalAppsList: addAppsWithSections: adding sectionName: Y with appInfoTitle: Yandex Maps
1791670700.984 10312  5415  5415 D AlphabeticalAppsList: addAppsWithSections: adding sectionName: Z with appInfoTitle: Zank Remote
1791670700.984 10312  5415  5415 D AlphabeticalAppsList: addAppsWithSections: adding sectionName: … with appInfoTitle: @string/four_ones
1791670700.984 10312  5415  5415 D AlphabeticalAppsList: Adding FastScrollSection duplicate to scroll to the bottom.
1791670700.985 10383  7958  7958 I Surface : Creating surface for consumer unnamed-7958-91 with slotExpansion=1 for 64 slots
1791670700.985 10383  7958  7958 I Surface : Creating surface for consumer VRI[GoogleDiscoverWindow]#91(BLAST Consumer)91 with slotExpansion=1 for 64 slots
1791670700.988 10303  4915  5688 V WindowManagerShell: onTransitionReady(transaction=18627273223005)
1791670700.989  1000  4337  5236 W Transition: #%d: Condition met too late, already in state=2: {start WCT appliedIGNORED}
1791670700.990 10303  4915  5301 V ShellRecents: [186524545] RecentsController.setTransition: id=android.os.BinderProxy@2c1368
1791670700.990 10303  4915  5301 V RecentTasksController: Notify recent tasks changed
1791670700.990 10303  4915  5301 V WindowManagerShell: onTransitionReady (#425) android.os.BinderProxy@2c1368: {id=425 t=FIRST_CUSTOM+21 f=0x80 trk=0 r=[0@Point(0, 0)] c=[
1791670700.990 10303  4915  5301 V WindowManagerShell:         {m=TO_FRONT f=SHOW_WALLPAPER|MOVE_TO_TOP|FLAG_CHANGED_INTERACTIVE leash=Surface(name=Task=1#35)/@0x2d0bb7c sb=Rect(0, 0 - 1440, 3216) eb=Rect(0, 0 - 1440, 3216) epz=Point(1440, 3216) d=0 taskParent=-1 winMode=1 userId=0},
1791670700.990 10303  4915  5301 V WindowManagerShell:         {m=TO_BACK f=FLAG_CHANGED_INTERACTIVE leash=Surface(name=Task=948#6385)/@0x9e7cc05 sb=Rect(0, 0 - 1440, 3216) eb=Rect(0, 0 - 1440, 3216) epz=Point(1440, 3216) d=0 taskParent=-1 winMode=1 userId=0},
1791670700.990 10303  4915  5301 V WindowManagerShell:         {m=TO_FRONT f=IS_WALLPAPER leash=Surface(name=WallpaperWindowToken{a25394}#74)/@0x8b9945a sb=Rect(0, 0 - 1440, 3216) eb=Rect(0, 0 - 1440, 3216) epz=Point(1440, 3216) d=0}
1791670700.990 10303  4915  5301 V WindowManagerShell:     ]}
1791670700.990 10303  4915  5301 V WindowManagerShell: Playing animation for (#425) android.os.BinderProxy@2c1368@0
1791670700.990 10303  4915  5301 V WindowManagerShell:  try firstHandler com.android.wm.shell.recents.RecentsTransitionHandler@95843c1
1791670700.990 10303  4915  5301 V ShellRecents: [186524545] RecentsController.start
1791670700.991  1000  4337  6576 D WindowManager: setClientSurface Surface(name=VRI-GoogleDiscoverWindow#6428)/@0x701d98a for 4f451d3 GoogleDiscoverWindow
1791670700.991 10303  4915  5301 V ShellRecents:   hiding home taskId=1
1791670700.992 10303  4915  5301 V ShellRecents:   adding pausing leaf taskId=948 at layer=8
1791670700.992 10312  5415  5415 I Surface : Creating surface for consumer unnamed-5415-142 with slotExpansion=1 for 64 slots
1791670700.992 10303  4915  5301 V ShellRecents: Applying transaction=18627273223005
1791670700.992 10312  5415  5415 I Surface : Creating surface for consumer VRI[QuickstepLauncher]#105(BLAST Consumer)105 with slotExpansion=1 for 64 slots
1791670700.994 10312  5415  5415 D OverviewActionsView: updateForGroupedTask() called with: isGroupedTask = [false], canSaveAppPair = [false]
1791670700.994 10312  5415  5415 D OverviewActionsView: updateActionButtonsVisibility() called: showSingleTaskActions = [true], showGroupActions = [false]
1791670700.995  1000  4337  4382 V WindowManager: Sent Transition (#425) createdAt=10-11 01:18:20.968
1791670700.995 10312  5415  5453 D b/417220811: Current thumbnail: null, replacing with android.graphics.Bitmap@6497e9a
1791670700.995  1000  4337  4382 V WindowManager:     startWCT=WindowContainerTransaction { changes= {} hops= [{pendingIntent: options=Bundle[{android.activity.splashScreenStyle=-1, android.activity.sourceInfo=android.app.ActivityOptions$SourceInfo@6cddbfb, android.pendingIntent.backgroundActivityAllowed=3, android.activity.launchDisplayId=0, android:activity.animAbortListener=null, android.activity.transientLaunch=true}]}, {setAnimationDelegate:  caller=android.os.BinderProxy@983f304}] flags= 0 errorCallbackToken=null taskFragmentOrganizer=null }
1791670700.995  1000  4337  4382 V WindowManager:     info={id=425 t=FIRST_CUSTOM+21 f=0x80 trk=0 r=[0@Point(0, 0)] c=[
1791670700.995  1000  4337  4382 V WindowManager:         {WCT{RemoteToken{902cd37 Task{bff31d8 #1 type=home}}} m=TO_FRONT f=SHOW_WALLPAPER|MOVE_TO_TOP|FLAG_CHANGED_INTERACTIVE leash=Surface(name=Task=1#35)/@0x8c19212 sb=Rect(0, 0 - 1440, 3216) eb=Rect(0, 0 - 1440, 3216) epz=Point(1440, 3216) d=0 taskParent=-1 winMode=1 userId=0},
1791670700.995  1000  4337  4382 V WindowManager:         {WCT{RemoteToken{b6df7f Task{cd227ee #948 type=standard A=10761:com.f0x1d.logfox}}} m=TO_BACK f=FLAG_CHANGED_INTERACTIVE leash=Surface(name=Task=948#6385)/@0xc902423 sb=Rect(0, 0 - 1440, 3216) eb=Rect(0, 0 - 1440, 3216) epz=Point(1440, 3216) d=0 taskParent=-1 winMode=1 userId=0},
1791670700.995  1000  4337  4382 V WindowManager:         {m=TO_FRONT f=IS_WALLPAPER leash=Surface(name=WallpaperWindowToken{a25394}#74)/@0x2c74ec8 sb=Rect(0, 0 - 1440, 3216) eb=Rect(0, 0 - 1440, 3216) epz=Point(1440, 3216) d=0}
1791670700.995  1000  4337  4382 V WindowManager:     ]}
1791670700.995 10312  5415  5415 D BaseDepthController: setSurface:
1791670700.995 10312  5415  5415 D BaseDepthController: 	mWaitingOnSurfaceValidity: false
1791670700.995 10312  5415  5415 D BaseDepthController: 	mBaseSurface: Surface(name=VRI-com.android.launcher3/com.android.launcher3.uioverrides.QuickstepLauncher#6430)/@0xf5059f2
1791670700.995 10312  5415  5415 V BaseDepthController: Applying blur: 30 to Surface(name=VRI-com.android.launcher3/com.android.launcher3.uioverrides.QuickstepLauncher#6430)/@0xf5059f2 applyImmediately: false
1791670700.996 10312  5415  5415 D BaseDepthController: shouldBlurWorkspace: false targetState: Background currentStableState: Background mCurrentBlur: 30 mLauncher.getDepthBlurTargets(): [com.android.launcher3.Workspace{c04cee1 V.ED..... .......D 0,0-1440,3216 #7f0a054d app:id/workspace aid=1073741834}, com.android.launcher3.Hotseat{176cc63 I.ED..... .......D 0,2667-1440,3216 #7f0a0241 app:id/hotseat aid=1073741899}]
1791670700.998 10383  7958  7958 I csde    : onStart
1791670700.999 10383  7958  7958 I cruv    : onStart
1791670700.999  1000  4337  4515 D WindowManager: setClientSurface Surface(name=VRI-com.android.launcher3/com.android.launcher3.uioverrides.QuickstepLauncher#6430)/@0xdcf5418 for 74cb840 com.android.launcher3/com.android.launcher3.uioverrides.QuickstepLauncher
1791670701.001 10383  7958  7958 I cprk    : (REDACTED) [%s] onStart()
1791670701.001 10383  7958  7958 I cpty    : Reloading theme data
1791670701.003 10383  7958  7958 E NetworkErrorMessage: (REDACTED) Invalid connectivity state: %s
1791670701.003 10383  7958  7958 I csde    : onResume
1791670701.003 10383  7958  7958 W elap    : missing event name
1791670701.004  1000  4337  5236 D InputManagerService: pilferPointers
1791670701.004 10383  7958  7958 I cruv    : onResume
1791670701.004  1000  4337  5236 I InputDispatcher: Channel [Gesture Monitor] swipe-up is stealing input gesture for device 3 from [bf398b2 com.f0x1d.logfox/com.f0x1d.logfox.presentation.ui.activity.MainActivity, [Gesture Monitor] edge-swipe]
1791670701.004 10312  5415  5415 D RecentsView: onGestureAnimationStart - groupedTaskInfo: Desk ID= -1, Desk Display ID=-1, Tasks=[id=948 winMode=fullscreen visReq=false vis=false excluded=false baseIntent=com.f0x1d.logfox/.presentation.ui.activity.MainActivity], Type=FULLSCREEN, Minimized Task IDs=null
1791670701.004 10312  5415  5415 D RecentsView: showCurrentTask(onGestureAnimationStart) - groupedTaskInfo: Desk ID= -1, Desk Display ID=-1, Tasks=[id=948 winMode=fullscreen visReq=false vis=false excluded=false baseIntent=com.f0x1d.logfox/.presentation.ui.activity.MainActivity], Type=FULLSCREEN, Minimized Task IDs=null
1791670701.004 10312  5415  5415 D OverviewActionsView: updateForGroupedTask() called with: isGroupedTask = [false], canSaveAppPair = [false]
1791670701.004 10312  5415  5415 D OverviewActionsView: updateActionButtonsVisibility() called: showSingleTaskActions = [true], showGroupActions = [false]
1791670701.006 10312  5415  5415 D ActivityAllAppsContainerView: rebindAdapters: force: false
1791670701.006 10312  5415  5415 D ActivityAllAppsContainerView: rebindAdapters: force: false
1791670701.007 10312  5415  5415 D KeyboardStateManager: hideKeyboard
1791670701.007 10312  5415  5415 D KeyboardStateManager: isImeShown: true
1791670701.007 10312  5415  5415 D KeyboardStateManager: hideKeyboard: calling wic.hide() because isImeShown is true
1791670701.007 10312  5415  5415 D InsetsController: hide(ime())
1791670701.007 10312  5415  5415 I ImeTracker: com.android.launcher3:49fd6583: onRequestHide at ORIGIN_CLIENT reason HIDE_SOFT_INPUT_BY_INSETS_API fromUser false userId 0 displayId 0
1791670701.007 10312  5415  5415 I ImeTracker: com.android.launcher3:49fd6583: onCancelled at PHASE_CLIENT_ALREADY_HIDDEN
1791670701.007 10312  5415  5415 D StatsLog: LAUNCHER_ALLAPPS_KEYBOARD_CLOSED
1791670701.007 10312  5415  5453 D b/417220811: Current thumbnail: null, replacing with null
1791670701.007 10303  4915  5301 V ShellRecents: No matching remote found to takeover (#425)
1791670701.007 10303  4915  5301 V ShellSplitScreen: getSplitBoundsForTaskId: expected split bounds for taskId=948 but not found
1791670701.007 10303  4915  5301 V ShellRecents: [186524545] RecentsController.start: calling onAnimationStart with 2 apps
1791670701.008 10312  5415  5415 D ActivityAllAppsContainerView: rebindAdapters: force: false
1791670701.008 10312  5415  5415 D KeyboardStateManager: hideKeyboard
1791670701.008 10312  5415  5415 D KeyboardStateManager: isImeShown: true
1791670701.008 10312  5415  5415 D KeyboardStateManager: hideKeyboard: calling wic.hide() because isImeShown is true
1791670701.008 10312  5415  5415 D InsetsController: hide(ime())
1791670701.008 10303  4915  5301 D WindowManagerShell: PipDesktopState: Recents transition state changed: TRANSITION_STATE_ANIMATING
1791670701.008 10312  5415  5415 I ImeTracker: com.android.launcher3:200dc4bc: onRequestHide at ORIGIN_CLIENT reason HIDE_SOFT_INPUT_BY_INSETS_API fromUser false userId 0 displayId 0
1791670701.008 10312  5415  5415 I ImeTracker: com.android.launcher3:200dc4bc: onCancelled at PHASE_CLIENT_ALREADY_HIDDEN
1791670701.008 10312  5415  5415 D StatsLog: LAUNCHER_ALLAPPS_KEYBOARD_CLOSED
1791670701.009 10312  5415  5415 D RecentTasksList: invalidateLoadedTasks - previous requestLoadId: 801
1791670701.009 10303  4915  5301 V ShellDesktopMode: DesktopTasksController: Recents transition state changed: TRANSITION_STATE_ANIMATING
1791670701.009 10303  4915  5301 V WindowManagerShell:  animated by firstHandler
1791670701.010 10312  5415  5415 D ActivityAllAppsContainerView: rebindAdapters: force: false
1791670701.010 10312  5415  5415 D ActivityAllAppsContainerView: rebindAdapters: Not needed.
1791670701.010 10312  5415  5415 D AlphabeticalAppsList: Clearing FastScrollerSections.
1791670701.010 10312  5415  5415 D AlphabeticalAppsList: Adding apps with sections. HasPrivateApps: false
1791670701.013 10312  5415  5415 D TaskThumbnailView: [TaskThumbnailView@5952ac9] taskId: 713 - uiState changed from: Uninitialized to: SnapshotSplash(snapshot=Snapshot(bitmap=android.graphics.Bitmap@6497e9a, thumbnailRotation=0, backgroundColor=-15461864), splash=com.android.launcher3.icons.FastBitmapDrawable@74d2b87)
1791670701.014 10312  5415  5415 D RemoteTargetGluer: containsSplitTargets? false handleLength: 10 appsLength: 1
1791670701.014 10312  5415  5415 D RemoteTargetGluer: appCount: 1 handleLength: 10
1791670701.014 10312  5415  5415 D RemoteTargetGluer: Reduce handles, count: 1
1791670701.014 10312  5415  5415 D RecentsView: setRecentsAnimationTargets - recentsAnimationController: com.android.quickstep.RecentsAnimationController@88dab4, recentsAnimationTargets: com.android.quickstep.RecentsAnimationTargets@82026dd
1791670701.014 10312  5415  5415 D RemoteTargetGluer: containsSplitTargets? false handleLength: 1 appsLength: 1
1791670701.014 10312  5415  5415 D RemoteTargetGluer: appCount: 1 handleLength: 1
1791670701.020  1000  4337  4553 E HandwritingModeController: Cannot get requestId: Handwriting was not initialized.
1791670701.021 10303  4915  5301 V ShellRecents: [186524545] RecentsController.setInputConsumerEnabled: set focus to recents
1791670701.021  1000  4337  4526 D ConnectivityService: requestNetwork for uid/pid:10303/4915 asUid: 10312 activeRequest: null callbackRequest: 1611 [NetworkRequest [ REQUEST id=1612, [ Capabilities: INTERNET&NOT_RESTRICTED&TRUSTED&NOT_VCN_MANAGED&NOT_BANDWIDTH_CONSTRAINED Uid: 10312 RequestorUid: 10303 RequestorPkg: com.android.systemui UnderlyingNetworks: Null] ]] callback flags: 0 order: 2147483647 isUidTracked: false declaredMethods: AVAIL|BLK
1791670701.030  1000  4337  4574 D WifiNetworkFactory: got request NetworkRequest [ REQUEST id=1612, [ Capabilities: INTERNET&NOT_RESTRICTED&TRUSTED&NOT_VCN_MANAGED&NOT_BANDWIDTH_CONSTRAINED Uid: 10312 RequestorUid: 10303 RequestorPkg: com.android.systemui UnderlyingNetworks: Null] ]
1791670701.030  1000  4337  4582 D ConnectivityService: NetReassign [1612 : null → 100] [c 0] [a 0] [i 2]
1791670701.030  1000  4337  4574 D UntrustedWifiNetworkFactory: got request NetworkRequest [ REQUEST id=1612, [ Capabilities: INTERNET&NOT_RESTRICTED&TRUSTED&NOT_VCN_MANAGED&NOT_BANDWIDTH_CONSTRAINED Uid: 10312 RequestorUid: 10303 RequestorPkg: com.android.systemui UnderlyingNetworks: Null] ]
1791670701.030  1000  4337  4574 D OemPaidWifiNetworkFactory: got request NetworkRequest [ REQUEST id=1612, [ Capabilities: INTERNET&NOT_RESTRICTED&TRUSTED&NOT_VCN_MANAGED&NOT_BANDWIDTH_CONSTRAINED Uid: 10312 RequestorUid: 10303 RequestorPkg: com.android.systemui UnderlyingNetworks: Null] ]
1791670701.030  1000  4337  4574 D MultiInternetWifiNetworkFactory: got request NetworkRequest [ REQUEST id=1612, [ Capabilities: INTERNET&NOT_RESTRICTED&TRUSTED&NOT_VCN_MANAGED&NOT_BANDWIDTH_CONSTRAINED Uid: 10312 RequestorUid: 10303 RequestorPkg: com.android.systemui UnderlyingNetworks: Null] ]
1791670701.033 10312  5415  5415 D VRI[QuickstepLauncher]: WindowInsets changed: ime:null
1791670701.037  1000  1659  1659 E QTI PowerHAL: Failed to acquire lock.
1791670701.037  1000  1659  1659 E QTI PowerHAL: Failed process_boost for boost_handle
1791670701.038 10312  5415  5415 D OtherActivityInputConsumer: finishTouchTracking: mPassedWindowMoveSlop=true
1791670701.038 10312  5415  5415 D OtherActivityInputConsumer: finishTouchTracking: mInteractionHandler=com.android.quickstep.LauncherSwipeHandlerV2@7cfe3ef
1791670701.038 10312  5415  5415 D OtherActivityInputConsumer: finishTouchTracking: ev=MotionEvent { action=ACTION_UP, actionButton=0, id[0]=0, x[0]=990.0, y[0]=2754.0, toolType[0]=TOOL_TYPE_FINGER, buttonState=0, classification=NONE, metaState=0, flags=0x0, edgeFlags=0x0, pointerCount=1, historySize=0, eventTime=3604953, downTime=3604851, deviceId=3, source=0x1002, displayId=0, eventId=430855799 }
1791670701.038 10280  5540  5540 D BoundBrokerSvc: onRebind: Intent { act=com.google.android.gms.auth.aang.events.services.START dat=chimera-action:/... xflg=0x4 cmp=com.google.android.gms/.chimera.PersistentApiService }
1791670701.039 10303  4915  5146 V ShellRecents: [186524545] RecentsController.detachNavigationBarFromApp
1791670701.041 10312  5415  5415 D StatsLog: LAUNCHER_ONRESUME
1791670701.041 10312  5415  5415 D Current state display 0: newValue: Normal
1791670701.042 10303  4915  5301 D WindowManagerShell: setLauncherKeepClearAreaHeight: visible=true, height=549
1791670701.042 10312  5415  5415 D AllAppsTransitionController: shouldProtectHeader: false skipScrim: true state: Normal stateManager.getState(): Normal
1791670701.042 10312  5415  5415 D KeyboardStateManager: hideKeyboard
1791670701.042 10312  5415  5415 D KeyboardStateManager: isImeShown: false
1791670701.043 10303  4915  5301 V RecentTasksController: generateList(getRecentTasks)
1791670701.043 10303  4915  5301 V RecentTasksController: initializeDesksMap - allDeskIds: []
1791670701.043 10303  4915  5301 V RecentTasksController: Task 948 is not an active desktop task
1791670701.043 10303  4915  5301 V RecentTasksController: Added fullscreen task: 948
1791670701.043 10303  4915  5301 V RecentTasksController: Task 947 is not an active desktop task
1791670701.043 10303  4915  5301 V RecentTasksController: Added fullscreen task: 947
1791670701.043 10303  4915  5301 V RecentTasksController: Task 713 is not an active desktop task
1791670701.043 10303  4915  5301 V RecentTasksController: Added fullscreen task: 713
1791670701.043 10303  4915  5301 V RecentTasksController: generateList - complete
1791670701.043 10312  5415  5453 D PreloadThumbnailUseCase: Preloading thumbnails for task ids: [[id=713 windowingMode=0 user=0 lastActiveTime=134812] null, [id=947 windowingMode=1 user=0 lastActiveTime=3586147] null, [id=948 windowingMode=1 user=0 lastActiveTime=3601462] null]
1791670701.044 10312  5415  5415 V BaseDepthController: Applying blur: 0 to Surface(name=VRI-com.android.launcher3/com.android.launcher3.uioverrides.QuickstepLauncher#6430)/@0xf5059f2 applyImmediately: false
1791670701.044 10312  5415  5415 D BaseDepthController: shouldBlurWorkspace: false targetState: Normal currentStableState: Background mCurrentBlur: 0 mLauncher.getDepthBlurTargets(): [com.android.launcher3.Workspace{c04cee1 V.ED..... ......ID 0,0-1440,3216 #7f0a054d app:id/workspace aid=1073741834}, com.android.launcher3.Hotseat{176cc63 V.ED..... ......ID 0,2667-1440,3216 #7f0a0241 app:id/hotseat aid=1073741899}]
1791670701.044 10312  5415  5415 V BaseDepthController: Applying blur: 0 to Surface(name=VRI-com.android.launcher3/com.android.launcher3.uioverrides.QuickstepLauncher#6430)/@0xf5059f2 applyImmediately: false
1791670701.044 10312  5415  5415 D BaseDepthController: shouldBlurWorkspace: false targetState: Normal currentStableState: Background mCurrentBlur: 0 mLauncher.getDepthBlurTargets(): [com.android.launcher3.Workspace{c04cee1 V.ED..... ......ID 0,0-1440,3216 #7f0a054d app:id/workspace aid=1073741834}, com.android.launcher3.Hotseat{176cc63 V.ED..... ......ID 0,2667-1440,3216 #7f0a0241 app:id/hotseat aid=1073741899}]
1791670701.044 10312  5415  5455 D QuickstepModelDelegate: notifyAppTargetEvent action=1 launchLocation=workspace/0/[-1,-1]/[1,1]
1791670701.044 10312  5415  5415 D RecentsView: onPrepareGestureEndAnimation - endTarget: HOME
1791670701.045 10312  5415  5415 D b/417220811: Task id: 947, thumbnailData: ThumbnailData(thumbnail=null, orientation=0, rotation=-1, insets=Rect(0, 0 - 0, 0), letterboxInsets=Rect(0, 0 - 0, 0), reducedResolution=false, isRealSnapshot=true, isTranslucent=false, windowingMode=0, appearance=0, scale=1.0, snapshotId=0), isLocked: false
1791670701.045 10312  5415  5415 D TaskThumbnailView: [TaskThumbnailView@6ae2063] taskId: 947 - uiState changed from: Uninitialized to: BackgroundOnly(backgroundColor=-16777216)
1791670701.055  1000  4337  4515 W ApplicationInfo: Large ApplicationInfo parcel: size=24372 package=com.zhiliaoapp.musically splits=69 sharedLibs=8 resDirs=6 overlayPaths=6
1791670701.058 10312  5415  5415 V BaseDepthController: Applying blur: 0 to Surface(name=VRI-com.android.launcher3/com.android.launcher3.uioverrides.QuickstepLauncher#6430)/@0xf5059f2 applyImmediately: false
1791670701.058 10312  5415  5415 D BaseDepthController: shouldBlurWorkspace: false targetState: Normal currentStableState: Background mCurrentBlur: 0 mLauncher.getDepthBlurTargets(): [com.android.launcher3.Workspace{c04cee1 V.ED..... ........ 0,0-1440,3216 #7f0a054d app:id/workspace aid=1073741834}, com.android.launcher3.Hotseat{176cc63 V.ED..... ........ 0,2667-1440,3216 #7f0a0241 app:id/hotseat aid=1073741899}]
1791670701.066 10312  5415  5415 V BaseDepthController: Applying blur: 0 to Surface(name=VRI-com.android.launcher3/com.android.launcher3.uioverrides.QuickstepLauncher#6430)/@0xf5059f2 applyImmediately: false
1791670701.066 10312  5415  5415 D BaseDepthController: shouldBlurWorkspace: false targetState: Normal currentStableState: Background mCurrentBlur: 0 mLauncher.getDepthBlurTargets(): [com.android.launcher3.Workspace{c04cee1 V.ED..... ........ 0,0-1440,3216 #7f0a054d app:id/workspace aid=1073741834}, com.android.launcher3.Hotseat{176cc63 V.ED..... ........ 0,2667-1440,3216 #7f0a0241 app:id/hotseat aid=1073741899}]
1791670701.074 10312  5415  5415 V BaseDepthController: Applying blur: 0 to Surface(name=VRI-com.android.launcher3/com.android.launcher3.uioverrides.QuickstepLauncher#6430)/@0xf5059f2 applyImmediately: false
1791670701.074 10312  5415  5415 D BaseDepthController: shouldBlurWorkspace: false targetState: Normal currentStableState: Background mCurrentBlur: 0 mLauncher.getDepthBlurTargets(): [com.android.launcher3.Workspace{c04cee1 V.ED..... ........ 0,0-1440,3216 #7f0a054d app:id/workspace aid=1073741834}, com.android.launcher3.Hotseat{176cc63 V.ED..... ........ 0,2667-1440,3216 #7f0a0241 app:id/hotseat aid=1073741899}]
1791670701.076 10312  5415  5453 D b/417220811: Current thumbnail: android.graphics.Bitmap@6497e9a, replacing with android.graphics.Bitmap@8fc8037
1791670701.076 10312  5415  5415 D TaskThumbnailView: [TaskThumbnailView@5952ac9] taskId: 713 - uiState changed from: SnapshotSplash(snapshot=Snapshot(bitmap=android.graphics.Bitmap@6497e9a, thumbnailRotation=0, backgroundColor=-15461864), splash=com.android.launcher3.icons.FastBitmapDrawable@74d2b87) to: SnapshotSplash(snapshot=Snapshot(bitmap=android.graphics.Bitmap@8fc8037, thumbnailRotation=0, backgroundColor=-15461864), splash=com.android.launcher3.icons.FastBitmapDrawable@74d2b87)
1791670701.077 10312  5415  5453 D b/417220811: Current thumbnail: null, replacing with null
1791670701.082 10312  5415  5415 V BaseDepthController: Applying blur: 0 to Surface(name=VRI-com.android.launcher3/com.android.launcher3.uioverrides.QuickstepLauncher#6430)/@0xf5059f2 applyImmediately: false
1791670701.082 10312  5415  5415 D BaseDepthController: shouldBlurWorkspace: false targetState: Normal currentStableState: Background mCurrentBlur: 0 mLauncher.getDepthBlurTargets(): [com.android.launcher3.Workspace{c04cee1 V.ED..... ........ 0,0-1440,3216 #7f0a054d app:id/workspace aid=1073741834}, com.android.launcher3.Hotseat{176cc63 V.ED..... ........ 0,2667-1440,3216 #7f0a0241 app:id/hotseat aid=1073741899}]
1791670701.104  1000  4337  4515 W ApplicationInfo: Large ApplicationInfo parcel: size=24372 package=com.zhiliaoapp.musically splits=69 sharedLibs=8 resDirs=6 overlayPaths=6
1791670701.107 10312  5415  5415 V BaseDepthController: Applying blur: 0 to Surface(name=VRI-com.android.launcher3/com.android.launcher3.uioverrides.QuickstepLauncher#6430)/@0xf5059f2 applyImmediately: false
1791670701.107 10312  5415  5415 D BaseDepthController: shouldBlurWorkspace: false targetState: Normal currentStableState: Background mCurrentBlur: 0 mLauncher.getDepthBlurTargets(): [com.android.launcher3.Workspace{c04cee1 V.ED..... ........ 0,0-1440,3216 #7f0a054d app:id/workspace aid=1073741834}, com.android.launcher3.Hotseat{176cc63 V.ED..... ........ 0,2667-1440,3216 #7f0a0241 app:id/hotseat aid=1073741899}]
1791670701.108 10312  5415  5415 D TaskThumbnailView: [TaskThumbnailView@60abeeb] taskId: 948 - uiState changed from: Uninitialized to: LiveTile
1791670701.108 10312  5415  5415 V BaseDepthController: Applying blur: 0 to Surface(name=VRI-com.android.launcher3/com.android.launcher3.uioverrides.QuickstepLauncher#6430)/@0xf5059f2 applyImmediately: false
1791670701.109 10312  5415  5415 D BaseDepthController: shouldBlurWorkspace: false targetState: Normal currentStableState: Background mCurrentBlur: 0 mLauncher.getDepthBlurTargets(): [com.android.launcher3.Workspace{c04cee1 V.ED..... ........ 0,0-1440,3216 #7f0a054d app:id/workspace aid=1073741834}, com.android.launcher3.Hotseat{176cc63 V.ED..... ........ 0,2667-1440,3216 #7f0a0241 app:id/hotseat aid=1073741899}]
1791670701.116 10312  5415  5415 V BaseDepthController: Applying blur: 0 to Surface(name=VRI-com.android.launcher3/com.android.launcher3.uioverrides.QuickstepLauncher#6430)/@0xf5059f2 applyImmediately: false
1791670701.116 10312  5415  5415 D BaseDepthController: shouldBlurWorkspace: false targetState: Normal currentStableState: Background mCurrentBlur: 0 mLauncher.getDepthBlurTargets(): [com.android.launcher3.Workspace{c04cee1 V.ED..... ........ 0,0-1440,3216 #7f0a054d app:id/workspace aid=1073741834}, com.android.launcher3.Hotseat{176cc63 V.ED..... ........ 0,2667-1440,3216 #7f0a0241 app:id/hotseat aid=1073741899}]
1791670701.125 10312  5415  5415 V BaseDepthController: Applying blur: 0 to Surface(name=VRI-com.android.launcher3/com.android.launcher3.uioverrides.QuickstepLauncher#6430)/@0xf5059f2 applyImmediately: false
1791670701.125 10312  5415  5415 D BaseDepthController: shouldBlurWorkspace: false targetState: Normal currentStableState: Background mCurrentBlur: 0 mLauncher.getDepthBlurTargets(): [com.android.launcher3.Workspace{c04cee1 V.ED..... ........ 0,0-1440,3216 #7f0a054d app:id/workspace aid=1073741834}, com.android.launcher3.Hotseat{176cc63 V.ED..... ........ 0,2667-1440,3216 #7f0a0241 app:id/hotseat aid=1073741899}]
1791670701.132 10312  5415  5415 V BaseDepthController: Applying blur: 0 to Surface(name=VRI-com.android.launcher3/com.android.launcher3.uioverrides.QuickstepLauncher#6430)/@0xf5059f2 applyImmediately: false
1791670701.133 10312  5415  5415 D BaseDepthController: shouldBlurWorkspace: false targetState: Normal currentStableState: Background mCurrentBlur: 0 mLauncher.getDepthBlurTargets(): [com.android.launcher3.Workspace{c04cee1 V.ED..... ........ 0,0-1440,3216 #7f0a054d app:id/workspace aid=1073741834}, com.android.launcher3.Hotseat{176cc63 V.ED..... ........ 0,2667-1440,3216 #7f0a0241 app:id/hotseat aid=1073741899}]
1791670701.141 10312  5415  5415 V BaseDepthController: Applying blur: 0 to Surface(name=VRI-com.android.launcher3/com.android.launcher3.uioverrides.QuickstepLauncher#6430)/@0xf5059f2 applyImmediately: false
1791670701.142 10312  5415  5415 D BaseDepthController: shouldBlurWorkspace: false targetState: Normal currentStableState: Background mCurrentBlur: 0 mLauncher.getDepthBlurTargets(): [com.android.launcher3.Workspace{c04cee1 V.ED..... ........ 0,0-1440,3216 #7f0a054d app:id/workspace aid=1073741834}, com.android.launcher3.Hotseat{176cc63 V.ED..... ........ 0,2667-1440,3216 #7f0a0241 app:id/hotseat aid=1073741899}]
1791670701.149 10312  5415  5415 V BaseDepthController: Applying blur: 0 to Surface(name=VRI-com.android.launcher3/com.android.launcher3.uioverrides.QuickstepLauncher#6430)/@0xf5059f2 applyImmediately: false
1791670701.150 10312  5415  5415 D BaseDepthController: setEarlyWakeup: true
1791670701.150 10312  5415  5415 D BaseDepthController: shouldBlurWorkspace: false targetState: Normal currentStableState: Background mCurrentBlur: 0 mLauncher.getDepthBlurTargets(): [com.android.launcher3.Workspace{c04cee1 V.ED..... ........ 0,0-1440,3216 #7f0a054d app:id/workspace aid=1073741834}, com.android.launcher3.Hotseat{176cc63 V.ED..... ........ 0,2667-1440,3216 #7f0a0241 app:id/hotseat aid=1073741899}]
1791670701.157 10312  5415  5415 V BaseDepthController: Applying blur: 0 to Surface(name=VRI-com.android.launcher3/com.android.launcher3.uioverrides.QuickstepLauncher#6430)/@0xf5059f2 applyImmediately: false
1791670701.158 10312  5415  5415 D BaseDepthController: shouldBlurWorkspace: false targetState: Normal currentStableState: Background mCurrentBlur: 0 mLauncher.getDepthBlurTargets(): [com.android.launcher3.Workspace{c04cee1 V.ED..... ........ 0,0-1440,3216 #7f0a054d app:id/workspace aid=1073741834}, com.android.launcher3.Hotseat{176cc63 V.ED..... ........ 0,2667-1440,3216 #7f0a0241 app:id/hotseat aid=1073741899}]
1791670701.165 10312  5415  5415 V BaseDepthController: Applying blur: 0 to Surface(name=VRI-com.android.launcher3/com.android.launcher3.uioverrides.QuickstepLauncher#6430)/@0xf5059f2 applyImmediately: false
1791670701.165 10312  5415  5415 D BaseDepthController: shouldBlurWorkspace: false targetState: Normal currentStableState: Background mCurrentBlur: 0 mLauncher.getDepthBlurTargets(): [com.android.launcher3.Workspace{c04cee1 V.ED..... ........ 0,0-1440,3216 #7f0a054d app:id/workspace aid=1073741834}, com.android.launcher3.Hotseat{176cc63 V.ED..... ........ 0,2667-1440,3216 #7f0a0241 app:id/hotseat aid=1073741899}]
1791670701.174 10312  5415  5415 V BaseDepthController: Applying blur: 0 to Surface(name=VRI-com.android.launcher3/com.android.launcher3.uioverrides.QuickstepLauncher#6430)/@0xf5059f2 applyImmediately: false
1791670701.174 10312  5415  5415 D BaseDepthController: shouldBlurWorkspace: false targetState: Normal currentStableState: Background mCurrentBlur: 0 mLauncher.getDepthBlurTargets(): [com.android.launcher3.Workspace{c04cee1 V.ED..... ........ 0,0-1440,3216 #7f0a054d app:id/workspace aid=1073741834}, com.android.launcher3.Hotseat{176cc63 V.ED..... ........ 0,2667-1440,3216 #7f0a0241 app:id/hotseat aid=1073741899}]
1791670701.183 10312  5415  5415 V BaseDepthController: Applying blur: 0 to Surface(name=VRI-com.android.launcher3/com.android.launcher3.uioverrides.QuickstepLauncher#6430)/@0xf5059f2 applyImmediately: false
1791670701.183 10312  5415  5415 D BaseDepthController: shouldBlurWorkspace: false targetState: Normal currentStableState: Background mCurrentBlur: 0 mLauncher.getDepthBlurTargets(): [com.android.launcher3.Workspace{c04cee1 V.ED..... ........ 0,0-1440,3216 #7f0a054d app:id/workspace aid=1073741834}, com.android.launcher3.Hotseat{176cc63 V.ED..... ........ 0,2667-1440,3216 #7f0a0241 app:id/hotseat aid=1073741899}]
1791670701.190 10312  5415  5415 V BaseDepthController: Applying blur: 0 to Surface(name=VRI-com.android.launcher3/com.android.launcher3.uioverrides.QuickstepLauncher#6430)/@0xf5059f2 applyImmediately: false
1791670701.191 10312  5415  5415 D BaseDepthController: shouldBlurWorkspace: false targetState: Normal currentStableState: Background mCurrentBlur: 0 mLauncher.getDepthBlurTargets(): [com.android.launcher3.Workspace{c04cee1 V.ED..... ........ 0,0-1440,3216 #7f0a054d app:id/workspace aid=1073741834}, com.android.launcher3.Hotseat{176cc63 V.ED..... ........ 0,2667-1440,3216 #7f0a0241 app:id/hotseat aid=1073741899}]
1791670701.199 10312  5415  5415 V BaseDepthController: Applying blur: 0 to Surface(name=VRI-com.android.launcher3/com.android.launcher3.uioverrides.QuickstepLauncher#6430)/@0xf5059f2 applyImmediately: false
1791670701.200 10312  5415  5415 D BaseDepthController: shouldBlurWorkspace: false targetState: Normal currentStableState: Background mCurrentBlur: 0 mLauncher.getDepthBlurTargets(): [com.android.launcher3.Workspace{c04cee1 V.ED..... ........ 0,0-1440,3216 #7f0a054d app:id/workspace aid=1073741834}, com.android.launcher3.Hotseat{176cc63 V.ED..... ........ 0,2667-1440,3216 #7f0a0241 app:id/hotseat aid=1073741899}]
1791670701.207 10312  5415  5415 V BaseDepthController: Applying blur: 0 to Surface(name=VRI-com.android.launcher3/com.android.launcher3.uioverrides.QuickstepLauncher#6430)/@0xf5059f2 applyImmediately: false
1791670701.207 10312  5415  5415 D BaseDepthController: shouldBlurWorkspace: false targetState: Normal currentStableState: Background mCurrentBlur: 0 mLauncher.getDepthBlurTargets(): [com.android.launcher3.Workspace{c04cee1 V.ED..... ........ 0,0-1440,3216 #7f0a054d app:id/workspace aid=1073741834}, com.android.launcher3.Hotseat{176cc63 V.ED..... ........ 0,2667-1440,3216 #7f0a0241 app:id/hotseat aid=1073741899}]
1791670701.216 10312  5415  5415 V BaseDepthController: Applying blur: 0 to Surface(name=VRI-com.android.launcher3/com.android.launcher3.uioverrides.QuickstepLauncher#6430)/@0xf5059f2 applyImmediately: false
1791670701.216 10312  5415  5415 D BaseDepthController: shouldBlurWorkspace: false targetState: Normal currentStableState: Background mCurrentBlur: 0 mLauncher.getDepthBlurTargets(): [com.android.launcher3.Workspace{c04cee1 V.ED..... ........ 0,0-1440,3216 #7f0a054d app:id/workspace aid=1073741834}, com.android.launcher3.Hotseat{176cc63 V.ED..... ........ 0,2667-1440,3216 #7f0a0241 app:id/hotseat aid=1073741899}]
1791670701.225 10312  5415  5415 V BaseDepthController: Applying blur: 0 to Surface(name=VRI-com.android.launcher3/com.android.launcher3.uioverrides.QuickstepLauncher#6430)/@0xf5059f2 applyImmediately: false
1791670701.225 10312  5415  5415 D BaseDepthController: shouldBlurWorkspace: false targetState: Normal currentStableState: Background mCurrentBlur: 0 mLauncher.getDepthBlurTargets(): [com.android.launcher3.Workspace{c04cee1 V.ED..... ........ 0,0-1440,3216 #7f0a054d app:id/workspace aid=1073741834}, com.android.launcher3.Hotseat{176cc63 V.ED..... ........ 0,2667-1440,3216 #7f0a0241 app:id/hotseat aid=1073741899}]
1791670701.232 10312  5415  5415 V BaseDepthController: Applying blur: 0 to Surface(name=VRI-com.android.launcher3/com.android.launcher3.uioverrides.QuickstepLauncher#6430)/@0xf5059f2 applyImmediately: false
1791670701.232 10312  5415  5415 D BaseDepthController: shouldBlurWorkspace: false targetState: Normal currentStableState: Background mCurrentBlur: 0 mLauncher.getDepthBlurTargets(): [com.android.launcher3.Workspace{c04cee1 V.ED..... ........ 0,0-1440,3216 #7f0a054d app:id/workspace aid=1073741834}, com.android.launcher3.Hotseat{176cc63 V.ED..... ........ 0,2667-1440,3216 #7f0a0241 app:id/hotseat aid=1073741899}]
1791670701.241 10312  5415  5415 V BaseDepthController: Applying blur: 0 to Surface(name=VRI-com.android.launcher3/com.android.launcher3.uioverrides.QuickstepLauncher#6430)/@0xf5059f2 applyImmediately: false
1791670701.241 10312  5415  5415 D BaseDepthController: shouldBlurWorkspace: false targetState: Normal currentStableState: Background mCurrentBlur: 0 mLauncher.getDepthBlurTargets(): [com.android.launcher3.Workspace{c04cee1 V.ED..... ........ 0,0-1440,3216 #7f0a054d app:id/workspace aid=1073741834}, com.android.launcher3.Hotseat{176cc63 V.ED..... ........ 0,2667-1440,3216 #7f0a0241 app:id/hotseat aid=1073741899}]
1791670701.248  1000  4337  6596 W ApplicationInfo: Large ApplicationInfo parcel: size=24372 package=com.zhiliaoapp.musically splits=69 sharedLibs=8 resDirs=6 overlayPaths=6
1791670701.249 10312  5415  5415 V BaseDepthController: Applying blur: 0 to Surface(name=VRI-com.android.launcher3/com.android.launcher3.uioverrides.QuickstepLauncher#6430)/@0xf5059f2 applyImmediately: false
1791670701.249 10312  5415  5415 D BaseDepthController: shouldBlurWorkspace: false targetState: Normal currentStableState: Background mCurrentBlur: 0 mLauncher.getDepthBlurTargets(): [com.android.launcher3.Workspace{c04cee1 V.ED..... ........ 0,0-1440,3216 #7f0a054d app:id/workspace aid=1073741834}, com.android.launcher3.Hotseat{176cc63 V.ED..... ........ 0,2667-1440,3216 #7f0a0241 app:id/hotseat aid=1073741899}]
1791670701.257 10312  5415  5415 V BaseDepthController: Applying blur: 0 to Surface(name=VRI-com.android.launcher3/com.android.launcher3.uioverrides.QuickstepLauncher#6430)/@0xf5059f2 applyImmediately: false
1791670701.257 10312  5415  5415 D BaseDepthController: shouldBlurWorkspace: false targetState: Normal currentStableState: Background mCurrentBlur: 0 mLauncher.getDepthBlurTargets(): [com.android.launcher3.Workspace{c04cee1 V.ED..... ........ 0,0-1440,3216 #7f0a054d app:id/workspace aid=1073741834}, com.android.launcher3.Hotseat{176cc63 V.ED..... ........ 0,2667-1440,3216 #7f0a0241 app:id/hotseat aid=1073741899}]
1791670701.265 10312  5415  5415 V BaseDepthController: Applying blur: 0 to Surface(name=VRI-com.android.launcher3/com.android.launcher3.uioverrides.QuickstepLauncher#6430)/@0xf5059f2 applyImmediately: false
1791670701.266 10312  5415  5415 D BaseDepthController: shouldBlurWorkspace: false targetState: Normal currentStableState: Background mCurrentBlur: 0 mLauncher.getDepthBlurTargets(): [com.android.launcher3.Workspace{c04cee1 V.ED..... ........ 0,0-1440,3216 #7f0a054d app:id/workspace aid=1073741834}, com.android.launcher3.Hotseat{176cc63 V.ED..... ........ 0,2667-1440,3216 #7f0a0241 app:id/hotseat aid=1073741899}]
1791670701.274 10312  5415  5415 V BaseDepthController: Applying blur: 0 to Surface(name=VRI-com.android.launcher3/com.android.launcher3.uioverrides.QuickstepLauncher#6430)/@0xf5059f2 applyImmediately: false
1791670701.275 10312  5415  5415 D BaseDepthController: shouldBlurWorkspace: false targetState: Normal currentStableState: Background mCurrentBlur: 0 mLauncher.getDepthBlurTargets(): [com.android.launcher3.Workspace{c04cee1 V.ED..... ........ 0,0-1440,3216 #7f0a054d app:id/workspace aid=1073741834}, com.android.launcher3.Hotseat{176cc63 V.ED..... ........ 0,2667-1440,3216 #7f0a0241 app:id/hotseat aid=1073741899}]
1791670701.282 10312  5415  5415 V BaseDepthController: Applying blur: 0 to Surface(name=VRI-com.android.launcher3/com.android.launcher3.uioverrides.QuickstepLauncher#6430)/@0xf5059f2 applyImmediately: false
1791670701.282 10312  5415  5415 D BaseDepthController: shouldBlurWorkspace: false targetState: Normal currentStableState: Background mCurrentBlur: 0 mLauncher.getDepthBlurTargets(): [com.android.launcher3.Workspace{c04cee1 V.ED..... ........ 0,0-1440,3216 #7f0a054d app:id/workspace aid=1073741834}, com.android.launcher3.Hotseat{176cc63 V.ED..... ........ 0,2667-1440,3216 #7f0a0241 app:id/hotseat aid=1073741899}]
1791670701.290 10312  5415  5415 V BaseDepthController: Applying blur: 0 to Surface(name=VRI-com.android.launcher3/com.android.launcher3.uioverrides.QuickstepLauncher#6430)/@0xf5059f2 applyImmediately: false
1791670701.291 10312  5415  5415 D BaseDepthController: shouldBlurWorkspace: false targetState: Normal currentStableState: Background mCurrentBlur: 0 mLauncher.getDepthBlurTargets(): [com.android.launcher3.Workspace{c04cee1 V.ED..... ........ 0,0-1440,3216 #7f0a054d app:id/workspace aid=1073741834}, com.android.launcher3.Hotseat{176cc63 V.ED..... ........ 0,2667-1440,3216 #7f0a0241 app:id/hotseat aid=1073741899}]
1791670701.300 10312  5415  5415 D RecentsView: cleanupRemoteTargets - mRemoteTargetHandles: [com.android.quickstep.RemoteTargetGluer$RemoteTargetHandle@c07e058]
1791670701.300 10312  5415  5415 D StatsLog: LAUNCHER_HOME_GESTURE
1791670701.301 10312  5415  5415 D b/417220811: Current thumbnail: null, replacing with android.graphics.Bitmap@7bc0a96
1791670701.301 10303  4915  5301 V ShellRecents: [186524545] RecentsController.finishInner: toHome=true userLeave=true willFinishToHome=true state=0 hasPausingTasks=true reason=requested
1791670701.301 10303  4915  5301 V ShellRecents:   normal finish
1791670701.301 10303  4915  5301 V ShellRecents: [186524545] RecentsController.finishInner: Completing finish
1791670701.302 10303  4915  5301 V ShellRecents: [186524545] RecentsController.cleanup
1791670701.302 10312  5415  5415 V BaseDepthController: Applying blur: 0 to Surface(name=VRI-com.android.launcher3/com.android.launcher3.uioverrides.QuickstepLauncher#6430)/@0xf5059f2 applyImmediately: false
1791670701.302 10312  5415  5415 D BaseDepthController: shouldBlurWorkspace: false targetState: Normal currentStableState: Background mCurrentBlur: 0 mLauncher.getDepthBlurTargets(): [com.android.launcher3.Workspace{c04cee1 V.ED..... ........ 0,0-1440,3216 #7f0a054d app:id/workspace aid=1073741834}, com.android.launcher3.Hotseat{176cc63 V.ED..... ........ 0,2667-1440,3216 #7f0a0241 app:id/hotseat aid=1073741899}]
1791670701.302 10303  4915  5301 D WindowManagerShell: PipDesktopState: Recents transition state changed: TRANSITION_STATE_NOT_RUNNING
1791670701.302 10303  4915  5301 V ShellDesktopMode: DesktopTasksController: Recents transition state changed: TRANSITION_STATE_NOT_RUNNING
1791670701.303 10303  4915  5301 V WindowManagerShell: Transition animation finished (aborted=false), notifying core (#425) android.os.BinderProxy@2c1368@0
1791670701.305 10312  5415  5415 D RecentsView: setRecentsAnimationTargets - recentsAnimationController: null, recentsAnimationTargets: null
1791670701.307 10312  5415  5415 V BaseDepthController: Applying blur: 0 to Surface(name=VRI-com.android.launcher3/com.android.launcher3.uioverrides.QuickstepLauncher#6430)/@0xf5059f2 applyImmediately: false
1791670701.307 10312  5415  5415 D BaseDepthController: shouldBlurWorkspace: false targetState: Normal currentStableState: Background mCurrentBlur: 0 mLauncher.getDepthBlurTargets(): [com.android.launcher3.Workspace{c04cee1 V.ED..... ........ 0,0-1440,3216 #7f0a054d app:id/workspace aid=1073741834}, com.android.launcher3.Hotseat{176cc63 V.ED..... ........ 0,2667-1440,3216 #7f0a0241 app:id/hotseat aid=1073741899}]
1791670701.313  1000  4337  4382 V WindowManager: Finish Transition (#425): created at 10-11 01:18:20.968 collect-started=0.245ms started=0.293ms ready=6.643ms sent=11.453ms commit=27.239ms finished=344.487ms
1791670701.317 10312  5415  5415 V BaseDepthController: Applying blur: 0 to Surface(name=VRI-com.android.launcher3/com.android.launcher3.uioverrides.QuickstepLauncher#6430)/@0xf5059f2 applyImmediately: false
1791670701.317 10312  5415  5415 D BaseDepthController: shouldBlurWorkspace: false targetState: Normal currentStableState: Background mCurrentBlur: 0 mLauncher.getDepthBlurTargets(): [com.android.launcher3.Workspace{c04cee1 V.ED..... ........ 0,0-1440,3216 #7f0a054d app:id/workspace aid=1073741834}, com.android.launcher3.Hotseat{176cc63 V.ED..... ........ 0,2667-1440,3216 #7f0a0241 app:id/hotseat aid=1073741899}]
1791670701.318  1000  1659  1659 I QTI PowerHAL: Power setMode: 5 to: 0
1791670701.319 10303  4915  5301 V WindowManagerShell: Track 0 became idle
1791670701.319 10303  4915  5301 V WindowManagerShell: All active transition animations finished
1791670701.319 10303  4915  5301 V ShellRecents: [186524545] RecentsController.finishInner: calling finish callback
1791670701.323 10312  5415  5415 D ContextTracker: Unregistering callback: com.android.quickstep.util.ContextInitListener@c16f02f, reason=AbsSwipeUpHandler.invalidateHandler
1791670701.323 10312  5415  5415 D RecentsView: updateTaskStackListenerState: false
1791670701.325 10312  5415  5415 D OverviewActionsView: updateForGroupedTask() called with: isGroupedTask = [false], canSaveAppPair = [false]
1791670701.325 10312  5415  5415 D OverviewActionsView: updateActionButtonsVisibility() called: showSingleTaskActions = [true], showGroupActions = [false]
1791670701.325 10312  5415  5415 D OverviewActionsView: updateForGroupedTask() called with: isGroupedTask = [false], canSaveAppPair = [false]
1791670701.325 10312  5415  5415 D OverviewActionsView: updateActionButtonsVisibility() called: showSingleTaskActions = [true], showGroupActions = [false]
1791670701.325 10312  5415  5415 D RecentsView: onGestureAnimationEnd - mEnableDrawingLiveTile: false
1791670701.327 10312  5415  5415 V BaseDepthController: Applying blur: 0 to Surface(name=VRI-com.android.launcher3/com.android.launcher3.uioverrides.QuickstepLauncher#6430)/@0xf5059f2 applyImmediately: false
1791670701.328 10312  5415  5415 D BaseDepthController: shouldBlurWorkspace: false targetState: Normal currentStableState: Background mCurrentBlur: 0 mLauncher.getDepthBlurTargets(): [com.android.launcher3.Workspace{c04cee1 V.ED..... ........ 0,0-1440,3216 #7f0a054d app:id/workspace aid=1073741834}, com.android.launcher3.Hotseat{176cc63 V.ED..... ........ 0,2667-1440,3216 #7f0a0241 app:id/hotseat aid=1073741899}]
1791670701.332 10312  5415  5415 D TaskThumbnailView: [TaskThumbnailView@60abeeb] taskId: 948 - uiState changed from: LiveTile to: SnapshotSplash(snapshot=Snapshot(bitmap=android.graphics.Bitmap@7bc0a96, thumbnailRotation=0, backgroundColor=-15134196), splash=com.android.launcher3.icons.FastBitmapDrawable@837e527)
1791670701.332 10761 30754 30754 D VRI[MainActivity]: visibilityChanged oldVisibility=true newVisibility=false
1791670701.332 10312  5415  5415 V BaseDepthController: Applying blur: 0 to Surface(name=VRI-com.android.launcher3/com.android.launcher3.uioverrides.QuickstepLauncher#6430)/@0xf5059f2 applyImmediately: false
1791670701.332 10312  5415  5415 D BaseDepthController: shouldBlurWorkspace: false targetState: Normal currentStableState: Background mCurrentBlur: 0 mLauncher.getDepthBlurTargets(): [com.android.launcher3.Workspace{c04cee1 V.ED..... ........ 0,0-1440,3216 #7f0a054d app:id/workspace aid=1073741834}, com.android.launcher3.Hotseat{176cc63 V.ED..... ........ 0,2667-1440,3216 #7f0a0241 app:id/hotseat aid=1073741899}]
1791670701.336 10761 30754 30754 D WindowOnBackDispatcher: setTopOnBackInvokedCallback (unwrapped): android.app.Activity$$ExternalSyntheticLambda0@19a21b2
1791670701.338  1000  4337  4663 I Surface : Creating surface for consumer unnamed-4337-150 with slotExpansion=1 for 64 slots
1791670701.338  1000  4337  4663 I Surface : Creating surface for consumer ImageReader-1440x3216f1m1-4337-143 with slotExpansion=1 for 64 slots
1791670701.338  1000  4337  4522 D CoreBackPreview: Window{bf398b2 u0 com.f0x1d.logfox/com.f0x1d.logfox.presentation.ui.activity.MainActivity}: Setting back callback OnBackInvokedCallbackInfo{mCallback=android.window.IOnBackInvokedCallback$Stub$Proxy@efbe360, mPriority=-1, mIsAnimationCallback=false, mOverrideBehavior=0}
1791670701.338  1000  4337  4663 W ImageReader_JNI: Unable to acquire a buffer item, very likely client tried to acquire more than maxImages buffers
1791670701.339  1000  4337  4385 V WindowManager: Unknown focus tokens, dropping reportFocusChanged
1791670701.342 10312  5415  5415 V BaseDepthController: Applying blur: 0 to Surface(name=VRI-com.android.launcher3/com.android.launcher3.uioverrides.QuickstepLauncher#6430)/@0xf5059f2 applyImmediately: false
1791670701.342 10312  5415  5415 D BaseDepthController: shouldBlurWorkspace: false targetState: Normal currentStableState: Background mCurrentBlur: 0 mLauncher.getDepthBlurTargets(): [com.android.launcher3.Workspace{c04cee1 V.ED..... ........ 0,0-1440,3216 #7f0a054d app:id/workspace aid=1073741834}, com.android.launcher3.Hotseat{176cc63 V.ED..... ........ 0,2667-1440,3216 #7f0a0241 app:id/hotseat aid=1073741899}]
1791670701.355 10312  5415  5415 V BaseDepthController: Applying blur: 0 to Surface(name=VRI-com.android.launcher3/com.android.launcher3.uioverrides.QuickstepLauncher#6430)/@0xf5059f2 applyImmediately: false
1791670701.355 10312  5415  5415 D BaseDepthController: shouldBlurWorkspace: false targetState: Normal currentStableState: Background mCurrentBlur: 0 mLauncher.getDepthBlurTargets(): [com.android.launcher3.Workspace{c04cee1 V.ED..... ........ 0,0-1440,3216 #7f0a054d app:id/workspace aid=1073741834}, com.android.launcher3.Hotseat{176cc63 V.ED..... .......D 0,2667-1440,3216 #7f0a0241 app:id/hotseat aid=1073741899}]
1791670701.368 10312  5415  5415 W ImeBackCallbackProxy: Ime callback not found. Ignoring unregisterReceivedCallback. callbackId: 79381536 remaining callbacks: 0
1791670701.369  1000  4337  4663 E ConsumerBase: [ImageReader-1440x3216f1m1-4337-143] abandonLocked: ConsumerBase is abandoned!
1791670701.370 10312  5415  5415 V BaseDepthController: Applying blur: 0 to Surface(name=VRI-com.android.launcher3/com.android.launcher3.uioverrides.QuickstepLauncher#6430)/@0xf5059f2 applyImmediately: false
1791670701.371 10312  5415  5415 D BaseDepthController: shouldBlurWorkspace: false targetState: Normal currentStableState: Background mCurrentBlur: 0 mLauncher.getDepthBlurTargets(): [com.android.launcher3.Workspace{c04cee1 V.ED..... ........ 0,0-1440,3216 #7f0a054d app:id/workspace aid=1073741834}, com.android.launcher3.Hotseat{176cc63 V.ED..... .......D 0,2667-1440,3216 #7f0a0241 app:id/hotseat aid=1073741899}]
1791670701.371  1000  4337  4553 I ImeTracker: com.android.launcher3:12cb0b97: onRequestHide at ORIGIN_SERVER reason HIDE_UNSPECIFIED_WINDOW fromUser false userId 0 displayId 0
1791670701.372 10384  6896  6896 I SubtypeOperator: SubtypeOperator$1.onUnbindInput():44
1791670701.373 10384  6896  6896 I SubtypeOperator: SubtypeOperator$1.onBindInput():33
1791670701.374 10384  6896  6896 I GoogleInputMethodService: GoogleInputMethodService.onFinishInput():2404
1791670701.374  1000  4337  4553 W InputChannel-JNI: Channel already disposed.
1791670701.374 10384  6896  6896 I GoogleInputMethodService: GoogleInputMethodService.onStartInput():1552 onStartInput(EditorInfo{EditorInfo{packageName=com.android.launcher3, inputType=0, inputTypeString=NULL, enableLearning=false, autoCorrection=false, autoComplete=false, imeOptions=0, privateImeOptions=null, actionName=UNSPECIFIED, actionLabel=null, initialSelStart=-1, initialSelEnd=-1, initialCapsMode=0, label=null, fieldId=0, fieldName=null, extras=null, hintText=null, hintLocales=[]}}, false)
1791670701.374 10384  6896  6896 I LatinInputMethodServiceBase: LatinInputMethodServiceBase.updateInputViewCoverNavigation():360 Update input view padding, isNavbarOverInputWindow=true, bottom inset=134
1791670701.376  1000  4337  4522 W PackageConfigPersister: App-specific configuration not found for packageName: com.android.launcher3 and userId: 0
1791670701.377 10384  6896 19255 I Module  : DeviceLockedStatusModuleProvider$Module.updateDeviceLockedStatusInternal():119 repeatCheckTimes = 0, locked = false
1791670701.378  1000  4337  4518 I ImeTracker: system_server:116978bf: onRequestHide at ORIGIN_SERVER reason IME_REQUESTED_CHANGED_LISTENER fromUser false displayId 0
1791670701.378 10384  6896 19255 I Module  : DeviceLockedStatusModuleProvider$Module.updateDeviceLockedStatusInternal():119 repeatCheckTimes = 1, locked = false
1791670701.379  1000  4337  4385 I ImeTracker: system_server:116978bf: onCancelled at PHASE_SERVER_SHOULD_HIDE
1791670701.379 10312  5415  5415 D InsetsController: hide(ime())
1791670701.379 10312  5415  5415 I ImeTracker: com.android.launcher3:12cb0b97: onCancelled at PHASE_CLIENT_ALREADY_HIDDEN
1791670701.380 10312  5415  5415 V BaseDepthController: Applying blur: 0 to Surface(name=VRI-com.android.launcher3/com.android.launcher3.uioverrides.QuickstepLauncher#6430)/@0xf5059f2 applyImmediately: false
1791670701.380 10312  5415  5415 D BaseDepthController: shouldBlurWorkspace: false targetState: Normal currentStableState: Background mCurrentBlur: 0 mLauncher.getDepthBlurTargets(): [com.android.launcher3.Workspace{c04cee1 V.ED..... ........ 0,0-1440,3216 #7f0a054d app:id/workspace aid=1073741834}, com.android.launcher3.Hotseat{176cc63 V.ED..... .......D 0,2667-1440,3216 #7f0a0241 app:id/hotseat aid=1073741899}]
1791670701.394  1000  4337  5236 W ApplicationInfo: Large ApplicationInfo parcel: size=24372 package=com.zhiliaoapp.musically splits=69 sharedLibs=8 resDirs=6 overlayPaths=6
1791670701.396 10312  5415  5415 V BaseDepthController: Applying blur: 0 to Surface(name=VRI-com.android.launcher3/com.android.launcher3.uioverrides.QuickstepLauncher#6430)/@0xf5059f2 applyImmediately: false
1791670701.396 10312  5415  5415 D BaseDepthController: shouldBlurWorkspace: false targetState: Normal currentStableState: Background mCurrentBlur: 0 mLauncher.getDepthBlurTargets(): [com.android.launcher3.Workspace{c04cee1 V.ED..... ........ 0,0-1440,3216 #7f0a054d app:id/workspace aid=1073741834}, com.android.launcher3.Hotseat{176cc63 V.ED..... ........ 0,2667-1440,3216 #7f0a0241 app:id/hotseat aid=1073741899}]
1791670701.398 10312  5415  5415 D ScalingWorkspaceRevealAnim: onAnimationCancel
1791670701.398 10312  5415  5415 D ScalingWorkspaceRevealAnim: onAnimationEnd, workspace and hotseat are visible
1791670701.399 10312  5415  5415 V BaseDepthController: Applying blur: 1 to Surface(name=VRI-com.android.launcher3/com.android.launcher3.uioverrides.QuickstepLauncher#6430)/@0xf5059f2 applyImmediately: false
1791670701.399 10312  5415  5415 D BaseDepthController: shouldBlurWorkspace: false targetState: Normal currentStableState: Background mCurrentBlur: 1 mLauncher.getDepthBlurTargets(): [com.android.launcher3.Workspace{c04cee1 V.ED..... ......ID 0,0-1440,3216 #7f0a054d app:id/workspace aid=1073741834}, com.android.launcher3.Hotseat{176cc63 V.ED..... ......ID 0,2667-1440,3216 #7f0a0241 app:id/hotseat aid=1073741899}]
1791670701.399 10312  5415  5415 D AllAppsTransitionController: shouldProtectHeader: true skipScrim: false state: AllApps stateManager.getState(): Normal
1791670701.400 10312  5415  5415 D StatsLog: LAUNCHER_ALLAPPS_ENTRY_WITH_DEVICE_SEARCH
1791670701.400 10312  5415  5415 D Current state display 0: newValue: AllApps
1791670701.401 10312  5415  5415 I BaseDragLayer: findActiveController: mActiveController=NoButtonNavbarToOverviewTouchController
1791670701.420 10312  5415  5415 V BaseDepthController: Applying blur: 8 to Surface(name=VRI-com.android.launcher3/com.android.launcher3.uioverrides.QuickstepLauncher#6430)/@0xf5059f2 applyImmediately: false
1791670701.420 10312  5415  5415 D BaseDepthController: shouldBlurWorkspace: true targetState: AllApps currentStableState: Background mCurrentBlur: 8 mLauncher.getDepthBlurTargets(): [com.android.launcher3.Workspace{c04cee1 V.ED..... .......D 0,0-1440,3216 #7f0a054d app:id/workspace aid=1073741834}, com.android.launcher3.Hotseat{176cc63 V.ED..... ........ 0,2667-1440,3216 #7f0a0241 app:id/hotseat aid=1073741899}]
1791670701.421 10303  4915  5301 V RecentTasksController: generateList(getRecentTasks)
1791670701.421 10303  4915  5301 V RecentTasksController: initializeDesksMap - allDeskIds: []
1791670701.421 10303  4915  5301 V RecentTasksController: Task 948 is not an active desktop task
1791670701.421 10303  4915  5301 V RecentTasksController: Added fullscreen task: 948
1791670701.421 10303  4915  5301 V RecentTasksController: Task 947 is not an active desktop task
1791670701.421 10303  4915  5301 V RecentTasksController: Added fullscreen task: 947
1791670701.421 10303  4915  5301 V RecentTasksController: Task 713 is not an active desktop task
1791670701.421 10303  4915  5301 V RecentTasksController: Added fullscreen task: 713
1791670701.421 10303  4915  5301 V RecentTasksController: generateList - complete
1791670701.421 10303  4915  5301 V RecentTasksController: Notify recent tasks changed
1791670701.422 10312  5415  5453 D PreloadThumbnailUseCase: Preloading thumbnails for task ids: [[id=713 windowingMode=0 user=0 lastActiveTime=134812] null, [id=947 windowingMode=1 user=0 lastActiveTime=3586147] null, [id=948 windowingMode=1 user=0 lastActiveTime=3605233] null]
1791670701.429 10312  5415  5415 D RecentTasksList: invalidateLoadedTasks - previous requestLoadId: -1
1791670701.430 10312  5415  5415 V BaseDepthController: Applying blur: 10 to Surface(name=VRI-com.android.launcher3/com.android.launcher3.uioverrides.QuickstepLauncher#6430)/@0xf5059f2 applyImmediately: false
1791670701.430 10312  5415  5415 D BaseDepthController: shouldBlurWorkspace: true targetState: AllApps currentStableState: Background mCurrentBlur: 10 mLauncher.getDepthBlurTargets(): [com.android.launcher3.Workspace{c04cee1 V.ED..... .......D 0,0-1440,3216 #7f0a054d app:id/workspace aid=1073741834}, com.android.launcher3.Hotseat{176cc63 V.ED..... ........ 0,2667-1440,3216 #7f0a0241 app:id/hotseat aid=1073741899}]
1791670701.440  1000  1659  1659 E QTI PowerHAL: Failed to acquire lock.
1791670701.440  1000  1659  1659 E QTI PowerHAL: Failed process_boost for boost_handle
1791670701.444 10312  5415  5415 V BaseDepthController: Applying blur: 15 to Surface(name=VRI-com.android.launcher3/com.android.launcher3.uioverrides.QuickstepLauncher#6430)/@0xf5059f2 applyImmediately: false
1791670701.444 10312  5415  5415 D BaseDepthController: shouldBlurWorkspace: true targetState: AllApps currentStableState: Background mCurrentBlur: 15 mLauncher.getDepthBlurTargets(): [com.android.launcher3.Workspace{c04cee1 V.ED..... .......D 0,0-1440,3216 #7f0a054d app:id/workspace aid=1073741834}, com.android.launcher3.Hotseat{176cc63 V.ED..... ........ 0,2667-1440,3216 #7f0a0241 app:id/hotseat aid=1073741899}]
1791670701.445 10312  5415  5415 V BaseDepthController: Applying blur: 17 to Surface(name=VRI-com.android.launcher3/com.android.launcher3.uioverrides.QuickstepLauncher#6430)/@0xf5059f2 applyImmediately: false
1791670701.445 10312  5415  5415 D BaseDepthController: shouldBlurWorkspace: true targetState: AllApps currentStableState: Background mCurrentBlur: 17 mLauncher.getDepthBlurTargets(): [com.android.launcher3.Workspace{c04cee1 V.ED..... .......D 0,0-1440,3216 #7f0a054d app:id/workspace aid=1073741834}, com.android.launcher3.Hotseat{176cc63 V.ED..... ........ 0,2667-1440,3216 #7f0a0241 app:id/hotseat aid=1073741899}]
1791670701.453  root 11925 30824 W adbd    : timed out while waiting for FUNCTIONFS_BIND, trying again
1791670701.453  root 11925 30824 I adbd    : UsbFfs: connection terminated: monitor thread finished
1791670701.455 10312  5415  5415 V BaseDepthController: Applying blur: 30 to Surface(name=VRI-com.android.launcher3/com.android.launcher3.uioverrides.QuickstepLauncher#6430)/@0xf5059f2 applyImmediately: false
1791670701.455 10312  5415  5415 D BaseDepthController: setEarlyWakeup: false
1791670701.455 10312  5415  5415 D BaseDepthController: shouldBlurWorkspace: true targetState: AllApps currentStableState: Background mCurrentBlur: 30 mLauncher.getDepthBlurTargets(): [com.android.launcher3.Workspace{c04cee1 V.ED..... .......D 0,0-1440,3216 #7f0a054d app:id/workspace aid=1073741834}, com.android.launcher3.Hotseat{176cc63 V.ED..... .......D 0,2667-1440,3216 #7f0a0241 app:id/hotseat aid=1073741899}]
1791670701.473 10312  5415  5415 V BaseDepthController: Applying blur: 30 to Surface(name=VRI-com.android.launcher3/com.android.launcher3.uioverrides.QuickstepLauncher#6430)/@0xf5059f2 applyImmediately: false
1791670701.473 10312  5415  5415 D BaseDepthController: shouldBlurWorkspace: true targetState: AllApps currentStableState: Background mCurrentBlur: 30 mLauncher.getDepthBlurTargets(): [com.android.launcher3.Workspace{c04cee1 V.ED..... .......D 0,0-1440,3216 #7f0a054d app:id/workspace aid=1073741834}, com.android.launcher3.Hotseat{176cc63 V.ED..... .......D 0,2667-1440,3216 #7f0a0241 app:id/hotseat aid=1073741899}]
1791670701.482  root 11925 11938 I adbd    : opening control endpoint /dev/usb-ffs/adb/ep0
1791670701.483  root 11938 11938 I         : read descriptors
1791670701.483  root 11938 11938 I         : read strings
1791670701.501 10312  5415  5415 V BaseDepthController: Applying blur: 30 to Surface(name=VRI-com.android.launcher3/com.android.launcher3.uioverrides.QuickstepLauncher#6430)/@0xf5059f2 applyImmediately: false
1791670701.501 10312  5415  5415 D BaseDepthController: shouldBlurWorkspace: true targetState: AllApps currentStableState: Background mCurrentBlur: 30 mLauncher.getDepthBlurTargets(): [com.android.launcher3.Workspace{c04cee1 V.ED..... .......D 0,0-1440,3216 #7f0a054d app:id/workspace aid=1073741834}, com.android.launcher3.Hotseat{176cc63 V.ED..... .......D 0,2667-1440,3216 #7f0a0241 app:id/hotseat aid=1073741899}]
1791670701.514  1000  4337  4337 W AccessibilityManagerService:  wait for adding window timeout: 15
1791670701.514 10312  5415  5415 I ImeTracker: com.android.launcher3:96fe753f: onRequestShow at ORIGIN_CLIENT reason SHOW_SOFT_INPUT fromUser false userId 0 displayId 0
1791670701.515 10312  5415  5415 D InsetsController: show(ime())
1791670701.516 10312  5415  5415 D InsetsController: Setting requestedVisibleTypes to 511 (was 503)
1791670701.516 10312  5415  5415 D RecentsView: reset - mEnableDrawingLiveTile: false, mRecentsAnimationController: null
1791670701.516 10312  5415  5415 D TaskThumbnailView: [TaskThumbnailView@60abeeb] taskId: null - uiState changed from: SnapshotSplash(snapshot=Snapshot(bitmap=android.graphics.Bitmap@7bc0a96, thumbnailRotation=0, backgroundColor=-15134196), splash=com.android.launcher3.icons.FastBitmapDrawable@837e527) to: Uninitialized
1791670701.517 10312  5415  5415 D TaskThumbnailView: [TaskThumbnailView@6ae2063] taskId: null - uiState changed from: BackgroundOnly(backgroundColor=-16777216) to: Uninitialized
1791670701.517 10312  5415  5415 D TaskThumbnailView: [TaskThumbnailView@5952ac9] taskId: null - uiState changed from: SnapshotSplash(snapshot=Snapshot(bitmap=android.graphics.Bitmap@8fc8037, thumbnailRotation=0, backgroundColor=-15461864), splash=com.android.launcher3.icons.FastBitmapDrawable@74d2b87) to: Uninitialized
1791670701.517 10312  5415  5415 D StatsLog: LAUNCHER_ALLAPPS_OPEN_UP
1791670701.523 10303  3632  3632 D Screenshot: finishDismiss
1791670701.524  1000  4337  4553 W InputChannel-JNI: Channel already disposed.
1791670701.525 10384  6896  6896 I GoogleInputMethodService: GoogleInputMethodService.onFinishInput():2404
1791670701.526 10384  6896  6896 I GoogleInputMethodService: GoogleInputMethodService.onStartInput():1552 onStartInput(EditorInfo{EditorInfo{packageName=com.android.launcher3, inputType=282001, inputTypeString=Normal[NoSuggestion|CapWords], enableLearning=false, autoCorrection=true, autoComplete=true, imeOptions=10000003, privateImeOptions=null, actionName=SEARCH, actionLabel=null, initialSelStart=0, initialSelEnd=0, initialCapsMode=2000, label=null, fieldId=2131362742, fieldName=null, extras=Bundle[mParcelledData.dataSize=168], hintText=non-empty, hintLocales=[]}}, false)
1791670701.526 10312  5415  5415 D OverviewActionsView: updateForGroupedTask() called with: isGroupedTask = [false], canSaveAppPair = [false]
1791670701.526 10312  5415  5415 D OverviewActionsView: updateActionButtonsVisibility() called: showSingleTaskActions = [true], showGroupActions = [false]
1791670701.526 10312  5415  5415 D TasksRepository: updateTaskRequests to: [], removed: [947, 948, 713], added: []
1791670701.526 10384  6896  6896 I LatinInputMethodServiceBase: LatinInputMethodServiceBase.updateInputViewCoverNavigation():360 Update input view padding, isNavbarOverInputWindow=true, bottom inset=134
1791670701.526 10312  5415  5415 I TasksRepository: removeTasks: [947, 948, 713]
1791670701.527 10384  6896  6896 I HardKeyTracker: HardKeyTracker.unregisterKeySequence():259 Unregister key sequence aict{labelResId=2132020445, callback=zze@216d05d, lastModifier=2, keyCodes=[56], actions=[0]}
1791670701.527 10384  6896  6896 I HardKeyTracker: HardKeyTracker.unregisterKeySequence():259 Unregister key sequence aict{labelResId=2132020445, callback=zze@c213dd2, lastModifier=0, keyCodes=[317], actions=[0]}
1791670701.528 10384  6896  6896 I HardKeyTracker: HardKeyTracker.registerKeySequence():201 Register key sequence aict{labelResId=2132020445, callback=zze@f31bc5c, lastModifier=2, keyCodes=[56], actions=[0]}
1791670701.528 10384  6896  6896 I HardKeyTracker: HardKeyTracker.registerKeySequence():201 Register key sequence aict{labelResId=2132020445, callback=zze@ab96b65, lastModifier=0, keyCodes=[317], actions=[0]}
1791670701.528 10384  6896 13584 I Module  : DeviceLockedStatusModuleProvider$Module.updateDeviceLockedStatusInternal():119 repeatCheckTimes = 0, locked = false
1791670701.529 10384  6896 13584 I Module  : DeviceLockedStatusModuleProvider$Module.updateDeviceLockedStatusInternal():119 repeatCheckTimes = 1, locked = false
1791670701.529  1000  4337  6598 W PackageConfigPersister: App-specific configuration not found for packageName: com.android.launcher3 and userId: 0
1791670701.530 10383  6979 11921 I floq    : (REDACTED) HDM. appOpsListener %s %s
1791670701.530 10383  6979 11921 I floq    : (REDACTED) HDM. Ignoring irrelevant audio permission changes for package %s
1791670701.530 10383  6979 13775 I floq    : (REDACTED) HDM. appOpsListener %s %s
1791670701.530 10383  6979 13775 I floq    : (REDACTED) HDM. Ignoring irrelevant audio permission changes for package %s
1791670701.532 10384  6896  6896 W ModuleManager: ModuleManager.loadModule():641 Module aihc is not available
1791670701.533 10384  6896  6896 I GoogleInputMethodService: GoogleInputMethodService.onStartInputView():1638 onStartInputView(EditorInfo{EditorInfo{packageName=com.android.launcher3, inputType=282001, inputTypeString=Normal[NoSuggestion|CapWords], enableLearning=false, autoCorrection=true, autoComplete=true, imeOptions=10000003, privateImeOptions=null, actionName=SEARCH, actionLabel=null, initialSelStart=0, initialSelEnd=0, initialCapsMode=2000, label=null, fieldId=2131362742, fieldName=null, extras=Bundle[{androidx.core.view.inputmethod.EditorInfoCompat.STYLUS_HANDWRITING_ENABLED=true}], hintText=non-empty, hintLocales=[]}}, false)
1791670701.534 10384  6896  6896 W ModuleManager: ModuleManager.loadModule():641 Module aihc is not available
1791670701.534 10384  6896  6896 I KeyboardHeightUtil: KeyboardHeightUtil.getOemKeyboardHeightRatio():81 systemKeyboardHeightRatio:1.000000.
1791670701.534 10384  6896  6896 I InputBundleManager: InputBundleManager.startInput():356 startInput2 restarting=false
1791670701.534 10384  6896  6896 I InputBundleManager: InputBundleManager.loadActiveInputBundleId():552 loadActiveInputBundleId: tr, ime_turkish
1791670701.534 10384  6896  6896 I InputBundle: InputBundle.activateIme():599 activateIme: INACTIVE, keyboardType=prime
1791670701.534 10384  6896  6896 I AbstractIme: AbstractIme.onActivate():111 LatinIme.onActivate() : EditorInfo = EditorInfo{packageName=com.android.launcher3, inputType=282001, inputTypeString=Normal[NoSuggestion|CapWords], enableLearning=false, autoCorrection=true, autoComplete=true, imeOptions=10000003, privateImeOptions=null, actionName=SEARCH, actionLabel=null, initialSelStart=0, initialSelEnd=0, initialCapsMode=2000, label=null, fieldId=2131362742, fieldName=null, extras=Bundle[{androidx.core.view.inputmethod.EditorInfoCompat.STYLUS_HANDWRITING_ENABLED=true}], hintText=non-empty, hintLocales=[]}, IncognitoMode = false, DeviceLocked = false
1791670701.535 10384  6896  6896 I InputBundle: InputBundle.consumeEvent():1062 Skip consuming an event as keyboard status is INACTIVE
1791670701.536 10384  6896  6896 I Delight5Facilitator: Delight5Facilitator.initializeForIme():745 initializeForIme() : Locale = [tr, en_US], layout = turkish_q
1791670701.537 10384  6896  6896 I LatinIme: LatinIme.updateEnableInlineSuggestionsOnDecoderSideFlags():1315 inline flag updated to:false
1791670701.539 10384  6896  6896 I LatinIme: LatinIme.updateEnableInlineSuggestionsOnDecoderSideFlags():1315 inline flag updated to:false
1791670701.541 10384  6896  7205 I NebulaeTrainingCacheMetricsProcessor: NebulaeTrainingCacheMetricsProcessor.processBeginSession():277 Begin training cache session: /
1791670701.543 10384  6896  6896 I InputBundle: InputBundle.consumeEvent():1062 Skip consuming an event as keyboard status is INACTIVE
1791670701.543 10384  6896  6896 I LatinIme: LatinIme.resetInputContext():2498 resetInputContext(): reason=1, externalEditsInfo=ExternalEditsInfo{action=0, offset=-1, textLength=0, originalTextLength=0, hasEdits=false}
1791670701.543 10384  6896  6896 I InputBundle: InputBundle.consumeEvent():1062 Skip consuming an event as keyboard status is INACTIVE
1791670701.544 10384  6896  6896 I InputBundle: InputBundle.activateKeyboard():662 activateKeyboard: ACTIVE, type=KeyboardTypeAndPayload(keyboardType=prime, payload=null)
1791670701.544 10384  6896  6896 I KeyboardWrapper: KeyboardWrapper.activateKeyboard():593 activateKeyboard(): type=prime, status=INACTIVE, imeDef=ImeDef{stringId=ime_turkish, language=tr, languageTag=tr, processedConditions={device=phone, enable_pk_simulator=false, true=true, enable_number_row=true}, className=com.google.android.apps.inputmethod.libs.latin5.LatinIme, label=0, keyEventInterpreter=null, inlineComposing=true, autoCapital=true, announceAutoSelectedCandidate=true, statusIcon=0, indicatorIcon=0, indicatorLabel=null, displayAppCompletions=true, extraValues=agds{}, processors=com.google.android.libraries.inputmethod.metadata.ProcessorsDef@3aac482, unacceptableMetaKeys=4098, languageSpecificSettings=0, asciiCapable=true, alwaysShowSuggestions=false, useAsciiPasswordKeyboard=false, keyboardGroupDef=KeyboardGroupDef(variant=turkish_q, variantLabel=2132022831, pkLanguageTag=, pkLayoutType=, dynamicLayout=, layoutSpecificSettings=[], layoutSpecificTheme=2132083602, order=0, supportsSplitMode=true, supportsOneHandedMode=true, isVariantNameMandatory=false, keyboardDefInfos={prime=KeyboardDefInfo(kbType=prime, initialStates=0, keyboardSources=[Xml(resId=2132215418), Xml(resId=2132215803)], extraValues=agds{}), digit=KeyboardDefInfo(kbType=digit, initialStates=0, keyboardSources=[Xml(resId=2132215748)], extraValues=agds{}), symbol=KeyboardDefInfo(kbType=symbol, initialStates=0, keyboardSources=[Xml(resId=2132215928)], extraValues=agds{})}, overrideKeyboardXmlConditions=com.google.android.libraries.inputmethod.metadata.OverrideKeyboardXmlConditionsDef@1), phenotypeFlagId=0, localizationLanguageTag=null, supportsInlineSuggestion=false}
1791670701.544 10384  6896  6896 I KeyboardManager: KeyboardManager.requestKeyboard():250 Creating keyboard prime, imeId=ime_turkish, cacheKey=theme,BORDER,FLAVOR_DPI=XXHDPI,KEYBOARD_WIDTH_CATEGORY=NORMAL,KEY_BORDER_SHAPE=1,LIGHT_THEME=false,PHYSICAL_DIAGONAL=7.609512,POPUP,SCREEN_SHORTEST_WIDTH=514,SCREEN_SHORTEST_WIDTH_NO_SCALE=514,SW400DP,XXHDPI,bottom4dp,density_2.8,enable_popup_on_keypress=true,font_scale_1.15,noshadow,overlay_builtin_dynamic_color_dark_base.binarypb:gm3-dark-ff0f0f0f-ffbcbcbc-d1f85c6d5671d618c4c2b544e9af643c,silkpopup,use_system_font
1791670701.545 10384  6896  6896 I KeyboardDefManager: KeyboardDefManager.requestKeyboardDef():143 requestKeyboardDef(): type=prime, info=aggr{defIds=[#0x7f17067a, #0x7f1707fb], defIdsCacheKey=2132215418,2132215803}
1791670701.545 10384  6896  6896 I KeyboardDefManager: KeyboardDefManager.requestKeyboardDef():232 requestKeyboardDef(): getOrCreate from cache, info=aggr{defIds=[#0x7f17067a, #0x7f1707fb], defIdsCacheKey=2132215418,2132215803}
1791670701.545 10384  6896  6896 I KeyboardDefManager: KeyboardDefManager$Companion$addFutureCallbackForKeyboardDefReceiver$<anonymous>.onSuccess():524 requestKeyboardDef onSuccess(): info=aggr{defIds=[#0x7f17067a, #0x7f1707fb], defIdsCacheKey=2132215418,2132215803}
1791670701.545 10384  6896  6896 I KeyboardWrapper: KeyboardWrapper.onKeyboardReady():226 onKeyboardReady(): type=prime(prime), kb=com.google.android.apps.inputmethod.latin.keyboard.LatinPrimeKeyboard@fd94aea
1791670701.545 10384  6896  6896 I KeyboardWrapper: KeyboardWrapper.doActivateKeyboard():625 doActivateKeyboard(): prime
1791670701.549 10384  6896  6896 I KeyboardViewHelper: KeyboardViewHelper.getView():188 Get view with height ratio:1.000000
1791670701.551 10384  6896  6896 I BaseKeyboardSizeHelper: BaseKeyboardSizeHelper.calculateMaxKeyboardBodyHeight():79 leave 300 height for app when ime window height:2956, header height:123 and isFullscreenMode:false, so the max keyboard body height is:2533
1791670701.552 10384  6896  6896 W Keyboard: Keyboard.getKeyboardViewHelper():624 null helper is returned: keyboardDef=KeyboardDef{processedConditions={device=phone, free_cursor_del_swipe_delete=false, android_software_xr_api_spatial=false, free_cursor=false, enable_free_cursor_by_long_press_space=true, enable_scrub_move=true, layout_9key_split=false, expressions=normal, language=tr-TR, variant=turkish_q, enable_pk_simulator=false, free_cursor_in_split_keyboard_gap=false, show_comma_key=true, show_period_key=true, keyboard_mode=normal, pref_enable_flick_symbols=false, show_secondary_digits=false, enable_secondary_symbols=false, enable_number_row=true}, globalConditions={global_theme_key=theme,BORDER,FLAVOR_DPI=XXHDPI,KEYBOARD_WIDTH_CATEGORY=NORMAL,KEY_BORDER_SHAPE=1,LIGHT_THEME=false,PHYSICAL_DIAGONAL=7.609512,POPUP,SCREEN_SHORTEST_WIDTH=514,SCREEN_SHORTEST_WIDTH_NO_SCALE=514,SW400DP,XXHDPI,bottom4dp,density_2.8,enable_popup_on_keypress=true,font_scale_1.15,noshadow,overlay_builtin_dynamic_color_dark_base.binarypb:gm3-dark-ff0f0f0f-ffbcbcbc-d1f85c6d5671d618c4c2b544e9af643c,silkpopup,use_system_font, global_locale=tr_TR, global_density_dpi=448, global_orientation=1}, className=.latin.keyboard.LatinPrimeKeyboard, sources=[Xml(resId=2132215418), Xml(resId=2132215803)], initialStates=0, keyboardViewDefs=[KeyboardViewDef{direction=null, id=#0x7f0b0215, isScalable=true, layoutId=#0x7f0e035a, type=BODY, touchable=true, defaultShow=true}, KeyboardViewDef{direction=null, id=#0x7f0b0215, isScalable=false, layoutId=#0x7f0e0236, type=FLOATING_CANDIDATES, touchable=false, defaultShow=false}, KeyboardViewDef{direction=LOCALE, id=#0x7f0b0215, isScalable=false, layoutId=#0x7f0e053c, type=HEADER, touchable=true, defaultShow=true}], persistentStates=0, persistentStatesPrefKey=null, popupBubbleLayoutId=#0x7f0e0626, recentKeyLayoutId=#0x0, recentKeyPopupLayoutId=#0x0, recentKeyType=null, rememberRecentKey=NONE, sessionStates=6597069766656}, type=WIDGET, helpersCreated={HEADER=afbl@3967f2a, BODY=afbl@64f211b, FLOATING_CANDIDATES=afbl@1a982b8}, context.getResources().getConfiguration(): {1.15 286mcc3mnc [tr_TR,en_US] masculine ldltr sw514dp w514dp h1149dp 448dpi lrg long compactNeeded hdr widecg port night finger -keyb/v/h -nav/h winConfig={ mBounds=Rect(0, 0 - 1440, 3216) mAppBounds=Rect(0, 0 - 1440, 3216) mMaxBounds=Rect(0, 0 - 1440, 3216) mDisplayRotation=ROTATION_0 mWindowingMode=fullscreen mActivityType=undefined mAlwaysOnTop=undefined mRotation=ROTATION_0} as.2 s.34 fontWeightAdjustment=0}
1791670701.553 10384  6896  6896 I BaseKeyboardSizeHelper: BaseKeyboardSizeHelper.calculateMaxKeyboardBodyHeight():79 leave 300 height for app when ime window height:2956, header height:123 and isFullscreenMode:false, so the max keyboard body height is:2533
1791670701.556 10384  6896  6896 I InputBundleManager: InputBundleManager.startInput():371 startInput() with KeyboardTypeAndPayload(keyboardType=prime, payload=null)
1791670701.556 10384  6896  6896 I PkModeUpdater: PkModeUpdater.onActivate():95 End PK mode: disablePkMode=false, entry=aeps{languageTag=tr-TR, variant=turkish_q, hasLocalizedResources=true, conditionCacheKey=_android_software_xr_api_spatial=false_device=phone_device_size=default_enable_free_cursor_by_long_press_space=true_enable_number_row=true_enable_number_row_in_password=true_enable_pk_simulator=false_enable_pk_simulator_setting=false_enable_scrub_move=true_enable_secondary_digits=true_enable_secondary_symbols=false_enable_simplified_expression_keyboard=false_expressions=normal_four_or_more_letter_rows=false_free_cursor=false_free_cursor_del_swipe_delete=false_free_cursor_in_split_keyboard_gap=false_keyboard_font_size_setting=_keyboard_mode=normal_language=tr-TR_layout_9key_split=false_orientation=portrait_physical_keyboard=nokeys_pk_simulator_vk_ready=false_pref_enable_flick_symbols=false_rtl_layout=false_show_comma_key=true_show_period_key=true_show_secondary_digits=false_show_suggestion_strip=true_show_suggestions=true_split_with_duplicate_keys=true_true=true_variant=turkish_q_writing_helper_enable_by_word_revert=false, imeDef.stringId=ime_turkish, imeDef.className=com.google.android.apps.inputmethod.libs.latin5.LatinIme, imeDef.languageTag=tr}, editorInfo=android.view.inputmethod.EditorInfo@46de4eb
1791670701.556 10384  6896  6896 I AccessoryInputModeManager: AccessoryInputModeManager.onModeStarted():331 Accessory input mode started: null
1791670701.556 10384  6896  6896 W SupplementaryKeyboardsWrapper: SupplementaryKeyboardsWrapper.deactivateKeyboard():162 keyboard accessory_candidates_consumer is not activated before!
1791670701.556 10384  6896  6896 I EmojiAndGlobeKeyExtension: EmojiAndGlobeKeyExtension.onActivate():146
1791670701.559 10384  6896  6896 I KeyboardModeUtils: KeyboardModeUtils.getKeyboardBottomOffset():450 inch: 0.000000 ydpi: 510.539001 adjustKeyboardBottomByDisplaySize: false currentDensityDpi: 448 defaultDensityDpi: 448 keyboardBottomToScreenPx: 0 keyboardBottomToNavBarPx: -134 navBarHeight: 134
1791670701.559 10384  6896  6896 I BaseKeyboardSizeHelper: BaseKeyboardSizeHelper.calculateMaxKeyboardBodyHeight():79 leave 300 height for app when ime window height:2956, header height:123 and isFullscreenMode:false, so the max keyboard body height is:2533
1791670701.559 10384  6896  6896 I BaseKeyboardSizeHelper: BaseKeyboardSizeHelper.calculateMaxKeyboardBodyHeight():79 leave 300 height for app when ime window height:2956, header height:123 and isFullscreenMode:false, so the max keyboard body height is:2533
1791670701.559 10384  6896  6896 I BaseKeyboardSizeHelper: BaseKeyboardSizeHelper.calculateMaxKeyboardBodyHeight():79 leave 300 height for app when ime window height:2956, header height:123 and isFullscreenMode:false, so the max keyboard body height is:2533
1791670701.559 10384  6896  6896 I BaseKeyboardSizeHelper: BaseKeyboardSizeHelper.calculateMaxKeyboardBodyHeight():79 leave 300 height for app when ime window height:2956, header height:123 and isFullscreenMode:false, so the max keyboard body height is:2533
1791670701.559 10384  6896  6896 I BaseKeyboardSizeHelper: BaseKeyboardSizeHelper.calculateMaxKeyboardBodyHeight():79 leave 300 height for app when ime window height:2956, header height:123 and isFullscreenMode:false, so the max keyboard body height is:2533
1791670701.559 10384  6896  6896 I BaseKeyboardSizeHelper: BaseKeyboardSizeHelper.calculateMaxKeyboardBodyHeight():79 leave 300 height for app when ime window height:2956, header height:123 and isFullscreenMode:false, so the max keyboard body height is:2533
1791670701.559 10384  6896  6896 W ExtensionWrapper: ExtensionWrapper.setExtensionViewVisibility():948 interface afja is not activate
1791670701.559 10384  6896  6896 I NgaExtension: NgaExtension.onActivate():673 NgaExtension#onActivate [SDG]
1791670701.559 10384  6896  6896 I AsrProviderChoice: AsrProviderChoice.resetFallbackProvider():110 Reset chosen fallback ASR provider to: 5 [SD]
1791670701.559 10384  6896  6896 I NgaVoiceInputHandlerSwitcher: NgaVoiceInputHandlerSwitcher.restorePrimary():245 not restoring primary. fallback is inside SD stack [SDG]
1791670701.559 10384  6896  6896 I NgaVoiceInputHandler: NgaVoiceInputHandler.maybeCreateInputManager():263 VoiceInputHandler:activating [SDG]
1791670701.560 10384  6896  6896 I NgaExtension: NgaExtension.onActivate():700 NgaExtension: interaction type=4 [SDG]
1791670701.560 10384  6896  6896 I OnBackCallbackManagerExtension: OnBackCallbackManagerExtension.updateDispositionForBack():226 setBackDisposition: 0
1791670701.560 10384  6896 16442 I DictationHelper: DictationHelper.keyboardActiveSession():96 #keyboardActiveSession [SD]
1791670701.560 10384  6896 13589 I InteractionManager: InteractionManager.startInteraction$<anonymous>$<anonymous>():37 #startInteraction [SD]
1791670701.560 10384  6896  6896 I UniversalDictationUiProvider: UniversalDictationUiProvider.onActivate():63 onActivate() [UD]
1791670701.562 10384  6896  6896 I GoogleInputMethodService: GoogleInputMethodService.onWindowShown():2556
1791670701.562 10384  6896  6896 D ImeBackCallbackSender: Register OnBackInvokedCallback with priority=-1 at app window (packageName=com.android.launcher3)
1791670701.562 10384  6896 20027 I Module  : DeviceLockedStatusModuleProvider$Module.updateDeviceLockedStatusInternal():119 repeatCheckTimes = 1, locked = false
1791670701.565 10312  5415  5415 D WindowOnBackDispatcher: setTopOnBackInvokedCallback (unwrapped): android.view.ImeBackAnimationController@f51ac85
1791670701.566  1000  4337  6598 D CoreBackPreview: Window{74cb840 u0 com.android.launcher3/com.android.launcher3.uioverrides.QuickstepLauncher}: Setting back callback OnBackInvokedCallbackInfo{mCallback=android.window.IOnBackInvokedCallback$Stub$Proxy@89289cb, mPriority=0, mIsAnimationCallback=true, mOverrideBehavior=0}
1791670701.566 10384  6896 13589 I Interaction: Interaction.start():57 Starting Interaction#70 [SD]
1791670701.566 10384  6896  6896 I Surface : Creating surface for consumer unnamed-6896-95 with slotExpansion=1 for 64 slots
1791670701.567 10384  6896  6896 I Surface : Creating surface for consumer VRI[InputMethod]#95(BLAST Consumer)95 with slotExpansion=1 for 64 slots
1791670701.567 10384  6896 19255 I KeyboardEventHandler: KeyboardEventHandler.handleKeyboardVisibilityEvent():210 Handling KeyboardVisibilityEvent: KEYBOARD_OPENED [SD]
1791670701.567  1000  4337  4525 D WindowManager: setClientSurface Surface(name=VRI-InputMethod#6438)/@0xa62b5a8 for f360f1a InputMethod
1791670701.567 10384  6896 13584 I EligibilityChecker: EligibilityChecker.getConfigEligibility():271 Advanced features are disabled in the consolidated SD stack [SD]
1791670701.567 10384  6896 20027 I SpeechEnhancementLogger: SpeechEnhancementLogger.logAtInfo():24 Speech enhancement is disabled because com.google.android.aicore package not found [SD]
1791670701.568 10384  6896  6896 I KeyboardModeUtils: KeyboardModeUtils.getKeyboardBottomOffset():450 inch: 0.000000 ydpi: 510.539001 adjustKeyboardBottomByDisplaySize: false currentDensityDpi: 448 defaultDensityDpi: 448 keyboardBottomToScreenPx: 0 keyboardBottomToNavBarPx: -134 navBarHeight: 134
1791670701.568 10384  6896  6896 I BaseKeyboardSizeHelper: BaseKeyboardSizeHelper.calculateMaxKeyboardBodyHeight():79 leave 300 height for app when ime window height:2956, header height:123 and isFullscreenMode:false, so the max keyboard body height is:2533
1791670701.568 10384  6896  6896 I BaseKeyboardSizeHelper: BaseKeyboardSizeHelper.calculateMaxKeyboardBodyHeight():79 leave 300 height for app when ime window height:2956, header height:123 and isFullscreenMode:false, so the max keyboard body height is:2533
1791670701.568 10384  6896 19985 I MultilangConditionManagerImpl: MultilangConditionManagerImpl.isAutomaticSwitchingEnabled():59 Automatic switching disabled because Gboard setting is not shown [SD]
1791670701.568 10384  6896 19985 I MultilangConditionManagerImpl: MultilangConditionManagerImpl.isAutomaticSwitchingEnabled():74 Automatic switching disabled because there aren't enough supported keyboard languages [SD]
1791670701.572 10384  6896 19969 I MultilangConditionManagerImpl: MultilangConditionManagerImpl.isAutomaticSwitchingEnabled():59 Automatic switching disabled because Gboard setting is not shown [SD]
1791670701.572 10384  6896 19969 I MultilangConditionManagerImpl: MultilangConditionManagerImpl.isAutomaticSwitchingEnabled():74 Automatic switching disabled because there aren't enough supported keyboard languages [SD]
1791670701.573 10384  6896 19969 I SbgChecker: SbgChecker.checkAvailabilityWithLegacyCache():223 Previous SbG availability check for 'SbgAsrConfig: {initialLocale: tr_TR, localesForLangId: [], enableAutomaticSwitching: false, maskOffensiveWords: false, enableSodaLongformExperiment: false}' resulted in SBG_UNAVAILABLE_LANGUAGE_NOT_SUPPORTED. Trying again. [SD]
1791670701.573 10384  6896 19969 I SbgChecker: SbgChecker.runAvailabilityCheckAndSetCache():231 Run SbG availability check for 'SbgAsrConfig: {initialLocale: tr_TR, localesForLangId: [], enableAutomaticSwitching: false, maskOffensiveWords: false, enableSodaLongformExperiment: false}'. [SD]
1791670701.574 10384  6896 19969 I SbgChecker: SbgChecker.logAndIncrementCheckId():344 Starting SbG availability check #3.0e+02 for 'SbgAsrConfig: {initialLocale: tr_TR, localesForLangId: [], enableAutomaticSwitching: false, maskOffensiveWords: false, enableSodaLongformExperiment: false}'. [SD]
1791670701.576 10384  6896  6896 I HardKeyTracker: HardKeyTracker.unregisterKeySequence():259 Unregister key sequence aict{labelResId=2132020445, callback=zze@d697ea3, lastModifier=2, keyCodes=[56], actions=[0]}
1791670701.576 10384  6896  6896 I HardKeyTracker: HardKeyTracker.unregisterKeySequence():259 Unregister key sequence aict{labelResId=2132020445, callback=zze@f92c5a0, lastModifier=0, keyCodes=[317], actions=[0]}
1791670701.576 10384  6896  6896 I HardKeyTracker: HardKeyTracker.registerKeySequence():201 Register key sequence aict{labelResId=2132020445, callback=zze@efb8525, lastModifier=2, keyCodes=[56], actions=[0]}
1791670701.576 10384  6896  6896 I HardKeyTracker: HardKeyTracker.registerKeySequence():201 Register key sequence aict{labelResId=2132020445, callback=zze@34726fa, lastModifier=0, keyCodes=[317], actions=[0]}
1791670701.576 10384  6896  6896 W AccessPointsManager: AccessPointsManager.addAccessPoint():1126 The holder controller #0x7f0b2942 is not registered
1791670701.577 10384  6896  6896 I VoiceImeUtils: VoiceImeUtils.shouldStartVoiceInputAutomaticallyInCurrentInputBox():159 No private IME option set to start voice input. [RD]
1791670701.577 10384  6896  6896 I HardKeyTracker: HardKeyTracker.unregisterKeySequence():259 Unregister key sequence aict{labelResId=2132020452, callback=zze@a61050b, lastModifier=2, keyCodes=[32], actions=[0]}
1791670701.577 10384  6896  6896 I HardKeyTracker: HardKeyTracker.unregisterKeySequence():259 Unregister key sequence aict{labelResId=2132020452, callback=zze@c5aafe8, lastModifier=0, keyCodes=[319], actions=[0]}
1791670701.577 10384  6896  6896 I HardKeyTracker: HardKeyTracker.registerKeySequence():201 Register key sequence aict{labelResId=2132020452, callback=zze@287f4ab, lastModifier=2, keyCodes=[32], actions=[0]}
1791670701.577 10384  6896  6896 I HardKeyTracker: HardKeyTracker.registerKeySequence():201 Register key sequence aict{labelResId=2132020452, callback=zze@7b17708, lastModifier=0, keyCodes=[319], actions=[0]}
1791670701.578 10384  6896  6896 I HardKeyTracker: HardKeyTracker.unregisterKeySequence():259 Unregister key sequence aict{labelResId=2132020452, callback=zze@9a7c13d, lastModifier=2, keyCodes=[32], actions=[0]}
1791670701.578 10384  6896  6896 I HardKeyTracker: HardKeyTracker.unregisterKeySequence():259 Unregister key sequence aict{labelResId=2132020452, callback=zze@b7c0d32, lastModifier=0, keyCodes=[319], actions=[0]}
1791670701.578 10384  6896  6896 I HardKeyTracker: HardKeyTracker.registerKeySequence():201 Register key sequence aict{labelResId=2132020452, callback=zze@b644e23, lastModifier=2, keyCodes=[32], actions=[0]}
1791670701.578 10384  6896  6896 I HardKeyTracker: HardKeyTracker.registerKeySequence():201 Register key sequence aict{labelResId=2132020452, callback=zze@b961f20, lastModifier=0, keyCodes=[319], actions=[0]}
1791670701.578 10384  6896  6896 W AccessPointsManager: AccessPointsManager.addAccessPoint():1126 The holder controller #0x7f0b2942 is not registered
1791670701.579 10384  6896  6896 I GoogleInputMethodService: GoogleInputMethodService$1.onKeyboardViewShown():356 onKeyboardViewShown: keyboardType=prime, keyboardViewType=HEADER keyboardView=com.google.android.libraries.inputmethod.widgets.SoftKeyboardView{987c29f V.E...... ......ID 0,0-1440,123}
1791670701.579 10384  6896  6896 I BaseKeyboardSizeHelper: BaseKeyboardSizeHelper.calculateMaxKeyboardBodyHeight():79 leave 300 height for app when ime window height:2956, header height:123 and isFullscreenMode:false, so the max keyboard body height is:2533
1791670701.579 10384  6896  6896 I GoogleInputMethodService: GoogleInputMethodService$1.onKeyboardViewShown():356 onKeyboardViewShown: keyboardType=prime, keyboardViewType=BODY keyboardView=com.google.android.libraries.inputmethod.widgets.SoftKeyboardView{1ced655 V.E...... ........ 0,0-1440,1078}
1791670701.579 10384  6896  6896 I BaseKeyboardSizeHelper: BaseKeyboardSizeHelper.calculateMaxKeyboardBodyHeight():79 leave 300 height for app when ime window height:2956, header height:123 and isFullscreenMode:false, so the max keyboard body height is:2533
1791670701.579 10384  6896  6896 I NewLanguagePromptExtension: NewLanguagePromptExtension$1.onKeyboardViewShown():98 Not show new language banner: no change in enabled input method entries
1791670701.580 10384  6896  7384 I Delight5Decoder: Delight5DecoderWrapper.setKeyboardLayout():674 setKeyboardLayout()
1791670701.580 10440 14287 14407 I NGSA.GoogleAsrService: #checkModelAvailability
1791670701.581 10384  6896  6896 I KeyboardModeUtils: KeyboardModeUtils.getKeyboardBottomOffset():450 inch: 0.000000 ydpi: 510.539001 adjustKeyboardBottomByDisplaySize: false currentDensityDpi: 448 defaultDensityDpi: 448 keyboardBottomToScreenPx: 0 keyboardBottomToNavBarPx: -134 navBarHeight: 134
1791670701.581 10384  6896  6896 I BaseKeyboardSizeHelper: BaseKeyboardSizeHelper.calculateMaxKeyboardBodyHeight():79 leave 300 height for app when ime window height:2956, header height:123 and isFullscreenMode:false, so the max keyboard body height is:2533
1791670701.581 10384  6896  6896 I BaseKeyboardSizeHelper: BaseKeyboardSizeHelper.calculateMaxKeyboardBodyHeight():79 leave 300 height for app when ime window height:2956, header height:123 and isFullscreenMode:false, so the max keyboard body height is:2533
1791670701.581 10384  6896  7384 I Delight5Decoder: Delight5DecoderWrapper.setKeyboardLayout():674 setKeyboardLayout()
1791670701.582 10440 14287 14407 I DefaultLPManager: #getAvailablePackages
1791670701.582 10440 14287 14407 I hrj     : #getDownloadableLanguagePacks
1791670701.589 10303  4915  5301 D WindowManagerShell: PipDesktopState: isPipInDesktopMode isAnyDeskActive=false isDisplayDesktopFirst=false
1791670701.591 10440 14287 14407 I LanguagePackConfigImpl: Loaded languagepack (LP) flag value from latest config autogen_BatchV3071V3072: [en-US3006, de-DE3002, es-ES3000, fr-FR3002, it-IT3000, ja-JP3003, en-AU3003, en-GB3002, en-IE3002, en-SG3001, de-DE3003, fr-FR3003, ja-JP3004, en-US3008, de-AT3053, de-BE3053, de-CH3053, de-DE3053, en-AU3053, en-CA3053, en-GB3053, en-IE3053, en-IN3053, en-SG3053, en-US3053, es-ES3053, es-US3053, fr-BE3053, fr-CH3053, fr-FR3053, hi-IN3053, it-CH3053, it-IT3053, ja-JP3053, pt-BR3053, de-AT3054, de-BE3054, de-CH3054, de-DE3054, en-AU3054, en-CA3054, en-GB3054, en-IE3054, en-IN3054, en-SG3054, en-US3054, es-ES3054, es-US3054, fr-BE3054, fr-CA3054, fr-CH3054, fr-FR3054, hi-IN3054, id-ID3054, it-CH3054, it-IT3054, ja-JP3054, ko-KR3054, pt-BR3054, th-TH3054, cmn-Hans-CN3056, cmn-Hant-TW3056, de-AT3056, de-BE3056, de-CH3056, de-DE3056, en-CA3056, en-IN3056, en-US3056, es-ES3056, es-US3056, fr-BE3056, fr-CA3056, fr-CH3056, fr-FR3056, hi-IN3056, id-ID3056, it-CH3056, it-IT3056, ja-JP3056, ko-KR3056, pl-PL3056, pt-BR3056, ru-RU3056, th-TH3056, tr-TR3056, vi-VN3056, ja-JP3059, id-ID3059, ko-KR3061, pl-PL3059, ru-RU3059, th-TH3059, tr-TR3059, vi-VN3059, en-AU3071, en-CA3071, en-GB3071, en-IE3071, en-SG3071, en-US3072, hi-IN3072]
1791670701.591 10440 14287 14407 W SystemLPSourceImpl: #getAvailablePackages: Note there is not reason to call this method, as getInstalledPackages() returns the same LanguagePacks for this impl.
1791670701.591 10440 14287 14407 I DefaultLPManager: #getRequestedPackages
1791670701.591 10440 14287 14427 E VoiceSearchConfigUtils: Unrecognized recognizer for [ja-JP, 3053]: 23. Ignoring it and its associated features.
1791670701.592 10440 14287 14427 E VoiceSearchConfigUtils: Unrecognized recognizer for [ja-JP, 3053]: 22. Ignoring it and its associated features.
1791670701.592 10440 14287 14427 E VoiceSearchConfigUtils: Unrecognized recognizer for [ja-JP, 3053]: 23. Ignoring it and its associated features.
1791670701.592 10440 14287 14427 E VoiceSearchConfigUtils: Unrecognized recognizer for [ja-JP, 3053]: 22. Ignoring it and its associated features.
1791670701.592 10440 14287 14427 E VoiceSearchConfigUtils: Unrecognized recognizer for [ja-JP, 3053]: 23. Ignoring it and its associated features.
1791670701.592 10440 14287 14427 E VoiceSearchConfigUtils: Unrecognized recognizer for [ja-JP, 3053]: 22. Ignoring it and its associated features.
1791670701.592 10440 14287 14427 E VoiceSearchConfigUtils: Unrecognized recognizer for [ja-JP, 3053]: 22. Ignoring it and its associated features.
1791670701.592 10440 14287 14427 E VoiceSearchConfigUtils: Unrecognized recognizer for [ja-JP, 3053]: 22. Ignoring it and its associated features.
1791670701.592 10440 14287 14427 E VoiceSearchConfigUtils: Unrecognized recognizer for [ja-JP, 3054]: 23. Ignoring it and its associated features.
1791670701.592 10440 14287 14427 E VoiceSearchConfigUtils: Unrecognized recognizer for [ja-JP, 3054]: 22. Ignoring it and its associated features.
1791670701.592 10440 14287 14427 E VoiceSearchConfigUtils: Unrecognized recognizer for [ja-JP, 3054]: 23. Ignoring it and its associated features.
1791670701.592 10440 14287 14427 E VoiceSearchConfigUtils: Unrecognized recognizer for [ja-JP, 3054]: 22. Ignoring it and its associated features.
1791670701.592 10440 14287 14427 E VoiceSearchConfigUtils: Unrecognized recognizer for [ja-JP, 3054]: 23. Ignoring it and its associated features.
1791670701.592 10440 14287 14427 E VoiceSearchConfigUtils: Unrecognized recognizer for [ja-JP, 3054]: 22. Ignoring it and its associated features.
1791670701.593 10440 14287 14427 E VoiceSearchConfigUtils: Unrecognized recognizer for [ja-JP, 3054]: 22. Ignoring it and its associated features.
1791670701.593 10440 14287 14427 E VoiceSearchConfigUtils: Unrecognized recognizer for [ja-JP, 3054]: 22. Ignoring it and its associated features.
1791670701.593 10440 14287 14427 E VoiceSearchConfigUtils: Unrecognized recognizer for [ja-JP, 3056]: 23. Ignoring it and its associated features.
1791670701.593 10440 14287 14427 E VoiceSearchConfigUtils: Unrecognized recognizer for [ja-JP, 3056]: 22. Ignoring it and its associated features.
1791670701.593 10440 14287 14427 E VoiceSearchConfigUtils: Unrecognized recognizer for [ja-JP, 3056]: 23. Ignoring it and its associated features.
1791670701.593 10440 14287 14427 E VoiceSearchConfigUtils: Unrecognized recognizer for [ja-JP, 3056]: 22. Ignoring it and its associated features.
1791670701.593 10440 14287 14427 E VoiceSearchConfigUtils: Unrecognized recognizer for [ja-JP, 3056]: 23. Ignoring it and its associated features.
1791670701.593 10440 14287 14427 E VoiceSearchConfigUtils: Unrecognized recognizer for [ja-JP, 3056]: 22. Ignoring it and its associated features.
1791670701.593 10440 14287 14427 E VoiceSearchConfigUtils: Unrecognized recognizer for [ja-JP, 3056]: 22. Ignoring it and its associated features.
1791670701.593 10440 14287 14427 E VoiceSearchConfigUtils: Unrecognized recognizer for [ja-JP, 3056]: 22. Ignoring it and its associated features.
1791670701.598 10440 14287 14407 I ZipLPPopulator: #addNewFileGroups
1791670701.599 10440 14287 14407 I hrj     : #getDownloadableLanguagePacks
1791670701.601 10440 14287 14407 I LanguagePackConfigImpl: Loaded languagepack (LP) flag value from latest config autogen_BatchV3071V3072: [en-US3006, de-DE3002, es-ES3000, fr-FR3002, it-IT3000, ja-JP3003, en-AU3003, en-GB3002, en-IE3002, en-SG3001, de-DE3003, fr-FR3003, ja-JP3004, en-US3008, de-AT3053, de-BE3053, de-CH3053, de-DE3053, en-AU3053, en-CA3053, en-GB3053, en-IE3053, en-IN3053, en-SG3053, en-US3053, es-ES3053, es-US3053, fr-BE3053, fr-CH3053, fr-FR3053, hi-IN3053, it-CH3053, it-IT3053, ja-JP3053, pt-BR3053, de-AT3054, de-BE3054, de-CH3054, de-DE3054, en-AU3054, en-CA3054, en-GB3054, en-IE3054, en-IN3054, en-SG3054, en-US3054, es-ES3054, es-US3054, fr-BE3054, fr-CA3054, fr-CH3054, fr-FR3054, hi-IN3054, id-ID3054, it-CH3054, it-IT3054, ja-JP3054, ko-KR3054, pt-BR3054, th-TH3054, cmn-Hans-CN3056, cmn-Hant-TW3056, de-AT3056, de-BE3056, de-CH3056, de-DE3056, en-CA3056, en-IN3056, en-US3056, es-ES3056, es-US3056, fr-BE3056, fr-CA3056, fr-CH3056, fr-FR3056, hi-IN3056, id-ID3056, it-CH3056, it-IT3056, ja-JP3056, ko-KR3056, pl-PL3056, pt-BR3056, ru-RU3056, th-TH3056, tr-TR3056, vi-VN3056, ja-JP3059, id-ID3059, ko-KR3061, pl-PL3059, ru-RU3059, th-TH3059, tr-TR3059, vi-VN3059, en-AU3071, en-CA3071, en-GB3071, en-IE3071, en-SG3071, en-US3072, hi-IN3072]
1791670701.601 10440 14287 14407 W SystemLPSourceImpl: #getRequestedPackages: There is not reason to call this method, as the result is always empty.
1791670701.602 10440 14287 14407 I DefaultLPManager: #getAvailablePackages
1791670701.602 10440 14287 14422 E VoiceSearchConfigUtils: Unrecognized recognizer for [ja-JP, 3053]: 23. Ignoring it and its associated features.
1791670701.605 10312  5415  5415 D VRI[QuickstepLauncher]: WindowInsets changed: ime:[0,0,0,1335]
1791670701.608 10440 14287 14422 E VoiceSearchConfigUtils: Unrecognized recognizer for [ja-JP, 3053]: 22. Ignoring it and its associated features.
1791670701.609 10440 14287 14422 E VoiceSearchConfigUtils: Unrecognized recognizer for [ja-JP, 3053]: 23. Ignoring it and its associated features.
1791670701.609 10440 14287 14422 E VoiceSearchConfigUtils: Unrecognized recognizer for [ja-JP, 3053]: 22. Ignoring it and its associated features.
1791670701.609 10440 14287 14422 E VoiceSearchConfigUtils: Unrecognized recognizer for [ja-JP, 3053]: 23. Ignoring it and its associated features.
1791670701.609 10440 14287 14422 E VoiceSearchConfigUtils: Unrecognized recognizer for [ja-JP, 3053]: 22. Ignoring it and its associated features.
1791670701.609 10440 14287 14422 E VoiceSearchConfigUtils: Unrecognized recognizer for [ja-JP, 3053]: 22. Ignoring it and its associated features.
1791670701.609 10440 14287 14422 E VoiceSearchConfigUtils: Unrecognized recognizer for [ja-JP, 3053]: 22. Ignoring it and its associated features.
1791670701.610 10440 14287 14407 I hrj     : #getDownloadableLanguagePacks
1791670701.611 10440 14287 14407 I LanguagePackConfigImpl: Loaded languagepack (LP) flag value from latest config autogen_BatchV3071V3072: [en-US3006, de-DE3002, es-ES3000, fr-FR3002, it-IT3000, ja-JP3003, en-AU3003, en-GB3002, en-IE3002, en-SG3001, de-DE3003, fr-FR3003, ja-JP3004, en-US3008, de-AT3053, de-BE3053, de-CH3053, de-DE3053, en-AU3053, en-CA3053, en-GB3053, en-IE3053, en-IN3053, en-SG3053, en-US3053, es-ES3053, es-US3053, fr-BE3053, fr-CH3053, fr-FR3053, hi-IN3053, it-CH3053, it-IT3053, ja-JP3053, pt-BR3053, de-AT3054, de-BE3054, de-CH3054, de-DE3054, en-AU3054, en-CA3054, en-GB3054, en-IE3054, en-IN3054, en-SG3054, en-US3054, es-ES3054, es-US3054, fr-BE3054, fr-CA3054, fr-CH3054, fr-FR3054, hi-IN3054, id-ID3054, it-CH3054, it-IT3054, ja-JP3054, ko-KR3054, pt-BR3054, th-TH3054, cmn-Hans-CN3056, cmn-Hant-TW3056, de-AT3056, de-BE3056, de-CH3056, de-DE3056, en-CA3056, en-IN3056, en-US3056, es-ES3056, es-US3056, fr-BE3056, fr-CA3056, fr-CH3056, fr-FR3056, hi-IN3056, id-ID3056, it-CH3056, it-IT3056, ja-JP3056, ko-KR3056, pl-PL3056, pt-BR3056, ru-RU3056, th-TH3056, tr-TR3056, vi-VN3056, ja-JP3059, id-ID3059, ko-KR3061, pl-PL3059, ru-RU3059, th-TH3059, tr-TR3059, vi-VN3059, en-AU3071, en-CA3071, en-GB3071, en-IE3071, en-SG3071, en-US3072, hi-IN3072]
1791670701.611 10440 14287 14407 W SystemLPSourceImpl: #getAvailablePackages: Note there is not reason to call this method, as getInstalledPackages() returns the same LanguagePacks for this impl.
1791670701.611 10440 14287 14407 I DefaultLPManager: #getInstalledPackages
1791670701.613 10440 14287 14407 I hrj     : #getInstalledPackages from MDD
1791670701.614 10440 14287 14407 I hrj     : #GetLanguagePackList
1791670701.614 10440 14287 14407 I hrj     : MDD.getFileGroupsByFilter(langpack-domain_xx-XX_ver_zipfile)
1791670701.615 10440 14287 14422 E VoiceSearchConfigUtils: Unrecognized recognizer for [ja-JP, 3054]: 23. Ignoring it and its associated features.
1791670701.615 10440 14287 14422 E VoiceSearchConfigUtils: Unrecognized recognizer for [ja-JP, 3054]: 22. Ignoring it and its associated features.
1791670701.615 10440 14287 14422 E VoiceSearchConfigUtils: Unrecognized recognizer for [ja-JP, 3054]: 23. Ignoring it and its associated features.
1791670701.615 10440 14287 14422 E VoiceSearchConfigUtils: Unrecognized recognizer for [ja-JP, 3054]: 22. Ignoring it and its associated features.
1791670701.616 10440 14287 14422 E VoiceSearchConfigUtils: Unrecognized recognizer for [ja-JP, 3054]: 23. Ignoring it and its associated features.
1791670701.616 10440 14287 14422 E VoiceSearchConfigUtils: Unrecognized recognizer for [ja-JP, 3054]: 22. Ignoring it and its associated features.
1791670701.616 10440 14287 14422 E VoiceSearchConfigUtils: Unrecognized recognizer for [ja-JP, 3054]: 22. Ignoring it and its associated features.
1791670701.616 10440 14287 14422 E VoiceSearchConfigUtils: Unrecognized recognizer for [ja-JP, 3054]: 22. Ignoring it and its associated features.
1791670701.621 10440 14287 14422 E VoiceSearchConfigUtils: Unrecognized recognizer for [ja-JP, 3056]: 23. Ignoring it and its associated features.
1791670701.621 10440 14287 14430 E VoiceSearchConfigUtils: Unrecognized recognizer for [ja-JP, 3053]: 23. Ignoring it and its associated features.
1791670701.621 10440 14287 14430 E VoiceSearchConfigUtils: Unrecognized recognizer for [ja-JP, 3053]: 22. Ignoring it and its associated features.
1791670701.621 10440 14287 14430 E VoiceSearchConfigUtils: Unrecognized recognizer for [ja-JP, 3053]: 23. Ignoring it and its associated features.
1791670701.621 10440 14287 14422 E VoiceSearchConfigUtils: Unrecognized recognizer for [ja-JP, 3056]: 22. Ignoring it and its associated features.
1791670701.621 10440 14287 14430 E VoiceSearchConfigUtils: Unrecognized recognizer for [ja-JP, 3053]: 22. Ignoring it and its associated features.
1791670701.621 10440 14287 14430 E VoiceSearchConfigUtils: Unrecognized recognizer for [ja-JP, 3053]: 23. Ignoring it and its associated features.
1791670701.621 10440 14287 14430 E VoiceSearchConfigUtils: Unrecognized recognizer for [ja-JP, 3053]: 22. Ignoring it and its associated features.
1791670701.621 10440 14287 14422 E VoiceSearchConfigUtils: Unrecognized recognizer for [ja-JP, 3056]: 23. Ignoring it and its associated features.
1791670701.621 10440 14287 14430 E VoiceSearchConfigUtils: Unrecognized recognizer for [ja-JP, 3053]: 22. Ignoring it and its associated features.
1791670701.621 10440 14287 14430 E VoiceSearchConfigUtils: Unrecognized recognizer for [ja-JP, 3053]: 22. Ignoring it and its associated features.
1791670701.621 10440 14287 14422 E VoiceSearchConfigUtils: Unrecognized recognizer for [ja-JP, 3056]: 22. Ignoring it and its associated features.
1791670701.621 10440 14287 14422 E VoiceSearchConfigUtils: Unrecognized recognizer for [ja-JP, 3056]: 23. Ignoring it and its associated features.
1791670701.621 10440 14287 14422 E VoiceSearchConfigUtils: Unrecognized recognizer for [ja-JP, 3056]: 22. Ignoring it and its associated features.
1791670701.621 10440 14287 14422 E VoiceSearchConfigUtils: Unrecognized recognizer for [ja-JP, 3056]: 22. Ignoring it and its associated features.
1791670701.621 10440 14287 14422 E VoiceSearchConfigUtils: Unrecognized recognizer for [ja-JP, 3056]: 22. Ignoring it and its associated features.
1791670701.623 10440 14287 14430 E VoiceSearchConfigUtils: Unrecognized recognizer for [ja-JP, 3054]: 23. Ignoring it and its associated features.
1791670701.623 10440 14287 14430 E VoiceSearchConfigUtils: Unrecognized recognizer for [ja-JP, 3054]: 22. Ignoring it and its associated features.
1791670701.623 10440 14287 14430 E VoiceSearchConfigUtils: Unrecognized recognizer for [ja-JP, 3054]: 23. Ignoring it and its associated features.
1791670701.623 10440 14287 14430 E VoiceSearchConfigUtils: Unrecognized recognizer for [ja-JP, 3054]: 22. Ignoring it and its associated features.
1791670701.623 10440 14287 14430 E VoiceSearchConfigUtils: Unrecognized recognizer for [ja-JP, 3054]: 23. Ignoring it and its associated features.
1791670701.623 10440 14287 14430 E VoiceSearchConfigUtils: Unrecognized recognizer for [ja-JP, 3054]: 22. Ignoring it and its associated features.
1791670701.623 10440 14287 14430 E VoiceSearchConfigUtils: Unrecognized recognizer for [ja-JP, 3054]: 22. Ignoring it and its associated features.
1791670701.623 10440 14287 14430 E VoiceSearchConfigUtils: Unrecognized recognizer for [ja-JP, 3054]: 22. Ignoring it and its associated features.
1791670701.624 10440 14287 14422 I LPRequestState: [ZipfileRequests] #resolveDesiredLanguagePacks
1791670701.624 10440 14287 14430 E VoiceSearchConfigUtils: Unrecognized recognizer for [ja-JP, 3056]: 23. Ignoring it and its associated features.
1791670701.624 10440 14287 14430 E VoiceSearchConfigUtils: Unrecognized recognizer for [ja-JP, 3056]: 22. Ignoring it and its associated features.
1791670701.624 10440 14287 14430 E VoiceSearchConfigUtils: Unrecognized recognizer for [ja-JP, 3056]: 23. Ignoring it and its associated features.
1791670701.624 10440 14287 14430 E VoiceSearchConfigUtils: Unrecognized recognizer for [ja-JP, 3056]: 22. Ignoring it and its associated features.
1791670701.624 10440 14287 14430 E VoiceSearchConfigUtils: Unrecognized recognizer for [ja-JP, 3056]: 23. Ignoring it and its associated features.
1791670701.624 10440 14287 14430 E VoiceSearchConfigUtils: Unrecognized recognizer for [ja-JP, 3056]: 22. Ignoring it and its associated features.
1791670701.624 10440 14287 14430 E VoiceSearchConfigUtils: Unrecognized recognizer for [ja-JP, 3056]: 22. Ignoring it and its associated features.
1791670701.624 10440 14287 14430 E VoiceSearchConfigUtils: Unrecognized recognizer for [ja-JP, 3056]: 22. Ignoring it and its associated features.
1791670701.624 10440 14287 14422 I LPRequestState: Assigning language pack Optional.of(LanguagePackDescriptor{locale=tr_TR, version=3059, installType=ZIPFILE_DOWNLOAD, applicationDomains=[1, 2, 3, 4, 5, 6, 7, 11], featuresForDomains={1=[2, 3, 4, 9, 10], 2=[2, 3, 4, 9, 10], 3=[2, 3, 4, 9, 10], 4=[2, 3, 4, 9, 10], 5=[2, 3, 4, 9, 10], 6=[2, 3, 4, 9, 10], 7=[2, 3, 4, 9, 10], 11=[2, 3, 4, 9, 10]}, sizeBytes=39573000, zipfileParams=Optional.of(ZipfileParams{downloadUrl=https://dl.google.com/android/voice/soda/tr-TR/v3059/soda-tr-TR-v3059.zip, hashValueSha1=FB3FBFBA2654DF1BE47FD5A007A502C84F8E4343}), readOnlyParams=Optional.absent()}) for request # hqv@4ece3318
1791670701.625 10440 14287 14422 I LPRequestState: Assigning language pack Optional.of(LanguagePackDescriptor{locale=en_US, version=3072, installType=ZIPFILE_DOWNLOAD, applicationDomains=[1, 2, 3, 4, 5, 6, 7, 11], featuresForDomains={1=[2, 3, 4, 5, 6, 9, 10, 12, 13, 14, 15], 2=[2, 3, 4, 5, 6, 7, 8, 9, 10, 12, 13, 14, 15], 3=[2, 3, 4, 5, 6, 9, 10, 12, 13, 14, 15], 4=[2, 3, 4, 5, 6, 7, 8, 9, 10, 12, 13, 14, 15], 5=[2, 3, 4, 5, 6, 9, 10, 12, 13, 14, 15], 6=[2, 3, 4, 5, 6, 7, 8, 9, 10, 12, 13, 14, 15], 7=[2, 3, 4, 5, 6, 7, 8, 9, 10, 12, 13, 14, 15], 11=[2, 3, 4, 5, 6, 7, 8, 9, 10, 12, 13, 14, 15]}, sizeBytes=62065000, zipfileParams=Optional.of(ZipfileParams{downloadUrl=https://dl.google.com/android/voice/soda/en-US/v3072/soda-en-US-v3072.zip, hashValueSha1=F8745C8DBBDAE1E77A9A9E7BAF378CBC78B7BB2A}), readOnlyParams=Optional.absent()}) for request # hqv@ce118b46
1791670701.625 10440 14287 14427 W LPDownloadSettingsState: Failed to get repair mode state.
1791670701.625 10440 14287 14427 W LPDownloadSettingsState: java.lang.SecurityException: Settings key: <repair_mode_active> is not readable. From S+, settings keys annotated with @hide are restricted to system_server and system apps only, unless they are annotated with @Readable.
1791670701.625 10440 14287 14427 W LPDownloadSettingsState: 	at android.provider.Settings$NameValueCache.getStringForUser(Settings.java:3921)
1791670701.625 10440 14287 14427 W LPDownloadSettingsState: 	at android.provider.Settings$Global.getStringForUser(Settings.java:20961)
1791670701.625 10440 14287 14427 W LPDownloadSettingsState: 	at android.provider.Settings$Global.getString(Settings.java:20944)
1791670701.625 10440 14287 14427 W LPDownloadSettingsState: 	at android.provider.Settings$Global.getInt(Settings.java:21166)
1791670701.625 10440 14287 14427 W LPDownloadSettingsState: 	at giq.apply(PG:131)
1791670701.625 10440 14287 14427 W LPDownloadSettingsState: 	at jxe.apply(PG:13)
1791670701.625 10440 14287 14427 W LPDownloadSettingsState: 	at kxv.d(PG:3)
1791670701.625 10440 14287 14427 W LPDownloadSettingsState: 	at kxw.run(PG:38)
1791670701.625 10440 14287 14427 W LPDownloadSettingsState: 	at epm.run(PG:7)
1791670701.625 10440 14287 14427 W LPDownloadSettingsState: 	at ksu.run(PG:44)
1791670701.625 10440 14287 14427 W LPDownloadSettingsState: 	at drq.run(PG:1181)
1791670701.625 10440 14287 14427 W LPDownloadSettingsState: 	at java.lang.Thread.run(Thread.java:1572)
1791670701.625 10440 14287 14427 W LPDownloadSettingsState: 	at era.run(PG:61)
1791670701.625 10440 14287 14396 W LPDownloadSettingsState: Failed to get repair mode state.
1791670701.625 10440 14287 14396 W LPDownloadSettingsState: java.lang.SecurityException: Settings key: <repair_mode_active> is not readable. From S+, settings keys annotated with @hide are restricted to system_server and system apps only, unless they are annotated with @Readable.
1791670701.625 10440 14287 14396 W LPDownloadSettingsState: 	at android.provider.Settings$NameValueCache.getStringForUser(Settings.java:3921)
1791670701.625 10440 14287 14396 W LPDownloadSettingsState: 	at android.provider.Settings$Global.getStringForUser(Settings.java:20961)
1791670701.625 10440 14287 14396 W LPDownloadSettingsState: 	at android.provider.Settings$Global.getString(Settings.java:20944)
1791670701.625 10440 14287 14396 W LPDownloadSettingsState: 	at android.provider.Settings$Global.getInt(Settings.java:21166)
1791670701.625 10440 14287 14396 W LPDownloadSettingsState: 	at giq.apply(PG:131)
1791670701.625 10440 14287 14396 W LPDownloadSettingsState: 	at jxe.apply(PG:13)
1791670701.625 10440 14287 14396 W LPDownloadSettingsState: 	at kxv.d(PG:3)
1791670701.625 10440 14287 14396 W LPDownloadSettingsState: 	at kxw.run(PG:38)
1791670701.625 10440 14287 14396 W LPDownloadSettingsState: 	at epm.run(PG:7)
1791670701.625 10440 14287 14396 W LPDownloadSettingsState: 	at ksu.run(PG:44)
1791670701.625 10440 14287 14396 W LPDownloadSettingsState: 	at drq.run(PG:1181)
1791670701.625 10440 14287 14396 W LPDownloadSettingsState: 	at java.lang.Thread.run(Thread.java:1572)
1791670701.625 10440 14287 14396 W LPDownloadSettingsState: 	at era.run(PG:61)
1791670701.625 10440 14287 14427 I LPDownloadSettingsState: Defaulting LP download condition to 2 as user has not edited settings.
1791670701.625 10440 14287 14396 I LPDownloadSettingsState: Defaulting LP download condition to 2 as user has not edited settings.
1791670701.625 10440 14287 14427 I ZipLPPopulator: MDD.addFileGroup: LanguagePackDescriptor{locale=tr_TR, version=3059, installType=ZIPFILE_DOWNLOAD, applicationDomains=[1, 2, 3, 4, 5, 6, 7, 11], featuresForDomains={1=[2, 3, 4, 9, 10], 2=[2, 3, 4, 9, 10], 3=[2, 3, 4, 9, 10], 4=[2, 3, 4, 9, 10], 5=[2, 3, 4, 9, 10], 6=[2, 3, 4, 9, 10], 7=[2, 3, 4, 9, 10], 11=[2, 3, 4, 9, 10]}, sizeBytes=39573000, zipfileParams=Optional.of(ZipfileParams{downloadUrl=https://dl.google.com/android/voice/soda/tr-TR/v3059/soda-tr-TR-v3059.zip, hashValueSha1=FB3FBFBA2654DF1BE47FD5A007A502C84F8E4343}), readOnlyParams=Optional.absent()}
1791670701.625 10440 14287 14396 I ZipLPPopulator: MDD.addFileGroup: LanguagePackDescriptor{locale=en_US, version=3072, installType=ZIPFILE_DOWNLOAD, applicationDomains=[1, 2, 3, 4, 5, 6, 7, 11], featuresForDomains={1=[2, 3, 4, 5, 6, 9, 10, 12, 13, 14, 15], 2=[2, 3, 4, 5, 6, 7, 8, 9, 10, 12, 13, 14, 15], 3=[2, 3, 4, 5, 6, 9, 10, 12, 13, 14, 15], 4=[2, 3, 4, 5, 6, 7, 8, 9, 10, 12, 13, 14, 15], 5=[2, 3, 4, 5, 6, 9, 10, 12, 13, 14, 15], 6=[2, 3, 4, 5, 6, 7, 8, 9, 10, 12, 13, 14, 15], 7=[2, 3, 4, 5, 6, 7, 8, 9, 10, 12, 13, 14, 15], 11=[2, 3, 4, 5, 6, 7, 8, 9, 10, 12, 13, 14, 15]}, sizeBytes=62065000, zipfileParams=Optional.of(ZipfileParams{downloadUrl=https://dl.google.com/android/voice/soda/en-US/v3072/soda-en-US-v3072.zip, hashValueSha1=F8745C8DBBDAE1E77A9A9E7BAF378CBC78B7BB2A}), readOnlyParams=Optional.absent()}
1791670701.627 10440 14287 14407 I ZipLPPopulator: Updated file group for group 'langpack-domain_tr-TR_3059_zipfile' from location: https://dl.google.com/android/voice/soda/tr-TR/v3059/soda-tr-TR-v3059.zip
1791670701.627 10440 14287 14396 I ZipLPPopulator: Updated file group for group 'langpack-domain_en-US_3072_zipfile' from location: https://dl.google.com/android/voice/soda/en-US/v3072/soda-en-US-v3072.zip
1791670701.627 10440 14287 14422 I ZipLPPopulator: #addNewFileGroups complete
1791670701.627 10440 14287 14422 I hrj     : #getPendingPackages from MDD
1791670701.627 10440 14287 14422 I hrj     : #GetLanguagePackList
1791670701.627 10440 14287 14422 I hrj     : MDD.getFileGroupsByFilter(langpack-domain_xx-XX_ver_zipfile)
1791670701.636 10440 14287 14427 I ModelManagerImpl: ModelManager has support for: [de-AT_v3056, de-BE_v3056, de-CH_v3056, de-DE_v3056, en-AU_v3071, en-CA_v3071, en-GB_v3071, en-IE_v3071, en-IN_v3056, en-SG_v3071, es-ES_v3056, fr-BE_v3056, fr-CH_v3056, fr-FR_v3056, it-CH_v3056, it-IT_v3056, pt-BR_v3056, fr-CA_v3056, ru-RU_v3059, ja-JP_v3059]
1791670701.636 10440 14287 14427 I ModelManagerImpl: ModelManager pending download for: []
1791670701.636 10440 14287 14427 I ModelManagerImpl: ModelManager has installed: [en-US_v3072]
1791670701.638 10384  6896 13584 I EligibilityUtilKt: EligibilityUtilKt.logSbgAvailabilityError():161 Dictation is not enabled because the language is not supported in Sbg. locale=tr_TR workprofile=false [SD]
1791670701.638 10384  6896 13584 I LimitedFeaturesEligibilityChecker: LimitedFeaturesEligibilityChecker.getDictationConfigEligibilityForLocale():201 S3 is available. [SD]
1791670701.644 10384  6896 13584 I LimitedFeaturesEligibilityChecker: LimitedFeaturesEligibilityChecker.getDictationConfigEligibilityForLocale():213 System Voice IME is available. [SD]
1791670701.644 10384  6896 13584 I AsrProviderChoice: AsrProviderChoice.setEligibleFallbackProviders():129 Setting eligible fallback providers to: [5, 7] [SD]
1791670701.644 10384  6896 13584 I AsrProviderChoice: AsrProviderChoice.setChosenFallbackProvider():100 Setting chosen fallback ASR provider to: 5 [SD]
1791670701.645 10384  6896 13584 I MultilangConditionManagerImpl: MultilangConditionManagerImpl.isAutomaticSwitchingEnabled():59 Automatic switching disabled because Gboard setting is not shown [SD]
1791670701.645 10384  6896 13584 I MultilangConditionManagerImpl: MultilangConditionManagerImpl.isAutomaticSwitchingEnabled():74 Automatic switching disabled because there aren't enough supported keyboard languages [SD]
1791670701.645 10384  6896 19985 I LimitedFeaturesEligibilityChecker: LimitedFeaturesEligibilityChecker.getDictationConfigEligibilityForLocale():201 S3 is available. [SD]
1791670701.645 10384  6896 19985 I LimitedFeaturesEligibilityChecker: LimitedFeaturesEligibilityChecker.getDictationConfigEligibilityForLocale():205 SBG is available. [SD]
1791670701.647 10384  6896 19985 I LimitedFeaturesEligibilityChecker: LimitedFeaturesEligibilityChecker.getDictationConfigEligibilityForLocale():213 System Voice IME is available. [SD]
1791670701.647 10384  6896 20027 I KeyboardEligibilityNotifier: KeyboardEligibilityNotifier.notifyEligibility():76 Keyboard notified that eligibility=NON_ELIGIBLE_ASSISTANT_DICTATION_FLAG_DISABLED [SD]
1791670701.647 10384  6896  6896 I NgaStateManager: NgaStateManager.setAssistantDictationEligibility():205 AssistantDictationEligibility = 2 [SDG]
1791670701.647 10384  6896  6896 I NgaStateManager: NgaStateManager.buildConfigEligibilityPerLanguageTag():390 AssistantDictationEligibility(config, tr-TR) = 2 [SDG]
1791670701.647 10384  6896  6896 I NgaStateManager: NgaStateManager.buildConfigEligibilityPerLanguageTag():390 AssistantDictationEligibility(config, en-US) = 2 [SDG]
1791670701.647 10384  6896  6896 I NgaStateManager: NgaStateManager.setAssistantDictationEligibility():213 AssistantDictationEligibility(inputField) = 1 [SDG]
1791670701.647 10384  6896 20027 I KeyboardUiManagerImpl: KeyboardUiManagerImpl.onKeyboardShown():156 #onKeyboardShown scheduled [SD]
1791670701.648 10384  6896 20027 I KeyboardUiManagerImpl: KeyboardUiManagerImpl.onKeyboardShown():159 #onKeyboardShown [SD]
1791670701.648 10384  6896  6896 I NgaStateManager: NgaStateManager.setAssistantDictationEligibility():227 Flag is enabled and limited features dictation is eligible; Setting the client type to regular dictation for fallback [SDG]
1791670701.648 10384  6896  6896 I NgaStateManager: NgaStateManager.buildConfigEligibilityPerLanguageTag():390 AssistantDictationEligibility(config, tr-TR) = 1 [SDG]
1791670701.648 10384  6896  6896 I NgaStateManager: NgaStateManager.buildConfigEligibilityPerLanguageTag():390 AssistantDictationEligibility(config, en-US) = 1 [SDG]
1791670701.648 10384  6896  6896 I NgaInputHandlerFactory: NgaInputHandlerFactory.restorePrimary():138 restoring primary [SDG]
1791670701.648 10384  6896  6896 I NgaVoiceInputHandlerSwitcher: NgaVoiceInputHandlerSwitcher.restorePrimary():245 not restoring primary. fallback is inside SD stack [SDG]
1791670701.648 10384  6896  6896 I NgaExtension: NgaExtension.onDictatingStateChanged():989 Dictating state changed: dictating=false, status=0 [SDG]
1791670701.648 10384  6896  6896 I AsrProviderChoice: AsrProviderChoice.resetFallbackProvider():110 Reset chosen fallback ASR provider to: 5 [SD]
1791670701.648 10384  6896  6896 I HardKeyTracker: HardKeyTracker.unregisterKeySequence():259 Unregister key sequence aict{labelResId=2132020452, callback=zze@287f4ab, lastModifier=2, keyCodes=[32], actions=[0]}
1791670701.648 10384  6896  6896 I HardKeyTracker: HardKeyTracker.unregisterKeySequence():259 Unregister key sequence aict{labelResId=2132020452, callback=zze@7b17708, lastModifier=0, keyCodes=[319], actions=[0]}
1791670701.648 10384  6896  6896 I HardKeyTracker: HardKeyTracker.registerKeySequence():201 Register key sequence aict{labelResId=2132020452, callback=zze@39e674e, lastModifier=2, keyCodes=[32], actions=[0]}
1791670701.648 10384  6896  6896 I HardKeyTracker: HardKeyTracker.registerKeySequence():201 Register key sequence aict{labelResId=2132020452, callback=zze@23ff06f, lastModifier=0, keyCodes=[319], actions=[0]}
1791670701.649 10384  6896  6896 I HardKeyTracker: HardKeyTracker.unregisterKeySequence():259 Unregister key sequence aict{labelResId=2132020452, callback=zze@b644e23, lastModifier=2, keyCodes=[32], actions=[0]}
1791670701.649 10384  6896  6896 I HardKeyTracker: HardKeyTracker.unregisterKeySequence():259 Unregister key sequence aict{labelResId=2132020452, callback=zze@b961f20, lastModifier=0, keyCodes=[319], actions=[0]}
1791670701.649 10384  6896  6896 I HardKeyTracker: HardKeyTracker.registerKeySequence():201 Register key sequence aict{labelResId=2132020452, callback=zze@555617c, lastModifier=2, keyCodes=[32], actions=[0]}
1791670701.649 10384  6896  6896 I HardKeyTracker: HardKeyTracker.registerKeySequence():201 Register key sequence aict{labelResId=2132020452, callback=zze@af67a05, lastModifier=0, keyCodes=[319], actions=[0]}
1791670701.649 10384  6896  6896 W AccessPointsManager: AccessPointsManager.addAccessPoint():1126 The holder controller #0x7f0b2942 is not registered
1791670701.744 10384  6896  6896 W TooltipLifecycleManager: TooltipLifecycleManager.dismissTooltips():152 Tooltip with id spell_check_add_to_dictionary not found in tooltipManager.
1791670701.758 10312  5415  5415 I ImeTracker: com.android.launcher3:96fe753f: onShown
1791670701.794  root    43    43 I IRQ 16  : no longer affine to CPU5
1791670701.925 10761 30754 30830 D ProfileInstaller: Skipping profile installation for com.f0x1d.logfox
1791670702.273  1000  1753  1753 D SurfaceFlinger: initiateModeChange 4630946292801050754 {mode={fps=60.00 Hz, modePtr={id=3, vsyncRate=60.00 Hz, peakRefreshRate=60.00 Hz}}, emitEvent=false, force=false}
1791670702.274  1000  1703  3573 D SDM     : IRIS_LOG_HWC::SetActiveConfigWithConstraints:465: 03
1791670702.274  1000  1703  3573 I IRIS_LOG_SERV: config 3, Refresh rate 60, Frame 3216x1440, Current mode 'ABYP'
1791670702.274  1000  1703  3573 D IRIS_LOG_SERV: Service Mode changed to: IRIS_SERVICE_MODE_BYPASS
1791670702.274  1000  1703  3573 I IRIS_LOG_SERV: SetActiveConfig[3]: 60 3216x1440 => 0
1791670702.275  1000  1703  3573 I SDM     : HWDeviceDRM::UpdateMixerAttributes: Mixer WxH 1440x3216-1 for Peripheral
1791670702.275  1000  1703  3573 I SDM     : HWCDisplay::SubmitDisplayConfig: HWC SetActiveConfig [5,3], cur_resolution is (1440, 3216), new_resolution is (1440, 3216)
1791670702.275  1000  1703  3573 I SDM     : HWCDisplay::SubmitDisplayConfig: Active configuration changed to: 3
1791670702.278  1000  1703  3573 D IRIS_LOG_COLR: Use kPbGamut HwConfigPayload
1791670702.295  root   709   709 I [drm:dsi_display_set_mode [msm_drm]] [msm-dsi-info]: mdp_transfer_time=7700, hactive=1440, vactive=3216, fps=60, h_skew=1
1791670702.295  root   709   709 E         : IRIS_LOG I iris_post_switch(), post switch to 1440x3216@60Hz, cmd list 0, switch case ABYP_TO_ABYP
1791670702.295  root   709   709 E         : <AMB670YF01> dsi_cmd qcom,mdss-dsi-adfr-pre-switch-command
1791670702.296  root   709   709 I [drm:oplus_dsi_display_vsync_switch_check_te [msm_drm]] [msm-dsi-info]: kVRR vsync_switch_gpio is already 0
1791670702.296  root   709   709 E         : IRIS_LOG I iris_switch(), return 0, total cost '235 us'
1791670702.296  root   709   709 I [drm:dsi_panel_adfr_status_reset [msm_drm]] [msm-dsi-info]: kVRR auto mode reset: auto mode 0, fakeframe 0, min fps 1
1791670702.297  root   709   709 E         : <AMB670YF01> dsi_cmd qcom,mdss-dsi-post-panel-on-command
1791670702.485  root 11925 30828 W adbd    : timed out while waiting for FUNCTIONFS_BIND, trying again
1791670702.485  root 11925 30828 I adbd    : UsbFfs: connection terminated: monitor thread finished
1791670702.502  root 11925 11938 I adbd    : opening control endpoint /dev/usb-ffs/adb/ep0
1791670702.503  root 11938 11938 I         : read descriptors
1791670702.503  root 11938 11938 I         : read strings
1791670702.542  1000  1753  1753 D SurfaceFlinger: initiateModeChange 4630946292801050754 {mode={fps=120.00 Hz, modePtr={id=5, vsyncRate=120.00 Hz, peakRefreshRate=120.00 Hz}}, emitEvent=false, force=false}
1791670702.543  1000  1703  3573 D SDM     : IRIS_LOG_HWC::SetActiveConfigWithConstraints:465: 05
1791670702.543  1000  1703  3573 I IRIS_LOG_SERV: config 5, Refresh rate 120, Frame 3216x1440, Current mode 'ABYP'
1791670702.543  1000  1703  3573 D IRIS_LOG_SERV: Service Mode changed to: IRIS_SERVICE_MODE_BYPASS
1791670702.543  1000  1703  3573 I IRIS_LOG_SERV: SetActiveConfig[5]: 120 3216x1440 => 0
1791670702.544  1000  1703  3573 I SDM     : HWDeviceDRM::UpdateMixerAttributes: Mixer WxH 1440x3216-1 for Peripheral
1791670702.544  1000  1703  3573 I SDM     : HWCDisplay::SubmitDisplayConfig: HWC SetActiveConfig [3,5], cur_resolution is (1440, 3216), new_resolution is (1440, 3216)
1791670702.544  1000  1703  3573 I SDM     : HWCDisplay::SubmitDisplayConfig: Active configuration changed to: 5
1791670702.546  1000  1703  3573 D IRIS_LOG_COLR: Use kPbGamut HwConfigPayload
1791670702.552  root   709   709 E         : [drm:_sde_crtc_blend_setup_mixer:1602] do not config dimlayer at the fps switch
1791670702.557  root   709   709 I [drm:dsi_display_set_mode [msm_drm]] [msm-dsi-info]: mdp_transfer_time=7700, hactive=1440, vactive=3216, fps=120, h_skew=0
1791670702.557  root   709   709 E         : IRIS_LOG I iris_post_switch(), post switch to 1440x3216@120Hz, cmd list 0, switch case ABYP_TO_ABYP
1791670702.557  root   709   709 E         : <AMB670YF01> dsi_cmd qcom,mdss-dsi-adfr-pre-switch-command
1791670702.557  root   709   709 I [drm:oplus_dsi_display_vsync_switch_check_te [msm_drm]] [msm-dsi-info]: kVRR vsync_switch_gpio is already 0
1791670702.557  root   709   709 E         : IRIS_LOG I iris_switch(), return 0, total cost '290 us'
1791670702.558  root   709   709 I [drm:dsi_panel_adfr_status_reset [msm_drm]] [msm-dsi-info]: kVRR auto mode reset: auto mode 0, fakeframe 1, min fps 0
1791670702.558  root   709   709 E         : <AMB670YF01> dsi_cmd qcom,mdss-dsi-post-panel-on-command
1791670702.565 10312  5415  5415 D AllAppsTransitionController: shouldProtectHeader: true skipScrim: false state: Normal stateManager.getState(): AllApps
1791670702.566 10312  5415  5415 D Current state display 0: newValue: Normal
1791670702.567 10312  5415  5415 V BaseDepthController: Applying blur: 30 to Surface(name=VRI-com.android.launcher3/com.android.launcher3.uioverrides.QuickstepLauncher#6430)/@0xf5059f2 applyImmediately: false
1791670702.567 10312  5415  5415 D BaseDepthController: shouldBlurWorkspace: true targetState: Normal currentStableState: AllApps mCurrentBlur: 30 mLauncher.getDepthBlurTargets(): [com.android.launcher3.Workspace{c04cee1 V.ED..... ......ID 0,0-1440,3216 #7f0a054d app:id/workspace aid=1073741834}, com.android.launcher3.Hotseat{176cc63 V.ED..... ........ 0,2667-1440,3216 #7f0a0241 app:id/hotseat aid=1073741899}]
1791670702.567 10312  5415  5415 I BaseDragLayer: findActiveController: mActiveController=NoButtonNavbarToOverviewTouchController
1791670702.602 10312  5415  5415 V BaseDepthController: Applying blur: 30 to Surface(name=VRI-com.android.launcher3/com.android.launcher3.uioverrides.QuickstepLauncher#6430)/@0xf5059f2 applyImmediately: false
1791670702.602 10312  5415  5415 D BaseDepthController: shouldBlurWorkspace: true targetState: Normal currentStableState: AllApps mCurrentBlur: 30 mLauncher.getDepthBlurTargets(): [com.android.launcher3.Workspace{c04cee1 V.ED..... .......D 0,0-1440,3216 #7f0a054d app:id/workspace aid=1073741834}, com.android.launcher3.Hotseat{176cc63 V.ED..... ........ 0,2667-1440,3216 #7f0a0241 app:id/hotseat aid=1073741899}]
1791670702.614 10312  5415  5415 V BaseDepthController: Applying blur: 30 to Surface(name=VRI-com.android.launcher3/com.android.launcher3.uioverrides.QuickstepLauncher#6430)/@0xf5059f2 applyImmediately: false
1791670702.614 10312  5415  5415 D BaseDepthController: shouldBlurWorkspace: true targetState: Normal currentStableState: AllApps mCurrentBlur: 30 mLauncher.getDepthBlurTargets(): [com.android.launcher3.Workspace{c04cee1 V.ED..... .......D 0,0-1440,3216 #7f0a054d app:id/workspace aid=1073741834}, com.android.launcher3.Hotseat{176cc63 V.ED..... ........ 0,2667-1440,3216 #7f0a0241 app:id/hotseat aid=1073741899}]
1791670702.615  1000  1659  1659 E QTI PowerHAL: Failed to acquire lock.
1791670702.615  1000  1659  1659 E QTI PowerHAL: Failed process_boost for boost_handle
1791670702.622 10312  5415  5415 V BaseDepthController: Applying blur: 22 to Surface(name=VRI-com.android.launcher3/com.android.launcher3.uioverrides.QuickstepLauncher#6430)/@0xf5059f2 applyImmediately: false
1791670702.623 10312  5415  5415 D BaseDepthController: setEarlyWakeup: true
1791670702.623 10312  5415  5415 D BaseDepthController: shouldBlurWorkspace: true targetState: Normal currentStableState: AllApps mCurrentBlur: 22 mLauncher.getDepthBlurTargets(): [com.android.launcher3.Workspace{c04cee1 V.ED..... .......D 0,0-1440,3216 #7f0a054d app:id/workspace aid=1073741834}, com.android.launcher3.Hotseat{176cc63 V.ED..... ........ 0,2667-1440,3216 #7f0a0241 app:id/hotseat aid=1073741899}]
1791670702.632 10312  5415  5415 V BaseDepthController: Applying blur: 10 to Surface(name=VRI-com.android.launcher3/com.android.launcher3.uioverrides.QuickstepLauncher#6430)/@0xf5059f2 applyImmediately: false
1791670702.632 10312  5415  5415 D BaseDepthController: shouldBlurWorkspace: true targetState: Normal currentStableState: AllApps mCurrentBlur: 10 mLauncher.getDepthBlurTargets(): [com.android.launcher3.Workspace{c04cee1 V.ED..... .......D 0,0-1440,3216 #7f0a054d app:id/workspace aid=1073741834}, com.android.launcher3.Hotseat{176cc63 V.ED..... ........ 0,2667-1440,3216 #7f0a0241 app:id/hotseat aid=1073741899}]
1791670702.641 10312  5415  5415 V BaseDepthController: Applying blur: 3 to Surface(name=VRI-com.android.launcher3/com.android.launcher3.uioverrides.QuickstepLauncher#6430)/@0xf5059f2 applyImmediately: false
1791670702.641 10312  5415  5415 D BaseDepthController: shouldBlurWorkspace: true targetState: Normal currentStableState: AllApps mCurrentBlur: 3 mLauncher.getDepthBlurTargets(): [com.android.launcher3.Workspace{c04cee1 V.ED..... .......D 0,0-1440,3216 #7f0a054d app:id/workspace aid=1073741834}, com.android.launcher3.Hotseat{176cc63 V.ED..... ........ 0,2667-1440,3216 #7f0a0241 app:id/hotseat aid=1073741899}]
1791670702.660 10312  5415  5415 V BaseDepthController: Applying blur: 0 to Surface(name=VRI-com.android.launcher3/com.android.launcher3.uioverrides.QuickstepLauncher#6430)/@0xf5059f2 applyImmediately: false
1791670702.660 10312  5415  5415 D BaseDepthController: setEarlyWakeup: false
1791670702.660 10312  5415  5415 D BaseDepthController: shouldBlurWorkspace: true targetState: Normal currentStableState: AllApps mCurrentBlur: 0 mLauncher.getDepthBlurTargets(): [com.android.launcher3.Workspace{c04cee1 V.ED..... .......D 0,0-1440,3216 #7f0a054d app:id/workspace aid=1073741834}, com.android.launcher3.Hotseat{176cc63 V.ED..... ........ 0,2667-1440,3216 #7f0a0241 app:id/hotseat aid=1073741899}]
1791670702.668 10312  5415  5415 D KeyboardStateManager: hideKeyboard
1791670702.668 10312  5415  5415 D KeyboardStateManager: isImeShown: true
1791670702.668 10312  5415  5415 D KeyboardStateManager: hideKeyboard: calling wic.hide() because isImeShown is true
1791670702.668 10312  5415  5415 D InsetsController: hide(ime())
1791670702.668 10312  5415  5415 I ImeTracker: com.android.launcher3:18d3d4e8: onRequestHide at ORIGIN_CLIENT reason HIDE_SOFT_INPUT_BY_INSETS_API fromUser false userId 0 displayId 0
1791670702.669 10312  5415  5415 D WindowOnBackDispatcher: setTopOnBackInvokedCallback (unwrapped): com.android.launcher3.uioverrides.QuickstepLauncher$3@50ed083
1791670702.670 10312  5415  5415 D InsetsController: Setting requestedVisibleTypes to 503 (was 511)
1791670702.670  1000  4337  5791 D CoreBackPreview: Window{74cb840 u0 com.android.launcher3/com.android.launcher3.uioverrides.QuickstepLauncher}: Setting back callback OnBackInvokedCallbackInfo{mCallback=android.window.IOnBackInvokedCallback$Stub$Proxy@1018454, mPriority=0, mIsAnimationCallback=true, mOverrideBehavior=0}
1791670702.670 10312  5415  5415 D StatsLog: LAUNCHER_ALLAPPS_KEYBOARD_CLOSED
1791670702.671 10312  5415  5415 D VRI[QuickstepLauncher]: WindowInsets changed: ime:null
1791670702.671  1000  4337  5791 I ImeTracker: system_server:d3a8308d: onRequestShow at ORIGIN_SERVER reason IME_REQUESTED_CHANGED_LISTENER fromUser false displayId 0
1791670702.672 10303  4915  5301 D WindowManagerShell: PipDesktopState: isPipInDesktopMode isAnyDeskActive=false isDisplayDesktopFirst=false
1791670702.678 10312  5415  5415 D StatsLog: LAUNCHER_ALLAPPS_EXIT
1791670702.678 10312  5415  5415 D RecentsView: reset - mEnableDrawingLiveTile: false, mRecentsAnimationController: null
1791670702.678  1000  4337  4385 I ImeTracker: system_server:d3a8308d: onCancelled at PHASE_SERVER_ALREADY_VISIBLE
1791670702.678 10312  5415  5415 D StatsLog: LAUNCHER_ALLAPPS_CLOSE_DOWN
1791670702.680 10384  6896  6896 W ModuleManager: ModuleManager.loadModule():641 Module aihc is not available
1791670702.680 10312  5415  5415 D ActivityAllAppsContainerView: rebindAdapters: force: false
1791670702.680 10312  5415  5415 D ActivityAllAppsContainerView: rebindAdapters: Not needed.
1791670702.680 10312  5415  5415 D KeyboardStateManager: hideKeyboard
1791670702.680 10312  5415  5415 D KeyboardStateManager: isImeShown: false
1791670702.680 10312  5415  5415 D OverviewActionsView: updateForGroupedTask() called with: isGroupedTask = [false], canSaveAppPair = [false]
1791670702.680 10312  5415  5415 D OverviewActionsView: updateActionButtonsVisibility() called: showSingleTaskActions = [true], showGroupActions = [false]
1791670702.692  1000  4337  4386 I ImeTracker: system_server:f11dad8c: onRequestShow at ORIGIN_SERVER reason CONTROLS_CHANGED fromUser false displayId 0
1791670702.694 10312  5415  5415 I ImeTracker: system_server:f11dad8c: onCancelled at PHASE_CLIENT_ON_CONTROLS_CHANGED
1791670702.847 10384  6896  6896 I GoogleInputMethodService: GoogleInputMethodService.onFinishInputView():1790 onFinishInputView(false)
1791670702.849 10384  6896  6896 I EmojiAndGlobeKeyExtension: EmojiAndGlobeKeyExtension.onDeactivate():153
1791670702.850 10384  6896  6896 I NgaExtension: NgaExtension.onDeactivate():715 NgaExtension#onDeactivate [SDG]
1791670702.852 10384  6896  6896 W NotificationCenter: NotificationCenter.unregisterListener():474 Listener rhn@d7328d9 was not registered for notification class aenk
1791670702.852 10384  6896  6896 I AsrProviderChoice: AsrProviderChoice.resetFallbackProvider():110 Reset chosen fallback ASR provider to: 5 [SD]
1791670702.852 10384  6896 19969 I KeyboardEventHandler: KeyboardEventHandler.handleKeyboardVisibilityEvent():210 Handling KeyboardVisibilityEvent: KEYBOARD_CLOSED [SD]
1791670702.854 10384  6896  6896 W TooltipLifecycleManager: TooltipLifecycleManager.dismissTooltips():152 Tooltip with id spell_check_add_to_dictionary not found in tooltipManager.
1791670702.854 10384  6896  6896 I NgaVoiceInputHandler: NgaVoiceInputHandler.shutdownInternalLegacy():351 VoiceInputHandler:deactivating with reason: SHUTDOWN_UNIVERSAL_EXTENSION_ON_DEACTIVATE [SDG]
1791670702.855 10384  6896  6896 W NotificationCenter: NotificationCenter.unregisterListener():474 Listener agpa@6bb5192 was not registered for notification class agpb
1791670702.855 10384  6896  6896 I UniversalDictationUiProvider: UniversalDictationUiProvider.onDeactivate():69 onDeactivate() [UD]
1791670702.856 10384  6896  6896 I InputBundle: InputBundle.consumeEvent():1062 Skip consuming an event as keyboard status is INACTIVE
1791670702.858 10384  6896  6896 I AbstractIme: AbstractIme.onDeactivate():229 LatinIme.onDeactivate()
1791670702.860 10384  6896  6896 W TooltipLifecycleManager: TooltipLifecycleManager.dismissTooltips():152 Tooltip with id undo_access_point_promotion_banner not found in tooltipManager.
1791670702.861 10384  6896  6896 I GoogleInputMethodService: GoogleInputMethodService.onWindowHidden():2548
1791670702.861 10384  6896  6896 D ImeBackCallbackSender: Unregister OnBackInvokedCallback at app window (packageName=com.android.launcher3)
1791670702.862 10384  6896  6896 I ImeTracker: com.android.launcher3:18d3d4e8: onHidden
1791670702.864 10384  6896  7205 I NebulaeTrainingCacheMetricsProcessor: NebulaeTrainingCacheMetricsProcessor.processEndSession():683 End training cache session: /
1791670702.864 10384  6896  7205 I NebulaeTrainingCacheMetricsProcessor: NebulaeTrainingCacheMetricsProcessor.checkInputActions():1049 checkInputActions: no text change
1791670702.864 10384  6896  7205 W NebulaeTrainingCacheMetricsProcessor: NebulaeTrainingCacheMetricsProcessor.logInputActionCollection():839 checkInputActions failed
1791670702.865 10384  6896  7205 I NebulaeTrainingCacheMetricsProcessor: NebulaeTrainingCacheMetricsProcessor.resolveConversationId():1199 Use dominating conversation id:  with count 0 / 0, all conversation ids: []
1791670702.865 10384  6896  7205 I NebulaeTrainingCacheMetricsProcessor: NebulaeTrainingCacheMetricsProcessor.processEndSession():736 No input action collection / expression events / mozc commands in this session, skip logging.
1791670702.866  1000  4337  5791 W ApplicationInfo: Large ApplicationInfo parcel: size=24372 package=com.zhiliaoapp.musically splits=69 sharedLibs=8 resDirs=6 overlayPaths=6
1791670702.872 10384  6896  6896 I KeyboardModeUtils: KeyboardModeUtils.getKeyboardBottomOffset():450 inch: 0.000000 ydpi: 510.539001 adjustKeyboardBottomByDisplaySize: false currentDensityDpi: 448 defaultDensityDpi: 448 keyboardBottomToScreenPx: 0 keyboardBottomToNavBarPx: -134 navBarHeight: 134
1791670702.872 10384  6896  6896 I BaseKeyboardSizeHelper: BaseKeyboardSizeHelper.calculateMaxKeyboardBodyHeight():79 leave 300 height for app when ime window height:2956, header height:123 and isFullscreenMode:false, so the max keyboard body height is:2533
1791670702.872 10384  6896  6896 I BaseKeyboardSizeHelper: BaseKeyboardSizeHelper.calculateMaxKeyboardBodyHeight():79 leave 300 height for app when ime window height:2956, header height:123 and isFullscreenMode:false, so the max keyboard body height is:2533
1791670702.874 10384  6896  6896 I HardKeyTracker: HardKeyTracker.unregisterKeySequence():259 Unregister key sequence aict{labelResId=2132020452, callback=zze@39e674e, lastModifier=2, keyCodes=[32], actions=[0]}
1791670702.874 10384  6896  6896 I HardKeyTracker: HardKeyTracker.unregisterKeySequence():259 Unregister key sequence aict{labelResId=2132020452, callback=zze@23ff06f, lastModifier=0, keyCodes=[319], actions=[0]}
1791670702.874 10384  6896  6896 I HardKeyTracker: HardKeyTracker.registerKeySequence():201 Register key sequence aict{labelResId=2132020452, callback=zze@c7ee4bd, lastModifier=2, keyCodes=[32], actions=[0]}
1791670702.874 10384  6896  6896 I HardKeyTracker: HardKeyTracker.registerKeySequence():201 Register key sequence aict{labelResId=2132020452, callback=zze@2e72ab2, lastModifier=0, keyCodes=[319], actions=[0]}
1791670702.874 10384  6896  6896 I HardKeyTracker: HardKeyTracker.unregisterKeySequence():259 Unregister key sequence aict{labelResId=2132020452, callback=zze@555617c, lastModifier=2, keyCodes=[32], actions=[0]}
1791670702.874 10384  6896  6896 I HardKeyTracker: HardKeyTracker.unregisterKeySequence():259 Unregister key sequence aict{labelResId=2132020452, callback=zze@af67a05, lastModifier=0, keyCodes=[319], actions=[0]}
1791670702.875 10384  6896  6896 I HardKeyTracker: HardKeyTracker.registerKeySequence():201 Register key sequence aict{labelResId=2132020452, callback=zze@31b9a03, lastModifier=2, keyCodes=[32], actions=[0]}
1791670702.875 10384  6896  6896 I HardKeyTracker: HardKeyTracker.registerKeySequence():201 Register key sequence aict{labelResId=2132020452, callback=zze@cffad80, lastModifier=0, keyCodes=[319], actions=[0]}
1791670702.875 10384  6896  6896 W AccessPointsManager: AccessPointsManager.addAccessPoint():1126 The holder controller #0x7f0b2942 is not registered
1791670702.916  1000  4337  4525 W ApplicationInfo: Large ApplicationInfo parcel: size=24372 package=com.zhiliaoapp.musically splits=69 sharedLibs=8 resDirs=6 overlayPaths=6
1791670702.973  1000  4337  4525 W ApplicationInfo: Large ApplicationInfo parcel: size=24372 package=com.zhiliaoapp.musically splits=69 sharedLibs=8 resDirs=6 overlayPaths=6
1791670703.081  1000  4337  6598 W ApplicationInfo: Large ApplicationInfo parcel: size=24372 package=com.zhiliaoapp.musically splits=69 sharedLibs=8 resDirs=6 overlayPaths=6
1791670703.176 10312  5415  5415 D CellLayout: Adding view to ShortcutsAndWidgetsContainer: com.android.launcher3.BubbleTextView{7db3bb8 VFED..CL. ......ID 0,0-171,221 #47}
1791670703.176 10312  5415  5415 D CellLayout: Adding view to ShortcutsAndWidgetsContainer: com.android.launcher3.BubbleTextView{92444f6 VFED..CL. ......ID 216,0-387,221 #14c}
1791670703.176 10312  5415  5415 D CellLayout: Adding view to ShortcutsAndWidgetsContainer: com.android.launcher3.BubbleTextView{db880f7 VFED..CL. ......ID 0,266-171,487 #1b}
1791670703.176 10312  5415  5415 D CellLayout: Adding view to ShortcutsAndWidgetsContainer: com.android.launcher3.BubbleTextView{cdaad91 VFED..CL. ......ID 216,266-387,487 #127}
1791670703.178 10312  5415  5415 D b/383526431: animateOpen: content child count before: 4
1791670703.178 10312  5415  5415 D b/383526431: animateOpen: content child count after pending page changes: 4
1791670703.178 10312  5415  5415 D b/383526431: animateOpen: content child count after cancelling animation: 4
1791670703.180 10312  5415  5415 V BaseDepthController: Applying blur: 0 to Surface(name=VRI-com.android.launcher3/com.android.launcher3.uioverrides.QuickstepLauncher#6430)/@0xf5059f2 applyImmediately: false
1791670703.180 10312  5415  5415 D BaseDepthController: shouldBlurWorkspace: false targetState: Normal currentStableState: Normal mCurrentBlur: 0 mLauncher.getDepthBlurTargets(): [com.android.launcher3.Workspace{c04cee1 V.ED..... ........ 0,0-1440,3216 #7f0a054d app:id/workspace aid=1073741834}, com.android.launcher3.Hotseat{176cc63 V.ED..... .......D 0,2667-1440,3216 #7f0a0241 app:id/hotseat aid=1073741899}]
1791670703.181 10312  5415  5415 D b/311077782: Folder.animateOpen
1791670703.182 10312  5415  5415 V BaseDepthController: Applying blur: 0 to Surface(name=VRI-com.android.launcher3/com.android.launcher3.uioverrides.QuickstepLauncher#6430)/@0xf5059f2 applyImmediately: false
1791670703.183 10312  5415  5415 D BaseDepthController: shouldBlurWorkspace: false targetState: Normal currentStableState: Normal mCurrentBlur: 0 mLauncher.getDepthBlurTargets(): [com.android.launcher3.Workspace{c04cee1 V.ED..... .......D 0,0-1440,3216 #7f0a054d app:id/workspace aid=1073741834}, com.android.launcher3.Hotseat{176cc63 V.ED..... ......ID 0,2667-1440,3216 #7f0a0241 app:id/hotseat aid=1073741899}]
1791670703.183 10312  5415  5415 V BaseDepthController: Applying blur: 0 to Surface(name=VRI-com.android.launcher3/com.android.launcher3.uioverrides.QuickstepLauncher#6430)/@0xf5059f2 applyImmediately: false
1791670703.183 10312  5415  5415 D BaseDepthController: shouldBlurWorkspace: false targetState: Normal currentStableState: Normal mCurrentBlur: 0 mLauncher.getDepthBlurTargets(): [com.android.launcher3.Workspace{c04cee1 V.ED..... .......D 0,0-1440,3216 #7f0a054d app:id/workspace aid=1073741834}, com.android.launcher3.Hotseat{176cc63 V.ED..... ......ID 0,2667-1440,3216 #7f0a0241 app:id/hotseat aid=1073741899}]
1791670703.184 10312  5415  5415 V BaseDepthController: Applying blur: 0 to Surface(name=VRI-com.android.launcher3/com.android.launcher3.uioverrides.QuickstepLauncher#6430)/@0xf5059f2 applyImmediately: false
1791670703.184 10312  5415  5415 D BaseDepthController: shouldBlurWorkspace: false targetState: Normal currentStableState: Normal mCurrentBlur: 0 mLauncher.getDepthBlurTargets(): [com.android.launcher3.Workspace{c04cee1 V.ED..... .......D 0,0-1440,3216 #7f0a054d app:id/workspace aid=1073741834}, com.android.launcher3.Hotseat{176cc63 V.ED..... ......ID 0,2667-1440,3216 #7f0a0241 app:id/hotseat aid=1073741899}]
1791670703.184 10312  5415  5415 V BaseDepthController: Applying blur: 0 to Surface(name=VRI-com.android.launcher3/com.android.launcher3.uioverrides.QuickstepLauncher#6430)/@0xf5059f2 applyImmediately: false
1791670703.184 10312  5415  5415 D BaseDepthController: shouldBlurWorkspace: false targetState: Normal currentStableState: Normal mCurrentBlur: 0 mLauncher.getDepthBlurTargets(): [com.android.launcher3.Workspace{c04cee1 V.ED..... .......D 0,0-1440,3216 #7f0a054d app:id/workspace aid=1073741834}, com.android.launcher3.Hotseat{176cc63 V.ED..... ......ID 0,2667-1440,3216 #7f0a0241 app:id/hotseat aid=1073741899}]
1791670703.185 10312  5415  5415 V BaseDepthController: Applying blur: 0 to Surface(name=VRI-com.android.launcher3/com.android.launcher3.uioverrides.QuickstepLauncher#6430)/@0xf5059f2 applyImmediately: false
1791670703.185 10312  5415  5415 D BaseDepthController: shouldBlurWorkspace: false targetState: Normal currentStableState: Normal mCurrentBlur: 0 mLauncher.getDepthBlurTargets(): [com.android.launcher3.Workspace{c04cee1 V.ED..... .......D 0,0-1440,3216 #7f0a054d app:id/workspace aid=1073741834}, com.android.launcher3.Hotseat{176cc63 V.ED..... ......ID 0,2667-1440,3216 #7f0a0241 app:id/hotseat aid=1073741899}]
1791670703.185 10312  5415  5415 D StatsLog: LAUNCHER_FOLDER_OPEN
1791670703.196 10312  5415  5415 V BaseDepthController: Applying blur: 0 to Surface(name=VRI-com.android.launcher3/com.android.launcher3.uioverrides.QuickstepLauncher#6430)/@0xf5059f2 applyImmediately: false
1791670703.196 10312  5415  5415 D BaseDepthController: shouldBlurWorkspace: false targetState: Normal currentStableState: Normal mCurrentBlur: 0 mLauncher.getDepthBlurTargets(): [com.android.launcher3.Workspace{c04cee1 V.ED..... ........ 0,0-1440,3216 #7f0a054d app:id/workspace aid=1073741834}, com.android.launcher3.Hotseat{176cc63 V.ED..... ........ 0,2667-1440,3216 #7f0a0241 app:id/hotseat aid=1073741899}]
1791670703.204 10312  5415  5415 V BaseDepthController: Applying blur: 0 to Surface(name=VRI-com.android.launcher3/com.android.launcher3.uioverrides.QuickstepLauncher#6430)/@0xf5059f2 applyImmediately: false
1791670703.204 10312  5415  5415 D BaseDepthController: shouldBlurWorkspace: false targetState: Normal currentStableState: Normal mCurrentBlur: 0 mLauncher.getDepthBlurTargets(): [com.android.launcher3.Workspace{c04cee1 V.ED..... ........ 0,0-1440,3216 #7f0a054d app:id/workspace aid=1073741834}, com.android.launcher3.Hotseat{176cc63 V.ED..... ........ 0,2667-1440,3216 #7f0a0241 app:id/hotseat aid=1073741899}]
1791670703.207  1000  4337  4553 W InputChannel-JNI: Channel already disposed.
1791670703.212 10384  6896  6896 I GoogleInputMethodService: GoogleInputMethodService.onFinishInput():2404
1791670703.212 10312  5415  5415 V BaseDepthController: Applying blur: 0 to Surface(name=VRI-com.android.launcher3/com.android.launcher3.uioverrides.QuickstepLauncher#6430)/@0xf5059f2 applyImmediately: false
1791670703.212 10312  5415  5415 D BaseDepthController: shouldBlurWorkspace: false targetState: Normal currentStableState: Normal mCurrentBlur: 0 mLauncher.getDepthBlurTargets(): [com.android.launcher3.Workspace{c04cee1 V.ED..... ........ 0,0-1440,3216 #7f0a054d app:id/workspace aid=1073741834}, com.android.launcher3.Hotseat{176cc63 V.ED..... ........ 0,2667-1440,3216 #7f0a0241 app:id/hotseat aid=1073741899}]
1791670703.212 10384  6896  6896 I GoogleInputMethodService: GoogleInputMethodService.onStartInput():1552 onStartInput(EditorInfo{EditorInfo{packageName=com.android.launcher3, inputType=0, inputTypeString=NULL, enableLearning=false, autoCorrection=false, autoComplete=false, imeOptions=0, privateImeOptions=null, actionName=UNSPECIFIED, actionLabel=null, initialSelStart=-1, initialSelEnd=-1, initialCapsMode=0, label=null, fieldId=0, fieldName=null, extras=null, hintText=null, hintLocales=[]}}, false)
1791670703.213 10384  6896  6896 I LatinInputMethodServiceBase: LatinInputMethodServiceBase.updateInputViewCoverNavigation():360 Update input view padding, isNavbarOverInputWindow=true, bottom inset=134
1791670703.213 10384  6896  6896 I HardKeyTracker: HardKeyTracker.unregisterKeySequence():259 Unregister key sequence aict{labelResId=2132020445, callback=zze@f31bc5c, lastModifier=2, keyCodes=[56], actions=[0]}
1791670703.213 10384  6896  6896 I HardKeyTracker: HardKeyTracker.unregisterKeySequence():259 Unregister key sequence aict{labelResId=2132020445, callback=zze@ab96b65, lastModifier=0, keyCodes=[317], actions=[0]}
1791670703.213 10384  6896  6896 I HardKeyTracker: HardKeyTracker.registerKeySequence():201 Register key sequence aict{labelResId=2132020445, callback=zze@2193ffe, lastModifier=2, keyCodes=[56], actions=[0]}
1791670703.213 10384  6896  6896 I HardKeyTracker: HardKeyTracker.registerKeySequence():201 Register key sequence aict{labelResId=2132020445, callback=zze@2b3d35f, lastModifier=0, keyCodes=[317], actions=[0]}
1791670703.215 10384  6896 19255 I Module  : DeviceLockedStatusModuleProvider$Module.updateDeviceLockedStatusInternal():119 repeatCheckTimes = 0, locked = false
1791670703.215  1000  4337  6598 W PackageConfigPersister: App-specific configuration not found for packageName: com.android.launcher3 and userId: 0
1791670703.216 10384  6896 19255 I Module  : DeviceLockedStatusModuleProvider$Module.updateDeviceLockedStatusInternal():119 repeatCheckTimes = 1, locked = false
1791670703.230 10312  5415  5415 V BaseDepthController: Applying blur: 0 to Surface(name=VRI-com.android.launcher3/com.android.launcher3.uioverrides.QuickstepLauncher#6430)/@0xf5059f2 applyImmediately: false
1791670703.230 10312  5415  5415 D BaseDepthController: shouldBlurWorkspace: false targetState: Normal currentStableState: Normal mCurrentBlur: 0 mLauncher.getDepthBlurTargets(): [com.android.launcher3.Workspace{c04cee1 V.ED..... ........ 0,0-1440,3216 #7f0a054d app:id/workspace aid=1073741834}, com.android.launcher3.Hotseat{176cc63 V.ED..... ........ 0,2667-1440,3216 #7f0a0241 app:id/hotseat aid=1073741899}]
1791670703.235  1000  4337  4522 W ApplicationInfo: Large ApplicationInfo parcel: size=24372 package=com.zhiliaoapp.musically splits=69 sharedLibs=8 resDirs=6 overlayPaths=6
1791670703.237 10312  5415  5415 V BaseDepthController: Applying blur: 0 to Surface(name=VRI-com.android.launcher3/com.android.launcher3.uioverrides.QuickstepLauncher#6430)/@0xf5059f2 applyImmediately: false
1791670703.238 10312  5415  5415 D BaseDepthController: shouldBlurWorkspace: false targetState: Normal currentStableState: Normal mCurrentBlur: 0 mLauncher.getDepthBlurTargets(): [com.android.launcher3.Workspace{c04cee1 V.ED..... ........ 0,0-1440,3216 #7f0a054d app:id/workspace aid=1073741834}, com.android.launcher3.Hotseat{176cc63 V.ED..... ........ 0,2667-1440,3216 #7f0a0241 app:id/hotseat aid=1073741899}]
1791670703.247 10312  5415  5415 V BaseDepthController: Applying blur: 0 to Surface(name=VRI-com.android.launcher3/com.android.launcher3.uioverrides.QuickstepLauncher#6430)/@0xf5059f2 applyImmediately: false
1791670703.247 10312  5415  5415 D BaseDepthController: shouldBlurWorkspace: false targetState: Normal currentStableState: Normal mCurrentBlur: 0 mLauncher.getDepthBlurTargets(): [com.android.launcher3.Workspace{c04cee1 V.ED..... ........ 0,0-1440,3216 #7f0a054d app:id/workspace aid=1073741834}, com.android.launcher3.Hotseat{176cc63 V.ED..... ........ 0,2667-1440,3216 #7f0a0241 app:id/hotseat aid=1073741899}]
1791670703.254 10312  5415  5415 V BaseDepthController: Applying blur: 0 to Surface(name=VRI-com.android.launcher3/com.android.launcher3.uioverrides.QuickstepLauncher#6430)/@0xf5059f2 applyImmediately: false
1791670703.254 10312  5415  5415 D BaseDepthController: shouldBlurWorkspace: false targetState: Normal currentStableState: Normal mCurrentBlur: 0 mLauncher.getDepthBlurTargets(): [com.android.launcher3.Workspace{c04cee1 V.ED..... ........ 0,0-1440,3216 #7f0a054d app:id/workspace aid=1073741834}, com.android.launcher3.Hotseat{176cc63 V.ED..... ........ 0,2667-1440,3216 #7f0a0241 app:id/hotseat aid=1073741899}]
1791670703.263 10312  5415  5415 V BaseDepthController: Applying blur: 0 to Surface(name=VRI-com.android.launcher3/com.android.launcher3.uioverrides.QuickstepLauncher#6430)/@0xf5059f2 applyImmediately: false
1791670703.263 10312  5415  5415 D BaseDepthController: shouldBlurWorkspace: false targetState: Normal currentStableState: Normal mCurrentBlur: 0 mLauncher.getDepthBlurTargets(): [com.android.launcher3.Workspace{c04cee1 V.ED..... ........ 0,0-1440,3216 #7f0a054d app:id/workspace aid=1073741834}, com.android.launcher3.Hotseat{176cc63 V.ED..... ........ 0,2667-1440,3216 #7f0a0241 app:id/hotseat aid=1073741899}]
1791670703.271 10312  5415  5415 V BaseDepthController: Applying blur: 0 to Surface(name=VRI-com.android.launcher3/com.android.launcher3.uioverrides.QuickstepLauncher#6430)/@0xf5059f2 applyImmediately: false
1791670703.271 10312  5415  5415 D BaseDepthController: shouldBlurWorkspace: false targetState: Normal currentStableState: Normal mCurrentBlur: 0 mLauncher.getDepthBlurTargets(): [com.android.launcher3.Workspace{c04cee1 V.ED..... ........ 0,0-1440,3216 #7f0a054d app:id/workspace aid=1073741834}, com.android.launcher3.Hotseat{176cc63 V.ED..... ........ 0,2667-1440,3216 #7f0a0241 app:id/hotseat aid=1073741899}]
1791670703.279 10312  5415  5415 V BaseDepthController: Applying blur: 0 to Surface(name=VRI-com.android.launcher3/com.android.launcher3.uioverrides.QuickstepLauncher#6430)/@0xf5059f2 applyImmediately: false
1791670703.279 10312  5415  5415 D BaseDepthController: shouldBlurWorkspace: false targetState: Normal currentStableState: Normal mCurrentBlur: 0 mLauncher.getDepthBlurTargets(): [com.android.launcher3.Workspace{c04cee1 V.ED..... ........ 0,0-1440,3216 #7f0a054d app:id/workspace aid=1073741834}, com.android.launcher3.Hotseat{176cc63 V.ED..... ........ 0,2667-1440,3216 #7f0a0241 app:id/hotseat aid=1073741899}]
1791670703.287 10312  5415  5415 V BaseDepthController: Applying blur: 0 to Surface(name=VRI-com.android.launcher3/com.android.launcher3.uioverrides.QuickstepLauncher#6430)/@0xf5059f2 applyImmediately: false
1791670703.287 10312  5415  5415 D BaseDepthController: shouldBlurWorkspace: false targetState: Normal currentStableState: Normal mCurrentBlur: 0 mLauncher.getDepthBlurTargets(): [com.android.launcher3.Workspace{c04cee1 V.ED..... ........ 0,0-1440,3216 #7f0a054d app:id/workspace aid=1073741834}, com.android.launcher3.Hotseat{176cc63 V.ED..... ........ 0,2667-1440,3216 #7f0a0241 app:id/hotseat aid=1073741899}]
1791670703.295 10312  5415  5415 V BaseDepthController: Applying blur: 0 to Surface(name=VRI-com.android.launcher3/com.android.launcher3.uioverrides.QuickstepLauncher#6430)/@0xf5059f2 applyImmediately: false
1791670703.295 10312  5415  5415 D BaseDepthController: shouldBlurWorkspace: false targetState: Normal currentStableState: Normal mCurrentBlur: 0 mLauncher.getDepthBlurTargets(): [com.android.launcher3.Workspace{c04cee1 V.ED..... ........ 0,0-1440,3216 #7f0a054d app:id/workspace aid=1073741834}, com.android.launcher3.Hotseat{176cc63 V.ED..... ........ 0,2667-1440,3216 #7f0a0241 app:id/hotseat aid=1073741899}]
1791670703.295 10312  5415  5415 V BaseDepthController: Applying blur: 0 to Surface(name=VRI-com.android.launcher3/com.android.launcher3.uioverrides.QuickstepLauncher#6430)/@0xf5059f2 applyImmediately: false
1791670703.295 10312  5415  5415 D BaseDepthController: shouldBlurWorkspace: false targetState: Normal currentStableState: Normal mCurrentBlur: 0 mLauncher.getDepthBlurTargets(): [com.android.launcher3.Workspace{c04cee1 V.ED..... ........ 0,0-1440,3216 #7f0a054d app:id/workspace aid=1073741834}, com.android.launcher3.Hotseat{176cc63 V.ED..... ........ 0,2667-1440,3216 #7f0a0241 app:id/hotseat aid=1073741899}]
1791670703.371 10384  6896  6896 W TooltipLifecycleManager: TooltipLifecycleManager.dismissTooltips():152 Tooltip with id undo_access_point_promotion_banner not found in tooltipManager.
1791670703.380  1000  4337  4525 I ImeTracker: system_server:5b1549f: onRequestHide at ORIGIN_SERVER reason IME_REQUESTED_CHANGED_LISTENER fromUser false displayId 0
1791670703.381  1000  4337  4385 I ImeTracker: system_server:5b1549f: onCancelled at PHASE_SERVER_SHOULD_HIDE
1791670703.455 10384  6896 19985 I KeyboardEventHandler: KeyboardEventHandler.handleKeyboardHidden():289 Keyboard closed, ending dictation. [SD]
1791670703.507  root 11925 30831 W adbd    : timed out while waiting for FUNCTIONFS_BIND, trying again
1791670703.507  root 11925 30831 I adbd    : UsbFfs: connection terminated: monitor thread finished
1791670703.523  root 11925 11938 I adbd    : opening control endpoint /dev/usb-ffs/adb/ep0
1791670703.523  root 11938 11938 I         : read descriptors
1791670703.523  root 11938 11938 I         : read strings
1791670703.759  1000  4337  4522 V GrammaticalInflectionUtils: AttributionSource: android.content.AttributionSource@6ef94739 does not have READ_SYSTEM_GRAMMATICAL_GENDER permission.
1791670703.764  1000  1659  1659 I QTI PowerHAL: Power setMode: 5 to: 1
1791670703.765  1000  1659  1659 E QTI PowerHAL: Failed to acquire lock.
1791670703.765  1000  1659  1659 E QTI PowerHAL: Failed process_boost for boost_handle
1791670703.765  1000  1659  1659 E QTI PowerHAL: Failed to perform launch boost
1791670703.779  1000  4337  4522 D CorePackageUpdate: onRecentTaskRemoved Removing task: 947
1791670703.779  1000  4337  4522 D CorePackageUpdate: Couldn't find a persistent state for task= 947
1791670703.781  1000  4337  4522 V ActivityTaskManager: TaskLaunchParamsModifier: phase=3 task=Task{91909ec #950 type=standard A=10551:com.oplus.camera} activity=ActivityRecord{50345119 u0 com.oplus.camera/.Camera t-1} display-from-option=0 display-id=0 task-display-area-windowing-mode=1 suggested-display-area=DefaultTaskDisplayArea@93298560 inherit-from-source=fullscreen non-freeform-task-display-area display-area=DefaultTaskDisplayArea@93298560 skip-bounds-fullscreen
1791670703.781  1000  4337  4522 I ActivityTaskManager: START u0 {act=android.intent.action.MAIN cat=[android.intent.category.LAUNCHER] flg=0x10200000 xflg=0x4 cmp=com.oplus.camera/.Camera bnds=[1004,1859][1175,2080]} with LAUNCH_SINGLE_TOP from uid 10312 (com.android.launcher3) (sr=65190772) (BAL_ALLOW_VISIBLE_WINDOW) result code=0
1791670703.784 10303  4915  5301 V WindowManagerShell: Transition requested (#426): android.os.BinderProxy@b4c1444 TransitionRequestInfo { type = OPEN, triggerTask = TaskInfo{userId=0 taskId=950 effectiveUid=10551 displayId=0 isRunning=true baseIntent=Intent { act=android.intent.action.MAIN cat=[android.intent.category.LAUNCHER] flg=0x10200000 cmp=com.oplus.camera/.Camera } baseActivity=ComponentInfo{com.oplus.camera/com.oplus.camera.Camera} topActivity=ComponentInfo{com.oplus.camera/com.oplus.camera.Camera} origActivity=null realActivity=ComponentInfo{com.oplus.camera/com.oplus.camera.Camera} realActivityIsAppLockEnabled=false numActivities=1 lastActiveTime=3607696 supportsMultiWindow=true supportsMultiWindowWithoutConstraints=true resizeMode=0 isResizeable=true minWidth=-1 minHeight=-1 defaultMinSize=220 token=WCT{android.os.BinderProxy@e29892d} topActivityType=1 pictureInPictureParams=null shouldDockBigOverlays=false launchIntoPipHostTaskId=-1 lastParentTaskIdBeforePip=-1 displayCutoutSafeInsets=Rect(0, 126 - 0, 0) topActivityInfo=ActivityInfo{5494e62 com.oplus.camera.Camera} launchCookies=[android.os.BinderProxy@7e46bf3] positionInParent=Point(0, 0) parentTaskId=-1 isFocused=false isInteractive=false isVisible=false isVisibleRequested=false isTopActivityNoDisplay=false isSleeping=false locusId=null displayAreaFeatureId=1 isTopActivityTransparent=false isActivityStackTransparent=false lastNonFullscreenBounds=null leafTaskBoundsFromOptions= false capturedLink=null capturedLinkTimestamp=0 requestedVisibleTypes=503 topActivityRequestOpenInBrowserEducationTimestamp=0 appCompatTaskInfo=AppCompatTaskInfo { topActivityInSizeCompat=false isLeafTask= true eligibleForLetterboxEducation= false isLetterboxEducationEnabled= false isLetterboxDoubleTapEnabled= false eligibleForUserAspectRatioButton= false topActivityBoundsLetterboxed= false isFromLetterboxDoubleTap= false topActivityLetterboxVerticalPosition= -1 topActivityLetterboxHorizontalPosition= -1 topActivityLetterboxWidth=-1 topActivityLetterboxHeight=-1 topActivityAppBounds=Rect(0, 0 - 1440, 3216) isUserFullscreenOverrideEnabled=false isSystemFullscreenOverrideEnabled=false hasMinAspectRatioOverride=false topActivityLetterboxBounds=null topNonResizableActivityAspectRatio=-1.0} topActivityMainWindowFrame=null isAppBubble=false isTopAppLocked=false}, pipChange = null, remoteTransitionInfo = RemoteTransitionInfo { remoteTransition = android.window.IRemoteTransition$Stub$Proxy@61830b0, debugName = QuickstepLaunch, filter = null }, displayChanges = null, requestedLocation = null, userChange = null, windowingLayerChange = null, fullscreenRequestChange = null, flags = 0, debugId = 426 }
1791670703.784 10303  4915  5301 W DisconnectHandler: No disconnect change found in the transition, not handling request.
1791670703.784 10303  4915  5301 W DisconnectHandler: No disconnect change found in the transition, not handling request.
1791670703.784 10303  4915  5301 V ShellDesktopMode: DesktopTasksController: skipping handleRequest reason=triggerTask's display doesn't support desktop mode
1791670703.784 10303  4915  5301 D ShellSplitScreen: logExit: no-op, mLoggerSessionId is null
1791670703.784 10303  4915  5301 V WindowManagerShell: RemoteTransition directly requested for (#426) android.os.BinderProxy@b4c1444: RemoteTransition { remoteTransition = android.window.IRemoteTransition$Stub$Proxy@61830b0, appThread = null, debugName = QuickstepLaunch, filter = null }
1791670703.784 10303  4915  5301 V WindowManagerShell: Transition (#426): request handled by DefaultMixedHandler
1791670703.784 10312  5415  5415 D StatsLog: LAUNCHER_APP_LAUNCH_TAP
1791670703.786 10303  4915  5301 V RecentTasksController: Notify recent tasks changed
1791670703.786 10303  4915  5301 D ShellDesktopMode: DesktopRepository(0): Removes freeform task: taskId=947
1791670703.786 10303  4915  5301 W ShellDesktopMode: DesktopRepository(0): No display id found for task: taskId=947
1791670703.786 10303  4915  5301 V RecentTasksController: Notify recent tasks changed
1791670703.786 10312  5415  5415 D RecentsView: onTaskDisplayChanged: 950, new displayId = 0
1791670703.795 10312  5415  5415 W SplitSelectStateCtor: Missing session instanceIds
1791670703.795 10312  5415  5415 D StatsLog: LAUNCHER_SPLIT_SELECTION_EXIT_INTERRUPTED
1791670703.796 10303  4915  5301 D WindowManagerShell: setLauncherKeepClearAreaHeight: visible=false, height=549
1791670703.796  1000  4337  5791 W InputChannel-JNI: Channel already disposed.
1791670703.796 10312  5415  5455 D QuickstepModelDelegate: notifyAppTargetEvent action=1 launchLocation=folder/hotseat/3/[3,0]/[1,1]
1791670703.797  1000  4337  5236 W TransitionChain: Combining kgOccludeChg into #426(OPEN|R|0x0) from startAct
1791670703.797  1000  4337  5236 D CorePackageUpdate: Couldn't find a persistent state for task= 950
1791670703.802 10303  4915  5301 D WindowManagerShell: onKeyguardOccludingTaskChanged displayId=0 taskId=950
1791670703.803 10312  5415  5415 D RecentTasksList: invalidateLoadedTasks - previous requestLoadId: -1
1791670703.803 10312  5415  5415 D RecentTasksList: invalidateLoadedTasks - previous requestLoadId: -1
1791670703.805 10303  4915  5338 D WindowOnBackDispatcher: setTopOnBackInvokedCallback (unwrapped): android.view.ViewRootImpl$$ExternalSyntheticLambda14@ac179d
1791670703.808  1000  4337  5236 D CoreBackPreview: Window{82d8d8 u0 Splash Screen com.oplus.camera}: Setting back callback OnBackInvokedCallbackInfo{mCallback=android.window.IOnBackInvokedCallback$Stub$Proxy@db8aa84, mPriority=0, mIsAnimationCallback=false, mOverrideBehavior=0}
1791670703.809  1000  4337  4525 D WindowManager: setClientSurface Surface(name=VRI-Splash Screen com.oplus.camera#6445)/@0x1ad026d for 82d8d8 Splash Screen com.oplus.camera
1791670703.810 10383  6979 13775 I floq    : (REDACTED) HDM. appOpsListener %s %s
1791670703.810 10383  6979 13775 I floq    : (REDACTED) HDM. Ignoring irrelevant audio permission changes for package %s
1791670703.812 10303  4915  5338 I Surface : Creating surface for consumer unnamed-4915-354 with slotExpansion=1 for 64 slots
1791670703.812  root  6836  8523 V BinderSender: Uid 10551 already starts
1791670703.812  root  6836  8523 V BinderSender: Uid 10551 already starts
1791670703.812 10303  4915  5338 I Surface : Creating surface for consumer VRI[camera]#334(BLAST Consumer)334 with slotExpansion=1 for 64 slots
1791670703.817 10551 30581 30838 I DisplayManager: Choreographer implicitly registered for the refresh rate.
1791670703.819 10551 30581 30838 I AdrenoGLES-0: QUALCOMM build                   : a1cf8ab5e3, I428bf45773
1791670703.819 10551 30581 30838 I AdrenoGLES-0: Build Date                       : 11/09/23
1791670703.819 10551 30581 30838 I AdrenoGLES-0: OpenGL ES Shader Compiler Version: EV031.35.01.12
1791670703.819 10551 30581 30838 I AdrenoGLES-0: Local Branch                     :
1791670703.819 10551 30581 30838 I AdrenoGLES-0: Remote Branch                    : refs/tags/AU_LINUX_ANDROID_LA.UM.9.14.11.00.00.571.148
1791670703.819 10551 30581 30838 I AdrenoGLES-0: Remote Branch                    : NONE
1791670703.819 10551 30581 30838 I AdrenoGLES-0: Reconstruct Branch               : NOTHING
1791670703.819 10551 30581 30838 I AdrenoGLES-0: Build Config                     : S P 10.0.7 AArch64
1791670703.819 10551 30581 30838 I AdrenoGLES-0: Driver Path                      : /vendor/lib64/egl/libGLESv2_adreno.so
1791670703.824 10551 30581 30838 I AdrenoGLES-0: PFP: 0x016dc094, ME: 0x00000000
1791670703.827 10551 30581 30581 V OCAM_OplusCamera: attachBaseContext
1791670703.829 10551 30581 30581 D AppCompatDelegate: Checking for metadata for AppLocalesMetadataHolderService : Service not found
1791670703.832  1000  4337  4382 V WindowManager: Sent Transition (#426) createdAt=10-11 01:18:23.762 via request=TransitionRequestInfo { type = OPEN, triggerTask = TaskInfo{userId=0 taskId=950 effectiveUid=10551 displayId=0 isRunning=true baseIntent=Intent { act=android.intent.action.MAIN cat=[android.intent.category.LAUNCHER] flg=0x10200000 cmp=com.oplus.camera/.Camera } baseActivity=ComponentInfo{com.oplus.camera/com.oplus.camera.Camera} topActivity=ComponentInfo{com.oplus.camera/com.oplus.camera.Camera} origActivity=null realActivity=ComponentInfo{com.oplus.camera/com.oplus.camera.Camera} realActivityIsAppLockEnabled=false numActivities=1 lastActiveTime=3607696 supportsMultiWindow=true supportsMultiWindowWithoutConstraints=true resizeMode=0 isResizeable=true minWidth=-1 minHeight=-1 defaultMinSize=220 token=WCT{RemoteToken{be5838f Task{91909ec #950 type=standard A=10551:com.oplus.camera}}} topActivityType=1 pictureInPictureParams=null shouldDockBigOverlays=false launchIntoPipHostTaskId=-1 lastParentTaskIdBeforePip=-1 displayCutoutSafeInsets=Rect(0, 126 - 0, 0) topActivityInfo=ActivityInfo{e68c61c com.oplus.camera.Camera} launchCookies=[android.os.BinderProxy@4a11225] positionInParent=Point(0, 0) parentTaskId=-1 isFocused=false isInteractive=false isVisible=false isVisibleRequested=false isTopActivityNoDisplay=false isSleeping=false locusId=null displayAreaFeatureId=1 isTopActivityTransparent=false isActivityStackTransparent=false lastNonFullscreenBounds=null leafTaskBoundsFromOptions= false capturedLink=null capturedLinkTimestamp=0 requestedVisibleTypes=503 topActivityRequestOpenInBrowserEducationTimestamp=0 appCompatTaskInfo=AppCompatTaskInfo { topActivityInSizeCompat=false isLeafTask= true eligibleForLetterboxEducation= false isLetterboxEducationEnabled= false isLetterboxDoubleTapEnabled= false eligibleForUserAspectRatioButton= false topActivityBoundsLetterboxed= false isFromLetterboxDoubleTap= false topActivityLetterboxVerticalPosition= -1 topActivityLetterboxHorizontalPosition= -1 topActivityLetterboxWidth=-1 topActivityLetterboxHeight=-1 topActivityAppBounds=Rect(0, 0 - 1440, 3216) isUserFullscreenOverrideEnabled=false isSystemFullscreenOverrideEnabled=false hasMinAspectRatioOverride=false topActivityLetterboxBounds=null topNonResizableActivityAspectRatio=-1.0} topActivityMainWindowFrame=null isAppBubble=false isTopAppLocked=false}, pipChange = null, remoteTransitionInfo = RemoteTransitionInfo { remoteTransition = android.window.IRemoteTransition$Stub$Proxy@9ba2ffa, debugName = QuickstepLaunch, filter = null }, displayChanges = null, requestedLocation = null, userChange = null, windowingLayerChange = null, fullscreenRequestChange = null, flags = 0, debugId = 426 }
1791670703.832  1000  4337  4382 V WindowManager:     startWCT=WindowContainerTransaction { changes= {} hops= [] flags= 0 errorCallbackToken=null taskFragmentOrganizer=null }
1791670703.832  1000  4337  4382 V WindowManager:     info={id=426 t=OPEN f=0x0 trk=0 r=[0@Point(0, 0)] c=[
1791670703.832  1000  4337  4382 V WindowManager:         {WCT{RemoteToken{be5838f Task{91909ec #950 type=standard A=10551:com.oplus.camera}}} m=OPEN f=MOVE_TO_TOP|FLAG_CHANGED_INTERACTIVE leash=Surface(name=Task=950#6442)/@0xba45869 sb=Rect(0, 0 - 1440, 3216) eb=Rect(0, 0 - 1440, 3216) epz=Point(1440, 3216) d=0 taskParent=-1 winMode=1 userId=0},
1791670703.832  1000  4337  4382 V WindowManager:         {WCT{RemoteToken{902cd37 Task{bff31d8 #1 type=home}}} m=TO_BACK f=SHOW_WALLPAPER|FLAG_CHANGED_INTERACTIVE leash=Surface(name=Task=1#35)/@0x8c19212 sb=Rect(0, 0 - 1440, 3216) eb=Rect(0, 0 - 1440, 3216) epz=Point(1440, 3216) d=0 taskParent=-1 winMode=1 userId=0},
1791670703.832  1000  4337  4382 V WindowManager:         {m=TO_BACK f=IS_WALLPAPER leash=Surface(name=WallpaperWindowToken{a25394}#74)/@0x2c74ec8 sb=Rect(0, 0 - 1440, 3216) eb=Rect(0, 0 - 1440, 3216) epz=Point(1440, 3216) d=0}
1791670703.832  1000  4337  4382 V WindowManager:     ]}
1791670703.832 10303  4915  5146 V WindowManagerShell: onTransitionReady(transaction=18627273223274)
1791670703.834 10551 30581 30581 V OCAM_OplusCamera: getResources, now densityDpi is: 448, so reset densityDpi to DefaultDensity
1791670703.835 10303  4915  5301 V WindowManagerShell: onTransitionReady (#426) android.os.BinderProxy@b4c1444: {id=426 t=OPEN f=0x0 trk=0 r=[0@Point(0, 0)] c=[
1791670703.835 10303  4915  5301 V WindowManagerShell:         {m=OPEN f=MOVE_TO_TOP|FLAG_CHANGED_INTERACTIVE leash=Surface(name=Task=950#6442)/@0xb51b9d1 sb=Rect(0, 0 - 1440, 3216) eb=Rect(0, 0 - 1440, 3216) epz=Point(1440, 3216) d=0 taskParent=-1 winMode=1 userId=0},
1791670703.835 10303  4915  5301 V WindowManagerShell:         {m=TO_BACK f=SHOW_WALLPAPER|FLAG_CHANGED_INTERACTIVE leash=Surface(name=Task=1#35)/@0x10ffc36 sb=Rect(0, 0 - 1440, 3216) eb=Rect(0, 0 - 1440, 3216) epz=Point(1440, 3216) d=0 taskParent=-1 winMode=1 userId=0},
1791670703.835 10303  4915  5301 V WindowManagerShell:         {m=TO_BACK f=IS_WALLPAPER leash=Surface(name=WallpaperWindowToken{a25394}#74)/@0xa6b0737 sb=Rect(0, 0 - 1440, 3216) eb=Rect(0, 0 - 1440, 3216) epz=Point(1440, 3216) d=0}
1791670703.835 10303  4915  5301 V WindowManagerShell:     ]}
1791670703.836 10303  4915  5301 V WindowManagerShell: Playing animation for (#426) android.os.BinderProxy@b4c1444@0
1791670703.836 10303  4915  5301 V WindowManagerShell:  try firstHandler com.android.wm.shell.transition.DefaultMixedHandler@b62c806
1791670703.837 10303  4915  5301 V WindowManagerShell: Mixed transition for opening an intent with a remote transition and PIP or Desktop #426
1791670703.837 10303  4915  5301 V WindowManagerShell: tryAnimateOpenIntentWithRemoteAndPipOrDesktop
1791670703.837 10303  4915  5301 V WindowManagerShell:  Delegate animation for (#426) to RemoteTransition { remoteTransition = android.window.IRemoteTransition$Stub$Proxy@61830b0, appThread = null, debugName = QuickstepLaunch, filter = null }
1791670703.838 10303  4915  5301 V WindowManagerShell:  animated by firstHandler
1791670703.838 10303  4915  5301 V ShellTaskOrganizer: Task appeared taskId=950 listener=FullscreenTaskListener
1791670703.838 10303  4915  5301 V ShellTaskOrganizer: Fullscreen Task Appeared: #950
1791670703.838 10303  4915  5301 D ShellPackageUpdate: PackageUpdateController: Setting handlePackageUpdate for task: 950
1791670703.839  1000  4337  6596 E TransitionChain: Can't collect into a chain with no transition
1791670703.841 10303  4915  5301 V RecentTasksController: Notify recent tasks changed
1791670703.842  1000  4337  6598 D ConnectivityService: requestNetwork for uid/pid:10303/4915 asUid: 10551 activeRequest: null callbackRequest: 1613 [NetworkRequest [ REQUEST id=1614, [ Capabilities: INTERNET&NOT_RESTRICTED&TRUSTED&NOT_VCN_MANAGED&NOT_BANDWIDTH_CONSTRAINED Uid: 10551 RequestorUid: 10303 RequestorPkg: com.android.systemui UnderlyingNetworks: Null] ]] callback flags: 0 order: 2147483647 isUidTracked: false declaredMethods: AVAIL|BLK
1791670703.845 10551 30581 30581 V OCAM_QuickActivity: START onCreate: Activity = com.oplus.camera.Camera@905c0cb
1791670703.845 10551 30581 30581 I OCAM_OpenGLUtils: setColorMode, colorMode: 0
1791670703.845 10551 30581 30581 E OCAM_OplusCamera: onSuperPreCreate, E this: com.oplus.camera.Camera@905c0cb
1791670703.845 10551 30581 30581 V OCAM_OppoCamera_TRACE: traceBeginSection, msg: CameraStartupPerformance.onCameraActivityCreate
1791670703.845 10551 30581 30581 V OCAM_OppoCamera_TRACE: traceBeginSection, msg: CameraManager.initialization
1791670703.847 10551 30581 30581 I OCAM_CameraCore: CameraManager
1791670703.847 10551 30581 30581 W OCAM_CameraCore: Create OneCamera
1791670703.847 10551 30581 30581 V OCAM_OppoCamera_TRACE: traceBeginSection, msg: CameraManager.initOneCamera
1791670703.848 10312  5415  5415 D RecentTasksList: invalidateLoadedTasks - previous requestLoadId: -1
1791670703.848 10551 30581 30581 I OCAM_OneCameraImpl: OneCameraImpl
1791670703.849 10551 30581 30842 D OCAM_ThreadManager: setUxThreadValue: pid is: 30581, tid is 30842 value is 129, keyThreadTag: CameraHandlerThread
1791670703.849 10551 30581 30581 I OCAM_OneCameraImpl: OneCameraStateMachine, spend time: 1
1791670703.849 10551 30581 30581 V OCAM_OppoCamera_TRACE: traceEndSection, msg: CameraManager.initOneCamera
1791670703.849 10551 30581 30842 W OCAM_ThreadMonitor: Start monitor 'CameraUnitControl' (30842)
1791670703.849 10551 30581 30843 D OCAM_ThreadManager: setUxThreadValue: pid is: 30581, tid is 30843 value is 129, keyThreadTag: CameraHandlerThread
1791670703.849 10551 30581 30581 V OCAM_OppoCamera_TRACE: traceBeginSection, msg: ModeManager.ctr
1791670703.850 10551 30581 30848 D OCAM_ThreadManager: setUxThreadValue: pid is: 30581, tid is 30848 value is 130, keyThreadTag: CameraHandlerThread
1791670703.851 10551 30581 30581 I OCAM_CameraSingleton: single instance created, current obj: ja.y0$a@4c98b66
1791670703.851 10551 30581 30581 V OCAM_OppoCamera_TRACE: traceEndSection, msg: ModeManager.ctr
1791670703.851 10551 30581 30581 V OCAM_OppoCamera_TRACE: traceEndSection, msg: CameraManager.initialization
1791670703.851 10551 30581 30581 E OCAM_CameraVendorTagConfig: isHasselbladStyle, sHasselbladStyle: 1
1791670703.852 10551 30581 30581 V OCAM_OppoCamera_TRACE: traceBeginSection, msg: FilterHelper.init
1791670703.852 10551 30581 30607 V OCAM_OppoCamera_TRACE: traceBeginSection, msg: initFilter
1791670703.852 10551 30581 30607 V OCAM_OppoCamera_TRACE: traceBeginSection, msg: initFilterHelper
1791670703.854 10551 30581 30607 I IPU_FilterProcessUnit: FilterProcessUnit
1791670703.855 10551 30581 30607 I IPU_FilterProcessUnit: FilterProcessUnit X, spend time: 1
1791670703.855 10383  6979 13775 I floq    : (REDACTED) HDM. appOpsListener %s %s
1791670703.856 10551 30581 30581 D OCAM_Performance: registerOsenseEventCallback
1791670703.856 10551 30581 30607 D IPU_BaseProcessUnitSDK: setInitParameter, key:mKeyName: origin_bitmap, mType: class android.graphics.Bitmap, value: null
1791670703.856 10551 30581 30607 D IPU_BaseProcessUnitSDK: setInitParameter, key:mKeyName: origin_image_format, mType: class java.lang.Integer, value: 0
1791670703.856 10551 30581 30607 D IPU_BaseProcessUnitSDK: setInitParameter, key:mKeyName: origin_image_width, mType: class java.lang.Integer, value: 0
1791670703.856 10551 30581 30607 D IPU_BaseProcessUnitSDK: setInitParameter, key:mKeyName: origin_image_height, mType: class java.lang.Integer, value: 0
1791670703.856 10551 30581 30607 D IPU_BaseProcessUnitSDK: setInitParameter, key:mKeyName: process_type, mType: class java.lang.Integer, value: 1
1791670703.856 10551 30581 30607 D IPU_BaseProcessUnitSDK: setInitParameter, key:mKeyName: capture_algo_list, mType: class java.lang.String, value: aps_algo_filter
1791670703.856 10551 30581 30607 D IPU_BaseProcessUnitSDK: setInitParameter, key:mKeyName: package_name, mType: class java.lang.String, value: com.oplus.camera
1791670703.856 10383  6979 13775 I floq    : (REDACTED) HDM. Ignoring irrelevant audio permission changes for package %s
1791670703.856 10551 30581 30581 E OCAM_Performance: registerOsenseEventCallback, unable to register, result: -1
1791670703.856  1000  4337  4574 D WifiNetworkFactory: got request NetworkRequest [ REQUEST id=1614, [ Capabilities: INTERNET&NOT_RESTRICTED&TRUSTED&NOT_VCN_MANAGED&NOT_BANDWIDTH_CONSTRAINED Uid: 10551 RequestorUid: 10303 RequestorPkg: com.android.systemui UnderlyingNetworks: Null] ]
1791670703.856 10383  6979 13775 I floq    : (REDACTED) HDM. appOpsListener %s %s
1791670703.856 10383  6979 13775 I floq    : (REDACTED) HDM. Ignoring irrelevant audio permission changes for package %s
1791670703.856 10551 30581 30607 D IPU_BaseProcessUnitSDK: setProcessParameter, key:mKeyName: format, mType: class java.lang.Integer, value: 0
1791670703.856 10551 30581 30607 D IPU_BaseProcessUnitSDK: setProcessParameter, key:mKeyName: renderMode, mType: class java.lang.Integer, value: 1
1791670703.856 10551 30581 30607 D IPU_BaseProcessUnitSDK: setProcessParameter, key:mKeyName: scaleSize, mType: class java.lang.Float, value: 1.0
1791670703.856 10551 30581 30581 V OCAM_OplusCamera: updateAppVersionInfo
1791670703.856 10551 30581 30581 V OCAM_OplusCamera: updateAppVersionInfo, Camera versionInfo: 5.045.451__25-07-21 18:15
1791670703.856 10551 30581 30607 D IPU_BaseProcessUnitSDK: setProcessParameter, key:mKeyName: context, mType: class android.content.Context, value: com.oplus.camera.Camera@905c0cb
1791670703.856 10551 30581 30607 D IPU_BaseProcessUnitSDK: setProcessParameter, key:mKeyName: process_type, mType: class java.lang.Integer, value: 10
1791670703.856 10551 30581 30607 D IPU_BaseProcessUnitSDK: setProcessParameter, key:mKeyName: check_init_module_type, mType: class java.lang.Integer, value: 0
1791670703.856 10551 30581 30611 D OCAM_ThreadManager: setUxThreadValue: pid is: 30581, tid is 30611 value is 130, keyThreadTag: TemporaryThread
1791670703.856 10551 30581 30607 D IPU_BaseProcessUnitSDK: setProcessParameter, key:mKeyName: intensity, mType: class java.lang.Integer, value: 100
1791670703.856 10551 30581 30611 V OCAM_OppoCamera_TRACE: traceBeginSection, msg: setDataReadHalMemory
1791670703.856 10551 30581 30607 D IPU_BaseProcessUnitSDK: setProcessParameter, key:mKeyName: preview_width, mType: class java.lang.Integer, value: 0
1791670703.856 10551 30581 30607 D IPU_BaseProcessUnitSDK: setProcessParameter, key:mKeyName: preview_height, mType: class java.lang.Integer, value: 0
1791670703.856 10551 30581 30607 D IPU_BaseProcessUnitSDK: setProcessParameter, key:mKeyName: input_texture, mType: class java.lang.Integer, value: 0
1791670703.856 10551 30581 30607 D IPU_BaseProcessUnitSDK: setProcessParameter, key:mKeyName: output_texture, mType: class java.lang.Integer, value: 0
1791670703.856 10551 30581 30607 D IPU_BaseProcessUnitSDK: setProcessParameter, key:mKeyName: texture_format, mType: class java.lang.Integer, value: 6408
1791670703.856 10551 30581 30607 D IPU_BaseProcessUnitSDK: setProcessParameter, key:mKeyName: texture_data_space, mType: class java.lang.Integer, value: 0
1791670703.856 10551 30581 30607 D IPU_BaseProcessUnitSDK: setProcessParameter, key:mKeyName: filter_type, mType: class java.lang.String, value: null
1791670703.856 10551 30581 30607 D IPU_BaseProcessUnitSDK: setProcessParameter, key:mKeyName: soft_light_type, mType: class java.lang.Integer, value: 0
1791670703.856 10551 30581 30607 D IPU_BaseProcessUnitSDK: setProcessParameter, key:mKeyName: padding, mType: class java.lang.Float, value: 0.0
1791670703.856 10551 30581 30607 D IPU_BaseProcessUnitSDK: setProcessParameter, key:mKeyName: angle, mType: class java.lang.Float, value: 0.0
1791670703.856 10551 30581 30607 D IPU_BaseProcessUnitSDK: setProcessParameter, key:mKeyName: filter_open, mType: class java.lang.Boolean, value: false
1791670703.856 10551 30581 30607 D IPU_BaseProcessUnitSDK: setProcessParameter, key:mKeyName: vignette_open, mType: class java.lang.Boolean, value: false
1791670703.856 10551 30581 30607 D IPU_BaseProcessUnitSDK: setProcessParameter, key:mKeyName: vignette_amount, mType: class java.lang.Float, value: 0.0
1791670703.856 10551 30581 30607 D IPU_BaseProcessUnitSDK: setProcessParameter, key:mKeyName: vignette_feather, mType: class java.lang.Float, value: 0.0
1791670703.856 10551 30581 30607 D IPU_BaseProcessUnitSDK: setProcessParameter, key:mKeyName: vignette_highlights, mType: class java.lang.Float, value: 0.0
1791670703.856 10551 30581 30607 D IPU_BaseProcessUnitSDK: setProcessParameter, key:mKeyName: vignette_exposure, mType: class java.lang.Float, value: 0.0
1791670703.856 10551 30581 30607 D IPU_BaseProcessUnitSDK: setProcessParameter, key:mKeyName: vignette_roundness, mType: class java.lang.Float, value: 0.0
1791670703.856 10551 30581 30607 D IPU_BaseProcessUnitSDK: setProcessParameter, key:mKeyName: vignette_size, mType: class java.lang.Float, value: 0.0
1791670703.856 10551 30581 30611 I OplusCameraManagerGlobal: readMemoryInfo, cmd: CMD_READ_MEM
1791670703.856 10551 30581 30607 D IPU_BaseProcessUnitSDK: setProcessParameter, key:mKeyName: grain_amount, mType: class java.lang.Float, value: 0.0
1791670703.856 10551 30581 30607 D IPU_BaseProcessUnitSDK: setProcessParameter, key:mKeyName: grain_highlight, mType: class java.lang.Float, value: 0.0
1791670703.856 10551 30581 30607 D IPU_BaseProcessUnitSDK: setProcessParameter, key:mKeyName: grain_size, mType: class java.lang.Float, value: 0.0
1791670703.856 10551 30581 30607 D IPU_BaseProcessUnitSDK: setProcessParameter, key:mKeyName: grain_roughness, mType: class java.lang.Float, value: 0.0
1791670703.856 10551 30581 30607 D IPU_BaseProcessUnitSDK: setProcessParameter, key:mKeyName: is_camera, mType: class java.lang.Boolean, value: true
1791670703.856 10551 30581 30607 D IPU_BaseProcessUnitSDK: setProcessParameter, key:mKeyName: is_export, mType: class java.lang.Boolean, value: true
1791670703.856 10551 30581 30607 D IPU_BaseProcessUnitSDK: setProcessParameter, key:mKeyName: is_brand_oplus_r, mType: class java.lang.Boolean, value: false
1791670703.857 10551 30581 30607 D IPU_FilterProcessUnitSDK: processImage begin params, [context, com.oplus.camera.Camera@905c0cb, output_texture, 0, vignette_exposure, 0.0, vignette_size, 0.0, vignette_highlights, 0.0, is_export, true, input_texture, 0, vignette_roundness, 0.0, texture_format, 6408, grain_roughness, 0.0, renderMode, 1, process_type, 10, preview_height, 0, scaleSize, 1.0, grain_size, 0.0, is_camera, true, preview_width, 0, vignette_amount, 0.0, vignette_open, false, intensity, 100, texture_data_space, 0, grain_highlight, 0.0, padding, 0.0, soft_light_type, 0, filter_open, false, check_init_module_type, 0, vignette_feather, 0.0, is_brand_oplus_r, false, angle, 0.0, filter_type, , grain_amount, 0.0, format, 0],bitmap:null
1791670703.857 10551 30581 30607 D IPU_FilterProcessUnitSDK: processImage , 10
1791670703.857 10551 30581 30611 E OCAM_Performance: readMemoryInfo, unsupported OS version
1791670703.857 10551 30581 30849 D OCAM_ThreadManager: setUxThreadValue: pid is: 30581, tid is 30849 value is 129, keyThreadTag: CameraHandlerThread
1791670703.857  1000  4337  5236 W ActivityManager: pid 30581 com.oplus.camera sent binder code 10017 with flags 2 and got error -74
1791670703.857 10551 30581 30611 V OCAM_Performance: getMemValue memValue:
1791670703.857 10551 30581 30611 E OCAM_Performance: getMemValue, e: org.json.JSONException: End of input at character 0 of
1791670703.857 10551 30581 30611 V OCAM_OppoCamera_TRACE: traceEndSection, msg: setDataReadHalMemory
1791670703.857 10551 30581 30611 V OCAM_OppoCamera_TRACE: traceBeginSection, msg: setDataReadCameraServerMemory
1791670703.857 10551 30581 30611 I OplusCameraManagerGlobal: readMemoryInfo, cmd: CMD_READ_MEM
1791670703.857 10551 30581 30581 V OCAM_DensityUtil: supportResolutionSwitch, getPhysicalWidth: 1080
1791670703.857 10551 30581 30581 V OCAM_DensityUtil: supportResolutionSwitch, getPhysicalWidth: 1440
1791670703.857  1000  4337  4574 D UntrustedWifiNetworkFactory: got request NetworkRequest [ REQUEST id=1614, [ Capabilities: INTERNET&NOT_RESTRICTED&TRUSTED&NOT_VCN_MANAGED&NOT_BANDWIDTH_CONSTRAINED Uid: 10551 RequestorUid: 10303 RequestorPkg: com.android.systemui UnderlyingNetworks: Null] ]
1791670703.857 10551 30581 30581 D OCAM_DensityUtil: initializeDefaultDisplay, acquire sDefaultDensity: 640
1791670703.857 10551 30581 30607 W libc    : Access denied finding property "ro.vendor.oplus.market.enname"
1791670703.857 10551 30581 30581 D OCAM_DeviceUtil: updateFolderAngle, sFoldAngle: -1, sSensorAngle: -1
1791670703.857 10551 30581 30607 W libc    : Access denied finding property "ro.vendor.oplus.market.name"
1791670703.857 10551 30581 30851 I OCAM_OplusCamera: mApsServiceThread, mApsConnection: null
1791670703.857 10551 30581 30581 I OCAM_CameraSingleton: single instance created, current obj: qa.w$a@c0e4e38
1791670703.857 10551 30581 30607 E IPU_CouiUtil: isHasselbladStyle, sHasselbladStyle: 1
1791670703.857 10551 30581 30850 D OCAM_ThreadManager: setUxThreadValue: pid is: 30581, tid is 30850 value is 129, keyThreadTag: CameraHandlerThread
1791670703.857 10551 30581 30581 V OCAM_CameraThreadExector: thread name: notifyAthena
1791670703.858 10551 30581 30851 V OCAM_MyApplication: checkStopServiceStatus X
1791670703.858 10551 30581 30581 W OCAM_OplusCamera: setCameraOrientation, orientation: 0 => 0
1791670703.858 10551 30581 30607 W libc    : Access denied finding property "ro.vendor.oplus.market.enname"
1791670703.858 10551 30581 30607 W libc    : Access denied finding property "ro.vendor.oplus.market.name"
1791670703.858 10551 30581 30621 V OCAM_Util: notifyAthenaNew, memAvailableKb: 4221693952
1791670703.858 10551 30581 30607 W libc    : Access denied finding property "ro.vendor.oplus.market.enname"
1791670703.858 10551 30581 30607 W libc    : Access denied finding property "ro.vendor.oplus.market.name"
1791670703.858 10551 30581 30621 I OCAM_Util: notifyAthenaNew: enough memory, no need to clean
1791670703.858 10551 30581 30611 D ActivityThread: Too many transaction errors, throttling transaction error callback.
1791670703.858  1000  4337  4574 D OemPaidWifiNetworkFactory: got request NetworkRequest [ REQUEST id=1614, [ Capabilities: INTERNET&NOT_RESTRICTED&TRUSTED&NOT_VCN_MANAGED&NOT_BANDWIDTH_CONSTRAINED Uid: 10551 RequestorUid: 10303 RequestorPkg: com.android.systemui UnderlyingNetworks: Null] ]
1791670703.858 10551 30581 30581 D OCAM_BaseOrientationDecision: setSensorOrientation, 0 -> 0
1791670703.858 10551 30581 30607 W libc    : Access denied finding property "ro.vendor.oplus.market.enname"
1791670703.858 10551 30581 30611 E OCAM_Performance: readMemoryInfo, unsupported OS version
1791670703.858 10551 30581 30611 V OCAM_Performance: getMemValue memValue:
1791670703.858 10551 30581 30607 W libc    : Access denied finding property "ro.vendor.oplus.market.name"
1791670703.858 10551 30581 30611 E OCAM_Performance: getMemValue, e: org.json.JSONException: End of input at character 0 of
1791670703.858 10551 30581 30581 I OCAM_CameraSingleton: single instance created, current obj: jj.e$a@37db76
1791670703.858 10551 30581 30611 V OCAM_OppoCamera_TRACE: traceEndSection, msg: setDataReadCameraServerMemory
1791670703.858 10551 30581 30611 V OCAM_OppoCamera_TRACE: traceBeginSection, msg: setDataReadAppMemory
1791670703.858 10384  6896 16442 I KeyboardActiveSessionStreamManager: KeyboardActiveSessionStreamManager.closeStream():110 Closing stream. [SDG]
1791670703.858 10384  6896 16442 I Interaction: Interaction$KeyboardEventStreamObserver.onCompleted():141 Interaction#70 completed by the client [SD]
1791670703.858 10551 30581 30581 D OCAM_MemoryDataBuffer: MemoryDataBuffer: create MemoryDataBuffer at com.oplus.camera_preferences
1791670703.858  1000  4337  4574 D MultiInternetWifiNetworkFactory: got request NetworkRequest [ REQUEST id=1614, [ Capabilities: INTERNET&NOT_RESTRICTED&TRUSTED&NOT_VCN_MANAGED&NOT_BANDWIDTH_CONSTRAINED Uid: 10551 RequestorUid: 10303 RequestorPkg: com.android.systemui UnderlyingNetworks: Null] ]
1791670703.859  1000  4337  4582 D ConnectivityService: NetReassign [1614 : null → 100] [c 1] [a 2] [i 12]
1791670703.859 10551 30581 30581 E OCAM_CommonUtil: isSupportDocScan, some thing has error!
1791670703.859 10551 30581 30581 E OCAM_CommonUtil: android.content.pm.PackageManager$NameNotFoundException: com.coloros.ocrscanner
1791670703.859 10551 30581 30581 E OCAM_CommonUtil: 	at android.app.ApplicationPackageManager.getPackageInfoAsUser(ApplicationPackageManager.java:294)
1791670703.859 10551 30581 30581 E OCAM_CommonUtil: 	at android.app.ApplicationPackageManager.getPackageInfo(ApplicationPackageManager.java:254)
1791670703.859 10551 30581 30581 E OCAM_CommonUtil: 	at android.app.ApplicationPackageManager.getPackageInfo(ApplicationPackageManager.java:248)
1791670703.859 10551 30581 30581 E OCAM_CommonUtil: 	at d6.c0.p(CommonUtil.java:20)
1791670703.859 10551 30581 30581 E OCAM_CommonUtil: 	at jj.e.d(DataBaseOperator.java:125)
1791670703.859 10551 30581 30581 E OCAM_CommonUtil: 	at jj.e.<init>(DataBaseOperator.java:63)
1791670703.859 10551 30581 30581 E OCAM_CommonUtil: 	at jj.e$a.create(DataBaseOperator.java:2)
1791670703.859 10551 30581 30581 E OCAM_CommonUtil: 	at tk.f0.get(CameraSingleton.java:22)
1791670703.859 10551 30581 30581 E OCAM_CommonUtil: 	at jj.e.c(DataBaseOperator.java:2)
1791670703.859 10551 30581 30581 E OCAM_CommonUtil: 	at com.oplus.camera.Camera.Q(Camera.java:511)
1791670703.859 10551 30581 30581 E OCAM_CommonUtil: 	at h6.b0.onCreate(QuickActivity.java:53)
1791670703.859 10551 30581 30581 E OCAM_CommonUtil: 	at android.app.Activity.performCreate(Activity.java:9340)
1791670703.859 10551 30581 30581 E OCAM_CommonUtil: 	at android.app.Activity.performCreate(Activity.java:9318)
1791670703.859 10551 30581 30581 E OCAM_CommonUtil: 	at android.app.Instrumentation.callActivityOnCreate(Instrumentation.java:1543)
1791670703.859 10551 30581 30581 E OCAM_CommonUtil: 	at android.app.ActivityThread.performLaunchActivity(ActivityThread.java:4563)
1791670703.859 10551 30581 30581 E OCAM_CommonUtil: 	at android.app.ActivityThread.handleLaunchActivity(ActivityThread.java:4785)
1791670703.859 10551 30581 30581 E OCAM_CommonUtil: 	at android.app.servertransaction.LaunchActivityItem.execute(LaunchActivityItem.java:224)
1791670703.859 10551 30581 30581 E OCAM_CommonUtil: 	at android.app.servertransaction.TransactionExecutor.executeNonLifecycleItem(TransactionExecutor.java:133)
1791670703.859 10551 30581 30581 E OCAM_CommonUtil: 	at android.app.servertransaction.TransactionExecutor.executeTransactionItems(TransactionExecutor.java:103)
1791670703.859 10551 30581 30581 E OCAM_CommonUtil: 	at android.app.servertransaction.TransactionExecutor.execute(TransactionExecutor.java:80)
1791670703.859 10551 30581 30581 E OCAM_CommonUtil: 	at android.app.ActivityThread$H.handleMessage(ActivityThread.java:3036)
1791670703.859 10551 30581 30581 E OCAM_CommonUtil: 	at android.os.Handler.dispatchMessageImpl(Handler.java:142)
1791670703.859 10551 30581 30581 E OCAM_CommonUtil: 	at android.os.Handler.dispatchMessage(Handler.java:125)
1791670703.859 10551 30581 30581 E OCAM_CommonUtil: 	at android.os.Looper.loopOnce(Looper.java:296)
1791670703.859 10551 30581 30581 E OCAM_CommonUtil: 	at android.os.Looper.loop(Looper.java:397)
1791670703.859 10551 30581 30581 E OCAM_CommonUtil: 	at android.app.ActivityThread.main(ActivityThread.java:9581)
1791670703.859 10551 30581 30581 E OCAM_CommonUtil: 	at java.lang.reflect.Method.invoke(Native Method)
1791670703.859 10551 30581 30581 E OCAM_CommonUtil: 	at com.android.internal.os.RuntimeInit$MethodAndArgsCaller.run(RuntimeInit.java:578)
1791670703.859 10551 30581 30581 E OCAM_CommonUtil: 	at com.android.internal.os.ZygoteInit.main(ZygoteInit.java:939)
1791670703.860 10384  6896 20027 I Interaction: Interaction.shutdownAndForget():92 Shutting down Interaction#70 [SD]
1791670703.860 10384  6896 20027 I KeyboardActiveSessionStreamManager: KeyboardActiveSessionStreamManager$AssistantEventObserver.onCompleted():240 Assistant event stream completed. [SDG]
1791670703.860 10384  6896 20027 I InteractionManager: InteractionManager.forgetInteraction$<anonymous>():50 Forgetting Interaction#70 [SD]
1791670703.865  1000  4337  4337 W AccessibilityManagerService:  wait for adding window timeout: 266
1791670703.866 10719  8022  9677 I BatteryEventDispatcherImpl: [_waitingForDispatchEvent] processing BatteryEventDispatcherImpl$DispatchEvent$OnPollTimeout
1791670703.868 10551 30581 30611 V OCAM_OppoCamera_TRACE: traceBeginSection, msg: disableKeyThreadValue_30611
1791670703.868 10551 30581 30611 V OCAM_OppoCamera_TRACE: traceEndSection, msg: disableKeyThreadValue_30611
1791670703.868 10551 30581 30607 E ActivityThread: Failed to find provider info for com.oplus.customize.coreapp.configmanager.configprovider.AppFeatureProvider
1791670703.869 10551 30581 30611 E OCAM_Performance: readMemoryByPids, e: java.lang.ClassNotFoundException: android.os.PerformanceManager
1791670703.869 10551 30581 30611 V OCAM_OppoCamera_TRACE: traceEndSection, msg: setDataReadAppMemory
1791670703.869 10551 30581 30611 D OCAM_InfluenceFactorInfo: setData, <HAL> mHalTotal: 0, mHalDumpsysTotal: 0, <CAMERA_SERVER> mCameraServerTotal: 0, mCameraServerDumpsysTotal: 0, <APP> mAppTotal: 96969, mAppDumpsysTotal: 96969, isMPVersion: false
1791670703.870 10551 30581 30581 V OCAM_DataBaseOperator: initialize, insertIntoDb: false
1791670703.870 10551 30581 30581 V OCAM_CameraEntry: initCallPkg, mCallPkg: com.android.launcher3, mCameraEntryTypeFromFramework: -1
1791670703.870 10551 30581 30581 V OCAM_CameraEntry: parseIntent, mCameraEntryType: 1, mCallPkg: com.android.launcher3, mAction: android.intent.action.MAIN
1791670703.870 10551 30581 30581 V OCAM_CameraEntry: updateOverrideCameraModeStatus, currentTime: 1791670703870, timeStamp: 1791670589364, mCameraEnterTimeGap: 114506
1791670703.870 10551 30581 30581 D OCAM_CameraEntry: updateDisplayId, sLastDisplayId: -1, displayId: 0
1791670703.870 10551 30581 30581 V OCAM_CameraEntry: onCreate, mCameraEntryType: 1, mCallPkg: com.android.launcher3, mAction: android.intent.action.MAIN, sLastDisplayId: 0
1791670703.871 10551 30581 30581 W OCAM_DisplayDensityUtil: initScreenHeightWidth, sScreenHeight: 3216, sScreenWidth: 1440, folderOpen: false
1791670703.874 10551 30581 30581 D OCAM_LayoutUtil: initMenuControlPanelHeight, sbLongScreen: true, isFoldProject: false, sSettingMenuPanelHeight: 320, sControlPanelHeight: 896, sControlPanelButtonHeight: 760, sSettingMenuItemHeight: 320, sPreviewMarginTop: 320, sHeadLineHeight: 240, sNavigationBarHeight: 0, ratio: 2.2333333333333334, screenHeight: 3216
1791670703.875 10551 30581 30581 I OCAM_CameraCore: initialize
1791670703.875 10551 30581 30581 V OCAM_OppoCamera_TRACE: traceBeginSection, msg: CameraManager.initialize
1791670703.875 10551 30581 30581 V OCAM_CameraCore: initialize, OneCamera ready
1791670703.876 10551 30581 30581 V OCAM_CameraEntry: getIntentLegacyId, mCameraEntryType: 1, cameraId from dataManager: 0
1791670703.876 10551 30581 30581 V OCAM_CameraEntry: getIntentLegacyId, mCameraEntryType: 1, final cameraId: 0
1791670703.876 10551 30581 30581 V OCAM_ModeEntry: setCameraId, cameraId: -1 -> 0
1791670703.876 10551 30581 30581 V OCAM_OppoCamera_TRACE: traceBeginSection, msg: initialize.checkPreInitStatus
1791670703.876 10551 30581 30581 V OCAM_MyApplication: checkPreInitStatus X
1791670703.876 10551 30581 30581 V OCAM_OppoCamera_TRACE: traceEndSection, msg: initialize.checkPreInitStatus
1791670703.876 10551 30581 30581 E OCAM_CommonUtil: isSupportDocScan, some thing has error!
1791670703.876 10551 30581 30581 E OCAM_CommonUtil: android.content.pm.PackageManager$NameNotFoundException: com.coloros.ocrscanner
1791670703.876 10551 30581 30581 E OCAM_CommonUtil: 	at android.app.ApplicationPackageManager.getPackageInfoAsUser(ApplicationPackageManager.java:294)
1791670703.876 10551 30581 30581 E OCAM_CommonUtil: 	at android.app.ApplicationPackageManager.getPackageInfo(ApplicationPackageManager.java:254)
1791670703.876 10551 30581 30581 E OCAM_CommonUtil: 	at android.app.ApplicationPackageManager.getPackageInfo(ApplicationPackageManager.java:248)
1791670703.876 10551 30581 30581 E OCAM_CommonUtil: 	at d6.c0.p(CommonUtil.java:20)
1791670703.876 10551 30581 30581 E OCAM_CommonUtil: 	at com.oplus.camera.CameraManager.D0(CameraManager.java:75)
1791670703.876 10551 30581 30581 E OCAM_CommonUtil: 	at com.oplus.camera.Camera.Q(Camera.java:776)
1791670703.876 10551 30581 30581 E OCAM_CommonUtil: 	at h6.b0.onCreate(QuickActivity.java:53)
1791670703.876 10551 30581 30581 E OCAM_CommonUtil: 	at android.app.Activity.performCreate(Activity.java:9340)
1791670703.876 10551 30581 30581 E OCAM_CommonUtil: 	at android.app.Activity.performCreate(Activity.java:9318)
1791670703.876 10551 30581 30581 E OCAM_CommonUtil: 	at android.app.Instrumentation.callActivityOnCreate(Instrumentation.java:1543)
1791670703.876 10551 30581 30581 E OCAM_CommonUtil: 	at android.app.ActivityThread.performLaunchActivity(ActivityThread.java:4563)
1791670703.876 10551 30581 30581 E OCAM_CommonUtil: 	at android.app.ActivityThread.handleLaunchActivity(ActivityThread.java:4785)
1791670703.876 10551 30581 30581 E OCAM_CommonUtil: 	at android.app.servertransaction.LaunchActivityItem.execute(LaunchActivityItem.java:224)
1791670703.876 10551 30581 30581 E OCAM_CommonUtil: 	at android.app.servertransaction.TransactionExecutor.executeNonLifecycleItem(TransactionExecutor.java:133)
1791670703.876 10551 30581 30581 E OCAM_CommonUtil: 	at android.app.servertransaction.TransactionExecutor.executeTransactionItems(TransactionExecutor.java:103)
1791670703.876 10551 30581 30581 E OCAM_CommonUtil: 	at android.app.servertransaction.TransactionExecutor.execute(TransactionExecutor.java:80)
1791670703.876 10551 30581 30581 E OCAM_CommonUtil: 	at android.app.ActivityThread$H.handleMessage(ActivityThread.java:3036)
1791670703.876 10551 30581 30581 E OCAM_CommonUtil: 	at android.os.Handler.dispatchMessageImpl(Handler.java:142)
1791670703.876 10551 30581 30581 E OCAM_CommonUtil: 	at android.os.Handler.dispatchMessage(Handler.java:125)
1791670703.876 10551 30581 30581 E OCAM_CommonUtil: 	at android.os.Looper.loopOnce(Looper.java:296)
1791670703.876 10551 30581 30581 E OCAM_CommonUtil: 	at android.os.Looper.loop(Looper.java:397)
1791670703.876 10551 30581 30581 E OCAM_CommonUtil: 	at android.app.ActivityThread.main(ActivityThread.java:9581)
1791670703.876 10551 30581 30581 E OCAM_CommonUtil: 	at java.lang.reflect.Method.invoke(Native Method)
1791670703.876 10551 30581 30581 E OCAM_CommonUtil: 	at com.android.internal.os.RuntimeInit$MethodAndArgsCaller.run(RuntimeInit.java:578)
1791670703.876 10551 30581 30581 E OCAM_CommonUtil: 	at com.android.internal.os.ZygoteInit.main(ZygoteInit.java:939)
1791670703.877 10551 30581 30581 V OCAM_CameraCore: isCurrentPid, oldPid: 28208, currentPid: 30581
1791670703.878 10551 30581 30581 V OCAM_OppoCamera_TRACE: traceBeginSection, msg: ModeManager.initProcessor
1791670703.878 10551 30581 30581 V OCAM_OppoCamera_TRACE: traceBeginSection, msg: ModeManager.initProcessor.CaptureProcessor
1791670703.878 10551 30581 30581 V OCAM_OppoCamera_TRACE: traceBeginSection, msg: CaptureProcessor.init
1791670703.878 10551 30581 30581 V OCAM_OppoCamera_TRACE: traceEndSection, msg: CaptureProcessor.init
1791670703.878 10551 30581 30581 V OCAM_OppoCamera_TRACE: traceEndSection, msg: ModeManager.initProcessor.CaptureProcessor
1791670703.878 10551 30581 30581 V OCAM_OppoCamera_TRACE: traceBeginSection, msg: ModeManager.initProcessor.ThumbnailProcessor
1791670703.879 10551 30581 30581 I OCAM_CameraSingleton: single instance created, current obj: ah.b0$a@3fdfbb9
1791670703.879 10551 30581 30581 V OCAM_OppoCamera_TRACE: traceBeginSection, msg: ThumbnailProcessor.init
1791670703.879 10551 30581 30581 I OCAM_CameraSingleton: single instance created, current obj: ah.q$a@fecbbfe
1791670703.879 10551 30581 30581 V OCAM_OppoCamera_TRACE: traceEndSection, msg: ThumbnailProcessor.init
1791670703.879 10551 30581 30581 V OCAM_OppoCamera_TRACE: traceEndSection, msg: ModeManager.initProcessor.ThumbnailProcessor
1791670703.879 10551 30581 30581 V OCAM_OppoCamera_TRACE: traceBeginSection, msg: ModeManager.initProcessor.ModeSwitcher
1791670703.880 10551 30581 30581 V OCAM_OppoCamera_TRACE: traceEndSection, msg: ModeManager.initProcessor.ModeSwitcher
1791670703.880 10551 30581 30581 V OCAM_OppoCamera_TRACE: traceBeginSection, msg: ModeManager.initProcessor.CameraSwitcher
1791670703.880 10551 30581 30581 V OCAM_OppoCamera_TRACE: traceEndSection, msg: ModeManager.initProcessor.CameraSwitcher
1791670703.880 10551 30581 30581 V OCAM_OppoCamera_TRACE: traceEndSection, msg: ModeManager.initProcessor
1791670703.880 10551 30581 30581 V OCAM_MyApplication: needDelayOpenForColdLaunch, sbColdLauch: true
1791670703.880 10551 30581 30581 V OCAM_OppoCamera_TRACE: traceBeginSection, msg: initialize.openCamera
1791670703.880 10551 30581 30581 V OCAM_OppoCamera_TRACE: traceEndSection, msg: initialize.openCamera
1791670703.880 10551 30581 30842 V OCAM_OppoCamera_TRACE: traceBeginSection, msg: OpenCamera.getCurrentProperCameraId
1791670703.880 10551 30581 30842 V OCAM_OppoCamera_TRACE: traceBeginSection, msg: ModeSwitcher.getCurrentSessionModeName.getLogicCameraId
1791670703.880 10551 30581 30842 D OCAM_CameraCharacteristicsUtil: printCameraInfo, ProperCameraIdTrack.
1791670703.880 10551 30581 30842 D OCAM_CameraCharacteristicsUtil: sFrontCameraTypeList: [front_main, rear_main_front_main]
1791670703.880 10551 30581 30842 D OCAM_CameraCharacteristicsUtil: sBackCameraTypeList: [rear_main, rear_wide, rear_tele, rear_mono_1, rear_sat]
1791670703.880 10551 30581 30842 D OCAM_CameraCharacteristicsUtil: sAllCameraIdTypeMap: {0=rear_main, 1=front_main, 2=rear_wide, 6=rear_tele, 12=rear_sat, 13=rear_mono_1, 100=rear_main_front_main}
1791670703.880 10551 30581 30842 D OCAM_CameraEntry: getLogicCameraId, ProperCameraIdTrack, mode: movie, legacyId: 0
1791670703.881 10551 30581 30581 V OCAM_OppoCamera_TRACE: traceBeginSection, msg: checkCameraReadyState
1791670703.881 10551 30581 30581 W OCAM_CameraCore: checkCameraReadyState, ready to open camera
1791670703.881 10551 30581 30581 V OCAM_OppoCamera_TRACE: traceEndSection, msg: checkCameraReadyState
1791670703.881 10551 30581 30581 D OCAM_InverseManager: init, context.hashCode(): 151371979, cameraEntryType: 1
1791670703.881 10551 30581 30842 V OCAM_OppoCamera_TRACE: traceEndSection, msg: ModeSwitcher.getCurrentSessionModeName.getLogicCameraId
1791670703.881 10551 30581 30842 V OCAM_ModeSwitcher: getCurrentProperCameraId, ProperCameraIdTrack, mode: movie, cameraId: 0, currentProperCameraId: 0
1791670703.881 10551 30581 30842 V OCAM_OppoCamera_TRACE: traceEndSection, msg: OpenCamera.getCurrentProperCameraId
1791670703.881 10551 30581 30842 D OCAM_DeviceProcessor: openCamera, properCameraId: 0, cameraId: 0, openType: 0, folderOpen: false
1791670703.881 10551 30581 30842 V OCAM_OppoCamera_TRACE: traceBeginSection, msg: OpenCamera.getAndCachedCameraCharacteristics
1791670703.881 10551 30581 30842 V OCAM_OppoCamera_TRACE: traceBeginSection, msg: CameraCharacteristicsUtil.getCameraInfo.rear_main
1791670703.882 10551 30581 30581 D OCAM_InverseManager: init, X151371979, cameraEntryType: 1, mInverseViewMap.size(): 0
1791670703.885 10551 30581 30607 D OCAM_FilterHelper: initialPortraitMonoFilter,rear_portrait_mono_1 id = 0, sbHasMono1 is false
1791670703.885 10551 30581 30607 V OCAM_FilterHelper: checkOtherAppEntryFilter E, sbFromOtherAppEntryCopy false
1791670703.885 10551 30581 30607 V OCAM_FilterHelper: checkOtherAppEntryFilter X
1791670703.886 10551 30581 30607 V OCAM_OppoCamera_TRACE: traceEndSection, msg: FilterHelper.init
1791670703.886 10551 30581 30607 V OCAM_OppoCamera_TRACE: traceEndSection, msg: initFilterHelper
1791670703.886 10551 30581 30607 V OCAM_OppoCamera_TRACE: traceEndSection, msg: initFilter
1791670703.886 10551 30581 30842 E VendorTagDescriptor: lookupTag: Tag name 'custom.movie.stream.map' does not exist.
1791670703.886 10551 30581 30611 W OCAM_Performance: readJankCpuInfo, some thing has error!android.os.PerformanceManager
1791670703.886 10551 30581 30611 V OCAM_Performance: requestInstantCpuLoad, sCpuSampleCount++: 1
1791670703.886 10551 30581 30611 V OCAM_Performance: requestInstantCpuLoad exception: java.lang.NoSuchMethodException: com.oplus.osense.OsenseResEventClient.requestInstantCpuLoad []
1791670703.886 10551 30581 30611 V OCAM_LaunchPerformance: setInfluenceFactorInfo influenceFactorInfo: com.oplus.camera.performance.statistics.InfluenceFactorInfo@cd66062, sOnCreateTime: 1791670703855, sOnResumeTime: 0
1791670703.886 10551 30581 30611 D OCAM_MemoryDataBuffer: MemoryDataBuffer: create MemoryDataBuffer at com.oplus.camera_statistics
1791670703.888 10551 30581 30611 V OCAM_Performance: add, switchCameraPerformanceData: {"mCurCameraId":0,"mLastCameraId":1,"mSwitchCameraDuration":0}
1791670703.888 10551 30581 30842 V OCAM_OppoCamera_TRACE: traceEndSection, msg: CameraCharacteristicsUtil.getCameraInfo.rear_main
1791670703.889 10551 30581 30842 D OCAM_CameraCharacteristicsUtil: getCameraInfo, key: movie_mode_rear_main, cameraDeviceInfo: com.oplus.ocs.camera.CameraDeviceInfo@fc892b0
1791670703.889 10551 30581 30842 V OCAM_OppoCamera_TRACE: traceEndSection, msg: OpenCamera.getAndCachedCameraCharacteristics
1791670703.889 10551 30581 30842 V OCAM_OppoCamera_TRACE: traceBeginSection, msg: OpenCamera.CheckAlgoConfigStatus
1791670703.889 10551 30581 30842 V OCAM_MyApplication: checkPreviewConfigStatus X
1791670703.889 10551 30581 30842 V OCAM_OppoCamera_TRACE: traceEndSection, msg: OpenCamera.CheckAlgoConfigStatus
1791670703.889 10551 30581 30842 V OCAM_DeviceProcessor: openCamera, normal open
1791670703.889 10551 30581 30842 W OCAM_CameraCore: openCamera, ID: 0
1791670703.889 10551 30581 30842 V OCAM_CameraCore: changeDeviceState, -1 -> 1
1791670703.889 10551 30581 30842 I OCAM_OneCameraImpl: openCamera, cameraId: 0, this: v6.a1@9384529
1791670703.889 10551 30581 30842 I OCAM_OneCameraImpl: openCamera, normal open
1791670703.889 10551 30581 30842 W OCAM_OneCameraImpl: openCamera start, cameraId: 0, cameraType: rear_main, mCameraUnitClient: com.oplus.ocs.camera.CameraUnitClient@8be20ae
1791670703.889 10551 30581 30842 V OCAM_OppoCamera_TRACE: traceBeginSection, msg: CameraStartupPerformance.openCamera
1791670703.891 10551 30581 30842 E CameraUnit, ProducerImpl: ProducerImpl, classloader: dalvik.system.PathClassLoader[DexPathList[[zip file "/system_ext/framework/com.oplus.camera.unit.sdk.jar"],nativeLibraryDirectories=[/data/app/~~pwrM1FFZPcTDtyIFM23IXQ==/com.oplus.camera-6To1ae9Bp6KmV_a4LzhBKw==/lib/arm64, /data/app/~~pwrM1FFZPcTDtyIFM23IXQ==/com.oplus.camera-6To1ae9Bp6KmV_a4LzhBKw==/base.apk!/lib/arm64-v8a, /system/lib64, /system_ext/lib64]]]
1791670703.891 10551 30581 30581 V OCAM_OppoCamera_TRACE: traceBeginSection, msg: initialize.CameraUIManagerInstance
1791670703.895 10551 30581 30581 D OCAM_MainUIContainer: ContainerCtr, MainUIContainer
1791670703.895 10383  7958  7958 I csde    : onPause
1791670703.896 10551 30581 30581 V OCAM_VolumeEventDeliverAdapt: updateDeliverType, mVolumeFunction: shutter
1791670703.896 10551 30581 30581 V OCAM_VolumeEventDeliverAdapt: updateCurrentDeliverType, type: 1
1791670703.897 10383  7958  7958 I cruv    : onPause
1791670703.897 10383  7958  7958 W elap    : measuring already stopped.
1791670703.898 10551 30581 30581 D OCAM_CameraControlUI: ContainerCtr, X!
1791670703.899 10551 30581 30842 V OCAM_OppoCamera_TRACE: traceEndSection, msg: CameraStartupPerformance.openCamera
1791670703.899 10551 30581 30629 V OCAM_DeviceProcessor: onCameraOpenActionDone, enterRearCamera: true
1791670703.900 10551 30581 30581 D nativeloader: Load /data/app/~~pwrM1FFZPcTDtyIFM23IXQ==/com.oplus.camera-6To1ae9Bp6KmV_a4LzhBKw==/lib/arm64/libNativeWindowJNI.so using class loader ns clns-11 (caller=/data/app/~~pwrM1FFZPcTDtyIFM23IXQ==/com.oplus.camera-6To1ae9Bp6KmV_a4LzhBKw==/base.apk!classes12.dex): ok
1791670703.900 10551 30581 30857 E CameraUnit, Camera2Impl: openCameraDevice, cameraId: 0
1791670703.900 10551 30581 30581 I OCAM_PreviewHDRControl: initPreviewHdrForceConfig, mOverrideHdrEnable: false, mOverrideHdrDs: DATASPACE_DISPLAY_P3_HLG, mOverrideHdrFormat: RGBA_1010102
1791670703.901 10551 30581 30581 I OCAM_PreviewHDRControl: printConfig, previewHdrSupport: false, previewHdrSwitch: ON, supportCapModeList: , videoSupportPreviewHdr: false
1791670703.901 10303  4915  5301 V RecentTasksController: Notify recent tasks changed
1791670703.901 10312  5415  5415 D RecentTasksList: invalidateLoadedTasks - previous requestLoadId: -1
1791670703.901 10551 30581 30581 D OCAM_CameraPreviewUI: updatePreviewChangeDuration, duration: 600.0
1791670703.901 10551 30581 30581 D OCAM_InverseManager: registerInverse, context.hashCode(): 151371979, mInverseViewMap: 1, inverseType: preview
1791670703.902 10551 30581 30581 D OCAM_CameraPreviewUI: ContainerCtr, X! mSizeChangeDuration: 600.0
1791670703.902 10551 30581 30581 D OCAM_EffectPanelUIContainer: ContainerCtr, X!
1791670703.902 10551 30581 30581 D OCAM_SettingUIContainer: ContainerCtr, X!
1791670703.902 10551 30581 30581 D OCAM_ZoomUIContainer: ContainerCtr, X!
1791670703.903 10551 30581 30581 D OCAM_HintControl: ContainerCtr, X!
1791670703.903 10551 30581 30581 I OCAM_SeamlessUIControl: create
1791670703.903 10551 30581 30611 W OCAM_Performance: readJankCpuInfo, some thing has error!android.os.PerformanceManager
1791670703.904 10551 30581 30581 I OCAM_Util: isGallerySupportFeature, feature: isIntegrationUITransitionSupported, support: false
1791670703.904 10551 30581 30611 V OplusTrack-OplusTrack: onCommon logTag is 204,eventID:switch_camera_performance,flagSendTo:1
1791670703.904 10551 30581 30581 I OCAM_Util: isFrameworkSupport no such method
1791670703.904 10551 30581 30581 I OCAM_Util: isSupportIntegration, support: false, cameraSupport: true, gallerySupport : false, frameworkSupport : false, isVoiceInteractionRoot : false, animationLevel: -1
1791670703.905 10551 30581 30581 I OCAM_SeamlessUIControl: initSupportInfo, support: false
1791670703.905 10551 30581 30581 D OCAM_SeamlessUIControl: initControlCameraTask
1791670703.905  1000  4337  6596 W ActivityManager: Unable to start service Intent { xflg=0x4 cmp=com.nearme.statistics.rom/.service.ReceiverService (has extras) } U=0: not found
1791670703.905 10551 30581 30581 D OCAM_CameraUIManager: ContainerCtr, X!
1791670703.905 10551 30581 30581 V OCAM_OppoCamera_TRACE: traceEndSection, msg: initialize.CameraUIManagerInstance
1791670703.905 10551 30581 30581 V OCAM_ModeManager: setNewModeWhenStart, start! modeName: movie
1791670703.905 10551 30581 30581 V OCAM_PreviewProcessor: setIsNeedStopView, mbNeedStopView: false -> false
1791670703.905 10551 30581 30611 V OCAM_LaunchPerformance: setOpenCameraTime, sOpenCameraTime: 1791670703889
1791670703.906 10551 30581 30581 V OCAM_VideoWatermarkTexturePreview: VideoWatermarkTexturePreview
1791670703.907 10551 30581 30581 I OCAM_HdrTransformTexturePreview: create
1791670703.907 10551 30581 30581 I OCAM_FocusPeakingTexturePreview: create
1791670703.909 10551 30581 30581 V OCAM_h_BaseMode: BaseMode, constructor init, modeName: movie
1791670703.909 10551 30581 30581 V OCAM_FaceBeautyHelper: setCurrentModeCheck, sbCurrentModeSupportDoubleMode: false
1791670703.910 10551 30581 30581 V OCAM_VideoMode: VideoMode, modeName: movie, mRecordProcessor: bh.b0@d88847
1791670703.910 10551 30581 30581 E OCAM_ModeManager: setNewModeWhenStart, newMode: movie
1791670703.910 10551 30581 30581 V OCAM_FeatureManager: doActionWhenModeExit
1791670703.910 10551 30581 30581 V OCAM_OppoCamera_TRACE: traceBeginSection, msg: doActionWhenModeExit
1791670703.911 10551 30581 30581 W OCAM_FeatureManager: updateConfigure, supported featureList: [com.oplus.configure.video.encoder, com.oplus.camera.feature.movie, com.oplus.configure.video.stabilization, com.oplus.camera.feature.zoom, com.oplus.camera.feature.focus_exposure, com.oplus.camera.feature.lens_dirty, com.oplus.camera.feature.face_detect, com.oplus.preview.focus.mode, com.oplus.camera.feature.frame_ratio, com.oplus.camera.feature.assist_view, com.oplus.camera.feature.dark_detect, com.oplus.preview.flash.mode, com.oplus.camera.feature.video_size], modeName: movie, targetCameraId: 0, cameraType: rear_main, modeNameForCameraUnit: movie_mode
1791670703.911 10551 30581 30581 V OCAM_OppoCamera_TRACE: traceBeginSection, msg: generateFeatures
1791670703.911 10551 30581 30581 V OCAM_FeatureManager: generateFeatures
1791670703.911 10551 30581 30581 D OCAM_FeatureFactory: getFeatureByFeatureName, featureName: com.oplus.configure.video.encoder E
1791670703.911 10551 30581 30608 V OCAM_OppoCamera_TRACE: traceBeginSection, msg: generateFeatures-child
1791670703.911 10551 30581 30608 V OCAM_OppoCamera_TRACE: traceBeginSection, msg: generateFeatures-child
1791670703.911 10551 30581 30608 D OCAM_FeatureFactory: getFeatureByFeatureName, featureName: com.oplus.camera.feature.movie E
1791670703.912 10303  4915  5301 V RecentTasksController: generateList(getRecentTasks)
1791670703.912 10551 30581 30581 D OCAM_FeatureFactory: getFeatureByFeatureName, featureName: com.oplus.configure.video.encoder X
1791670703.912 10303  4915  5301 V RecentTasksController: initializeDesksMap - allDeskIds: []
1791670703.912 10551 30581 30581 V OCAM_BaseFeaturePresenter: setFeatureListener, featureListener: dh.h@1ed604b mode: movie
1791670703.912 10303  4915  5301 V RecentTasksController: Task 950 is not an active desktop task
1791670703.912 10303  4915  5301 V RecentTasksController: Added fullscreen task: 950
1791670703.912 10303  4915  5301 V RecentTasksController: Task 948 is not an active desktop task
1791670703.912 10303  4915  5301 V RecentTasksController: Added fullscreen task: 948
1791670703.912 10303  4915  5301 V RecentTasksController: Task 713 is not an active desktop task
1791670703.912 10303  4915  5301 V RecentTasksController: Added fullscreen task: 713
1791670703.912 10303  4915  5301 V RecentTasksController: generateList - complete
1791670703.913 10551 30581 30581 D OCAM_FeatureFactory: getFeatureByFeatureName, featureName: com.oplus.configure.video.stabilization E
1791670703.913 10551 30581 30608 D OCAM_FeatureFactory: getFeatureByFeatureName, featureName: com.oplus.camera.feature.movie X
1791670703.913 10551 30581 30608 V OCAM_BaseFeaturePresenter: setFeatureListener, featureListener: dh.h@1ed604b mode: movie
1791670703.913 10551 30581 30608 D OCAM_FeatureFactory: getFeatureByFeatureName, featureName: com.oplus.camera.feature.zoom E
1791670703.913 10551 30581 30581 D OCAM_FeatureFactory: getFeatureByFeatureName, featureName: com.oplus.configure.video.stabilization X
1791670703.913 10551 30581 30581 V OCAM_BaseFeaturePresenter: setFeatureListener, featureListener: dh.h@1ed604b mode: movie
1791670703.913 10551 30581 30581 D OCAM_FeatureFactory: getFeatureByFeatureName, featureName: com.oplus.camera.feature.focus_exposure E
1791670703.913 10312  5415  5453 D PreloadThumbnailUseCase: Preloading thumbnails for task ids: [[id=713 windowingMode=0 user=0 lastActiveTime=134812] null, [id=948 windowingMode=1 user=0 lastActiveTime=3605233] null, [id=950 windowingMode=1 user=0 lastActiveTime=3607716] null]
1791670703.913 10551 30581 30581 D OCAM_FeatureFactory: getFeatureByFeatureName, featureName: com.oplus.camera.feature.focus_exposure X
1791670703.913 10551 30581 30581 V OCAM_BaseFeaturePresenter: setFeatureListener, featureListener: dh.h@1ed604b mode: movie
1791670703.913 10551 30581 30581 D OCAM_FeatureFactory: getFeatureByFeatureName, featureName: com.oplus.camera.feature.lens_dirty E
1791670703.913 10551 30581 30581 D OCAM_FeatureFactory: getFeatureByFeatureName, featureName: com.oplus.camera.feature.lens_dirty X
1791670703.913 10551 30581 30581 V OCAM_BaseFeaturePresenter: setFeatureListener, featureListener: dh.h@1ed604b mode: movie
1791670703.913 10551 30581 30581 D OCAM_FeatureFactory: getFeatureByFeatureName, featureName: com.oplus.camera.feature.face_detect E
1791670703.914 10551 30581 30581 D OCAM_FeatureFactory: getFeatureByFeatureName, featureName: com.oplus.camera.feature.face_detect X
1791670703.914 10551 30581 30581 V OCAM_BaseFeaturePresenter: setFeatureListener, featureListener: dh.h@1ed604b mode: movie
1791670703.914 10551 30581 30581 D OCAM_FeatureFactory: getFeatureByFeatureName, featureName: com.oplus.preview.focus.mode E
1791670703.914 10551 30581 30581 D OCAM_FeatureFactory: getFeatureByFeatureName, featureName: com.oplus.preview.focus.mode X
1791670703.914 10551 30581 30581 D OCAM_FeatureFactory: getFeatureByFeatureName, featureName: com.oplus.camera.feature.frame_ratio E
1791670703.914 10551 30581 30608 D OCAM_FeatureFactory: getFeatureByFeatureName, featureName: com.oplus.camera.feature.zoom X
1791670703.914 10551 30581 30608 V OCAM_BaseFeaturePresenter: setFeatureListener, featureListener: dh.h@1ed604b mode: movie
1791670703.914 10551 30581 30581 D OCAM_FeatureFactory: getFeatureByFeatureName, featureName: com.oplus.camera.feature.frame_ratio X
1791670703.914 10551 30581 30581 V OCAM_BaseFeaturePresenter: setFeatureListener, featureListener: dh.h@1ed604b mode: movie
1791670703.914 10551 30581 30608 D OCAM_FeatureFactory: getFeatureByFeatureName, featureName: com.oplus.camera.feature.assist_view E
1791670703.914 10551 30581 30581 D OCAM_FeatureFactory: getFeatureByFeatureName, featureName: com.oplus.camera.feature.dark_detect E
1791670703.914 10551 30581 30581 D OCAM_FeatureFactory: getFeatureByFeatureName, featureName: com.oplus.camera.feature.dark_detect X
1791670703.914 10551 30581 30581 V OCAM_BaseFeaturePresenter: setFeatureListener, featureListener: dh.h@1ed604b mode: movie
1791670703.914 10551 30581 30581 D OCAM_FeatureFactory: getFeatureByFeatureName, featureName: com.oplus.preview.flash.mode E
1791670703.914 10551 30581 30608 D OCAM_FeatureFactory: getFeatureByFeatureName, featureName: com.oplus.camera.feature.assist_view X
1791670703.914 10551 30581 30608 V OCAM_BaseFeaturePresenter: setFeatureListener, featureListener: dh.h@1ed604b mode: movie
1791670703.914 10551 30581 30608 D OCAM_FeatureFactory: getFeatureByFeatureName, featureName: com.oplus.camera.feature.video_size E
1791670703.914 10551 30581 30608 D OCAM_FeatureFactory: getFeatureByFeatureName, featureName: com.oplus.camera.feature.video_size X
1791670703.914 10551 30581 30608 V OCAM_BaseFeaturePresenter: setFeatureListener, featureListener: dh.h@1ed604b mode: movie
1791670703.914 10551 30581 30608 V OCAM_OppoCamera_TRACE: traceEndSection, msg: generateFeatures-child
1791670703.914 10551 30581 30608 V OCAM_OppoCamera_TRACE: traceEndSection, msg: generateFeatures-child
1791670703.914 10551 30581 30581 D OCAM_FlashPresenter: FlashPresenter, mModeName movie cameraId 0
1791670703.914 10551 30581 30581 D OCAM_FeatureFactory: getFeatureByFeatureName, featureName: com.oplus.preview.flash.mode X
1791670703.914 10551 30581 30581 V OCAM_BaseFeaturePresenter: setFeatureListener, featureListener: dh.h@1ed604b mode: movie
1791670703.915 10551 30581 30581 V OCAM_FeatureManager: generateFeatures X
1791670703.915 10551 30581 30581 V OCAM_OppoCamera_TRACE: traceEndSection, msg: generateFeatures
1791670703.915 10551 30581 30581 V OCAM_OppoCamera_TRACE: traceEndSection, msg: doActionWhenModeExit
1791670703.915 10551 30581 30581 V OCAM_FeatureManager: doActionWhenModeExit X
1791670703.915 10551 30581 30581 I OCAM_RunningMode: setCurrentMode, mode: dh.h@1ed604b
1791670703.915 10551 30581 30581 V OCAM_OppoCamera_TRACE: traceBeginSection, msg: initialize.HintControlInit
1791670703.915 10551 30581 30581 V OCAM_OppoCamera_TRACE: traceEndSection, msg: initialize.HintControlInit
1791670703.915 10551 30581 30581 V OCAM_OppoCamera_TRACE: traceBeginSection, msg: initialize.setContentView
1791670703.919 10551 30581 30581 D CompatChangeReporter: Compat change id reported: 309578419; UID 10551; state: ENABLED
1791670703.925 10551 30581 30581 D OCAM_AddonCompatUtil: surfaceCreated, excluded from snapshot
1791670703.925 10551 30581 30581 D OCAM_AddonCompatUtil: surfaceCreated, excluded from snapshot
1791670703.926  1047  4180 12772 I CameraService: CameraService::connect call (PID 30581 "com.oplus.camera", camera ID 0) and Camera API version 2
1791670703.928  1047  4180 12772 I CameraService: onTorchStatusChangedLocked: Torch status changed for cameraId=0, newStatus=0
1791670703.929 10303  4915  5353 D FlashlightController: dispatchAvailabilityChanged(false)
1791670703.929 10303  4915 16871 E CameraManagerGlobal: Camera 5 is not present. Ignore physical camera status change
1791670703.929 10478  7824 15339 E CameraManagerGlobal: Camera 5 is not present. Ignore physical camera status change
1791670703.929 10303  3632 30698 E CameraManagerGlobal: Camera 5 is not present. Ignore physical camera status change
1791670703.929 10534  7854  7891 E CameraManagerGlobal: Camera 5 is not present. Ignore physical camera status change
1791670703.930 10737 18908 30696 E CameraManagerGlobal: Camera 5 is not present. Ignore physical camera status change
1791670703.930 10715  7547 30546 E CameraManagerGlobal: Camera 5 is not present. Ignore physical camera status change
1791670703.930  1000  4337  4337 V WindowManager: AppCompatCamera: Camera 0 is open for package com.oplus.camera
1791670703.930 10385  7893 30619 E CameraManagerGlobal: Camera 5 is not present. Ignore physical camera status change
1791670703.930  1047 30549 30659 I CamX    : [ALWAYS_ON  ] opluscamxhwenvironment.cpp:530 LoadOPPackageName() [OP_EXT] mClientPackageName: 0, activityName:
1791670703.931 10542 20136 20154 E CameraManagerGlobal: Camera 5 is not present. Ignore physical camera status change
1791670703.931 10394 22000 30410 E CameraManagerGlobal: Camera 5 is not present. Ignore physical camera status change
1791670703.932  1047  4180 12772 I CameraProviderManager: Camera device device@3.5/legacy/0 torch status is now NOT_AVAILABLE
1791670703.932  1047  4180 12772 I CameraService: onTorchStatusChangedLocked: Torch status changed for cameraId=0, newStatus=0
1791670703.932  1047  4180 12772 I CameraProviderManager: Camera device device@3.5/legacy/1 torch status is now NOT_AVAILABLE
1791670703.932  1047  4180 12772 I CameraService: onTorchStatusChangedLocked: Torch status changed for cameraId=1, newStatus=0
1791670703.932  1047  4180 12772 E CameraService: onTorchStatusChangedLocked: cannot get torch status of camera 1: No such file or directory (-2)
1791670703.932  1047  4180 12772 I CameraProviderManager: Camera device device@3.5/legacy/2 torch status is now NOT_AVAILABLE
1791670703.932  1047  4180 12772 I CameraService: onTorchStatusChangedLocked: Torch status changed for cameraId=2, newStatus=0
1791670703.932  1047  4180 12772 I CameraProviderManager: Camera device device@3.5/legacy/3 torch status is now NOT_AVAILABLE
1791670703.932  1047  4180 12772 I CameraService: onTorchStatusChangedLocked: Torch status changed for cameraId=3, newStatus=0
1791670703.932  1047  4180 12772 I CameraProviderManager: Camera device device@3.5/legacy/4 torch status is now NOT_AVAILABLE
1791670703.932  1047  4180 12772 I CameraService: onTorchStatusChangedLocked: Torch status changed for cameraId=4, newStatus=0
1791670703.932  1047  4180 12772 E CameraService: onTorchStatusChangedLocked: cannot get torch status of camera 4: No such file or directory (-2)
1791670703.932  1047  4180 12772 I CameraProviderManager: Camera device device@3.5/legacy/5 torch status is now NOT_AVAILABLE
1791670703.932  1047  4180 12772 I CameraService: onTorchStatusChangedLocked: Torch status changed for cameraId=5, newStatus=0
1791670703.934 10551 30581 30581 D OCAM_InverseManager: registerInverse, context.hashCode(): 151371979, mInverseViewMap: 2, inverseType: common
1791670703.935 10551 30581 30581 V OCAM_MainShutterButton: setButtonTypeAndInvalidate, mShutterButtonType: 1, mInfoInsideColor: button_color_inside_white, mRingShape: button_shape_ring_none, mInfoRingColor: button_color_ring_default, mInfoInsideRectColor: 1, mbMoreModeShown: false, mBackgroundColor: button_color_background_default
1791670703.935 10551 30581 30581 V OCAM_MainShutterButton: setButtonType, type: 1 => 1
1791670703.935  1047 30549 30659 I CamX    : [ALWAYS_ON  ] camxhal3.cpp:683 open() HalOp: Begin OPEN, logicalCameraId: 0, cameraId: 0
1791670703.936 10551 30581 30581 V OCAM_CameraThreadExector: thread name: countTimePaintInit
1791670703.936  1047 30549 30659 W osense_aidl_hal: Finding osense aidl service failed!
1791670703.936  1047 30549 30659 W osense_aidl_hal: get osense hal client instance failed
1791670703.936  1047 30549 30659 W RefBase : RefBase: Explicit destruction, weak count = 0 (in 0xb40000760e468228). Use sp<> to manage this object. Note - if weak count is 0, this leaks mRefs (weakref_impl).
1791670703.936  1047 30549 30659 W RefBase : CallStack::getCurrentInternal not linked, returning null
1791670703.936  1047 30549 30659 W RefBase : CallStack::logStackInternal not linked
1791670703.936  1047 30549 30659 D android.hardware.camera.provider@2.4-service_64: CamPerf create, osenseHalClient:0x0
1791670703.936  1000  1703  3573 I libdisplayconfigqti: kSetCameraLaunchStatus
1791670703.936  1000  1703  3573 I libdisplayconfigqti: ParseSetCameraLaunchStatus
1791670703.936  1000  1703  3573 I SDM     : ResourceImpl::SetMaxBandwidthMode: new bandwidth mode=1
1791670703.939  1047 30549 30659 I CamX    : [ALWAYS_ON  ] camxhal3.cpp:757 open() HalOp: End OPEN, logicalCameraId: 0, cameraId: 0
1791670703.940 10551 30581 30581 D OCAM_InverseManager: registerInverse, context.hashCode(): 151371979, mInverseViewMap: 3, inverseType: background
1791670703.941 10551 30581 30581 D OCAM_InverseManager: registerInverse, context.hashCode(): 151371979, mInverseViewMap: 4, inverseType: background
1791670703.942 10551 30581 30581 V OCAM_OppoCamera_TRACE: traceEndSection, msg: initialize.setContentView
1791670703.942 10551 30581 30581 V OCAM_ModeManager: onBeforeCameraCoreCreated
1791670703.942 10551 30581 30581 V OCAM_OppoCamera_TRACE: traceBeginSection, msg: ModeManager.init
1791670703.942 10551 30581 30581 V OCAM_CameraUIManager: onCreateCameraPriorityUI
1791670703.942 10551 30581 30581 V OCAM_OppoCamera_TRACE: traceBeginSection, msg: UIManager.onCreateCameraPriorityUI
1791670703.942 10551 30581 30581 I OCAM_HintManager: hideLooperCameraScreenHintText
1791670703.942 10551 30581 30581 I OCAM_HintManager: hideHint:false
1791670703.942 10551 30581 30581 D OCAM_HintManager: invalidateAllHint, mAllHint: [], mTempCompatibleHint: [], mTempHint: [], mConditionHint: [], mSpecialHint: [], mNightHint: []
1791670703.943 10551 30581 30581 V OCAM_PreviewRenderer: requestLayoutContentPane, mRenderLock.lock()
1791670703.943 10551 30581 30581 V OCAM_PreviewRenderer: requestLayoutContentPane, mRenderLock.unlock()
1791670703.943 10551 30581 30581 I OCAM_BaseGLProcessor: startThread, threadName:PreviewGLThread
1791670703.943 10551 30581 30581 V OCAM_BaseScreenMode_COMMON0: getPreviewRegionRectByKey, key: PreviewRegionKey{mPreviewWidth=0, mPreviewHeight=0, mScreenWidth=1440, mScreenHeight=3216, mbLowRack=false, mCaptureMode=null, mClassName='COMMON0'}, rect: null, mPreviewRegionMap: 0
1791670703.943 10551 30581 30581 D OCAM_CommonBaseScreenMode: getPreviewRegion, ratioType: -1, ratio: NaN, screenRatio: 2.2333333, aspectTolerance: 0.03
1791670703.943 10551 30581 30581 W OCAM_LayoutUtil: getPreviewTopMargin, ratio is -1, so return 0.
1791670703.943 10551 30581 30581 E OCAM_BaseScreenMode_COMMON0: ratioType is invalid, so do not save this rect Rect(0, 320 - 1440, 320), it's incorrect!
1791670703.944 10551 30581 30581 V OCAM_OppoCamera_TRACE: traceEndSection, msg: UIManager.onCreateCameraPriorityUI
1791670703.944 10551 30581 30581 I OCAM_PreviewRenderer: createCameraScreenNail, frontCamera: false, displayOrientation: 90
1791670703.944 10551 30581 30581 V OCAM_PreviewAnimManager: setNeedAnim, needAnim: false
1791670703.945 10551 30581 30581 V OCAM_SurfaceTextureScreenNail: setDisplayOrientation, orientation: 90
1791670703.945  1041  4165  4165 D audio_hw_primary: adev_set_parameters: enter: cameraFacing=back
1791670703.945 10551 30581 30581 V OCAM_OppoCamera_TRACE: traceEndSection, msg: ModeManager.init
1791670703.945 10551 30581 30581 V OCAM_FeatureManager: doActionWhenModeEnter
1791670703.945 10551 30581 30581 V OCAM_OppoCamera_TRACE: traceBeginSection, msg: doActionWhenModeEnter
1791670703.945 10551 30581 30581 V OCAM_OppoCamera_TRACE: traceEndSection, msg: doActionWhenModeEnter
1791670703.945 10551 30581 30581 V OCAM_FeatureManager: doActionWhenModeEnter X
1791670703.945 10551 30581 30868 D OCAM_ThreadManager: setUxThreadValue: pid is: 30581, tid is 30868 value is 129, keyThreadTag: CameraHandlerThread
1791670703.945 10551 30581 30581 V OCAM_h_BaseMode: initCameraMode
1791670703.945 10551 30581 30581 V OCAM_FilmVideoMode: onInitCameraMode
1791670703.946 10551 30581 30859 V OCAM_OppoCamera_TRACE: traceBeginSection, msg: checkAudioStatus
1791670703.946 10551 30581 30581 D OCAM_MainUIContainer: ContainerCtr, FilmContainer
1791670703.946 10551 30581 30859 D AudioSystem: onNewServiceWithAdapter: media.audio_flinger service obtained 0xb400007c37cd6ca0
1791670703.947 10551 30581 30859 D AudioSystem: getService: IAudioFlingerService retrieved: 0xb400007b17cff5e0  IAudioFlinger cached: 0xb400007c37cd6ca0
1791670703.947 10551 30581 30581 D OCAM_MainUIContainer: ContainerCtr, FilmContainer X!
1791670703.948 10551 30581 30859 D AudioSystem: onNewService: media.audio_policy service obtained 0xb400007b17cffe50
1791670703.948  1041  4179  4179 D AudioFlinger: onStateChanged: pid:30581  uid:10551  state:unfrozen - no freeze activity
1791670703.948 10551 30581 30859 D AudioSystem: getService: IAudioPolicyService retrieved: 0xb400007b17cffe50  cached: 0xb400007b17cffe50
1791670703.949 10551 30581 30581 V OCAM_FilmVideoMode: initMovieSize, mPreviewSizeWidth: 1920, mPreviewSizeHeight: 822, mDisplayWidth: 1376
1791670703.949 10551 30581 30581 E OCAM_OplusViewOutlineProvider: setRountRect, mOutLineRect: Rect(32, 0 - 1408, 3216)
1791670703.949 10551 30581 30581 V OCAM_CameraPreviewUI: setOutlineProvider, outlineProvider: uk.a@b570901
1791670703.950 10551 30581 30581 I IPU_WatermarkProcessUnit: WatermarkProcessUnit
1791670703.950 10551 30581 30581 I IPU_WatermarkProcessUnit: WatermarkProcessUnit X, spend time: 0
1791670703.950 10551 30581 30581 D OCAM_SPDataBuffer: SPDataBuffer: create SPDataBuffer at rom_update_info
1791670703.950 10551 30581 30581 I IPU_WatermarkProcessUnit: init
1791670703.950 10551 30581 30859 I AudioManager: Failed to find port id for device with type:15 address:top
1791670703.951  1041  4165  4165 D audio_hw_primary: adev_get_parameters:surround_record
1791670703.951  1041  4165  4165 D soundtrigger: audio_extn_sound_trigger_get_parameters input string<surround_record=>
1791670703.951  1041  4165  4165 D soundtrigger: extract_sm_handle input string <surround_record=> param string <surround_record=>
1791670703.951  1041  4165  4165 D audio_hw_extn: audio_extn_get_parameters: returns
1791670703.951 10551 30581 30581 V IPU_WM_LocationUtils: parseSensorAreaList
1791670703.951 10551 30581 30581 V IPU_WM_LocationUtils: parseSensorAreaConfigFromAsset
1791670703.951 10551 30581 30581 D IPU_WM_LocationUtils: getAssertData, path:sensor_area.json, streamNum:14386
1791670703.951 10551 30581 30581 D IPU_WM_LocationUtils: getAssertData, path:sensor_area_replace.json, streamNum:18630
1791670703.951  1041  4165  4165 D audio_hw_primary: adev_get_parameters:vendor_audiorecord_track_support
1791670703.951 10551 30581 30581 D IPU_WM_LocationUtils: getAssertData, path:common_area.json, streamNum:2429
1791670703.951  1041  4165  4165 D soundtrigger: audio_extn_sound_trigger_get_parameters input string<vendor_audiorecord_track_support=>
1791670703.951  1041  4165  4165 D soundtrigger: extract_sm_handle input string <vendor_audiorecord_track_support=> param string <vendor_audiorecord_track_support=>
1791670703.951  1041  4165  4165 D audio_hw_extn: audio_extn_get_parameters: returns
1791670703.951 10551 30581 30863 D OCAM_ThreadManager: setUxThreadValue: pid is: 30581, tid is 30863 value is 130, keyThreadTag: CustomGLThread
1791670703.952 10551 30581 30863 I OCAM_GLThread: glThread run start
1791670703.952 10551 30581 30859 I OCAM_Util: checkAudioSurroundRecord, sSurroundRecord:
1791670703.952 10551 30581 30859 V OCAM_OppoCamera_TRACE: traceEndSection, msg: checkAudioStatus
1791670703.952 10551 30581 30863 I OCAM_GLThread: guardedRun, noticed surfaceView surface lost tid: 1960
1791670703.955 10551 30581 30581 V IPU_WM_LocationUtils: parseSensorAreaConfigFromAsset X
1791670703.955 10551 30581 30581 V IPU_WM_LocationUtils: parseSensorAreaList X
1791670703.955 10551 30581 30581 D IPU_WM_IpuDisplayManager: init: start
1791670703.957 10551 30581 30858 W CameraUnit, StateCallback: onOpened,android.hardware.camera2.impl.CameraDeviceImpl@575a6ad, CameraUnit version: 5.045.58
1791670703.957 10551 30581 30857 E CameraUnit, ProducerImpl: setApsFinishAddFrame, mbApsFinishAddFrame: true->true
1791670703.957 10551 30581 30857 E CameraUnit, ProducerImpl: setApsStartCaptureWhenStage1, mbApsStartCaptureWhenStage1: false->false
1791670703.958 10551 30581 30843 W OCAM_OneCameraImpl: onCameraOpened, cameraId: 0, cameraDevice: com.oplus.ocs.camera.CameraDevice@2aedde2
1791670703.958 10551 30581 30611 V OCAM_LaunchPerformance: setCameraOpenedTime, sCameraOpenedTime: 1791670703958
1791670703.958 10551 30581 30843 V OCAM_OppoCamera_TRACE: traceBeginSection, msg: CameraStartupPerformance.onCameraOpened
1791670703.958 10551 30581 30843 V OCAM_OppoCamera_TRACE: traceEndSection, msg: CameraStartupPerformance.onCameraOpened
1791670703.958 10551 30581 30842 E handler info: openCameraHandler (android.os.Handler) {adb8573} @ 3607876
1791670703.958 10551 30581 30842 E handler info: openCamera  Looper (CameraUnitControl, tid 1942) {c130c30}
1791670703.958 10551 30581 30842 E handler info: openCamera    (MessageQueue is using Legacy implementation)
1791670703.958 10551 30581 30842 E handler info: openCamera    Message 0: { when=0 callback=v6.c1 target=android.os.Handler async=false heapIndex=-1 }
1791670703.958 10551 30581 30842 E handler info: openCamera    (Total messages: 1, polling=false, quitting=false)
1791670703.958 10551 30581 30842 I OCAM_DeviceProcessor: openCamera, mark camera 0 as opening
1791670703.958 10551 30581 30842 V OCAM_CameraThreadExector: thread name: pre init keys
1791670703.959 10551 30581 30842 V OCAM_CameraCore: onCameraOpened, ID: 0
1791670703.959 10551 30581 30581 W libc    : Access denied finding property "ro.vendor.oplus.market.watermark"
1791670703.959 10551 30581 30842 V OCAM_CameraCore: changeDeviceState, 1 -> 2
1791670703.959 10551 30581 30581 W libc    : Access denied finding property "ro.vendor.oplus.market.enname"
1791670703.959 10551 30581 30581 W libc    : Access denied finding property "ro.vendor.oplus.market.name"
1791670703.959 10551 30581 30581 E IPU_WM_MarketNameInfo: getVendorMarketNameCache, sMarketNameCache: LE2127
1791670703.959 10551 30581 30581 V IPU_WM_MarketNameInfo: initMarketNameInfo, mMarketName: LE2127, colorFlag: , isRealMe: false, isDomestic: false
1791670703.959 10551 30581 30842 D OCAM_CaptureProcessor: clearSkipDrawFrames
1791670703.959 10551 30581 30842 D OCAM_PreviewProcessor: clearSkipDrawFrames
1791670703.959 10551 30581 30842 V OCAM_OppoCamera_TRACE: traceBeginSection, msg: DeviceProcessor.onCameraOpened
1791670703.959 10551 30581 30581 I IPU_WatermarkProcessUnit: init X, spend time: 9
1791670703.959 10551 30581 30842 D OCAM_DeviceProcessor: onCameraOpened, mOneCamera: v6.a1@9384529, openCameraType: 0, cameraDevice: com.oplus.ocs.camera.CameraDevice@2aedde2, mCameraDevice null, camera ID: 0
1791670703.959 10551 30581 30842 V OCAM_PreviewProcessor: setIsNeedStopView, mbNeedStopView: false -> false
1791670703.959 10551 30581 30842 D OCAM_CameraCharacteristicsUtil: isSupportAllCamera, isSupport: true
1791670703.959 10551 30581 30842 I OCAM_DeviceProcessor: onCameraOpened, clear camera 0 from opening
1791670703.959 10551 30581 30842 W OCAM_DeviceProcessor: onCameraOpened, wait for resuming [start]
1791670703.959 10551 30581 30842 W OCAM_DeviceProcessor: onCameraOpened, wait for resuming [end]
1791670703.959 10551 30581 30842 V OCAM_OppoCamera_TRACE: traceBeginSection, msg: DeviceProcessor.responseCameraOpened
1791670703.959 10551 30581 30842 D OCAM_DeviceProcessor: responseCameraOpened
1791670703.960 10551 30581 30842 V OCAM_CameraThreadExector: thread name: onCameraOpened_doSuccessEvent
1791670703.960 10551 30581 30842 V OCAM_OppoCamera_TRACE: traceBeginSection, msg: PreviewProcessor.createCaptureSession
1791670703.960 10551 30581 30857 W CameraUnit, Util: initScreenHeightWidth sScreenHeight: 3216, sScreenWidth: 1440
1791670703.960 10551 30581 30842 I OCAM_PreviewProcessor: createCaptureSession, mCameraState: 0
1791670703.960 10551 30581 30842 I OCAM_PreviewProcessor: changePreviewState, INIT -> CREATING_CAPTURE_SESSION
1791670703.960 10551 30581 30842 V OCAM_OppoCamera_TRACE: traceBeginSection, msg: PreviewProcessor.raisePreviewControlEvent
1791670703.960 10551 30581 30618 E OCAM_DeviceProcessor: openCamera, preload finish
1791670703.960 10551 30581 30618 E OCAM_CameraCore: mCameraDeviceStateObserver, state: 1
1791670703.960 10551 30581 30618 W OCAM_CameraCore: onAfterCameraOpened
1791670703.960 10551 30581 30618 V OCAM_SurfaceTextureScreenNail: setCacheWhileCapture, state: false
1791670703.960 10551 30581 30618 D OCAM_CameraCore: getTouchEventManager, mTouchEventManager: dj.s2@df05cf, this: com.oplus.camera.CameraManager@fd4bb5c
1791670703.960 10551 30581 30618 V OCAM_CameraCore: useIsoSetDisplay, messageType: 96, delay: false
1791670703.960 10551 30581 30842 V OCAM_h_BaseMode: getPictureSize, sizeList: [4000x3008, 4000x3000, 4000x2250, 4000x1800, 4000x1818, 3840x2880, 3840x2160, 3840x1644, 3456x2592, 3280x2464, 3264x2448, 3264x1836, 3264x1472, 3264x1208, 3200x2400, 3168x1440, 3008x3008, 3000x3000, 2880x2160, 2752x2064, 2592x1944, 2448x2448, 2688x1512, 2328x1748, 2592x1168, 2560x1440, 2376x1080, 2304x1728, 2304x1296, 2048x1080, 2160x1080, 1920x860, 1944x1944, 1920x1080, 1920x864, 1920x822, 1600x1200, 1600x800, 1600x720, 1600x592, 1584x720, 1440x1080, 1280x960, 1280x768, 1024x768, 1280x720, 1200x1200, 1188x540, 1200x540, 1080x1080, 840x360, 800x400, 792x360, 720x540, 720x480, 640x640, 640x480, 640x360, 352x288, 320x240, 176x144, 4096x1840, 8000x3636, 960x1080, 464x464, 640x368]
1791670703.960 10551 30581 30618 V OCAM_OppoCamera_TRACE: traceBeginSection, msg: useIsoSetDisplay
1791670703.960 10551 30581 30842 V OCAM_OppoCamera_TRACE: traceEndSection, msg: PreviewProcessor.raisePreviewControlEvent
1791670703.960 10551 30581 30618 V OCAM_OppoCamera_TRACE: traceEndSection, msg: useIsoSetDisplay
1791670703.960 10551 30581 30842 W OCAM_PreviewProcessor: createCaptureSession, wait for prerequisite [start]
1791670703.961 10551 30581 30842 V OCAM_OppoCamera_TRACE: traceBeginSection, msg: OpenCamera.PreviewPrepare
1791670703.961 10551 30581 30842 V OCAM_OppoCamera_TRACE: traceEndSection, msg: OpenCamera.PreviewPrepare
1791670703.961 10551 30581 30842 W OCAM_PreviewProcessor: createCaptureSession, wait for prerequisite [end]
1791670703.961 10551 30581 30618 W OCAM_CameraCore: onAfterCameraOpened, mbPreviewOKMessageEnd: false, mbAllowOpeningCameraWhenPaused: false, isFirstTimeInitialized: false
1791670703.961 10551 30581 30842 D OCAM_PreviewProcessor: createCaptureSession, unitMode: movie_mode
1791670703.961 10551 30581 30842 D ConfigureParameter: initMap, key size: 100
1791670703.961 10551 30581 30842 V OCAM_OppoCamera_TRACE: traceBeginSection, msg: getPreviewSize
1791670703.961 10551 30581 30842 V OCAM_FilmVideoMode: initMovieSize, mPreviewSizeWidth: 1920, mPreviewSizeHeight: 822, mDisplayWidth: 1376
1791670703.961 10551 30581 30842 V OCAM_OppoCamera_TRACE: traceEndSection, msg: getPreviewSize
1791670703.962 10551 30581 30842 I OCAM_RunningMode: getPreviewSize, mCurrentMode: dh.h@1ed604b, previewSize: 1920x822
1791670703.962 10551 30581 30581 E OCAM_h_BaseMode: addEventObserver, mEventObserversHolder: d6.a2@3d1fe65, this: dh.h@1ed604b
1791670703.962 10551 30581 30842 V OCAM_FilmVideoMode: initMovieSize, mPreviewSizeWidth: 1920, mPreviewSizeHeight: 822, mDisplayWidth: 1376
1791670703.962 10551 30581 30842 I OCAM_PreviewProcessor: setOperationMode, mOperationMode: 0, operationMode: 32932
1791670703.962 10551 30581 30842 D OCAM_PreviewProcessor: createCaptureSession, get operationMode: 32932, previewWidth: 1920, previewHeight: 822
1791670703.963 10551 30581 30842 I ConfigureParameter: BaseBuilder set, keyName: com.oplus.size.ratio.type, value: 7
1791670703.963 10551 30581 30842 W OCAM_CameraCore: createCaptureSession, operation mode: 0x80a4
1791670703.963 10551 30581 30842 V OCAM_CameraCore: changePreviewState, 0 -> 1
1791670703.963 10551 30581 30842 I OCAM_OneCameraImpl: createCaptureSession, operationMode: 32932
1791670703.963 10551 30581 30842 W OCAM_PreviewProcessor: createCaptureSession, mbAllowCreatingCaptureSessionWhenPaused: false
1791670703.964 10551 30581 30842 W OCAM_PreviewProcessor: createCaptureSession, release mode change lock
1791670703.964 10551 30581 30842 V OCAM_OppoCamera_TRACE: traceEndSection, msg: PreviewProcessor.createCaptureSession
1791670703.964 10551 30581 30842 V OCAM_OppoCamera_TRACE: traceEndSection, msg: DeviceProcessor.responseCameraOpened
1791670703.964 10551 30581 30842 V OCAM_OppoCamera_TRACE: traceEndSection, msg: DeviceProcessor.onCameraOpened
1791670703.964 10551 30581 30606 V OCAM_OppoCamera_TRACE: traceBeginSection, msg: onCameraOpened_doAfter
1791670703.964 10551 30581 30842 V OCAM_OppoCamera_TRACE: traceBeginSection, msg: OneCamera.createNewSession
1791670703.964 10551 30581 30842 V OCAM_OneCameraImpl: releaseResource
1791670703.964 10551 30581 30842 V OCAM_OppoCamera_TRACE: traceBeginSection, msg: releaseResource
1791670703.964 10551 30581 30842 V OCAM_OppoCamera_TRACE: traceEndSection, msg: releaseResource
1791670703.964 10551 30581 30581 V OCAM_h_BaseMode: getPictureSize, sizeList: [4000x3008, 4000x3000, 4000x2250, 4000x1800, 4000x1818, 3840x2880, 3840x2160, 3840x1644, 3456x2592, 3280x2464, 3264x2448, 3264x1836, 3264x1472, 3264x1208, 3200x2400, 3168x1440, 3008x3008, 3000x3000, 2880x2160, 2752x2064, 2592x1944, 2448x2448, 2688x1512, 2328x1748, 2592x1168, 2560x1440, 2376x1080, 2304x1728, 2304x1296, 2048x1080, 2160x1080, 1920x860, 1944x1944, 1920x1080, 1920x864, 1920x822, 1600x1200, 1600x800, 1600x720, 1600x592, 1584x720, 1440x1080, 1280x960, 1280x768, 1024x768, 1280x720, 1200x1200, 1188x540, 1200x540, 1080x1080, 840x360, 800x400, 792x360, 720x540, 720x480, 640x640, 640x480, 640x360, 352x288, 320x240, 176x144, 4096x1840, 8000x3636, 960x1080, 464x464, 640x368]
1791670703.964 10551 30581 30842 V OCAM_PreviewProcessor: beforeSessionConfigure
1791670703.964 10551 30581 30842 D OCAM_CameraCharacteristicsUtil: isSupportAllCamera, isSupport: true
1791670703.964 10551 30581 30606 V OCAM_OppoCamera_TRACE: traceBeginSection, msg: OpenCamera.UiResPrepare
1791670703.964 10551 30581 30842 I OCAM_h_BaseMode: onSessionCallback, message: 0
1791670703.964 10551 30581 30606 V OCAM_OppoCamera_TRACE: traceEndSection, msg: OpenCamera.UiResPrepare
1791670703.964 10551 30581 30606 D OCAM_Util: setPreviewSize, size: 1920x822
1791670703.964 10551 30581 30581 D OCAM_OtaUpdateManager: updateFromOtherAppData, start
1791670703.964 10551 30581 30606 D OCAM_PreviewProcessHelper: onAfterRequestSessionConfig, previewSize: 1920x822, filterEffectSize: 1920x822
1791670703.964 10551 30581 30581 D OCAM_OtaUpdateManager: updateFromOtherAppData, already updated
1791670703.964 10551 30581 30606 V OCAM_OppoCamera_TRACE: traceBeginSection, msg: onPreviewSurfaceSizeChanged
1791670703.964 10551 30581 30581 I OCAM_CameraCore: initialize X
1791670703.964 10551 30581 30581 V OCAM_OppoCamera_TRACE: traceEndSection, msg: CameraManager.initialize
1791670703.964 10551 30581 30842 V OCAM_h_BaseMode: setCapturePreviewTimestamp, previewTimestamp: 0
1791670703.964 10551 30581 30606 V OCAM_CameraCore: setSizeRatioType, type: 0 >> 7,screenModeSizeRatioType: -1,isNeedDelayUpdateLayoutItem: false
1791670703.964 10551 30581 30606 V OCAM_CommonUtil: setSizeRatioType, type: 7
1791670703.964 10551 30581 30606 V OCAM_BaseScreenMode_COMMON0: getPreviewRegionRectByKey, key: PreviewRegionKey{mPreviewWidth=822, mPreviewHeight=1920, mScreenWidth=1440, mScreenHeight=3216, mbLowRack=false, mCaptureMode=null, mClassName='COMMON0'}, rect: null, mPreviewRegionMap: 0
1791670703.964 10551 30581 30842 E CameraUnit, ProducerImpl: setParameter, mPreviewParameterBuilder is null!
1791670703.964 10551 30581 30606 D OCAM_CommonBaseScreenMode: getPreviewRegion, ratioType: 7, ratio: 2.3357663, screenRatio: 2.2333333, aspectTolerance: 0.03
1791670703.964 10551 30581 30842 I OCAM_OneCameraImpl: startPreview
1791670703.964 10551 30581 30842 V OCAM_OppoCamera_TRACE: traceBeginSection, msg: builderOutputSurfaces
1791670703.964 10551 30581 30842 V OCAM_PreviewProcessor: configOutputSessionSurface
1791670703.964 10551 30581 30606 V OCAM_BaseScreenMode_COMMON0: putPreviewRegionRect, key: PreviewRegionKey{mPreviewWidth=822, mPreviewHeight=1920, mScreenWidth=1440, mScreenHeight=3216, mbLowRack=false, mCaptureMode=null, mClassName='COMMON0'}, rect: Rect(32, 0 - 1408, 3216), mPreviewRegionMap: 0
1791670703.964 10551 30581 30842 V OCAM_OppoCamera_TRACE: traceEndSection, msg: builderOutputSurfaces
1791670703.964 10551 30581 30842 V OCAM_OppoCamera_TRACE: traceBeginSection, msg: setRepeatingRequest
1791670703.964 10551 30581 30606 I OCAM_CameraSingleton: single instance created, current obj: z4.fe$a@8a03148
1791670703.964 10551 30581 30606 V OCAM_ScreenModeUtil: setPreviewRect, previewRect: Rect(32, 0 - 1408, 3216)
1791670703.965 10551 30581 30606 V OCAM_CameraUIManager: updateButtonBg, sizeRatioType: 7
1791670703.965 10551 30581 30842 E CameraUnit, ProducerImpl: startPreview, invalid state, mCamera2DeviceInterface: com.oplus.ocs.camera.producer.device.Camera2DeviceImpl@e91be1, mCurrentMode: null
1791670703.965 10551 30581 30842 V OCAM_OppoCamera_TRACE: traceEndSection, msg: setRepeatingRequest
1791670703.965 10551 30581 30842 V OCAM_OneCameraImpl: setParameter, Capture key: com.oplus.only.zoom.change, value: 0
1791670703.965 10551 30581 30842 E CameraUnit, ProducerImpl: setParameter, mPreviewParameterBuilder is null!
1791670703.965 10551 30581 30581 V OCAM_CameraThreadExector: thread name: CameraUpdate
1791670703.965 10551 30581 30842 V OCAM_CaptureProcessor: resetPreviewDecision
1791670703.965 10551 30581 30606 V OCAM_PreviewProcessHelper: onPreviewSurfaceSizeChanged
1791670703.965 10551 30581 30606 V OCAM_CameraPreviewUI: updatePreviewSize, previewSize: 1920x822, layoutPreview: true
1791670703.965 10551 30581 30606 V OCAM_CameraPreviewUI: updateSurfaceTexture, previewSize: 1920x822, mbNeedAcquireTexture: true
1791670703.965 10551 30581 30611 W OCAM_LaunchPerformance: setRequestRepeatingTime, wrong action, sSessionConfiguredTime: 0, sRequestRepeatingTime: 0
1791670703.965 10551 30581 30842 I OCAM_PreviewHDRControl: isCapModeSupportHDR, modeName: movie, supportCapModes: false, supportPreviewVideoHdr: false, entryFromMainMenu: true, isUnderWaterVideoRecording: false
1791670703.965 10551 30581 30606 V OCAM_CameraPreviewUI: onSizeChanged, width: 822, height: 1920, oldw: 822, oldh: 1920
1791670703.965 10551 30581 30606 V OCAM_CameraPreviewUI: setSizeChanged, sizeChanged: true
1791670703.965 10551 30581 30842 I OCAM_CameraPreviewUI: isModeSupportPreviewHdr, modeName: movie, supportHdr: false
1791670703.965 10551 30581 30606 V OCAM_SurfaceTextureScreenNail: setSize, height: 1920, width: 822
1791670703.965 10551 30581 30842 I OCAM_h_BaseMode: setSupportPreviewHdr, mode: movie, supportPreviewHdr: false
1791670703.965 10551 30581 30842 I OCAM_h_BaseMode: buildSession, mode: movie, supportPreviewHdr: false
1791670703.965 10551 30581 30842 I ConfigureParameter: BaseBuilder set, keyName: com.oplus.camera.preview.hdr.enable, value: false
1791670703.966 10551 30581 30581 V OCAM_CameraEntry: getIntentLegacyId, mCameraEntryType: 1, cameraId from dataManager: 0
1791670703.966 10551 30581 30581 V OCAM_CameraEntry: getIntentLegacyId, mCameraEntryType: 1, final cameraId: 0
1791670703.966 10551 30581 30581 V OCAM_CameraThreadExector: thread name: CameraInit
1791670703.966 10551 30581 30581 E OCAM_OplusCamera: onSuperPreCreate, X this: com.oplus.camera.Camera@905c0cb
1791670703.966 10551 30581 30842 I ConfigureParameter: BaseBuilder set, keyName: com.oplus.camera.is.turn.on, value: 1
1791670703.966 10551 30581 30842 I ConfigureParameter: BaseBuilder set, keyName: com.oplus.burst.capture.support, value: off
1791670703.966 10551 30581 30842 I ConfigureParameter: BaseBuilder set, keyName: com.oplus.feature.antibanding.enable, value: on
1791670703.966 10551 30581 30842 I ConfigureParameter: BaseBuilder set, keyName: com.oplus.quick.jpeg.switch, value: true
1791670703.966 10551 30581 30629 V OCAM_UpdateUtil: queryUpdateRomProvider, fileName: camera_update_app_operation
1791670703.966 10551 30581 30622 I MMKV    : Disable checkProcessMode()
1791670703.966 10551 30581 30621 W OCAM_OCAM_%s: initLog, sbAutoTestLogOnBySystemProperty:false, sbLogOn:false, sbLaoOn:false, sbAutoTestAllLogOnByInject:false, sbAutoTestLaoLogOnByInject:false, isTrialVersion():false, isConfigForceOpen:false, isPanic:false, isMpVersion:false
1791670703.966 10551 30581 30621 W CameraUnitLog: initLog, sbIsVendorTagConfigInitialize : true
1791670703.966 10551 30581 30621 W CameraUnitLog: initLog, autoTestLogOn:false, isLogOn:false, isTrialVersion():false, isConfigForceOpen:false, isPanic:false, isMpVersion:false
1791670703.966 10551 30581 30622 I MMKV    : <MMKV.cpp:198::initializeMMKV> root dir: /data/user/0/com.oplus.camera/files/mmkv
1791670703.966 10551 30581 30621 W OCAM_TraceUtil: init, sbTraceOn: false, traceOn: false, autoTraceOn: false, isNotMPVersion: true, isForceLogOpen: false
1791670703.966 10551 30581 30621 D OplusTrack-OplusTrack: onError...
1791670703.966 10551 30581 30842 I ConfigureParameter: BaseBuilder set, keyName: com.oplus.light.sensor.lux, value: -1.0
1791670703.967 10551 30581 30842 I ConfigureParameter: BaseBuilder set, keyName: com.oplus.caller.package.name, value: [B@ffa951d
1791670703.967 10551 30581 30842 I ConfigureParameter: BaseBuilder set, keyName: com.oplus.control.capture.zsl.mode, value: [B@88e8392
1791670703.967 10551 30581 30842 I ConfigureParameter: BaseBuilder set, keyName: com.oplus.camera.is.from.main.menu, value: true
1791670703.967 10551 30581 30629 E ActivityThread: Failed to find provider info for com.oplus.romupdate.provider.db
1791670703.967 10551 30581 30629 E OCAM_UpdateUtil: queryUpdateRomProvider, query uri err: java.lang.NullPointerException: Attempt to invoke virtual method 'android.database.Cursor android.content.ContentProviderClient.query(android.net.Uri, java.lang.String[], java.lang.String, java.lang.String[], java.lang.String)' on a null object reference
1791670703.967 10551 30581 30629 E ActivityThread: Failed to find provider info for com.oplus.romupdate.provider.db
1791670703.968 10551 30581 30629 E OCAM_UpdateUtil: queryUpdateRomProvider, query uri err: java.lang.NullPointerException: Attempt to invoke virtual method 'android.database.Cursor android.content.ContentProviderClient.query(android.net.Uri, java.lang.String[], java.lang.String, java.lang.String[], java.lang.String)' on a null object reference
1791670703.968 10551 30581 30629 E ActivityThread: Failed to find provider info for com.oplus.romupdate.provider.db
1791670703.968 10551 30581 30581 E OCAM_OplusCamera: onCreateTasks, E this: com.oplus.camera.Camera@905c0cb
1791670703.969 10551 30581 30581 W OCAM_CameraCore: onCreate
1791670703.969 10551 30581 30606 E OCAM_SurfaceTextureScreenNail: initTransform, rearCamera: true, mirrorEnable: false, mirrorSetting: on
1791670703.971 10551 30581 30606 E CameraUnit, ProducerImpl: setParameter, mPreviewParameterBuilder is null!
1791670703.971 10551 30581 30606 E CameraUnit, ProducerImpl: setParameter, mPreviewParameterBuilder is null!
1791670703.971 10551 30581 30606 E CameraUnit, ProducerImpl: setParameter, mPreviewParameterBuilder is null!
1791670703.971 10551 30581 30606 E CameraUnit, ProducerImpl: setParameter, mPreviewParameterBuilder is null!
1791670703.971 10551 30581 30606 E CameraUnit, ProducerImpl: setParameter, mPreviewParameterBuilder is null!
1791670703.971 10551 30581 30606 E CameraUnit, ProducerImpl: setParameter, mPreviewParameterBuilder is null!
1791670703.971 10551 30581 30606 E CameraUnit, ProducerImpl: setParameter, mPreviewParameterBuilder is null!
1791670703.973 10551 30581 30606 D nativeloader: Load /system_ext/lib64/libCombineLutJni.so using ns default for caller /system_ext/framework/com.oplus.camera.unit.sdk.jar in same partition (is_bridged=0): ok
1791670703.978 10551 30581 30859 E VendorTagDescriptor: lookupTag: Tag name 'custom.operation.mode.zoom.range' does not exist.
1791670703.979 media  4181  4181 W StagefrightRecorder: stop while neither recording nor paused
1791670703.980 10551 30581 30859 E OCAM_VideoRecorder: init, mRecorderType: 1, mbUseCameraMediaCodec: false
1791670703.982 10551 30581 30859 D CCodec  : aidl based PersistentSurface created
1791670703.983 10551 30581 30859 I Surface : Creating surface for consumer GraphicBufferSource with slotExpansion=0 for 64 slots
1791670703.987  1000   766   766 I hwservicemanager: getTransport: Cannot find entry android.hardware.media.omx@1.0::IOmx/default in either framework or device VINTF manifest.
1791670703.987 media  4181  4181 D MediaRecorderService: OMX service is not available
1791670703.996 10551 30581 30859 E OCAM_RecordProcessor: createVideoSurface, Size: 3840x1644
1791670703.997 media  4181  4181 D MPEG4Writer: PreAllocation enabled
1791670703.998 media  4181  4181 D MediaCodecList: codecHandlesFormat: no format, so no extra checks
1791670703.998 media  4181  4181 D MediaCodecList: codecHandlesFormat: no format, so no extra checks
1791670703.998 media  4181  4181 D MediaCodecList: codecHandlesFormat: no format, so no extra checks
1791670703.998 media  4181  4181 I MediaCodec: Retry enabled for HDCP failure
1791670704.000 10551 30581 30581 E OCAM_CommonUtil: isSupportDocScan, some thing has error!
1791670704.000 10551 30581 30581 E OCAM_CommonUtil: android.content.pm.PackageManager$NameNotFoundException: com.coloros.ocrscanner
1791670704.000 10551 30581 30581 E OCAM_CommonUtil: 	at android.app.ApplicationPackageManager.getPackageInfoAsUser(ApplicationPackageManager.java:294)
1791670704.000 10551 30581 30581 E OCAM_CommonUtil: 	at android.app.ApplicationPackageManager.getPackageInfo(ApplicationPackageManager.java:254)
1791670704.000 10551 30581 30581 E OCAM_CommonUtil: 	at android.app.ApplicationPackageManager.getPackageInfo(ApplicationPackageManager.java:248)
1791670704.000 10551 30581 30581 E OCAM_CommonUtil: 	at d6.c0.p(CommonUtil.java:20)
1791670704.000 10551 30581 30581 E OCAM_CommonUtil: 	at dj.m0.d7(CameraUIManager.java:2)
1791670704.000 10551 30581 30581 E OCAM_CommonUtil: 	at dj.m0.i(CameraUIManager.java:497)
1791670704.000 10551 30581 30581 E OCAM_CommonUtil: 	at dj.m0.v(CameraUIManager.java:11)
1791670704.000 10551 30581 30581 E OCAM_CommonUtil: 	at z4.p9.accept(R8$$SyntheticClass:154)
1791670704.000 10551 30581 30581 E OCAM_CommonUtil: 	at com.oplus.camera.CameraManager.X(CameraManager.java:28)
1791670704.000 10551 30581 30581 E OCAM_CommonUtil: 	at com.oplus.camera.CameraManager.b1(CameraManager.java:333)
1791670704.000 10551 30581 30581 E OCAM_CommonUtil: 	at com.oplus.camera.Camera.H(Camera.java:88)
1791670704.000 10551 30581 30581 E OCAM_CommonUtil: 	at h6.b0.onCreate(QuickActivity.java:58)
1791670704.000 10551 30581 30581 E OCAM_CommonUtil: 	at android.app.Activity.performCreate(Activity.java:9340)
1791670704.000 10551 30581 30581 E OCAM_CommonUtil: 	at android.app.Activity.performCreate(Activity.java:9318)
1791670704.000 10551 30581 30581 E OCAM_CommonUtil: 	at android.app.Instrumentation.callActivityOnCreate(Instrumentation.java:1543)
1791670704.000 10551 30581 30581 E OCAM_CommonUtil: 	at android.app.ActivityThread.performLaunchActivity(ActivityThread.java:4563)
1791670704.000 10551 30581 30581 E OCAM_CommonUtil: 	at android.app.ActivityThread.handleLaunchActivity(ActivityThread.java:4785)
1791670704.000 10551 30581 30581 E OCAM_CommonUtil: 	at android.app.servertransaction.LaunchActivityItem.execute(LaunchActivityItem.java:224)
1791670704.000 10551 30581 30581 E OCAM_CommonUtil: 	at android.app.servertransaction.TransactionExecutor.executeNonLifecycleItem(TransactionExecutor.java:133)
1791670704.000 10551 30581 30581 E OCAM_CommonUtil: 	at android.app.servertransaction.TransactionExecutor.executeTransactionItems(TransactionExecutor.java:103)
1791670704.000 10551 30581 30581 E OCAM_CommonUtil: 	at android.app.servertransaction.TransactionExecutor.execute(TransactionExecutor.java:80)
1791670704.000 10551 30581 30581 E OCAM_CommonUtil: 	at android.app.ActivityThread$H.handleMessage(ActivityThread.java:3036)
1791670704.000 10551 30581 30581 E OCAM_CommonUtil: 	at android.os.Handler.dispatchMessageImpl(Handler.java:142)
1791670704.000 10551 30581 30581 E OCAM_CommonUtil: 	at android.os.Handler.dispatchMessage(Handler.java:125)
1791670704.000 10551 30581 30581 E OCAM_CommonUtil: 	at android.os.Looper.loopOnce(Looper.java:296)
1791670704.000 10551 30581 30581 E OCAM_CommonUtil: 	at android.os.Looper.loop(Looper.java:397)
1791670704.000 10551 30581 30581 E OCAM_CommonUtil: 	at android.app.ActivityThread.main(ActivityThread.java:9581)
1791670704.000 10551 30581 30581 E OCAM_CommonUtil: 	at java.lang.reflect.Method.invoke(Native Method)
1791670704.000 10551 30581 30581 E OCAM_CommonUtil: 	at com.android.internal.os.RuntimeInit$MethodAndArgsCaller.run(RuntimeInit.java:578)
1791670704.000 10551 30581 30581 E OCAM_CommonUtil: 	at com.android.internal.os.ZygoteInit.main(ZygoteInit.java:939)
1791670704.004 10551 30581 30581 E VendorTagDescriptor: lookupTag: Tag name 'pro.extension.iso.support' does not exist.
1791670704.005 media  4181  4181 W mediaserver: Failed to query component store for system resources: 6
1791670704.006 media  4181 30874 D CCodec  : allocate(c2.qti.hevc.encoder)
1791670704.012 10551 30581 30581 E OCAM_FilmSlideBarContainer: generateWhiteBalanceValues, return, range: null
1791670704.014 media  4181 30874 I CCodec  : setting up 'default' as default (vendor) store
1791670704.015  1046  3805  3884 I vendor.qti.media.c2@1.0-service: missing struct descriptor #Param::CoreIndex(-Vc01f) for field ubwcStats of struct #Param::CoreIndex(-Vc020)
1791670704.016  1046  3805  3884 I vendor.qti.media.c2@1.0-service: missing struct descriptor #Param::CoreIndex(--002) for field mastering of struct #Param::CoreIndex(--180a)
1791670704.016  1046  3805  3884 I vendor.qti.media.c2@1.0-service: missing struct descriptor #Param::CoreIndex(--004) for field values of struct #Param::CoreIndex(F-12004)
1791670704.018 10551 30581 30581 D COUIRecyclerView: Slow scroll threshold set to 2500
1791670704.019  1046  3805  3884 I QC2Comp : Create: Allocated component[12] for name c2.qti.hevc.encoder : [32 bit]
1791670704.019  1046  3805  3884 I QC2CompStore: Created component(c2.qti.hevc.encoder) id(12)
1791670704.020 media  4181 30874 I CCodec  : Created component [c2.qti.hevc.encoder] for [c2.qti.hevc.encoder]
1791670704.021  1046  3805  3884 E QC2Interface: Failed to query parameters
1791670704.021 media  4181 30874 D CCodecConfig: read media type: video/hevc
1791670704.022 media  4181 30874 D ReflectedParamUpdater: extent() != 1 for single value type: output.buffers.pool-ids.values
1791670704.022 media  4181 30874 D ReflectedParamUpdater: ignored struct field coding.gop.values
1791670704.023 media  4181 30874 D ReflectedParamUpdater: extent() != 1 for single value type: vendor.qti-ext-enc-info-metadata-cvp.reserved
1791670704.027 media  4181 30874 D CCodecConfig: ignoring local param raw.color (0xc2001809) as it is already supported
1791670704.027  1046  3805  3884 E QC2Interface: Failed to query parameters
1791670704.027 media  4181 30874 I CCodecConfig: query failed after returning 26 values (BAD_INDEX)
1791670704.028 media  4181 30874 D CCodecConfig: c2 config diff is Dict {
1791670704.028 media  4181 30874 D CCodecConfig:   c2::u32 algo.bitrate-mode.value = 3
1791670704.028 media  4181 30874 D CCodecConfig:   c2::u32 algo.complexity.value = 0
1791670704.028 media  4181 30874 D CCodecConfig:   c2::i32 algo.priority.value = 0
1791670704.028 media  4181 30874 D CCodecConfig:   c2::u32 algo.quality.value = 95
1791670704.028 media  4181 30874 D CCodecConfig:   c2::float algo.rate.value = 30
1791670704.028 media  4181 30874 D CCodecConfig:   c2::u32 algo.secure-mode.value = 0
1791670704.028 media  4181 30874 D CCodecConfig:   c2::i32 coded.average-qp.value = 0
1791670704.028 media  4181 30874 D CCodecConfig:   c2::u32 coded.bitrate.value = 20000000
1791670704.028 media  4181 30874 D CCodecConfig:   c2::float coded.frame-rate.value = 30
1791670704.028 media  4181 30874 D CCodecConfig:   c2::u32 coded.layer-index.value = 0
1791670704.028 media  4181 30874 D CCodecConfig:   c2::u32 coded.picture-type.value = 0
1791670704.028 media  4181 30874 D CCodecConfig:   c2::u32 coded.pl.level = 0
1791670704.028 media  4181 30874 D CCodecConfig:   c2::u32 coded.pl.profile = 24576
1791670704.028 media  4181 30874 D CCodecConfig:   c2::u32 coded.vui.color.matrix = 255
1791670704.028 media  4181 30874 D CCodecConfig:   c2::u32 coded.vui.color.primaries = 0
1791670704.028 media  4181 30874 D CCodecConfig:   c2::u32 coded.vui.color.range = 0
1791670704.028 media  4181 30874 D CCodecConfig:   c2::u32 coded.vui.color.transfer = 255
1791670704.028 media  4181 30874 D CCodecConfig:   c2::u32 coding.intra-refresh.mode = 0
1791670704.028 media  4181 30874 D CCodecConfig:   c2::float coding.intra-refresh.period = 0
1791670704.028 media  4181 30874 D CCodecConfig:   c2::u32 coding.request-sync-frame.value = 0
1791670704.028 media  4181 30874 D CCodecConfig:   c2::i64 coding.sync-frame-interval.value = 1000000
1791670704.028 media  4181 30874 D CCodecConfig:   Buffer coding.temporal-layering = {
1791670704.028 media  4181 30874 D CCodecConfig:     00000000:  10 00 00 00 07 20 01 52  00 00 00 00 00 00 00 00  ..... .R........
1791670704.028 media  4181 30874 D CCodecConfig:   }
1791670704.028 media  4181 30874 D CCodecConfig:   c2::u32 default.color.matrix = 0
1791670704.028 media  4181 30874 D CCodecConfig:   c2::u32 default.color.prima
1791670704.028 media  4181 30874 W ColorUtils: expected specified color aspects (0:0:255:255)
1791670704.029 media  4181 30872 I MediaCodec: MediaCodec will operate in async mode
1791670704.030 media  4181  4181 I MediaCodec: media_quality service unavailable, skipping updatePictureProfile
1791670704.031 10551 30581 30581 I HWUI    : Using FreeType backend (prop=Auto)
1791670704.031 media  4181  4181 D VQApply : minquality: 3840x1644 outside of shaping range
1791670704.031 media  4181  4181 D MediaCodec: shapeMediaFormat: deltas(1): AMessage(what = 0x00000000) = {
1791670704.031 media  4181  4181 D MediaCodec:     int32_t android._encoding-quality-level = 0
1791670704.031 media  4181  4181 D MediaCodec:   }
1791670704.031 media  4181 30874 D CCodec  : [c2.qti.hevc.encoder] buffers are bound to CCodec for this session
1791670704.032 media  4181 30874 D CCodecConfig: no c2 equivalents for stride
1791670704.032 media  4181 30874 D CCodecConfig: no c2 equivalents for slice-height
1791670704.032 media  4181 30874 D CCodecConfig: no c2 equivalents for color-format
1791670704.032 media  4181 30874 D CCodecConfig: no c2 equivalents for create-input-buffers-suspended
1791670704.032 media  4181 30874 D CCodecConfig: no c2 equivalents for flags
1791670704.032 media  4181 30874 D CCodecConfig: no c2 equivalents for encoder
1791670704.032  1046  3805  3884 W StandardCaps: Preconditions for b-frame didn't meet. Disabling b-frame!
1791670704.032 media  4181 30874 D CCodecConfig: c2 config diff is   c2::u32 coded.bitrate.value = 192000
1791670704.032 media  4181 30874 D CCodecConfig:   c2::u32 coded.pl.level = 24583
1791670704.032 media  4181 30874 D CCodecConfig:   c2::u32 coded.pl.profile = 24577
1791670704.032 media  4181 30874 D CCodecConfig:   c2::u32 raw.pixel-format.value = 34
1791670704.032 media  4181 30874 D CCodecConfig:   c2::u32 raw.size.height = 1644
1791670704.032 media  4181 30874 D CCodecConfig:   c2::u32 raw.size.width = 3840
1791670704.033 media  4181 30874 W ColorUtils: expected specified color aspects (0:0:255:255)
1791670704.033  1046  3805  3884 E QC2Interface: Failed to query parameters
1791670704.033 media  4181 30874 W Codec2Client: query -- param skipped: index = 3254781982.
1791670704.033 media  4181 30874 D CCodec  : encoding statistics level = 0
1791670704.033 media  4181 30874 D CCodec  : setup formats input: AMessage(what = 0x00000000) = {
1791670704.033 media  4181 30874 D CCodec  :   int32_t android._color-format = 2130708361
1791670704.033 media  4181 30874 D CCodec  :   Rect crop(0, 0, 3839, 1643)
1791670704.033 media  4181 30874 D CCodec  :   int32_t color-standard = 130816
1791670704.033 media  4181 30874 D CCodec  :   int32_t color-range = 0
1791670704.033 media  4181 30874 D CCodec  :   int32_t color-transfer = 65791
1791670704.033 media  4181 30874 D CCodec  :   int32_t video-qp-average = 0
1791670704.033 media  4181 30874 D CCodec  :   int32_t width = 3840
1791670704.033 media  4181 30874 D CCodec  :   int32_t feature-secure-playback = 0
1791670704.033 media  4181 30874 D CCodec  :   int32_t frame-rate = 30
1791670704.033 media  4181 30874 D CCodec  :   int32_t height = 1644
1791670704.033 media  4181 30874 D CCodec  :   int32_t intra-refresh-period = 0
1791670704.033 media  4181 30874 D CCodec  :   string mime = "video/raw"
1791670704.033 media  4181 30874 D CCodec  :   int32_t prepend-sps-pps-to-idr-frames = 0
1791670704.033 media  4181 30874 D CCodec  :   int32_t priority = 0
1791670704.033 media  4181 30874 D CCodec  :   int32_t quality = 95
1791670704.033 media  4181 30874 D CCodec  :   Buffer hdr-static-info = {
1791670704.033 media  4181 30874 D CCodec  :     00000000:  00 00 00 00 00 00 00 00  00 00 00 00 00 00 00 00  ................
1791670704.033 media  4181 30874 D CCodec  :     00000010:  00 00 00 00 00 00 00 00  00                       .........
1791670704.033 media  4181 30874 D CCodec  :   }
1791670704.033 media  4181 30874 D CCodec  :   int32_t android._dataspace = 12648448
1791670704.033 media  4181 30874 D CCodec  :   int64_t android._C2MemoryUsage = 1342177280
1791670704.033 media  4181 30874 D CCodec  :   int32_t color-format = 2130708361
1791670704.033 media  4181 30874 D CCodec  : }
1791670704.033 media  4181 30874 D CCodec  : setup formats output: AMessage(what = 0x00000000) = {
1791670704.033 media  4181 30874 D CCodec  :   int32_t bitrate = 192000
1791670704.033 media  4181 30874 D CCodec  :   int32_t bitrate-mode = 1
1791670704.033 media  4181 30874 D CCodec  :   Rect crop(0, 0, 3839, 1643)
1791670704.033 media  4181 30874 D CCodec  :   int32_t width = 3840
1791670704.033 media  4181 30874 D CCodec  :   int32_t color-standard = 130816
1791670704.033 media  4181 30874 D CCodec  :   int32_t color-range = 0
1791670704.033 media  4181 30874 D CCodec  :   int32_t color-transfer = 65791
1791670704.033 media  4181 30874 D CCodec  :   int32_t feature-secure-playback = 0
1791670704.033 media  4181 30874 D CCodec  :   int32_t frame-rate = 30
1791670704.033 media  4181 30874 D CCodec  :   Buffer hdr10-plus-info = {
1791670704.033 media  4181 30874 D CCodec  :   }
1791670704.033 media  4181 30874 D CCodec  :   int32_t height = 1644
1791670704.033 media  4181 30874 D CCodec  :   int32_t intra-refresh-period = 0
1791670704.033 media  4181 30874 D CCodec  :   int32_t max-bitrate = 192000
1791670704.033 media  4181 30874 D CCodec  :   string mime = "video/hevc"
1791670704.033 media  4181 30874 D CCodec  :   int32_t prepend-sps-pps-to-idr-frames = 0
1791670704.033 media  4181 30874 D CCodec  :   int32_t priority = 0
1791670704.033 media  4181 30874 D CCodec  :   int32_t profile = 2
1791670704.033 media  4181 30874 D CCodec  :   int32_t quality = 95
1791670704.033 media  4181 30874 D CCodec  :   int32_t temporal-layer-id = 0
1791670704.033 media  4181 30874 D CCodec  :   int32_t video-qp-average = 0
1791670704.033 media  4181 30874 D CCodec  :   int32_t level = 16384
1791670704.033 media  4181 30874 D CCodec  : }
1791670704.033  1046  3805  3884 E QC2Interface: Failed to query parameters
1791670704.033 media  4181 30874 I CCodecConfig: query failed after returning 26 values (BAD_INDEX)
1791670704.033  1046  3805  3884 E QC2Interface: Failed to query parameters
1791670704.033 media  4181 30874 E mediaserver: Failed to query component interface for required system resources: 6
1791670704.034 media  4181 30874 D CCodec  : input format changed to AMessage(what = 0x00000000) = {
1791670704.034 media  4181 30874 D CCodec  :   int32_t android._color-format = 2130708361
1791670704.034 media  4181 30874 D CCodec  :   Rect crop(0, 0, 3839, 1643)
1791670704.034 media  4181 30874 D CCodec  :   int32_t color-standard = 6
1791670704.034 media  4181 30874 D CCodec  :   int32_t color-range = 2
1791670704.034 media  4181 30874 D CCodec  :   int32_t color-transfer = 3
1791670704.034 media  4181 30874 D CCodec  :   int32_t video-qp-average = 0
1791670704.034 media  4181 30874 D CCodec  :   int32_t width = 3840
1791670704.034 media  4181 30874 D CCodec  :   int32_t feature-secure-playback = 0
1791670704.034 media  4181 30874 D CCodec  :   int32_t frame-rate = 30
1791670704.034 media  4181 30874 D CCodec  :   int32_t height = 1644
1791670704.034 media  4181 30874 D CCodec  :   int32_t intra-refresh-period = 0
1791670704.034 media  4181 30874 D CCodec  :   string mime = "video/raw"
1791670704.034 media  4181 30874 D CCodec  :   int32_t prepend-sps-pps-to-idr-frames = 0
1791670704.034 media  4181 30874 D CCodec  :   int32_t priority = 0
1791670704.034 media  4181 30874 D CCodec  :   int32_t quality = 95
1791670704.034 media  4181 30874 D CCodec  :   Buffer hdr-static-info = {
1791670704.034 media  4181 30874 D CCodec  :     00000000:  00 00 00 00 00 00 00 00  00 00 00 00 00 00 00 00  ................
1791670704.034 media  4181 30874 D CCodec  :     00000010:  00 00 00 00 00 00 00 00  00                       .........
1791670704.034 media  4181 30874 D CCodec  :   }
1791670704.034 media  4181 30874 D CCodec  :   int32_t android._dataspace = 281411584
1791670704.034 media  4181 30874 D CCodec  :   int64_t android._C2MemoryUsage = 1342177280
1791670704.034 media  4181 30874 D CCodec  :   int32_t color-format = 2130708361
1791670704.034 media  4181 30874 D CCodec  : }
1791670704.035 10551 30581 30581 W OCAM_FilmParamsContainer: guaranteeParamsValueInRange, index: 5, parameterValueList is empty, skip
1791670704.036 10551 30581 30602 D GraphicBufferSource: setting dataspace: 0x10c60000, acquired=0
1791670704.037 media  4181 30874 D CCodec  : ISConfig suspend at -1us
1791670704.037 media  4181  4181 D MediaCodec: keep callback message for reclaim
1791670704.037  1046  3805 30876 I QC2Registry: Build pipelined codec for session
1791670703.959  root  7821  7821 E ipa_pm activate_work_func: 448 client has no callback
1791670704.037  1046  3805 30876 I QC2Registry: Getting stages for pipelined codec
1791670704.037  1046  3805 30876 I QC2Registry: Pipelining enabled
1791670704.037  1046  3805 30876 I QC2Registry: Doesn't support pipelining. Create standalone codec
1791670704.038  1046  3805 30876 I QC2V4l2Driver: [hevcE_12] Device /dev/video33 opened with fd: 8
1791670704.038 10551 30581 30581 E OCAM_CameraSeekBar: setStatus, status: 0, mLastStatus: -1
1791670704.039 10551 30581 30581 E OCAM_TypeFaceUtil: getFontTypeface, error: No field mOplusExtraConfiguration of type Loplus/content/res/OplusExtraConfiguration; in class Landroid/content/res/OplusBaseConfiguration; or its superclasses (declaration of 'android.content.res.OplusBaseConfiguration' appears in /system/framework/oplus-fwk.jar)
1791670704.038  1046 30876 30876 I msm_vidc: high: 00000001: ....e: Opening video instance: 0000000000000000, 0
1791670704.038  1046 30876 30876 I msm_vidc: err : 00000001: ....e: Failed to create debugfs for msm_vidc
1791670704.041  1046  3805 30876 W QC2V4l2Codec: [hevcE_12] unknown/unsupported param input.buffers.usage index = 0x4200081C
1791670704.041  1046  3805 30876 W QC2V4l2Codec: [hevcE_12] unknown/unsupported param coding.sync-frame-interval index = 0x52002005
1791670704.041  1046  3805 30876 W QC2V4l2Driver: [hevcE_12] Frame QP not set as qpEnable is false!
1791670704.041  1046  3805 30876 W QC2V4l2Codec: [hevcE_12] unknown/unsupported param qti-ext-enc-adaptive-b-preconditions index = 0x9200C044
1791670704.041  1046  3805 30876 W QC2V4l2Codec: [hevcE_12] unknown/unsupported param qti-ext-enc-hier-b-preconditions index = 0x9200C045
1791670704.041  1046  3805 30876 E QC2V4l2Codec: [hevcE_12]  OPAQUE is not a supported pixel format!
1791670704.042  1046  3805  3884 E QC2Interface: Failed to query parameters
1791670704.042 media  4181 30874 W Codec2Client: query -- param skipped: index = 1342179345.
1791670704.042 media  4181 30874 W Codec2Client: query -- param skipped: index = 2415921170.
1791670704.042 media  4181 30874 W Codec2Client: query -- param skipped: index = 1610614798.
1791670704.040  1046 30876 30876 I msm_vidc: err : 00000001: ....e: msm_vidc_comm_update_ctrl: Conrol id 10035267 not found
1791670704.042  1046  3805  3884 E QC2Interface: Failed to query parameters
1791670704.042 media  4181 30874 D CCodecBufferChannel: [c2.qti.hevc.encoder#252] Query input allocators returned 0 params => BAD_INDEX (6)
1791670704.042 media  4181 30874 D CCodecBufferChannel: [c2.qti.hevc.encoder#252] Using basic input block pool with poolID 1 => got 1 - OK (0)
1791670704.042  1046  3805  3884 E QC2Interface: Failed to query parameters
1791670704.043 media  4181 30874 D CCodecBufferChannel: [c2.qti.hevc.encoder#252] Query output allocators returned 0 params => BAD_INDEX (6)
1791670704.043 media  4181 30874 I CCodecBufferChannel: [c2.qti.hevc.encoder#252] Created output block pool with allocatorID 16 => poolID 25 - OK
1791670704.043 media  4181 30874 D CCodecBufferChannel: [c2.qti.hevc.encoder#252] Configured output block pool ids 25 => OK
1791670704.043  1046  3805  3884 E QC2Interface: Few parameters failed to configure
1791670704.043 media  4181 30872 W ResourceManagerServiceUtils: Ignoring request to add new resource entry with value <= 0
1791670704.045 10551 30581 30842 I ConfigureParameter: BaseBuilder set, keyName: com.oplus.configure.video.encoder, value: H265
1791670704.045 10551 30581 30842 I ConfigureParameter: BaseBuilder set, keyName: com.oplus.movie.hdr.enable, value: 1
1791670704.045 10551 30581 30842 I ConfigureParameter: BaseBuilder set, keyName: com.oplus.movie.log.enable, value: 0
1791670704.045 media  4181 30872 D CCodec  : ISConfig stop at 3607962277us delayUs=0us
1791670704.045 10551 30581 30842 I ConfigureParameter: BaseBuilder set, keyName: com.oplus.feature.video.10bit.enable, value: on
1791670704.045 10551 30581 30842 I ConfigureParameter: BaseBuilder set, keyName: com.oplus.configure.video.bitrate, value: 80000000
1791670704.045 media  4181 30872 D CCodecConfig: no c2 equivalents for stop-time-us
1791670704.045 media  4181 30872 D CCodecConfig: no recognized params in: Dict {
1791670704.045 media  4181 30872 D CCodecConfig: }
1791670704.045 10551 30581 30842 I ConfigureParameter: BaseBuilder set, keyName: com.oplus.configure.video.stabilization, value: video_stabilization
1791670704.045 media  4181  4181 D MPEG4Writer: reset()
1791670704.045 media  4181  4181 D MPEG4Writer: release()
1791670704.045 media  4181  4181 D MPEG4Writer: ftruncate mPreAllocateFileEndOffset:0 mOffset:0 mMdatEndOffset:0 diff:0
1791670704.046 media  4181  4181 D MPEG4Writer: final fsync() takes 1 ms, file size 0
1791670704.046 media  4181  4181 D MPEG4Writer: reset()
1791670704.046 media  4181  4181 D MPEG4Writer: Video track stopping. Stop source
1791670704.046 media  4181  4181 E MPEG4Writer: Stop() called but track is not started or stopped
1791670704.046 media  4181  4181 W StagefrightRecorder: stop while neither recording nor paused
1791670704.048  root  7821  7821 I msm_vidc: high: 00000001: h265e: Closed video instance: 0000000000000000
1791670704.047 media  4181 30879 D CCodec  : hold CodecLooper(1) until release
1791670704.048  1046  3805 30876 I QC2Comp : [hevcE_12] Stats: Pending(0) i/p-done(0) Works: Q: 0/Done 0|Work-Rate: Q(0.0/s Avg=0.0/s) Done(0.000/s Avg=0.000/s)| Stream: 30.00fps 0.0Kbps
1791670704.048  1046  3805 30876 I QC2Comp : Mem-usage:
1791670704.048  1046  3805 30876 I QC2Comp : Total Mem-usage: 0.000 MB
1791670704.048 10551 30581 30581 W OCAM_CameraCore: onCreate, completed
1791670704.048  1046  3805 30876 I QC2V4l2Driver: [hevcE_12] Closed device driver with fd: 8
1791670704.048  1046  3805 30876 I QC2Comp : NOTE: handleReleaseCodec returning: 0 (OK=0)
1791670704.048  1046  3805  3884 I QC2Comp : NOTE: Release returning: 0 (OK=0)
1791670704.048 10551 30581 30581 E OCAM_OplusCamera: checkAndBindWatchAgent, extra: null, sbConnectAlive: false, isCameraRunning: true, sbConnectAlive: false, isCameraReady: false
1791670704.048  1046  3805  3884 D BufferPoolAccessor2.0: Destruction - bufferpool2 0xec6c69e8 cached: 0/0M, 0/0% in use; allocs: 0, 0% recycled; transfers: 0, 0% unfetched
1791670704.049  1046  3805  3884 I hw-BpHwBinder: onLastStrongRef automatically unlinking death recipients
1791670704.049  1046  3805  3884 I QC2CompStore: Deleting component(c2.qti.hevc.encoder) id(12)
1791670704.049 10551 30581 30581 E OCAM_OplusCamera: onCreateTasks, X this: com.oplus.camera.Camera@905c0cb
1791670704.049 media  4181 30879 I hw-BpHwBinder: onLastStrongRef automatically unlinking death recipients
1791670704.049  1046  3805  3884 I QC2Comp : [hevcE_12] Deallocated component c2.qti.hevc.encoder [id=12]
1791670704.049  1046  3805  3884 E ANDR-PERF-TP: ~PerfThreadPool() 391: ~PerfThreadPool
1791670704.051 media  4181  4181 W StagefrightRecorder: stop while neither recording nor paused
1791670704.051 media  4181  4181 W StagefrightRecorder: stop while neither recording nor paused
1791670704.053 10551 30581 30842 I ConfigureParameter: BaseBuilder set, keyName: com.oplus.original.zoomRatio, value: 1.0
1791670704.053 10551 30581 30842 I ConfigureParameter: BaseBuilder set, keyName: com.oplus.torch.flash.enable, value: on
1791670704.053 10551 30581 30581 E OCAM_FaceDetectPresenter: onPreviewStageChanged:1
1791670704.055 10551 30581 30581 W OCAM_OplusCamera: setCameraOrientation, orientation: 0 => 0
1791670704.056 10551 30581 30842 W CameraUnit, BaseMode: configure, pictureSurfaces is null, use preview size 1920x822
1791670704.056 10551 30581 30842 E CameraUnit, ProducerImpl: configureSession, operationMode: 32932, hex value: 0x80a4, defaultPreviewSize: 1920x822
1791670704.056 10551 30581 30581 W OCAM_OplusCamera: setShowWhenLocked: false
1791670704.057 10551 30581 30857 E CameraUnit, Camera2Impl: CameraUnitTest, createNewSession, entity: CameraSessionEntity{mOperationMode='80a4', mPreviewTemplate=3, mSurfaceControl=com.oplus.ocs.camera.producer.mode.MovieMode@774fac4, mConfig=com.oplus.ocs.camera.common.parameter.SdkCameraDeviceConfig@8ceadad, mCameraType='rear_main', mApsTag=mOperationMode: 32932, mbNeedPreviewMetadata: true, mbNeedVideoMetadata: true, mbHighPictureSizeEnable: false, mbPhoto10BitsEnable: false, mbUltraHdrEnable: false, mbPreviewHdrTransformEnable: false, mVideo10BitsEnable: true, mbAiHighPixelEnable: false, mbAiFollowEnable: false, mbVideoWaterMarkEnable: false, mCameraType: rear_main, mModeName: movie_mode, mFeatureName: video_stabilization, mInputVideoSize: 3840x1644, mOutputVideoSize: 3840x1644, mPreviewSize: 1920x822, mPictureSize: 1920x822, mbVideoBlurOpen: false, mBlurIndex: 60, mPreviewStreamNumber: 1, mCaptureStreamNumber: 1, mPreviewDisplayType: 1, mPreviewSurfaceType: 5, mRearFrontCameraId: 0, mbTripodEnable: false, mThermalLevel: 0, mAISBracket: 0, mIsSupportDCT: 0, mIsSupportDCTAndAINR: 0mPreviewFaceBeautyLevel: -1mbPhotoWaterMarkEnable: falsemSizeRatioType: -1, delay=0, mbUseMetadataSurface=false}
1791670704.057 10551 30581 30857 E CameraUnit, BaseMode: buildStreamSurface, cameraType: rear_main, caseName: recorder_video_case, linkedList: [Pair{preview var_camera}, Pair{video_recorder var_camera}], fistPreview: {cameraType: rear_main, surface: null, surfaceType: 5, appSurfaceSize: 1920x822, halSurfaceSize: null, mPhysicalCameraId: -1, format: 0, usage: null, mIntention: 0, mDataSpace: 0, maxImageNumber: 20}, configureSizeRatioType: 7
1791670704.057 10551 30581 30857 E VendorTagDescriptor: lookupTag: Tag name 'custom.info' does not exist.
1791670704.058 10303  4915  5301 D WindowManagerShell: onKeyguardOccludingTaskChanged displayId=0 taskId=-1
1791670704.058 10551 30581 30857 E CameraUnit, BaseMode: buildStreamSurface, surfaceSizeList: [Pair{3840x1644 3840x1644}] , configuredSurfaceType: preview , configuredCameraType: rear_main , useInnerPreviewSurface: true , cameraType: rear_main , physicalId: -1
1791670704.058  1000  1617  1785 E minksocket: MinkIPC_QRTR_Service: client with node 1 port 60a5 went down
1791670704.058 10551 30581 30857 E CameraUnit, SurfacePool: createImageReader, key: rear_main&surface_key_preview&34&1920x822, size: 1920x822, wrapper: {cameraType: rear_main, surface: null, surfaceType: 3, appSurfaceSize: 1920x822, halSurfaceSize: 1920x822, mPhysicalCameraId: -1, format: 34, usage: surface_key_preview, mIntention: 259, mDataSpace: 0, maxImageNumber: 50}
1791670704.058 10551 30581 30857 I Surface : Creating surface for consumer unnamed-30581-0 with slotExpansion=1 for 64 slots
1791670704.058 10551 30581 30857 I Surface : Creating surface for consumer ImageReader-1920x822f22m50-30581-0 with slotExpansion=1 for 64 slots
1791670704.058 10551 30581 30857 E CameraUnit, SurfacePool: putImageSize, key: rear_main&surface_key_preview&34 , size: 1920x822
1791670704.059 10551 30581 30857 E CameraUnit, BaseMode: buildStreamSurface, surfaceSizeList: [Pair{3840x1644 3840x1644}] , configuredSurfaceType: video_recorder , configuredCameraType: rear_main , useInnerPreviewSurface: true , cameraType: rear_main , physicalId: -1
1791670704.059 10551 30581 30857 E CameraUnit, SurfacePool: putImageSize, key: rear_main&surface_key_recording&34 , size: 3840x1644
1791670704.059  1000  1617  1785 E minksocket: MinkIPC_QRTR_Service: client with node 1 port 60a6 went down
1791670704.059  1000  4337  5791 W ActivityManager: Unable to start service Intent { xflg=0x4 cmp=com.nearme.statistics.rom/.service.ReceiverService (has extras) } U=0: not found
1791670704.060 10551 30581 30857 E VendorTagDescriptor: lookupTag: Tag name 'camera.is.from.main.menu' does not exist.
1791670704.060  1000  1617  1785 E minksocket: MinkIPC_QRTR_Service: client with node 1 port 60a7 went down
1791670704.060 10551 30581 30857 E VendorTagDescriptor: lookupTag: Tag name 'video.stabilization.mode' does not exist.
1791670704.060 10551 30581 30857 E VendorTagDescriptor: lookupTag: Tag name 'mipiraw.online.bpc' does not exist.
1791670704.060 10551 30581 30857 E VendorTagDescriptor: lookupTag: Tag name 'caller.package.name' does not exist.
1791670704.060 10551 30581 30857 E VendorTagDescriptor: lookupTag: Tag name 'camera.mode' does not exist.
1791670704.060 10551 30581 30857 E VendorTagDescriptor: lookupTag: Tag name 'TR.processing.state' does not exist.
1791670704.060 10551 30581 30857 E VendorTagDescriptor: lookupTag: Tag name 'light.sensor.lux' does not exist.
1791670704.060 10551 30581 30857 E VendorTagDescriptor: lookupTag: Tag name 'camera.is.turn.on' does not exist.
1791670704.060  1000  1617  1785 E minksocket: MinkIPC_QRTR_Service: client with node 1 port 60a8 went down
1791670704.060 10551 30581 30581 W OCAM_ScreenSwitchController: updateCapMode, mode: null => movie
1791670704.060 10551 30581 30857 E CameraUnit, Util: dumpSessionConfig, createCaptureSession with operation mode: 0x80A4
1791670704.060 10551 30581 30857 E CameraUnit_TRACE: traceBeginSection, msg: CameraUnit.CameraStartupPerformance.createCaptureSession
1791670704.061 10551 30581 30618 E ActivityThread: Failed to find provider info for com.oplus.customize.coreapp.configmanager.configprovider.AppFeatureProvider
1791670704.061 10551 30581 30618 E ActivityThread: Failed to find provider info for com.oplus.customize.coreapp.configmanager.configprovider.AppFeatureProvider
1791670704.061 10551 30581 30618 E ActivityThread: Failed to find provider info for com.oplus.customize.coreapp.configmanager.configprovider.AppFeatureProvider
1791670704.061 10551 30581 30618 E ActivityThread: Failed to find provider info for com.oplus.customize.coreapp.configmanager.configprovider.AppFeatureProvider
1791670704.061 10551 30581 30618 E ActivityThread: Failed to find provider info for com.oplus.customize.coreapp.configmanager.configprovider.AppFeatureProvider
1791670704.062 10551 30581 30618 E ActivityThread: Failed to find provider info for com.oplus.customize.coreapp.configmanager.configprovider.AppFeatureProvider
1791670704.062 10551 30581 30581 E OCAM_ModeManager: setCurrentMode fail, the newMode not change: movie
1791670704.062 10551 30581 30618 E ActivityThread: Failed to find provider info for com.oplus.customize.coreapp.configmanager.configprovider.AppFeatureProvider
1791670704.063 10551 30581 30581 D FossManager: disableFoss()
1791670704.063 10551 30581 30629 W OCAM_GalleryUtil: initGalleryRemoveState
1791670704.064 10551 30581 30629 E ActivityThread: Failed to find provider info for com.color.provider.removableapp
1791670704.064 10551 30581 30629 W OCAM_ContentProviderUtil: query, client is null
1791670704.064  1047  4180 12772 I Surface : Creating surface for consumer ImageReader-1920x822f22m50-30581-0 with slotExpansion=1 for 64 slots
1791670704.064 10551 30581 30581 E OCAM_ShareEditThumbMenu: setEnableMenu, enable: true, mbEnable: false
1791670704.064  1047  4180 12772 I Surface : Creating surface for consumer ImageReader-1920x822f22m50-30581-0 with slotExpansion=1 for 64 slots
1791670704.065  1047  4180 12772 I Surface : Creating surface for consumer GraphicBufferSource with slotExpansion=0 for 64 slots
1791670704.065  1047  4180 12772 I Surface : Creating surface for consumer GraphicBufferSource with slotExpansion=0 for 64 slots
1791670704.070  1047 30549 30659 I CamX    : [ALWAYS_ON  ] opluscamxhwenvironment.cpp:530 LoadOPPackageName() [OP_EXT] mClientPackageName: com.oplus.camera, activityName:
1791670704.070  1047 30549 30659 I CamX    : [ALWAYS_ON  ] camxhal3.cpp:1412 configure_streams() HalOp: Begin CONFIG: 0xb4000074d14e4fe0, logicalCameraId: 0, cameraId: 0
1791670704.070  1047 30549 30659 I CamX    : [ALWAYS_ON  ] camxhal3.cpp:1469 configure_streams()   operation_mode: 0x80a4
1791670704.071  1047 30549 30659 D android.hardware.camera.provider@2.4-service_64: CamPerf osense already have set sence, clrsence at first!!!
1791670704.071 10551 30581 30581 E OCAM_OplusViewOutlineProvider: setRountRect, mOutLineRect: Rect(32, 0 - 1408, 3216)
1791670704.080 10551 30581 30581 W OCAM_CameraCore: onResume, res/values: sw361dp-2780x1264
1791670704.081 10551 30581 30581 W System.err: java.lang.NoSuchMethodException: android.view.accessibility.AccessibilityManager.isHighTextContrastEnabled []
1791670704.081 10551 30581 30581 W System.err: 	at java.lang.Class.getMethod(Class.java:2942)
1791670704.081 10551 30581 30581 W System.err: 	at java.lang.Class.getDeclaredMethod(Class.java:2921)
1791670704.082 10551 30581 30581 W System.err: 	at com.oplus.camera.Camera.N(Camera.java:1437)
1791670704.082 10551 30581 30581 W System.err: 	at h6.b0.onResume(QuickActivity.java:203)
1791670704.082 10551 30581 30581 W System.err: 	at android.app.Instrumentation.callActivityOnResume(Instrumentation.java:1739)
1791670704.082 10551 30581 30581 W System.err: 	at android.app.Activity.performResume(Activity.java:9500)
1791670704.082 10551 30581 30581 W System.err: 	at android.app.ActivityThread.performResumeActivity(ActivityThread.java:5984)
1791670704.082 10551 30581 30581 W System.err: 	at android.app.ActivityThread.handleResumeActivity(ActivityThread.java:6027)
1791670704.082 10551 30581 30581 W System.err: 	at android.app.servertransaction.ResumeActivityItem.execute(ResumeActivityItem.java:73)
1791670704.082 10551 30581 30581 W System.err: 	at android.app.servertransaction.ActivityTransactionItem.execute(ActivityTransactionItem.java:63)
1791670704.082 10551 30581 30581 W System.err: 	at android.app.servertransaction.TransactionExecutor.executeLifecycleItem(TransactionExecutor.java:169)
1791670704.082 10551 30581 30581 W System.err: 	at android.app.servertransaction.TransactionExecutor.executeTransactionItems(TransactionExecutor.java:101)
1791670704.082 10551 30581 30581 W System.err: 	at android.app.servertransaction.TransactionExecutor.execute(TransactionExecutor.java:80)
1791670704.082 10551 30581 30581 W System.err: 	at android.app.ActivityThread$H.handleMessage(ActivityThread.java:3036)
1791670704.082 10551 30581 30581 W System.err: 	at android.os.Handler.dispatchMessageImpl(Handler.java:142)
1791670704.082 10551 30581 30581 W System.err: 	at android.os.Handler.dispatchMessage(Handler.java:125)
1791670704.082 10551 30581 30581 W System.err: 	at android.os.Looper.loopOnce(Looper.java:296)
1791670704.082 10551 30581 30581 W System.err: 	at android.os.Looper.loop(Looper.java:397)
1791670704.082 10551 30581 30581 W System.err: 	at android.app.ActivityThread.main(ActivityThread.java:9581)
1791670704.082 10551 30581 30581 W System.err: 	at java.lang.reflect.Method.invoke(Native Method)
1791670704.082 10551 30581 30581 W System.err: 	at com.android.internal.os.RuntimeInit$MethodAndArgsCaller.run(RuntimeInit.java:578)
1791670704.082 10551 30581 30581 W System.err: 	at com.android.internal.os.ZygoteInit.main(ZygoteInit.java:939)
1791670704.082 10551 30581 30581 W OCAM_DisplayDensityUtil: initScreenHeightWidth, sScreenHeight: 3216, sScreenWidth: 1440, folderOpen: false
1791670704.082  1047 30549 30659 I Camx    : CamxFormatUtil_GetFlexibleYUVFormats array count size 7, CamxFormatUtilMaxFlexibleFormats 13
1791670704.083 10551 30581 30883 E OCAM_Thumbnail: getLatestMediaItem, cost time: 13
1791670704.085  1047 30549 30659 I EISV2   : camxchinodeeisv2.cpp:180 EISV2GetOverrideSettings(): No EIS override settings text file /vendor/etc/camera/eisoverridesettings.txt found
1791670704.086  1047 30549 30659 I EISV2   : camxchinodeeisv2.cpp:935 LoadLib(): loading EIS lib com.qti.eisv2
1791670704.086  1047 30549 30659 I EISV2   : camxchinodeeisv2.cpp:2210 Initialize(): Num node props 4
1791670704.086  1047 30549 30659 I EISV2   : camxchinodeeisv2.cpp:2217 Initialize(): Input port path type 4
1791670704.086  1047 30549 30659 I EISV2   : camxchinodeeisv2.cpp:2222 Initialize(): Is FOVC enabled 0
1791670704.087  1047 30549 30659 E EISV2   : camxchinodeeisv2.cpp:6854 GetTotalMargins(): Video dimension 3840 x 1644
1791670704.087  1047 30549 30659 E EISV2   : camxchinodeeisv2.cpp:2365 GetImageStabilizationMode(): PhysicalCameraInputConfig metadata is NULL
1791670704.087  1047 30549 30659 E EISV2   : camxchinodeeisv2.cpp:404 EISV2NodeCreate(): videoWidth:3840 stabMode:0
1791670704.087  1047 30549 30659 E EISV2   : camxchinodeeisv2.cpp:454 EISV2NodeCreate(): Publishing EISv2 enabled flag 1, requested margin x = 0.190476, y = 0.587302, min total margin w 0.160000 h 0.160000 extra 0
1791670704.087  1047 30549 30659 I EISV3   : camxchinodeeisv3.cpp:376 EISV3NodeCreate(): pNodeProperties[3].id 1024, eisV3NodeType 1
1791670704.087  1047 30549 30659 I EISV3   : camxchinodeeisv3.cpp:412 EISV3NodeCreate(): force disable DIS:1
1791670704.087  1047 30549 30659 I EISV3   : camxchinodeeisv3.cpp:182 EISV3GetOverrideSettings(): No EIS override settings text file /vendor/etc/camera/eisoverridesettings.txt found
1791670704.087  1047 30549 30659 I EISV3   : camxchinodeeisv3.cpp:2783 Initialize(): force disable DIS:1
1791670704.088  1047 30549 30659 I ISPHVX  : opluscamxchinodeeisv3.cpp:124 GetRemainingMemoryUsage(): Available Memory 4018 MB
1791670704.088  1047 30549 30659 I EISV3   : camxchinodeeisv3.cpp:560 EISV3NodeCreate(): Publishing EISv3 node type 1, enabled flag 1, Frame delay 15, requested margin w 0.190476, h 0.587302, min total margin w 0.160000 h 0.160000 extra 0
1791670704.088  1047 30549 30659 I CHIMEMCPY: camxchinodememcpy.cpp:531 Initialize(): m_nodeCaps 8
1791670704.088  1047 30549 30659 I CHIMEMCPY: camxchinodememcpy.cpp:536 Initialize(): Node is no sink node and connected with EIS pipeline so setting delayed notification to TRUE
1791670704.089  1047 30549 30659 I OPLUSPREVIEW: camxchinodeopluspreview.cpp:561 Initialize(): m_nodeCaps 0
1791670704.089  1047 30549 30659 I CHIUSECASE: videorectify.cpp:731 initArcDCState(): [ARC_TCF]: g_SupportArcDC: 0
1791670704.089  1000  4337  6576 W ActivityManager: Unable to start service Intent { xflg=0x4 cmp=com.nearme.statistics.rom/.service.ReceiverService (has extras) } U=0: not found
1791670704.089  1047 30549 30659 I EISV3   : camxchinodeeisv3.cpp:376 EISV3NodeCreate(): pNodeProperties[3].id 1024, eisV3NodeType 3
1791670704.089  1047 30549 30659 I EISV3   : camxchinodeeisv3.cpp:412 EISV3NodeCreate(): force disable DIS:1
1791670704.089  1047 30549 30659 I EISV3   : camxchinodeeisv3.cpp:182 EISV3GetOverrideSettings(): No EIS override settings text file /vendor/etc/camera/eisoverridesettings.txt found
1791670704.089  1047 30549 30659 I EISV3   : camxchinodeeisv3.cpp:2783 Initialize(): force disable DIS:1
1791670704.090  1047 30549 30659 I ISPHVX  : opluscamxchinodeeisv3.cpp:124 GetRemainingMemoryUsage(): Available Memory 4017 MB
1791670704.090  1047 30549 30659 I EISV3   : camxchinodeeisv3.cpp:560 EISV3NodeCreate(): Publishing EISv3 node type 3, enabled flag 1, Frame delay 15, requested margin w 0.190476, h 0.587302, min total margin w 0.160000 h 0.160000 extra 0
1791670704.094  1047 30659 30659 I synx    : [sess: 13498369] session created umd-client-30659
1791670704.093  1047 30549 30659 V SYNX-UMD: Synx Init!
1791670704.094  1047 30549 30659 V SYNX-UMD: Creating hPollThread = 500476492672
1791670704.094  1047 30549 30659 V SYNX-UMD: Completed Synx Init
1791670704.094  1047 30549 30888 V SYNX-UMD: Polling ...
1791670704.096 10551 30581 30581 D CompatChangeReporter: Compat change id reported: 349153669; UID 10551; state: ENABLED
1791670704.097  1047 30549 30659 I CHINODEUTIL: camxchinodeutil.cpp:452 DefaultBufferNegotiation(): Output Port 0: (w x h) optimal 1920 x 822 min 1920 x 822 max 1920 x 822Input: optimal 1920 x 822 min 1920 x 822 max 1920 x 822 (NumConnected: 1)
1791670704.097  1047 30549 30659 I EISV2   : camxchinodeeisv2.cpp:6378 QueryBufferInfo(): PortIndex 0 Output: opt[2288x1304] Min[1920x824] Max[16383x16383] Input: opt[2288x1304] Min[1920x824] Max[16383x16383]
1791670704.097  1047 30549 30659 I EISV2   : camxchinodeeisv2.cpp:6378 QueryBufferInfo(): PortIndex 1 Output: opt[2288x1304] Min[1920x824] Max[16383x16383] Input: opt[2288x1304] Min[1920x824] Max[16383x16383]
1791670704.097  1047 30549 30659 I CHINODEUTIL: camxchinodeutil.cpp:452 DefaultBufferNegotiation(): Output Port 0: (w x h) optimal 0 x 0 min 0 x 0 max 0 x 0Input: optimal 0 x 0 min 0 x 0 max 0 x 0 (NumConnected: 1)
1791670704.097  1047 30549 30659 I CHINODEUTIL: camxchinodeutil.cpp:460 DefaultBufferNegotiation(): Output port: 0 is connected to SinkNoBuffer
1791670704.097  1047 30549 30659 I CHIMEMCPY: camxchinodememcpy.cpp:616 QueryBufferInfo(): Node is no sink node
1791670704.097  1047 30549 30659 I EISV2   : camxchinodeeisv2.cpp:8063 AddDefaultPSMetaPortGroup(): tag 0x80140000, portsInGroupCount 2
1791670704.097  1047 30549 30659 I EISV2   : camxchinodeeisv2.cpp:8032 AddPSMetaPortGroupForInGrid(): tag 0x80140001, portsInGroupCount full 2, display 0, FD 0, FullLong 0, FullShort 0
1791670704.098  1047 30549 30659 I EISV2   : camxchinodeeisv2.cpp:8063 AddDefaultPSMetaPortGroup(): tag 0x80140007, portsInGroupCount 2
1791670704.098  1047 30549 30659 I EISV3   : camxchinodeeisv3.cpp:9870 AddPSMetaPortGroupForInGrid(): tag 0x80140001, m_nodeType 1 portsInGroupCount full 2, display 0, FD 0, FullLong 0, FullShort 0
1791670704.098  1047 30549 30659 I EISV3   : camxchinodeeisv3.cpp:9901 AddDefaultPSMetaPortGroup(): tag 0x80140000, nodeType 3 portsInGroupCount 2
1791670704.098  1047 30549 30659 I EISV3   : camxchinodeeisv3.cpp:9901 AddDefaultPSMetaPortGroup(): tag 0x80140007, nodeType 3 portsInGroupCount 2
1791670704.098  1047 30549 30659 I EISV3   : camxchinodeeisv3.cpp:9870 AddPSMetaPortGroupForInGrid(): tag 0x80140001, m_nodeType 3 portsInGroupCount full 2, display 0, FD 0, FullLong 0, FullShort 0
1791670704.100  1047 30549 30659 I CHIUSECASE: [ALWAYS_ON  ] chxpipeline.cpp:541 CreateDescriptor() [OP_EXT] CamId=0 Realtime pipeline[OPlusVideoEIS3PreviewEIS2] SelectedMode W=4000, H=3008, FPS:30, NumBatchedFrames:1, modeIndex:15
1791670704.100 10551 30581 30581 D InsetsController: Setting requestedVisibleTypes to 502 (was 503)
1791670704.101 10551 30581 30581 D InsetsController: Setting requestedVisibleTypes to 498 (was 502)
1791670704.104  1000  4337  6576 W InputChannel-JNI: Channel already disposed.
1791670704.097  1000   764   764 I servicemanager: Caller(pid=30581,uid=10551,sid=u:r:priv_app_36:s0:c512,c768) Could not find android.hardware.graphics.allocator.IAllocator/default in the VINTF manifest. No alternative instances declared in VINTF.
1791670704.101  1000   764   764 I servicemanager: Caller(pid=30581,uid=10551,sid=u:r:priv_app_36:s0:c512,c768) Could not find android.hardware.graphics.allocator.IAllocator/default in the VINTF manifest. No alternative instances declared in VINTF.
1791670704.105 10551 30581 30609 E OCAM_Thumbnail: getLatestMediaItem, cost time: 35
1791670704.120 10551 30581 30621 E OCAM_ApsService: getService, service object:com.oplus.camera.aps.service.ApsService@5afeab
1791670704.120  1047 30549 30896 I CamX    : [ALWAYS_ON  ] camxncsservice.cpp:284 RegisterService() NCS register pNCSIntfObject=0x74d99cafe0, sensorType=1
1791670704.120  1047 30549 30896 I CamX    : [ALWAYS_ON  ] camxncsintfqsee.cpp:964 CreateClientSession() New register request for sensor 1: sample rate 405.000000, report rate 10000
1791670704.122  1047 30549 30892 I imagefw_android: FACE_SDK cv_face version:v6.6.34-ppl-hardcode
1791670704.124 10303  4915 16871 V WindowManagerShell: Received remote transition finished callback for (#426)
1791670704.125 10303  4915  5301 V WindowManagerShell: Transition animation finished (aborted=false), notifying core (#426) android.os.BinderProxy@b4c1444@0
1791670704.126 10551 30581 30581 D VRI[Camera]: WindowInsets changed: 1440x3216 statusBars:[0,126,0,0] navigationBars:[0,0,0,67] mandatorySystemGestures:[0,160,0,90]
1791670704.128  1000  1617  1785 E minksocket: MinkIPC_QRTR_Service: client with node 1 port 60aa went down
1791670704.128 10551 30581 30581 E ViewWrapper: java.lang.NoSuchMethodError: No virtual method getViewWrapper()Landroid/view/IViewWrapper; in class Landroid/view/View; or its super classes (declaration of 'android.view.View' appears in /system/framework/framework.jar!classes4.dex)
1791670704.128 10551 30581 30581 E ViewWrapper: java.lang.NoSuchMethodError: No virtual method getViewWrapper()Landroid/view/IViewWrapper; in class Landroid/view/View; or its super classes (declaration of 'android.view.View' appears in /system/framework/framework.jar!classes4.dex)
1791670704.129 10551 30581 30581 D WindowOnBackDispatcher: setTopOnBackInvokedCallback (unwrapped): android.view.ViewRootImpl$$ExternalSyntheticLambda14@c707438
1791670704.131  1000  4337  6598 D CoreBackPreview: Window{d0a6147 u0 com.oplus.camera/com.oplus.camera.Camera}: Setting back callback OnBackInvokedCallbackInfo{mCallback=android.window.IOnBackInvokedCallback$Stub$Proxy@7e49855, mPriority=0, mIsAnimationCallback=false, mOverrideBehavior=0}
1791670704.131  1000  1617  1785 E minksocket: MinkIPC_QRTR_Service: client with node 1 port 60ab went down
1791670704.132  1000  1617  1785 E minksocket: MinkIPC_QRTR_Service: client with node 1 port 60ac went down
1791670704.134  1000  1617  1785 E minksocket: MinkIPC_QRTR_Service: client with node 1 port 60ae went down
1791670704.135 10312  5415  5415 D VRI[QuickstepLauncher]: visibilityChanged oldVisibility=true newVisibility=false
1791670704.137 10303  4915  5688 D KeyguardService: setOccluded(false)
1791670704.137 10303  4915  5688 D KeyguardViewMediator: setOccluded(false)
1791670704.137 10303  4915  5688 D KeyguardService: setOccluded(false)
1791670704.137 10303  4915  5688 D KeyguardViewMediator: setOccluded(false)
1791670704.137 10303  4915  4915 D KeyguardViewMediator: handleSetOccluded(false)
1791670704.137 10383  7958  7958 D VRI[GoogleDiscoverWindow]: visibilityChanged oldVisibility=true newVisibility=false
1791670704.137 10303  4915  5301 V WindowManagerShell: Track 0 became idle
1791670704.137 10303  4915  5301 V WindowManagerShell: All active transition animations finished
1791670704.137 10303  4915  4915 D KeyguardViewMediator: KeyguardViewMediator queue processing message: SET_OCCLUDED
1791670704.137 10303  4915  5652 D WallpaperService: onVisibilityChanged(false): com.android.systemui.wallpapers.ImageWallpaper$CanvasEngine@949cb7b
1791670704.138  1000  1617  1785 E minksocket: MinkIPC_QRTR_Service: client with node 1 port 60af went down
1791670704.138  1000  1617  1785 E minksocket: MinkIPC_QRTR_Service: client with node 1 port 60ad went down
1791670704.139  1000  1617  1785 E minksocket: MinkIPC_QRTR_Service: client with node 1 port 60b0 went down
1791670704.140  1000  1617  1785 E minksocket: MinkIPC_QRTR_Service: client with node 1 port 60b2 went down
1791670704.141  1000  1617  1785 E minksocket: MinkIPC_QRTR_Service: client with node 1 port 60b4 went down
1791670704.141  1047 30549 30896 I CamX    : [ALWAYS_ON  ] camxncsservice.cpp:327 RegisterService() Successfully register to the NCS service: obj=0xb40000767e58ae90, interface=0, slot=0, num_clients=1
1791670704.141  1047 30549 30896 I CamX    : [ALWAYS_ON  ] camxncsservice.cpp:284 RegisterService() NCS register pNCSIntfObject=0x74d99cafe0, sensorType=1
1791670704.142  1047 30549 30896 I CamX    : [ALWAYS_ON  ] camxncsintfqsee.cpp:964 CreateClientSession() New register request for sensor 1: sample rate 405.000000, report rate 10000
1791670704.142  1047 30549 30896 I CamX    : [ALWAYS_ON  ] camxncsservice.cpp:327 RegisterService() Successfully register to the NCS service: obj=0xb40000767e586fd0, interface=0, slot=1, num_clients=2
1791670704.142  1047 30549 30896 I EISV2   : camxchinodeeisv2.cpp:6113 SetBufferInfo(): Out dimension 1920x822
1791670704.142  1047 30549 30896 I EISV2   : camxchinodeeisv2.cpp:6145 SetBufferInfo(): Lookahead Out dimension 3840x1644
1791670704.142  1047 30549 30896 I EISV2   : camxchinodeeisv2.cpp:6237 SetBufferInfo(): From in 2288x1304 and out 1920x822 using stabilization margins 368x482 with total margins 0.160000x0.160000 and crop ratio (x,y): (0.839161, 0.630368)
1791670704.142  1047 30549 30896 I EISV2   : camxchinodeeisv2.cpp:6289 SetBufferInfo(): Publishing actual margins 368x482 and additional crop offset 0x0 from eisv2
1791670704.142  1047 30549 30896 I CamX    : [ALWAYS_ON  ] camxncsservice.cpp:284 RegisterService() NCS register pNCSIntfObject=0x74d99cafe0, sensorType=1
1791670704.142  1047 30549 30896 I CamX    : [ALWAYS_ON  ] camxncsintfqsee.cpp:964 CreateClientSession() New register request for sensor 1: sample rate 405.000000, report rate 10000
1791670704.142  1047 30549 30896 I CamX    : [ALWAYS_ON  ] camxncsservice.cpp:327 RegisterService() Successfully register to the NCS service: obj=0xb40000767e585fd0, interface=0, slot=2, num_clients=3
1791670704.142  1047 30549 30896 I EISV2   : camxchinodeeisv2.cpp:7838 RegisterForSensorDataToNCS(): NCS service for gyro registered with 405.000000 sampling rate
1791670704.146  1000  4337  4382 V WindowManager: Finish Transition (#426): created at 10-11 01:18:23.762 collect-started=0.158ms request-sent=17.813ms started=22.679ms ready=38.565ms sent=64.524ms commit=25.585ms finished=372.639ms
1791670704.148  1000  1617  1785 E minksocket: MinkIPC_QRTR_Service: client with node 1 port 60b5 went down
1791670704.152  1000  1617  1785 E minksocket: MinkIPC_QRTR_Service: client with node 1 port 60b6 went down
1791670704.155  1000  1617  1785 E minksocket: MinkIPC_QRTR_Service: client with node 1 port 60b7 went down
1791670704.156  1000  1617  1785 E minksocket: MinkIPC_QRTR_Service: client with node 1 port 60b9 went down
1791670704.156  1000  1617  1785 E minksocket: MinkIPC_QRTR_Service: client with node 1 port 60ba went down
1791670704.158  1000  4337  6597 D WindowManager: setClientSurface Surface(name=VRI-com.oplus.camera/com.oplus.camera.Camera#6455)/@0x40bb35b for d0a6147 com.oplus.camera/com.oplus.camera.Camera
1791670704.158  1000  1617  1785 E minksocket: MinkIPC_QRTR_Service: client with node 1 port 60bb went down
1791670704.159  1000  1617  1785 E minksocket: MinkIPC_QRTR_Service: client with node 1 port 60bc went down
1791670704.162 10551 30581 30581 I Surface : Creating surface for consumer unnamed-30581-1 with slotExpansion=1 for 64 slots
1791670704.163 10551 30581 30581 I Surface : Creating surface for consumer VRI[Camera]#0(BLAST Consumer)0 with slotExpansion=1 for 64 slots
1791670704.163 10551 30581 30581 D VRI[Camera]: WindowInsets changed: statusBars:null
1791670704.166 10551 30581 30581 I Surface : Creating surface for consumer unnamed-30581-2 with slotExpansion=1 for 64 slots
1791670704.167 10551 30581 30581 I Surface : Creating surface for consumer 2c8b4aa SurfaceView[com.oplus.camera/com.oplus.camera.Camera]#1(BLAST Consumer)1 with slotExpansion=1 for 64 slots
1791670704.168 10551 30581 30581 I Surface : Creating surface for consumer unnamed-30581-3 with slotExpansion=1 for 64 slots
1791670704.168 10551 30581 30863 W OCAM_GLThread: guardedRun, egl createEGLSurface
1791670704.168 10551 30581 30581 I Surface : Creating surface for consumer bfce89b SurfaceView[com.oplus.camera/com.oplus.camera.Camera]#2(BLAST Consumer)2 with slotExpansion=1 for 64 slots
1791670704.169 10551 30581 30581 W OCAM_CameraPreviewUI: All preview Surfaces ready
1791670704.169 10551 30581 30863 D NativeWindow: setNativeWindowFlag, transform: 0, flag: 8
1791670704.169 10551 30581 30863 D NativeWindow: setNativeWindowBuffersGeometry, transform: 0, width: 1440, height: 3216, format: 1
1791670704.169 10551 30581 30873 I Gralloc4: Adding additional valid usage bits: 0x8202000
1791670704.172 10551 30581 30863 W OCAM_GLThread: guardedRun, onSurfaceCreated
1791670704.173  1047 30669 30669 I CAM_INFO: CAM-OIS: cam_ois_driver_cmd: 1247 CAM_ACQUIRE_DEV Success, ID: 0
1791670704.182 10445 16533 16848 E msys    : E[N mns:DGWClient]_LogError(394)=>Failed to resolve using system DNS resolver, getaddrinfo(): No address associated with hostname
1791670704.183 10551 30581 30581 E OCAM_ZoomSeekBar: initZoomPointMap, clickValues: [1.0, 2.0, 5.0], mZoomPointMap: {WIDE=1.0, DUAL=2.0}
1791670704.183 10551 30581 30581 E OCAM_ZoomSeekBar: decideZoomBarType, mPreZoomPointMap: {}, mZoomPointMap: {WIDE=1.0, DUAL=2.0}, mPreZoomBarType: 00000, zoomBarType: 00000
1791670704.186  1000  4337  4382 I ActivityTaskManager: Displayed com.oplus.camera/.Camera for user 0: +431ms
1791670704.173  1047 30669 30669 I CAM_ERR : CAM-OIS: cam_ois_pkt_parse: 735 ois type=0,cam_sensor_update_power_settings successfully
1791670704.173  1047 30669 30669 I CAM_INFO: CAM-OIS: cam_ois_power_up: 192 cam_ois_power_up
1791670704.173  1047 30669 30669 I CAM_INFO: CAM-SENSOR: cam_sensor_util_request_gpio_table: 1217 No GPIO data
1791670704.174  1047 30669 30669 I CAM_INFO: CAM-SENSOR: msm_cam_sensor_handle_reg_gpio: 1960 Input Parameters are not proper
1791670704.175  1047 30669 30669 I CAM_INFO: CAM-SENSOR: msm_cam_sensor_handle_reg_gpio: 1960 Input Parameters are not proper
1791670704.190  1000  1659  1659 E QTI PowerHAL: Failed to acquire lock.
1791670704.190  1000  1659  1659 E QTI PowerHAL: Failed process_boost for boost_handle
1791670704.190 10445 16533 16848 E msys    : E[N mns:DGWClient]_LogError(394)=>Failed to resolve using system DNS resolver, getaddrinfo(): No address associated with hostname
1791670704.179  1047 30671 30671 I CAM_ERR : CAM-SENSOR: cam_sensor_driver_cmd: 1019 sensor power up success sensor id 0x789
1791670704.179  1047 30671 30671 I CAM_INFO: CAM-SENSOR: cam_sensor_driver_cmd: 1049 CAM_ACQUIRE_DEV Success, sensor_id:0x789,sensor_slave_addr:0x34
1791670704.182  1047 30669 30669 I CAM_INFO: CAM-SENSOR: msm_cam_sensor_handle_reg_gpio: 1960 Input Parameters are not proper
1791670704.182  1047 30669 30669 I CAM_INFO: CAM-SENSOR: msm_cam_sensor_handle_reg_gpio: 1960 Input Parameters are not proper
1791670704.194  1047 30669 30669 I CAM_INFO: CAM-CCI: cam_cci_init: 198 cam_cci_init 7
1791670704.194  1047 30669 30669 I CAM_ERR : CAM-OIS: cam_ois_pkt_parse: 808 ois type=0,cam_ois_power_up successfully
1791670704.194  1047 30669 30669 I CAM_INFO: CAM-OIS: DownloadFW: 1031 update gyro vendor to =3
1791670704.194  1047 30669 30669 I CAM_INFO: CAM-OIS: Download124Or128FW: 871 MasterSlave 0x0, GyroVendor 0x0, GyroPosition 0x3, ModuleVendor 0x6, ActVer 0x1, FWType 0x1
1791670704.196  1047 30669 30669 I CAM_ERR : CAM-OIS: Set124Or128GyroAccelCoef: 795 SetGyroAccelCoef SelectAct 0x1 GyroPostion 0x3
1791670704.193  1000  1617  1785 E minksocket: MinkIPC_QRTR_Service: client with node 1 port 60be went down
1791670704.194 10551 30581 30581 W LOTTIE  : Use addColorFilter instead.
1791670704.194  1000  1617  1785 E minksocket: MinkIPC_QRTR_Service: client with node 1 port 60bf went down
1791670704.196 10551 30581 30863 W OCAM_GLThread: guardedRun, onSurfaceChanged, size: 1440x3216
1791670704.197  1000  1617  1785 E minksocket: MinkIPC_QRTR_Service: client with node 1 port 60c0 went down
1791670704.197 10551 30581 30581 W OCAM_BurstSettingDrawerLayout: onOrientationChanged mActivity is null.
1791670704.198  1000  1617  1785 E minksocket: MinkIPC_QRTR_Service: client with node 1 port 60c1 went down
1791670704.199 10551 30581 30863 W OCAM_CameraScreenNail: draw, mExtTextures isEmpty false, mCachePreviews isEmpty false, mbFirstFrameArrived false
1791670704.200  1000  1617  1785 E minksocket: MinkIPC_QRTR_Service: client with node 1 port 60c3 went down
1791670704.201  1000  1617  1785 E minksocket: MinkIPC_QRTR_Service: client with node 1 port 60c4 went down
1791670704.202  1000  1617  1785 E minksocket: MinkIPC_QRTR_Service: client with node 1 port 60c5 went down
1791670704.203  1000  1617  1785 E minksocket: MinkIPC_QRTR_Service: client with node 1 port 60c6 went down
1791670704.214  1000  4337  6597 W ActivityManager: Skipping manifest association check for null package. SourceUid: -1, SourcePkg: null, TargetUid: 10551, TargetPkg: com.oplus.camera
1791670704.214  1000  4337  4391 W ActivityManager: Skipping manifest association check for null package. SourceUid: -1, SourcePkg: null, TargetUid: 10551, TargetPkg: com.oplus.camera
1791670704.215 10384  6896  6896 I SubtypeOperator: SubtypeOperator$1.onUnbindInput():44
1791670704.217 10384  6896  6896 I SubtypeOperator: SubtypeOperator$1.onBindInput():33
1791670704.218  1000  4337  4515 D InputMethodManagerService: Attach new input but force hide
1791670704.218  1000  4337  4515 I ImeTracker: com.oplus.camera:2656132: onRequestHide at ORIGIN_SERVER reason HIDE_SOFT_INPUT fromUser false userId 0 displayId 0
1791670704.218 10384  6896  6896 I GoogleInputMethodService: GoogleInputMethodService.onFinishInput():2404
1791670704.218  1000  4337  4515 I ImeTracker: com.oplus.camera:2656132: onCancelled at PHASE_SERVER_SHOULD_HIDE
1791670704.218  1000  4337  4515 W InputChannel-JNI: Channel already disposed.
1791670704.219 10384  6896  6896 I GoogleInputMethodService: GoogleInputMethodService.onStartInput():1552 onStartInput(EditorInfo{EditorInfo{packageName=com.oplus.camera, inputType=0, inputTypeString=NULL, enableLearning=false, autoCorrection=false, autoComplete=false, imeOptions=0, privateImeOptions=null, actionName=UNSPECIFIED, actionLabel=null, initialSelStart=-1, initialSelEnd=-1, initialCapsMode=0, label=null, fieldId=0, fieldName=null, extras=null, hintText=null, hintLocales=[]}}, false)
1791670704.219 10384  6896  6896 I LatinInputMethodServiceBase: LatinInputMethodServiceBase.updateInputViewCoverNavigation():360 Update input view padding, isNavbarOverInputWindow=true, bottom inset=134
1791670704.220 10384  6896 19255 I Module  : DeviceLockedStatusModuleProvider$Module.updateDeviceLockedStatusInternal():119 repeatCheckTimes = 0, locked = false
1791670704.220  1047 30549 30659 I CamX    : [ALWAYS_ON  ] camxhal3.cpp:1534 configure_streams() FINAL stream[0]=0xb40000756e494578, format=34, wxh=1920x822, stream_type=CAMERA3_STREAM_OUTPUT, usage=0x40020103, max_buffer=8, data_space=HAL_DATASPACE_UNKNOWN
1791670704.220  1047 30549 30659 I CamX    : [ALWAYS_ON  ] camxhal3.cpp:1534 configure_streams() FINAL stream[1]=0xb40000756e494f18, format=34, wxh=3840x1644, stream_type=CAMERA3_STREAM_OUTPUT, usage=0x40030022, max_buffer=21, data_space=HAL_DATASPACE_STANDARD_BT2020
1791670704.220 10384  6896 19255 I Module  : DeviceLockedStatusModuleProvider$Module.updateDeviceLockedStatusInternal():119 repeatCheckTimes = 1, locked = false
1791670704.220  1047 30549 30659 I CamX    : [ALWAYS_ON  ] camxhal3.cpp:1568 configure_streams() HalOp: End CONFIG, logicalCameraId: 0, cameraId: 0
1791670704.221  1000  4337  4525 W PackageConfigPersister: App-specific configuration not found for packageName: com.oplus.camera and userId: 0
1791670704.222 10551 30581 30581 E OCAM_BroadcastHandler: handleReceivedBroadcast, intent action: android.intent.action.BATTERY_CHANGED, packageName: null, isNewCameraLaunch: true
1791670704.218  1047 30669 30669 I CAM_INFO: CAM-OIS: Download124Or128FW: 948 Gyro_X:0x4b0000, Gyro_Y:0x1dd0000
1791670704.219  1047 30669 30669 I CAM_INFO: CAM-OIS: Download124Or128FW: 959 Gyro_gain_X:0x3ac082c0, Gyro_gain_Y:0x3e560400
1791670704.222  1047 30669 30669 I CAM_INFO: CAM-OIS: Download124Or128FW: 1010 cam_ois_fw_download rc=0, (Spend: 28 ms)
1791670704.224 10551 30581 30858 W CameraUnit, StateCallback: onConfigured,android.hardware.camera2.impl.CameraCaptureSessionImpl@432fd3a
1791670704.224 10551 30581 30857 E CameraUnit_TRACE: traceEndSection, msg: CameraUnit.CameraStartupPerformance.createCaptureSession
1791670704.225  1000  4337  6597 I ImeTracker: system_server:d32cf161: onRequestHide at ORIGIN_SERVER reason IME_REQUESTED_CHANGED_LISTENER fromUser false displayId 0
1791670704.227 10551 30581 30581 E OCAM_PreviewFrameLayout: setVisibility, visibility: 0
1791670704.228  1000  4337  4385 I ImeTracker: system_server:d32cf161: onCancelled at PHASE_SERVER_SHOULD_HIDE
1791670704.228 10551 30581 30842 E OCAM_FaceDetectPresenter: onPreviewStageChanged:2
1791670704.229 10551 30581 30842 W OCAM_PreviewProcessor: onAfterCaptureSessionConfigured, transfer control to main thread [start]
1791670704.229 10551 30581 30842 W OCAM_PreviewProcessor: onAfterCaptureSessionConfigured, get mode change lock [start]
1791670704.229 10551 30581 30842 W OCAM_PreviewProcessor: checkModeTask, get mode change lock [end]
1791670704.229 10551 30581 30842 W OCAM_PreviewProcessor: checkModeTask, release mode change lock
1791670704.229 10551 30581 30842 E OCAM_h_BaseMode: onBeforePreview, capMode: movie, mCurrentMode: dh.h@1ed604b
1791670704.233 10551 30581 30581 W OCAM_PreviewProcessor: onAfterCaptureSessionConfigured, transfer control to main thread [end]
1791670704.233 10551 30581 30581 W OCAM_CameraCore: onPreviewOk, mbDisplayOnLock: false
1791670704.233 10551 30581 30842 W OCAM_PreviewProcessor: startPreview, wait for copying texture size [start]
1791670704.233 10551 30581 30842 W OCAM_PreviewProcessor: startPreview, wait for copying texture size [end]
1791670704.233 10551 30581 30842 E OCAM_FaceDetectPresenter: onPreviewStageChanged:3
1791670704.234 10551 30581 30842 E VendorTagDescriptor: lookupTag: Tag name 'aec.customAE.enable' does not exist.
1791670704.236 10551 30581 30857 E VendorTagDescriptor: lookupTag: Tag name 'mipiraw.online.bpc' does not exist.
1791670704.236 10551 30581 30857 E VendorTagDescriptor: lookupTag: Tag name 'caller.package.name' does not exist.
1791670704.236 10551 30581 30857 E VendorTagDescriptor: lookupTag: Tag name 'camera.is.turn.on' does not exist.
1791670704.236 10551 30581 30857 E VendorTagDescriptor: lookupTag: Tag name 'video.stabilization.mode' does not exist.
1791670704.236 10551 30581 30857 E VendorTagDescriptor: lookupTag: Tag name 'algo.visualization.enable' does not exist.
1791670704.236 10551 30581 30857 E VendorTagDescriptor: lookupTag: Tag name 'TR.processing.state' does not exist.
1791670704.236 10551 30581 30857 E VendorTagDescriptor: lookupTag: Tag name 'light.sensor.lux' does not exist.
1791670704.236 10551 30581 30857 E VendorTagDescriptor: lookupTag: Tag name 'moving.object' does not exist.
1791670704.236 10551 30581 30857 E VendorTagDescriptor: lookupTag: Tag name 'camera.is.from.main.menu' does not exist.
1791670704.236 10551 30581 30857 E VendorTagDescriptor: lookupTag: Tag name 'camera.mode' does not exist.
1791670704.236 10551 30581 30857 E VendorTagDescriptor: lookupTag: Tag name 'camera.3d.api.state' does not exist.
1791670704.236 10551 30581 30857 E VendorTagDescriptor: lookupTag: Tag name 'sensor.exposureTime' does not exist.
1791670704.236 10551 30581 30857 E VendorTagDescriptor: lookupTag: Tag name 'capture.hdr.support' does not exist.
1791670704.237 10551 30581 30857 E VendorTagDescriptor: lookupTag: Tag name 'preview.hdr.support' does not exist.
1791670704.237 10551 30581 30857 E VendorTagDescriptor: lookupTag: Tag name 'picture.offset.time' does not exist.
1791670704.237 10551 30581 30857 E VendorTagDescriptor: lookupTag: Tag name 'only.zoom.change' does not exist.
1791670704.237 10551 30581 30857 E VendorTagDescriptor: lookupTag: Tag name 'aicolor.rear.enable' does not exist.
1791670704.237 10551 30581 30857 E VendorTagDescriptor: lookupTag: Tag name 'capture.exposureTime' does not exist.
1791670704.237 10551 30581 30857 E VendorTagDescriptor: lookupTag: Tag name 'camera.livephoto.enable' does not exist.
1791670704.237 10551 30581 30857 E VendorTagDescriptor: lookupTag: Tag name 'ipe.sequence' does not exist.
1791670704.237 10551 30581 30857 E VendorTagDescriptor: lookupTag: Tag name 'lsd.enable' does not exist.
1791670704.237 10551 30581 30857 E VendorTagDescriptor: lookupTag: Tag name 'caller.package.name' does not exist.
1791670704.237  1047 30908 30908 I CAM_INFO: CAM-HFI: cam_hfi_resume: 644 Resume IO1 : [0x10c00000 0xcf300000] IO2 [0xe0200000 0x1ed00000]
1791670704.240 10551 30581 30857 E VendorTagDescriptor: lookupTag: Tag name 'camera.livephoto.enable' does not exist.
1791670704.241  1047  4180 30864 I CameraService: Start camera streaming for com.oplus.camera (PID 30581, UID 10551)
1791670704.243 10551 30581 30611 W OCAM_LaunchPerformance: setRequestRepeatingTime, wrong action, sSessionConfiguredTime: 1791670704227, sRequestRepeatingTime: 1791670704235
1791670704.243 10551 30581 30842 E OCAM_FaceDetectPresenter: onPreviewStageChanged:4
1791670704.243 10551 30581 30842 W OCAM_OneCameraImpl: onSessionConfigured, block!
1791670704.245  1000   764   764 I servicemanager: Caller(pid=30549,uid=1047,sid=u:r:hal_camera_default:s0) Could not find android.hardware.graphics.allocator.IAllocator/default in the VINTF manifest. No alternative instances declared in VINTF.
1791670704.248  1000  4337  4525 D FileUtils: Rounded bytes from 11796553728 to 16000000000
1791670704.248 10551 30581 30632 E ApsAdapter, ApsParameters: set, key: previewcfg_component_pipeline_copyfrom0
1791670704.248 10551 30581 30632 E ApsAdapter, ApsParameters: set, key: previewcfg_component_algonode_copyfrom0
1791670704.249 10551 30581 30632 E ApsAdapter, ApsParameters: set, key: previewcfg_component_pipeline_copyfrom1
1791670704.249 10551 30581 30632 E ApsAdapter, ApsParameters: set, key: previewcfg_component_algonode_copyfrom1
1791670704.249 10551 30581 30632 E ApsAdapter, ApsParameters: set, key: previewcfg_component_pipeline_copyfrom2
1791670704.249 10551 30581 30632 E ApsAdapter, ApsParameters: set, key: previewcfg_component_algonode_copyfrom2
1791670704.251  1047 30671 30671 I CAM_INFO: CAM-ACTUATOR: cam_actuator_driver_cmd: 916 CAM_ACQUIRE_DEV Device Handle: 12386565
1791670704.251  1047 30671 30671 I CAM_INFO: CAM-SENSOR: cam_sensor_util_request_gpio_table: 1217 No GPIO data
1791670704.253  1047 30671 30671 I CAM_INFO: CAM-SENSOR: msm_cam_sensor_handle_reg_gpio: 1960 Input Parameters are not proper
1791670704.253  1047 30671 30671 I CAM_INFO: CAM-SENSOR: msm_cam_sensor_handle_reg_gpio: 1960 Input Parameters are not proper
1791670704.257 10551 30581 30926 W libc    : Access denied finding property "vendor.aps.priority"
1791670704.257 10551 30581 30926 W libc    : Access denied finding property "vendor.oplus.debug.algo.otest"
1791670704.257  1000  1753  1753 I SurfaceFlinger: Display 4630946292801050754 policy changed
1791670704.257  1000  1753  1753 I SurfaceFlinger: Previous: {defaultModeId=3, allowGroupSwitching=false, primaryRanges={physical=[60.00 Hz, 120.00 Hz], render=[60.00 Hz, 120.00 Hz]}, appRequestRanges={physical=[0.00 Hz, 120.00 Hz], render=[0.00 Hz, 120.00 Hz]} idleScreenConfig=nullptr}
1791670704.257  1000  1753  1753 I SurfaceFlinger: Current:  DisplayManagerPolicy{defaultModeId=3, allowGroupSwitching=false, primaryRanges={physical=[60.00 Hz, 120.00 Hz], render=[60.00 Hz, 60.00 Hz]}, appRequestRanges={physical=[30.00 Hz, 120.00 Hz], render=[30.00 Hz, 60.00 Hz]} idleScreenConfig=nullptr}
1791670704.257  1000  1753  1753 I SurfaceFlinger: 39 mode changes were performed under the previous policy
1791670704.257 10551 30581 30924 W libc    : Access denied finding property "vendor.aps.priority"
1791670704.260  1000  1753  1753 D SurfaceFlinger: initiateModeChange 4630946292801050754 {mode={fps=60.00 Hz, modePtr={id=3, vsyncRate=60.00 Hz, peakRefreshRate=60.00 Hz}}, emitEvent=true, force=false}
1791670704.260  1000  1703  3573 D SDM     : IRIS_LOG_HWC::SetActiveConfigWithConstraints:465: 03
1791670704.260  1000  1703  3573 I IRIS_LOG_SERV: config 3, Refresh rate 60, Frame 3216x1440, Current mode 'ABYP'
1791670704.260  1000  1703  3573 D IRIS_LOG_SERV: Service Mode changed to: IRIS_SERVICE_MODE_BYPASS
1791670704.260  1000  1703  3573 I IRIS_LOG_SERV: SetActiveConfig[3]: 60 3216x1440 => 0
1791670704.261  1000  1703  3573 I SDM     : HWDeviceDRM::UpdateMixerAttributes: Mixer WxH 1440x3216-1 for Peripheral
1791670704.261  1000  1703  3573 I SDM     : HWCDisplay::SubmitDisplayConfig: HWC SetActiveConfig [5,3], cur_resolution is (1440, 3216), new_resolution is (1440, 3216)
1791670704.261  1000  1703  3573 I SDM     : HWCDisplay::SubmitDisplayConfig: Active configuration changed to: 3
1791670704.262  1000  1703  3573 D IRIS_LOG_COLR: Use kPbGamut HwConfigPayload
1791670704.263  1000  1617  1785 E minksocket: MinkIPC_QRTR_Service: client with node 1 port 60c8 went down
1791670704.264  1047 30671 30671 I CAM_INFO: CAM-ACTUATOR: cam_actuator_power_up: 128 cam_actuator_power_up bd0105
1791670704.265  1000  1617  1785 E minksocket: MinkIPC_QRTR_Service: client with node 1 port 60c9 went down
1791670704.265  1000  1617  1785 E minksocket: MinkIPC_QRTR_Service: client with node 1 port 60ca went down
1791670704.265  1000  1617  1785 E minksocket: MinkIPC_QRTR_Service: client with node 1 port 60cb went down
1791670704.267  1047 30549 30907 I CamX    : [ALWAYS_ON  ] camxncsservice.cpp:284 RegisterService() NCS register pNCSIntfObject=0x74d99cafe0, sensorType=1
1791670704.267  1047 30549 30907 I CamX    : [ALWAYS_ON  ] camxncsintfqsee.cpp:964 CreateClientSession() New register request for sensor 1: sample rate 416.000000, report rate 10000
1791670704.269  1047 30549 30907 I CamX    : [ALWAYS_ON  ] camxncsservice.cpp:327 RegisterService() Successfully register to the NCS service: obj=0xb40000767e58c850, interface=0, slot=3, num_clients=4
1791670704.271  1047 30549 30907 I CamX    : [ALWAYS_ON  ] camxncsservice.cpp:284 RegisterService() NCS register pNCSIntfObject=0x74d99cafe0, sensorType=14
1791670704.271  1047 30549 30907 I CamX    : [ALWAYS_ON  ] camxncsintfqsee.cpp:964 CreateClientSession() New register request for sensor 14: sample rate 104.000000, report rate 10000
1791670704.272  1000  1617  1785 E minksocket: MinkIPC_QRTR_Service: client with node 1 port 60cd went down
1791670704.272  1002  1622  5442 I vendor.qti.bluetooth@1.0-ibs_handler: ProcessIbsCmd: Received IBS_WAKE_IND: 0xFD
1791670704.272  1002  1622  5442 D vendor.qti.bluetooth@1.0-ibs_handler: SerialClockVote: vote for UART CLK ON
1791670704.273  1000  1617  1785 E minksocket: MinkIPC_QRTR_Service: client with node 1 port 60ce went down
1791670704.273  1002  1622  5442 D vendor.qti.bluetooth@1.0-wake_lock: Acquire wakelock is acquired
1791670704.273  1002  1622  5442 I vendor.qti.bluetooth@1.0-ibs_handler: ProcessIbsCmd: Writing IBS_WAKE_ACK
1791670704.274  1000  1617  1785 E minksocket: MinkIPC_QRTR_Service: client with node 1 port 60cf went down
1791670704.275  1000  1617  1785 E minksocket: MinkIPC_QRTR_Service: client with node 1 port 60d0 went down
1791670704.278  1047 30549 30907 I CamX    : [ALWAYS_ON  ] camxncsservice.cpp:327 RegisterService() Successfully register to the NCS service: obj=0xb40000767e58c590, interface=0, slot=4, num_clients=5
1791670704.278  1047 30549 30907 I CamX    : [ALWAYS_ON  ] camxncsservice.cpp:284 RegisterService() NCS register pNCSIntfObject=0x74d99cafe0, sensorType=15
1791670704.278  1047 30549 30907 I CamX    : [ALWAYS_ON  ] camxncsintfqsee.cpp:964 CreateClientSession() New register request for sensor 15: sample rate 104.000000, report rate 30000
1791670704.277  root   709   709 I [drm:oplus_dsi_display_vsync_switch_check_te [msm_drm]] [msm-dsi-info]: kVRR vsync_switch_gpio is already 0
1791670704.278  root   709   709 E         : IRIS_LOG I iris_switch(), return 0, total cost '238 us'
1791670704.278  root   709   709 I [drm:dsi_panel_adfr_status_reset [msm_drm]] [msm-dsi-info]: kVRR auto mode reset: auto mode 0, fakeframe 0, min fps 1
1791670704.278  root   709   709 E         : <AMB670YF01> dsi_cmd qcom,mdss-dsi-post-panel-on-command
1791670704.279  1000  1617  1785 E minksocket: MinkIPC_QRTR_Service: client with node 1 port 60d2 went down
1791670704.283  1000  1617  1785 E minksocket: MinkIPC_QRTR_Service: client with node 1 port 60d3 went down
1791670704.286  1000  1617  1785 E minksocket: MinkIPC_QRTR_Service: client with node 1 port 60d4 went down
1791670704.286  1000  4337  4385 I DisplayDeviceRepository: Display device changed render timings: "Yerleşik Ekran", renderFrameRate=60.000004, presentationDeadlineNanos=16666666, appVsyncOffsetNanos=1000000, frameRateOverrides=[]
1791670704.287  1000  1617  1785 E minksocket: MinkIPC_QRTR_Service: client with node 1 port 60d5 went down
1791670704.287  1047 30549 30907 I CamX    : [ALWAYS_ON  ] camxncsservice.cpp:327 RegisterService() Successfully register to the NCS service: obj=0xb40000767e58c0d0, interface=0, slot=5, num_clients=6
1791670704.288  1000  4337  4383 D WindowManager: DeferredDisplayUpdater: partially applying DisplayInfo(1440 x 3216) immediately
1791670704.288  1047 30549 30907 I CamX    : [ALWAYS_ON  ] camxncsservice.cpp:284 RegisterService() NCS register pNCSIntfObject=0x74d99cafe0, sensorType=1
1791670704.288  1047 30549 30907 I CamX    : [ALWAYS_ON  ] camxncsintfqsee.cpp:964 CreateClientSession() New register request for sensor 1: sample rate 416.000000, report rate 10000
1791670704.288  1047 30549 30907 I CamX    : [ALWAYS_ON  ] camxncsservice.cpp:327 RegisterService() Successfully register to the NCS service: obj=0xb40000767e58cdd0, interface=0, slot=6, num_clients=7
1791670704.288  1047 30549 30907 I CamX    : [ALWAYS_ON  ] camxncsservice.cpp:284 RegisterService() NCS register pNCSIntfObject=0x74d99cafe0, sensorType=14
1791670704.288  1047 30549 30907 I CamX    : [ALWAYS_ON  ] camxncsintfqsee.cpp:964 CreateClientSession() New register request for sensor 14: sample rate 104.000000, report rate 10000
1791670704.288  1047 30549 30907 I CamX    : [ALWAYS_ON  ] camxncsservice.cpp:327 RegisterService() Successfully register to the NCS service: obj=0xb40000767e58d0d0, interface=0, slot=7, num_clients=8
1791670704.288  1047 30549 30907 I CamX    : [ALWAYS_ON  ] camxncsservice.cpp:284 RegisterService() NCS register pNCSIntfObject=0x74d99cafe0, sensorType=15
1791670704.288  1047 30549 30907 I CamX    : [ALWAYS_ON  ] camxncsintfqsee.cpp:964 CreateClientSession() New register request for sensor 15: sample rate 104.000000, report rate 30000
1791670704.289  1041  4165  4165 D audio_hw_primary: adev_set_parameters: enter: screen_state=on
1791670704.289  1041  4165  4165 D sound_trigger_hw: handle_screen_status_change: screen on
1791670704.291  1047 30549 30907 I CamX    : [ALWAYS_ON  ] camxncsservice.cpp:327 RegisterService() Successfully register to the NCS service: obj=0xb40000767e58d810, interface=0, slot=8, num_clients=9
1791670704.293  1047 30549 30907 I EISV2   : camxchinodeeisv2.cpp:1127 InitializeLib(): sensor mount angle 90
1791670704.293  1047 30549 30907 I EISV2   : camxchinodeeisv2.cpp:1149 InitializeLib(): Sensor camera position 0 direction 0 Active array dim 8000x6016
1791670704.293  1047 30549 30907 I EISV2   : camxchinodeeisv2.cpp:1256 InitializeLib(): HIS enable 1
1791670704.293  1047 30549 30907 I EISV2   : camxchinodeeisv2.cpp:1315 InitializeLib(): Sensor id 0, sensor dim [4000 3008] frame dim [0 0 4000 3008], crop info [0 0 3999 3007], binning H 2 V 2 applied sensor crop [8000.000000 6016.000000 0.000000 0.000000 8000.000000 6016.000000]
1791670704.294  1047 30549 30907 I EISV3   : camxchinodeeisv3.cpp:1392 InitializeLib(): Sensor camera position 0 direction 0 Active array dim 8000x6016
1791670704.294  1047 30549 30907 I EISV3   : camxchinodeeisv3.cpp:1497 InitializeLib(): HIS enable 1
1791670704.294  1047 30549 30907 E IS_ALGO : IS0530: V3: eis_internal_get_stabilization_margin(4441): Invalid SW flow. eis_internal_get_stabilization_margin() was called with IS_TYPE_DISTORTION_CORRECTION_ONLY context
1791670704.294  1047 30549 30907 I EISV3   : camxchinodeeisv3.cpp:1392 InitializeLib(): Sensor camera position 0 direction 0 Active array dim 8000x6016
1791670704.294  1047 30549 30907 I EISV3   : camxchinodeeisv3.cpp:1497 InitializeLib(): HIS enable 1
1791670704.295  1047 30549 30907 W IS_ALGO : IS0514: V3: interpolate_weights(73): Filter parameters are extrapolated instead of interpolated
1791670704.295  1047 30549 30907 I CamX    : [ALWAYS_ON  ] camxncsservice.cpp:284 RegisterService() NCS register pNCSIntfObject=0x74d99cafe0, sensorType=1
1791670704.295  1047 30549 30907 I CamX    : [ALWAYS_ON  ] camxncsintfqsee.cpp:964 CreateClientSession() New register request for sensor 1: sample rate 416.000000, report rate 10000
1791670704.295  1047 30549 30907 I CamX    : [ALWAYS_ON  ] camxncsservice.cpp:327 RegisterService() Successfully register to the NCS service: obj=0xb40000767e58dbd0, interface=0, slot=9, num_clients=10
1791670704.295  1047 30549 30907 I CamX    : [ALWAYS_ON  ] camxncsservice.cpp:284 RegisterService() NCS register pNCSIntfObject=0x74d99cafe0, sensorType=4
1791670704.295  1047 30549 30907 I CamX    : [ALWAYS_ON  ] camxncsintfqsee.cpp:964 CreateClientSession() New register request for sensor 4: sample rate 52.000000, report rate 30000
1791670704.296  1000  1617  1785 E minksocket: MinkIPC_QRTR_Service: client with node 1 port 60d7 went down
1791670704.296  1000  1617  1785 E minksocket: MinkIPC_QRTR_Service: client with node 1 port 60d8 went down
1791670704.297  1000  1617  1785 E minksocket: MinkIPC_QRTR_Service: client with node 1 port 60d9 went down
1791670704.298  1000  1617  1785 E minksocket: MinkIPC_QRTR_Service: client with node 1 port 60da went down
1791670704.299  1047 30549 30907 I CamX    : [ALWAYS_ON  ] camxncsservice.cpp:327 RegisterService() Successfully register to the NCS service: obj=0xb40000767e58d950, interface=0, slot=10, num_clients=11
1791670704.299  1047 30549 30907 E ISPHVX  : [ams-tof:ERROR  ] oemtofcontroller.cpp:137 is_sensor_available() E CAMX [OEM][ERROR][OP_EXT] ams-tof=/dev/input/event5
1791670704.299  1047 30549 30907 D ISPHVX  : [ams-tof:DEBUG  ] oemtofcontroller.cpp:165 Initialize() D CAMX [OEM][DEBUG][OP_EXT] TOF Initialize success !
1791670704.299  1047 30549 30907 D ISPHVX  : [ams-tof:DEBUG  ] oemtofcontroller.cpp:245 startTOF() D CAMX [OEM][DEBUG][OP_EXT] Create defer thread successful
1791670704.300  1047 30549 30933 E ISPHVX  : [ams-tof:ERROR  ] oemtofcontroller.cpp:339 writeFile() E CAMX [OEM][ERROR]Unable to write all data in /sys/kernel/tof_control/chip_enable
1791670704.300  1047 30549 30933 E ISPHVX  : [ams-tof:ERROR  ] oemtofcontroller.cpp:357 TOFInitializeThraedCb() E CAMX [OEM][ERROR][OP_EXT] SET tof AMS_TOF_CMD_START failed !
1791670704.300  1047 30549 30933 E ISPHVX  : [ams-tof:ERROR  ] oemtofcontroller.cpp:191 OemTofStartTest() E CAMX [OEM][ERROR]write calibration file success
1791670704.300 10551 30581 30581 W OCAM_CameraBurstSettingMenuPanel: initSwitch, outerCircleUnCheckedColor access failed No field mOuterCircleUnCheckedColor in class Lcom/coui/appcompat/couiswitch/COUISwitch; (declaration of 'com.coui.appcompat.couiswitch.COUISwitch' appears in /data/app/~~pwrM1FFZPcTDtyIFM23IXQ==/com.oplus.camera-6To1ae9Bp6KmV_a4LzhBKw==/base.apk)
1791670704.299  1047 30907 30907 I input5  : tof_input_dev_open
1791670704.300  1047 30933 30933 E         : ams-tof [INFO]  chip_enable_store: 1
1791670704.300  1047 30933 30933 E         : ams-tof [INFO]  app0_apply_fac_calib_store
1791670704.300  1047 30933 30933 E         : ams-tof [INFO]  factory calib i=0 data=0x81
1791670704.300  1047 30933 30933 E         : ams-tof [INFO]  factory calib i=1 data=0x62
1791670704.300  1047 30933 30933 E         : ams-tof [INFO]  factory calib i=2 data=0x0
1791670704.300  1047 30933 30933 E         : ams-tof [INFO]  factory calib i=3 data=0x12
1791670704.300  1047 30933 30933 E         : ams-tof [INFO]  factory calib i=4 data=0x45
1791670704.300  1047 30933 30933 E         : ams-tof [INFO]  factory calib i=5 data=0xa0
1791670704.300  1047 30933 30933 E         : ams-tof [INFO]  factory calib i=6 data=0x2
1791670704.300  1047 30933 30933 E         : ams-tof [INFO]  factory calib i=7 data=0x83
1791670704.300  1047 30933 30933 E         : ams-tof [INFO]  factory calib i=8 data=0xe
1791670704.300  1047 30933 30933 E         : ams-tof [INFO]  factory calib i=9 data=0xb
1791670704.300  1047 30933 30933 E         : ams-tof [INFO]  factory calib i=10 data=0x34
1791670704.300  1047 30933 30933 E         : ams-tof [INFO]  factory calib i=11 data=0x14
1791670704.300  1047 30933 30933 E         : ams-tof [INFO]  factory calib i=12 data=0x0
1791670704.300  1047 30933 30933 E         : ams-tof [INFO]  factory calib i=13 data=0x4
1791670704.304  1047 30549 30907 I mm-camera-CORE: [af_util_adjust_roi, 2302][AFDBG] maincamera: 1, cameraId: 0, Calculated new ROI: (1340, 1008, 1320, 992)
1791670704.304  1047 30549 30907 I mm-camera-CORE: [af_util_adjust_roi, 2302][AFDBG] maincamera: 1, cameraId: 0, Calculated new ROI: (1340, 1008, 1320, 992)
1791670704.307 10551 30581 30935 D MediaCodecList: codecHandlesFormat: no format, so no extra checks
1791670704.309  1047 30907 30907 I msm_cvp : err: Failed to create debugfs for msm_cvp
1791670704.311 10551 30581 30936 I MediaCodec: Retry enabled for HDCP failure
1791670704.311 10551 30581 30935 I MediaCodec: Retry enabled for HDCP failure
1791670704.313  1002  1622  5442 I vendor.qti.bluetooth@1.0-ibs_handler: ProcessIbsCmd: Received IBS_SLEEP_IND: 0xFE
1791670704.313  1002  1622  5442 D vendor.qti.bluetooth@1.0-ibs_handler: SerialClockVote: vote for UART CLK OFF
1791670704.316  1047 30549 30907 I CVP     : File: vendor/qcom/proprietary/cv-noship/cvp/2.1/src/cpu/cvpPower.cpp Line: 624 Function: cvpEstimatePowerDme() Msg: DME Voting
1791670704.316  1047 30549 30907 I CVP     : File: vendor/qcom/proprietary/cv-noship/cvp/2.1/src/cpu/cvpPower.cpp Line: 1599 Function: cvpAggreatePower() Msg: After aggregation
1791670704.316  1047 30549 30907 I CVP     : File: vendor/qcom/proprietary/cv-noship/cvp/2.1/src/cpu/cvpPower.cpp Line: 85 Function: cvpPrintPower() Msg: Actual      Clock: Fdu 24826500, Ica 19046400, Od 0, Mpu 0, Fw 50400000
1791670704.316  1047 30549 30907 I CVP     : File: vendor/qcom/proprietary/cv-noship/cvp/2.1/src/cpu/cvpPower.cpp Line: 89 Function: cvpPrintPower() Msg: Operational Clock: Fdu 24826500, Ica 19046400, Od 0, Mpu 0, Fw 50400000
1791670704.316  1047 30549 30907 I CVP     : File: vendor/qcom/proprietary/cv-noship/cvp/2.1/src/cpu/cvpPower.cpp Line: 91 Function: cvpPrintPower() Msg: Actual     Bw: Ddr 150850320, SysCache 0
1791670704.316  1047 30549 30907 I CVP     : File: vendor/qcom/proprietary/cv-noship/cvp/2.1/src/cpu/cvpPower.cpp Line: 93 Function: cvpPrintPower() Msg: Opeational Bw: Ddr 150850320, SysCache 0
1791670704.316  1047 30549 30907 I CVP     : File: vendor/qcom/proprietary/cv-noship/cvp/2.1/src/cpu/cvpPower.cpp Line: 96 Function: cvpPrintPower() Msg: FPS: FDU 0, MPU 0, OD 0, ICA 0
1791670704.316  1000  4337  4337 W AccessibilityManagerService:  wait for adding window timeout: 478
1791670704.314  root  7821  7821 I msm_cvp : fw: <CFW_E:CVWork:--------:-> cvp_Worker_ProcessControlCommand(10379): return from cvp_Worker_ValidateStreamConfig Success
1791670704.315  root 26028 26028 I msm_cvp : fw: <CFW_E:RTWrkT:--------:-> cvp_Worker_ProcessControlCommand(10379): return from cvp_Worker_ValidateStreamConfig Success
1791670704.315  1047 30907 30907 I synx    : [sess: 10644226] session created cvp-kernel-client
1791670704.316  root 26028 26028 I msm_cvp : fw: <CFW_E:RTWrkT:--------:-> cvp_Worker_ValidateStreamConfig(14275): condition value  0, venusHWSkuVersion 0, hardware id  9
1791670704.316  root 26028 26028 I msm_cvp : fw: <CFW_E:RTWrkT:--------:-> cvp_Worker_ProcessControlCommand(10379): return from cvp_Worker_ValidateStreamConfig Success
1791670704.317  root 26028 26028 I msm_cvp : fw: <CFW_E:RTWrkT:--------:-> cvp_Worker_ProcessControlCommand(10379): return from cvp_Worker_ValidateStreamConfig Success
1791670704.317  1047 30549 30907 I CVP     : File: vendor/qcom/proprietary/cv-noship/cvp/2.1/src/cpu/cvpPvtUtils.cpp Line: 313 Function: cvpSetPower() Msg: Update power to KMD
1791670704.317  1047 30549 30907 I CVP     : File: vendor/qcom/proprietary/cv-noship/cvp/2.1/src/cpu/cvpPower.cpp Line: 85 Function: cvpPrintPower() Msg: Actual      Clock: Fdu 24826500, Ica 19046400, Od 0, Mpu 0, Fw 50400000
1791670704.317  1047 30549 30907 I CVP     : File: vendor/qcom/proprietary/cv-noship/cvp/2.1/src/cpu/cvpPower.cpp Line: 89 Function: cvpPrintPower() Msg: Operational Clock: Fdu 24826500, Ica 19046400, Od 0, Mpu 0, Fw 50400000
1791670704.317  1047 30549 30907 I CVP     : File: vendor/qcom/proprietary/cv-noship/cvp/2.1/src/cpu/cvpPower.cpp Line: 91 Function: cvpPrintPower() Msg: Actual     Bw: Ddr 150850320, SysCache 0
1791670704.317  1047 30549 30907 I CVP     : File: vendor/qcom/proprietary/cv-noship/cvp/2.1/src/cpu/cvpPower.cpp Line: 93 Function: cvpPrintPower() Msg: Opeational Bw: Ddr 150850320, SysCache 0
1791670704.317  1047 30549 30907 I CVP     : File: vendor/qcom/proprietary/cv-noship/cvp/2.1/src/cpu/cvpPower.cpp Line: 96 Function: cvpPrintPower() Msg: FPS: FDU 0, MPU 0, OD 0, ICA 0
1791670704.320  1047 30549 30907 I CamX    : [ALWAYS_ON  ] camxncsservice.cpp:284 RegisterService() NCS register pNCSIntfObject=0x74d99cafe0, sensorType=4
1791670704.320  1047 30549 30907 I CamX    : [ALWAYS_ON  ] camxncsintfqsee.cpp:964 CreateClientSession() New register request for sensor 4: sample rate 52.000000, report rate 30000
1791670704.320  1047 30549 30907 I CamX    : [ALWAYS_ON  ] camxncsservice.cpp:327 RegisterService() Successfully register to the NCS service: obj=0xb40000767e58f090, interface=0, slot=11, num_clients=12
1791670704.322 10551 30581 30935 I ApexCodecsLazy: ApexCodecs loaded
1791670704.322 10551 30581 30935 I Codec2Client: Available Codec2 services: "default" "software" "__ApexCodecs__"
1791670704.326  1047 30659 30659 I CAM_INFO: CAM-ISP: cam_ife_hw_mgr_print_acquire_info: 864 Acquired dual IFE[1 2] with [15 pix] [1 pd] [1 rdi] ports for ctx:7
1791670704.325  1047 30549 30659 D android.hardware.camera.provider@2.4-service_64: IMX789 - Update Max Analog Gain (64.000000, 16128)
1791670704.325  1047 30549 30659 I CamX    : [ALWAYS_ON  ] camxncsservice.cpp:284 RegisterService() NCS register pNCSIntfObject=0x74d99cf878, sensorType=11
1791670704.325  1047 30549 30659 I CamX    : [ALWAYS_ON  ] camxncsservice.cpp:327 RegisterService() Successfully register to the NCS service: obj=0xb40000767e58c7d0, interface=3, slot=12, num_clients=13
1791670704.325  1047 30549 30659 I EISV2   : camxchinodeeisv2.cpp:5768 PrepareStreamOn(): NCS service for ois registered with 0 sensor Id
1791670704.325  1047 30549 30659 I CamX    : [ALWAYS_ON  ] camxncsservice.cpp:284 RegisterService() NCS register pNCSIntfObject=0x74d99cf878, sensorType=11
1791670704.325  1047 30549 30659 I CamX    : [ALWAYS_ON  ] camxncsservice.cpp:327 RegisterService() Successfully register to the NCS service: obj=0xb40000767e58b0d0, interface=3, slot=13, num_clients=14
1791670704.325  1047 30549 30659 I CamX    : [ALWAYS_ON  ] camxncsservice.cpp:284 RegisterService() NCS register pNCSIntfObject=0x74d99cf878, sensorType=11
1791670704.325  1047 30549 30659 I CamX    : [ALWAYS_ON  ] camxncsservice.cpp:327 RegisterService() Successfully register to the NCS service: obj=0xb40000767e58ab10, interface=3, slot=14, num_clients=15
1791670704.328  1047 30549 30665 F libc    : Fatal signal 6 (SIGABRT), code -1 (SI_QUEUE) in tid 30665 (provider@2.4-se), pid 30549 (provider@2.4-se)
1791670704.328 10551 30581 30936 W om.oplus.camera: Failed to query component store for system resources: 6
1791670704.330 10551 30581 30938 D CCodec  : allocate(c2.android.vorbis.decoder)
1791670704.331 10551 30581 30581 W View    : requestLayout() improperly called by com.oplus.camera.ui.setting.drawer.CameraDrawerSettingMenuPanel{52881ee V.E...... ......ID 0,0-1440,0 #7f090474 app:id/oplus_subsetting_bar} during layout: running second layout pass
1791670704.331 10551 30581 30938 I CCodec  : setting up 'default' as default (vendor) store
1791670704.327  1047 30659 30659 I CAM_WARN: CAM-ISP: cam_isp_packet_generic_blob_handler: 6458 Invalid blob type 15
1791670704.334 10551 30581 30935 W om.oplus.camera: Failed to query component store for system resources: 6
1791670704.335  1046  2213  2890 E CodecServiceRegistrant: querySupportedValues -- transaction failed.
1791670704.335 10551 30581 30937 D CCodec  : allocate(c2.android.vorbis.decoder)
1791670704.335  1046  2213  2890 D BufferPoolAccessor2.0: bufferpool2 0xb400006e4c86c128 : 0(0 size) total buffers - 0(0 size) used buffers - 0/0 (recycle/alloc) - 0/0 (fetch/transfer)
1791670704.335  1046  2213  2890 D BufferPoolAccessor2.0: bufferpool2 0xb400006e4c875088 : 0(0 size) total buffers - 0(0 size) used buffers - 0/0 (recycle/alloc) - 0/0 (fetch/transfer)
1791670704.335  1046  2213  2890 D BufferPoolAccessor2.0: bufferpool2 0xb400006e4c86a7b8 : 6(98304 size) total buffers - 6(98304 size) used buffers - 4/15 (recycle/alloc) - 11/14 (fetch/transfer)
1791670704.335 10551 30581 30938 I CCodec  : Created component [c2.android.vorbis.decoder] for [c2.android.vorbis.decoder]
1791670704.336 10551 30581 30938 D CCodecConfig: read media type: audio/vorbis
1791670704.337 10551 30581 30938 D ReflectedParamUpdater: extent() != 1 for single value type: algo.buffers.max-count.values
1791670704.337 10551 30581 30937 I CCodec  : setting up 'default' as default (vendor) store
1791670704.337 10551 30581 30938 D ReflectedParamUpdater: extent() != 1 for single value type: output.subscribed-indices.values
1791670704.337 10551 30581 30938 D ReflectedParamUpdater: extent() != 1 for single value type: input.buffers.allocator-ids.values
1791670704.337 10551 30581 30938 D ReflectedParamUpdater: extent() != 1 for single value type: output.buffers.allocator-ids.values
1791670704.337 10551 30581 30938 D ReflectedParamUpdater: extent() != 1 for single value type: algo.buffers.allocator-ids.values
1791670704.337 10551 30581 30938 D ReflectedParamUpdater: extent() != 1 for single value type: output.buffers.pool-ids.values
1791670704.337 10551 30581 30938 D ReflectedParamUpdater: extent() != 1 for single value type: algo.buffers.pool-ids.values
1791670704.338 10551 30581 30938 I CCodecConfig: query failed after returning 8 values (BAD_INDEX)
1791670704.338 10551 30581 30938 D CCodecConfig: c2 config diff is Dict {
1791670704.338 10551 30581 30938 D CCodecConfig:   c2::u32 coded.bitrate.value = 64000
1791670704.338 10551 30581 30938 D CCodecConfig:   c2::u32 input.buffers.max-size.value = 32768
1791670704.338 10551 30581 30938 D CCodecConfig:   c2::u32 input.delay.value = 0
1791670704.338 10551 30581 30938 D CCodecConfig:   string input.media-type.value = "audio/vorbis"
1791670704.338 10551 30581 30938 D CCodecConfig:   c2::u32 output.large-frame.max-size = 0
1791670704.338 10551 30581 30938 D CCodecConfig:   c2::u32 output.large-frame.threshold-size = 0
1791670704.338 10551 30581 30938 D CCodecConfig:   string output.media-type.value = "audio/raw"
1791670704.338 10551 30581 30938 D CCodecConfig:   c2::u32 raw.channel-count.value = 1
1791670704.338 10551 30581 30938 D CCodecConfig:   c2::u32 raw.sample-rate.value = 48000
1791670704.338 10551 30581 30938 D CCodecConfig: }
1791670704.338  1046  2213 15799 E CodecServiceRegistrant: querySupportedValues -- transaction failed.
1791670704.339 10551 30581 30937 I CCodec  : Created component [c2.android.vorbis.decoder] for [c2.android.vorbis.decoder]
1791670704.341 10551 30581 30937 D CCodecConfig: read media type: audio/vorbis
1791670704.342 10551 30581 30937 D ReflectedParamUpdater: extent() != 1 for single value type: algo.buffers.max-count.values
1791670704.342 10551 30581 30937 D ReflectedParamUpdater: extent() != 1 for single value type: output.subscribed-indices.values
1791670704.342 10551 30581 30937 D ReflectedParamUpdater: extent() != 1 for single value type: input.buffers.allocator-ids.values
1791670704.342 10551 30581 30937 D ReflectedParamUpdater: extent() != 1 for single value type: output.buffers.allocator-ids.values
1791670704.342 10551 30581 30937 D ReflectedParamUpdater: extent() != 1 for single value type: algo.buffers.allocator-ids.values
1791670704.342 10551 30581 30937 D ReflectedParamUpdater: extent() != 1 for single value type: output.buffers.pool-ids.values
1791670704.342 10551 30581 30937 D ReflectedParamUpdater: extent() != 1 for single value type: algo.buffers.pool-ids.values
1791670704.342 10551 30581 30936 I MediaCodec: media_quality service unavailable, skipping updatePictureProfile
1791670704.343 10551 30581 30938 D CCodec  : [c2.android.vorbis.decoder] buffers are bound to CCodec for this session
1791670704.343 10551 30581 30938 D CCodecConfig: no c2 equivalents for durationUs
1791670704.343 10551 30581 30938 D CCodecConfig: no c2 equivalents for track-id
1791670704.343 10551 30581 30938 D CCodecConfig: no c2 equivalents for csd-1
1791670704.343 10551 30581 30938 D CCodecConfig: no c2 equivalents for flags
1791670704.343 10551 30581 30937 I CCodecConfig: query failed after returning 8 values (BAD_INDEX)
1791670704.343 10551 30581 30937 D CCodecConfig: c2 config diff is Dict {
1791670704.343 10551 30581 30937 D CCodecConfig:   c2::u32 coded.bitrate.value = 64000
1791670704.343 10551 30581 30937 D CCodecConfig:   c2::u32 input.buffers.max-size.value = 32768
1791670704.343 10551 30581 30937 D CCodecConfig:   c2::u32 input.delay.value = 0
1791670704.343 10551 30581 30937 D CCodecConfig:   string input.media-type.value = "audio/vorbis"
1791670704.343 10551 30581 30937 D CCodecConfig:   c2::u32 output.large-frame.max-size = 0
1791670704.343 10551 30581 30937 D CCodecConfig:   c2::u32 output.large-frame.threshold-size = 0
1791670704.343 10551 30581 30937 D CCodecConfig:   string output.media-type.value = "audio/raw"
1791670704.343 10551 30581 30937 D CCodecConfig:   c2::u32 raw.channel-count.value = 1
1791670704.343 10551 30581 30937 D CCodecConfig:   c2::u32 raw.sample-rate.value = 48000
1791670704.343 10551 30581 30937 D CCodecConfig: }
1791670704.343 10551 30581 30938 D CCodecConfig: c2 config diff is   c2::u32 coded.bitrate.value = 499821
1791670704.343 10551 30581 30938 D CCodecConfig:   c2::u32 raw.channel-count.value = 2
1791670704.343 10551 30581 30938 D CCodecConfig:   c2::u32 raw.sample-rate.value = 44100
1791670704.343 10551 30581 30938 W Codec2Client: query -- param skipped: index = 1107298332.
1791670704.343 10551 30581 30938 D CCodec  : encoding statistics level = 0
1791670704.343 10551 30581 30938 D CCodec  : setup formats input: AMessage(what = 0x00000000) = {
1791670704.343 10551 30581 30938 D CCodec  :   int32_t bitrate = 499821
1791670704.343 10551 30581 30938 D CCodec  :   int32_t channel-count = 2
1791670704.343 10551 30581 30938 D CCodec  :   int32_t max-input-size = 32768
1791670704.343 10551 30581 30938 D CCodec  :   string mime = "audio/vorbis"
1791670704.343 10551 30581 30938 D CCodec  :   int32_t sample-rate = 44100
1791670704.343 10551 30581 30938 D CCodec  : }
1791670704.343 10551 30581 30938 D CCodec  : setup formats output: AMessage(what = 0x00000000) = {
1791670704.343 10551 30581 30938 D CCodec  :   int32_t buffer-batch-max-output-size = 0
1791670704.343 10551 30581 30938 D CCodec  :   int32_t buffer-batch-threshold-output-size = 0
1791670704.343 10551 30581 30938 D CCodec  :   int32_t channel-count = 2
1791670704.343 10551 30581 30938 D CCodec  :   string mime = "audio/raw"
1791670704.343 10551 30581 30938 D CCodec  :   int32_t sample-rate = 44100
1791670704.343 10551 30581 30938 D CCodec  :   int32_t channel-mask = 3
1791670704.343 10551 30581 30938 D CCodec  :   int32_t android._config-pcm-encoding = 2
1791670704.343 10551 30581 30938 D CCodec  : }
1791670704.343 10551 30581 30938 I CCodecConfig: query failed after returning 8 values (BAD_INDEX)
1791670704.343 10551 30581 30938 E om.oplus.camera: Failed to query component interface for required system resources: 6
1791670704.344 10551 30581 30935 I MediaCodec: media_quality service unavailable, skipping updatePictureProfile
1791670704.344 10551 30581 30937 D CCodec  : [c2.android.vorbis.decoder] buffers are bound to CCodec for this session
1791670704.344 10551 30581 30937 D CCodecConfig: no c2 equivalents for durationUs
1791670704.344 10551 30581 30937 D CCodecConfig: no c2 equivalents for track-id
1791670704.344 10551 30581 30937 D CCodecConfig: no c2 equivalents for csd-1
1791670704.344 10551 30581 30937 D CCodecConfig: no c2 equivalents for flags
1791670704.344 10551 30581 30938 W Codec2Client: query -- param skipped: index = 1342179345.
1791670704.345 10551 30581 30938 W Codec2Client: query -- param skipped: index = 2415921170.
1791670704.345 10551 30581 30938 D C2Store : Using ION
1791670704.345 10551 30581 30937 D CCodecConfig: c2 config diff is   c2::u32 coded.bitrate.value = 499821
1791670704.345 10551 30581 30937 D CCodecConfig:   c2::u32 raw.channel-count.value = 2
1791670704.345 10551 30581 30937 D CCodecConfig:   c2::u32 raw.sample-rate.value = 44100
1791670704.345 10551 30581 30937 W Codec2Client: query -- param skipped: index = 1107298332.
1791670704.345 10551 30581 30937 D CCodec  : encoding statistics level = 0
1791670704.345 10551 30581 30937 D CCodec  : setup formats input: AMessage(what = 0x00000000) = {
1791670704.345 10551 30581 30937 D CCodec  :   int32_t bitrate = 499821
1791670704.345 10551 30581 30937 D CCodec  :   int32_t channel-count = 2
1791670704.345 10551 30581 30937 D CCodec  :   int32_t max-input-size = 32768
1791670704.345 10551 30581 30937 D CCodec  :   string mime = "audio/vorbis"
1791670704.345 10551 30581 30937 D CCodec  :   int32_t sample-rate = 44100
1791670704.345 10551 30581 30937 D CCodec  : }
1791670704.345 10551 30581 30937 D CCodec  : setup formats output: AMessage(what = 0x00000000) = {
1791670704.345 10551 30581 30937 D CCodec  :   int32_t buffer-batch-max-output-size = 0
1791670704.345 10551 30581 30937 D CCodec  :   int32_t buffer-batch-threshold-output-size = 0
1791670704.345 10551 30581 30937 D CCodec  :   int32_t channel-count = 2
1791670704.345 10551 30581 30937 D CCodec  :   string mime = "audio/raw"
1791670704.345 10551 30581 30937 D CCodec  :   int32_t sample-rate = 44100
1791670704.345 10551 30581 30937 D CCodec  :   int32_t channel-mask = 3
1791670704.345 10551 30581 30937 D CCodec  :   int32_t android._config-pcm-encoding = 2
1791670704.345 10551 30581 30937 D CCodec  : }
1791670704.345 10551 30581 30937 I CCodecConfig: query failed after returning 8 values (BAD_INDEX)
1791670704.345 10551 30581 30937 E om.oplus.camera: Failed to query component interface for required system resources: 6
1791670704.346 10551 30581 30937 W Codec2Client: query -- param skipped: index = 1342179345.
1791670704.346 10551 30581 30937 W Codec2Client: query -- param skipped: index = 2415921170.
1791670704.347  1000  4337  4553 W InputChannel-JNI: Channel already disposed.
1791670704.347 10384  6896  6896 I GoogleInputMethodService: GoogleInputMethodService.onFinishInput():2404
1791670704.348 10384  6896  6896 I GoogleInputMethodService: GoogleInputMethodService.onStartInput():1552 onStartInput(EditorInfo{EditorInfo{packageName=com.oplus.camera, inputType=0, inputTypeString=NULL, enableLearning=false, autoCorrection=false, autoComplete=false, imeOptions=0, privateImeOptions=null, actionName=UNSPECIFIED, actionLabel=null, initialSelStart=-1, initialSelEnd=-1, initialCapsMode=0, label=null, fieldId=0, fieldName=null, extras=null, hintText=null, hintLocales=[]}}, false)
1791670704.348 10384  6896  6896 I LatinInputMethodServiceBase: LatinInputMethodServiceBase.updateInputViewCoverNavigation():360 Update input view padding, isNavbarOverInputWindow=true, bottom inset=134
1791670704.349 10384  6896 19985 I Module  : DeviceLockedStatusModuleProvider$Module.updateDeviceLockedStatusInternal():119 repeatCheckTimes = 0, locked = false
1791670704.350 10384  6896 19985 I Module  : DeviceLockedStatusModuleProvider$Module.updateDeviceLockedStatusInternal():119 repeatCheckTimes = 1, locked = false
1791670704.350  1000  4337  6598 W PackageConfigPersister: App-specific configuration not found for packageName: com.oplus.camera and userId: 0
1791670704.350  1000  4337  6598 I WifiService: startScan uid=10303
1791670704.352 10551 30581 30938 D CCodecBufferChannel: [c2.android.vorbis.decoder#117] Created input block pool with allocatorID 16 => poolID 17 - OK (0)
1791670704.352 10551 30581 30937 D CCodecBufferChannel: [c2.android.vorbis.decoder#306] Created input block pool with allocatorID 16 => poolID 18 - OK (0)
1791670704.352  1046  2213  2890 E CodecServiceRegistrant: querySupportedValues -- transaction failed.
1791670704.353 10551 30581 30937 I CCodecBufferChannel: [c2.android.vorbis.decoder#306] Created output block pool with allocatorID 16 => poolID 449 - OK
1791670704.353 10551 30581 30937 D CCodecBufferChannel: [c2.android.vorbis.decoder#306] Configured output block pool ids 449 => OK
1791670704.353  1046  2213  2890 E Codec2-ComponentInterface: We have a failed config
1791670704.353  1046  2213 30951 E CodecServiceRegistrant: querySupportedValues -- transaction failed.
1791670704.353  1046  2213 30951 D SimpleC2Component: Using output block pool with poolID 449 => got 449 - 0
1791670704.355  1046  2213  5536 E CodecServiceRegistrant: querySupportedValues -- transaction failed.
1791670704.355 10551 30581 30938 I CCodecBufferChannel: [c2.android.vorbis.decoder#117] Created output block pool with allocatorID 16 => poolID 450 - OK
1791670704.356 10551 30581 30938 D CCodecBufferChannel: [c2.android.vorbis.decoder#117] Configured output block pool ids 450 => OK
1791670704.356  1046  2213  5536 E Codec2-ComponentInterface: We have a failed config
1791670704.356  1046  2213 30950 E CodecServiceRegistrant: querySupportedValues -- transaction failed.
1791670704.356  1046  2213 30950 D SimpleC2Component: Using output block pool with poolID 450 => got 450 - 0
1791670704.361  root 24460 24460 D cnss    : Runtime resume start
1791670704.361  root 24460 24460 D cnss    : Resuming PCI link
1791670704.359  1000  4337  4579 E Nl80211Native: getChannelsMhzForBand: Wiphy index not recorded for band 8
1791670704.359  1000  4337  4579 E Nl80211Native: getChannelsMhzForBand: Wiphy index not recorded for band 16
1791670704.360  1000  4337  4579 I Nl80211Proxy: Sending Nl80211 message: GenericNetlinkMsg{ nlHeader{StructNlMsgHdr{ nlmsg_len{44}, nlmsg_type{21()}, nlmsg_flags{5(NLM_F_REQUEST|NLM_F_ACK)}, nlmsg_seq{1188}, nlmsg_pid{0} }}, genNlHeader{StructGenNlMsgHdr{ command{33}, version{1}, reserved{0} }}, attributes{[StructNlAttr{ nla_len{8}, nla_type{-32723}, nla_value{04000000}, }, StructNlAttr{ nla_len{8}, nla_type{3}, nla_value{19000000}, }, StructNlAttr{ nla_len{8}, nla_type{158}, nla_value{08040000}, }]} }
1791670704.362  1000  4337  4579 I Nl80211Proxy: Received NLMSG_ERROR with error 0 for message GenericNetlinkMsg{ nlHeader{StructNlMsgHdr{ nlmsg_len{44}, nlmsg_type{21()}, nlmsg_flags{5(NLM_F_REQUEST|NLM_F_ACK)}, nlmsg_seq{1188}, nlmsg_pid{0} }}, genNlHeader{StructGenNlMsgHdr{ command{33}, version{1}, reserved{0} }}, attributes{[StructNlAttr{ nla_len{8}, nla_type{-32723}, nla_value{04000000}, }, StructNlAttr{ nla_len{8}, nla_type{3}, nla_value{19000000}, }, StructNlAttr{ nla_len{8}, nla_type{158}, nla_value{08040000}, }]} }
1791670704.364  root 24460 24460 D cnss    : Set PCI link status to: 2
1791670704.364  root 24460 24460 D cnss    : Setting MHI state: RESUME(7)
1791670704.365  1046 30950 30950 W ion_buffer_alloc: 1 callbacks suppressed
1791670704.365  1046 30950 30950 W ion_buffer_alloc: Detected allocation from generic sys heap for task mediaswcodec-2213
1791670704.366  1046 30951 30951 W ion_buffer_alloc: Detected allocation from generic sys heap for task mediaswcodec-2213
1791670704.367  1046 30951 30951 W ion_buffer_alloc: Detected allocation from generic sys heap for task mediaswcodec-2213
1791670704.367  root 24460 24460 I [kworke][0x10280e89bd][22:18:24.367383] wlan: [24460:I:PMO] pmo_core_psoc_send_host_wakeup_ind_to_fw: Host wakeup indication sent to fw
1791670704.367  1046 30951 30951 W ion_buffer_alloc: Detected allocation from generic sys heap for task mediaswcodec-2213
1791670704.368  1046 30950 30950 W ion_buffer_alloc: Detected allocation from generic sys heap for task mediaswcodec-2213
1791670704.368  1046 30951 30951 W ion_buffer_alloc: Detected allocation from generic sys heap for task mediaswcodec-2213
1791670704.369  1046 30950 30950 W ion_buffer_alloc: Detected allocation from generic sys heap for task mediaswcodec-2213
1791670704.371  1046 30951 30951 W ion_buffer_alloc: Detected allocation from generic sys heap for task mediaswcodec-2213
1791670704.375  root     0     0 E [    C0] [soft_i][0x102810c765][22: 18:24.375032] wlan: [0:E:WMA] wma_wake_event_packet: Wake reason UNSPECIFIED is not a packet event
1791670704.375  1046 30951 30951 W ion_buffer_alloc: Detected allocation from generic sys heap for task mediaswcodec-2213
1791670704.375  root 24460 24460 D cnss    : Runtime resume status: 0
1791670704.388 10551 30581 30915 W InteractionJankMonitor: Initializing without READ_DEVICE_CONFIG permission. enabled=false, interval=1, missedFrameThreshold=3, frameTimeThreshold=64, package=com.oplus.camera
1791670704.394 10551 30581 30956 D CCodec  : hold CodecLooper(1) until release
1791670704.394 10551 30581 30938 I hw-BpHwBinder: onLastStrongRef automatically unlinking death recipients
1791670704.395  1046  2213  5536 I hw-BpHwBinder: onLastStrongRef automatically unlinking death recipients
1791670704.395  1046  2213  5536 D BufferPoolAccessor2.0: Destruction - bufferpool2 0xb400006e4c874be8 cached: 0/0M, 0/0% in use; allocs: 0, 0% recycled; transfers: 0, 0% unfetched
1791670704.401 10551 30581 30923 D nativeloader: Load /data/app/~~pwrM1FFZPcTDtyIFM23IXQ==/com.oplus.camera-6To1ae9Bp6KmV_a4LzhBKw==/lib/arm64/libGradienterNativeLib.so using class loader ns clns-11 (caller=/data/app/~~pwrM1FFZPcTDtyIFM23IXQ==/com.oplus.camera-6To1ae9Bp6KmV_a4LzhBKw==/base.apk!classes21.dex): ok
1791670704.405  1000  4337  6576 I ImeTracker: system_server:871b7c91: onRequestHide at ORIGIN_SERVER reason IME_REQUESTED_CHANGED_LISTENER fromUser false displayId 0
1791670704.406  1000  4337  4385 I ImeTracker: system_server:871b7c91: onCancelled at PHASE_SERVER_SHOULD_HIDE
1791670704.408 10551 30581 30958 D CCodec  : hold CodecLooper(1) until release
1791670704.408 10551 30581 30937 I hw-BpHwBinder: onLastStrongRef automatically unlinking death recipients
1791670704.408  1046  2213 20091 I hw-BpHwBinder: onLastStrongRef automatically unlinking death recipients
1791670704.408  1046  2213 20091 I hw-BpHwBinder: onLastStrongRef automatically unlinking death recipients
1791670704.410  1046  2213 20091 D BufferPoolAccessor2.0: Destruction - bufferpool2 0xb400006e4c87a618 cached: 0/0M, 0/0% in use; allocs: 0, 0% recycled; transfers: 0, 0% unfetched
1791670704.416 radio  4902  5233 D SatelliteController: isInCarrierRoamingNbIotNtn: satellite is disabled
1791670704.416 radio  4902  5233 D SatelliteController: getCarrierRoamingNtnConnectType: Checking connect type from PLMN config for subId: 1
1791670704.416 radio  4902  5233 D TelephonyConfigUpdateInstallReceiver: getConfigParser: domain=satellite
1791670704.416 radio  4902  5233 V SatelliteController: satelliteConfigParser is not ready
1791670704.416 radio  4902  5233 D SatelliteController: isSatelliteAttachSupportedViaConfigupdater: return null (satelliteConfig is null)
1791670704.417 radio  4902  5233 D SatelliteController: getSatellitePerPlmnConfiguration: invalid subId or not supported via carrier.
1791670704.417 radio  4902  5233 D SatelliteController: getCarrierRoamingNtnConnectType: config: null
1791670704.417 radio  4902  5233 D TelephonyConfigUpdateInstallReceiver: getConfigParser: domain=satellite
1791670704.417 radio  4902  5233 V SatelliteController: satelliteConfigParser is not ready
1791670704.417 radio  4902  5233 D SatelliteController: getCarrierRoamingNtnConnectTypeViaConfigUpdater: return null (satelliteConfig is null)
1791670704.417 radio  4902  5233 D SatelliteController: getCarrierRoamingNtnConnectType: Falling back to global carrier config connect type: 0
1791670704.417 radio  4902  5233 D TelephonyConfigUpdateInstallReceiver: getConfigParser: domain=satellite
1791670704.417 radio  4902  5233 V SatelliteController: satelliteConfigParser is not ready
1791670704.417 radio  4902  5233 D SatelliteController: isSatelliteAttachSupportedViaConfigupdater: return null (satelliteConfig is null)
1791670704.418 radio  4902  5233 D SatelliteController: getCarrierRoamingNtnConnectType: Checking connect type from PLMN config for subId: 1
1791670704.418 radio  4902  5233 D TelephonyConfigUpdateInstallReceiver: getConfigParser: domain=satellite
1791670704.418 radio  4902  5233 V SatelliteController: satelliteConfigParser is not ready
1791670704.418 radio  4902  5233 D SatelliteController: isSatelliteAttachSupportedViaConfigupdater: return null (satelliteConfig is null)
1791670704.418 radio  4902  5233 D SatelliteController: getSatellitePerPlmnConfiguration: invalid subId or not supported via carrier.
1791670704.418 radio  4902  5233 D SatelliteController: getCarrierRoamingNtnConnectType: config: null
1791670704.418 radio  4902  5233 D TelephonyConfigUpdateInstallReceiver: getConfigParser: domain=satellite
1791670704.418 radio  4902  5233 V SatelliteController: satelliteConfigParser is not ready
1791670704.418 radio  4902  5233 D SatelliteController: getCarrierRoamingNtnConnectTypeViaConfigUpdater: return null (satelliteConfig is null)
1791670704.418 radio  4902  5233 D SatelliteController: getCarrierRoamingNtnConnectType: Falling back to global carrier config connect type: 0
1791670704.418 radio  4902  5233 D TelephonyConfigUpdateInstallReceiver: getConfigParser: domain=satellite
1791670704.418 radio  4902  5233 V SatelliteController: satelliteConfigParser is not ready
1791670704.418 radio  4902  5233 D SatelliteController: isSatelliteAttachSupportedViaConfigupdater: return null (satelliteConfig is null)
1791670704.423  root  4784  4784 I [schedu][0x10281ee385][22:18:24.423193] wlan: [4784:I:OSIF] scan start scan id 41354
1791670704.427 10303  4915  5338 D WindowOnBackDispatcher: setTopOnBackInvokedCallback (unwrapped): null
1791670704.428  1000  4337  4525 D CoreBackPreview: Window{82d8d8 u0 Splash Screen com.oplus.camera EXITING}: Setting back callback null
1791670704.434 10312  5415  5415 D BaseDepthController: setSurface:
1791670704.434 10312  5415  5415 D BaseDepthController: 	mWaitingOnSurfaceValidity: false
1791670704.434 10312  5415  5415 D BaseDepthController: 	mBaseSurface: null
1791670704.434 10312  5415  5415 D BaseDepthController: mSurface is null and mCurrentBlur is: 0
1791670704.436 10312  5415  5415 I AutofillManager: onInvisibleForAutofill(): expiringResponse
1791670704.437 10312  5415  5415 D KeyboardStateManager: hideKeyboard
1791670704.437 10312  5415  5415 D KeyboardStateManager: isImeShown: false
1791670704.437 10312  5415  5415 D StatsLog: LAUNCHER_ONSTOP
1791670704.438  1000  1659  1659 E QTI PowerHAL: Failed to acquire lock.
1791670704.438  1000  1659  1659 E QTI PowerHAL: Failed process_boost for boost_handle
1791670704.439 10312  5415  5415 D BaseDepthController: mSurface is null and mCurrentBlur is: 0
1791670704.439 10383  7958  7958 I csde    : onStop
1791670704.451 10383  7958  7958 I cruv    : onStop
1791670704.463  1002  1622  5248 D vendor.qti.bluetooth@1.0-wake_lock: Release wakelock is released
1791670704.498  1047 30933 30933 E ams-tof 9-0041: Error App0 timeout (200000 usec) waiting on idle; cpu_stat: 0x0 state: 0x0
1791670704.498  1047 30933 30933 E ams-tof 9-0041: Error waiting for IDLE state
1791670704.498  1047 30933 30933 E ams-tof 9-0041: Error (-5): stopping capture
1791670704.498  1047 30933 30933 E         : ams-tof [ERROR] app0_clk_trim_set_store: Error setting clock trimming
1791670704.519  1047 30933 30933 E         : ams-tof [INFO]  alg_setting_store: A7
1791670704.519  1047 30933 30933 E         : ams-tof [INFO]  period_store: 66
1791670704.519  1047 30933 30933 E         : ams-tof [INFO]  iterations_store: 900000
1791670704.519  1047 30933 30933 I ams-tof 9-0041: Clock trim iterations set to: 22
1791670704.519  1047 30933 30933 E         : ams-tof [INFO]  capture_store: 1
1791670704.519  1047 30933 30933 I ams-tof 9-0041: Start calibration upload
1791670704.519  1047 30933 30933 E ams-tof 9-0041: dataAlgorithmState=0.dataConfiguration=0.
1791670704.519  1047 30933 30933 I ams-tof 9-0041: Factory Calibration data added
1791670704.519  1047 30933 30933 I ams-tof 9-0041: Calibration data uploaded.
1791670704.519  1047 30549 30933 E ISPHVX  : [ams-tof:ERROR  ] oemtofcontroller.cpp:339 writeFile() E CAMX [OEM][ERROR]Unable to write all data in /sys/kernel/tof_control/app0/app0_clk_trim_set
1791670704.519  1047 30549 30933 E ISPHVX  : [ams-tof:ERROR  ] oemtofcontroller.cpp:200 OemTofStartTest() E CAMX [OEM][ERROR]write trim file failed
1791670704.519  1047 30549 30933 D ISPHVX  : [ams-tof:DEBUG  ] oemtofcontroller.cpp:364 TOFInitializeThraedCb() D CAMX [OEM][DEBUG][OP_EXT] Start AMS TOF Thread !
1791670704.527  root 11925 30832 W adbd    : timed out while waiting for FUNCTIONFS_BIND, trying again
1791670704.527  root 11925 30832 I adbd    : UsbFfs: connection terminated: monitor thread finished
1791670704.548  1047 30959 30959 I crash_dump64: obtaining output fd from tombstoned, type: kDebuggerdTombstoneProto
1791670704.549  1058   843   843 I tombstoned: received crash request for pid 30665
1791670704.550  1047 30959 30959 I crash_dump64: performing dump of process 30549 (target tid = 30665)
1791670704.554  1000  4337  4385 I DisplayDeviceRepository: Display device changed render timings: "Yerleşik Ekran", renderFrameRate=60.000004, presentationDeadlineNanos=16666666, appVsyncOffsetNanos=1000000, frameRateOverrides=[{uid=10551 frameRateHz=60.000004}]
1791670704.570  1047 30959 30959 E DEBUG   : failed to read process info: failed to open /proc/30549: No such file or directory
1791670704.578  1000  1659  1659 I QTI PowerHAL: Power setMode: 5 to: 0
1791670704.579  1000  4337  4515 W ActivityTaskManager: Request to remove task ignored for non-existent task 949
1791670704.579  1000  4337  4515 D CorePackageUpdate: onRecentTaskRemoved Removing task: 949
1791670704.579  1000  4337  4515 D CorePackageUpdate: Couldn't find a persistent state for task= 949
1791670704.580 10303  4915  5301 V RecentTasksController: Notify recent tasks changed
1791670704.581 10312  5415  5415 D RecentTasksList: invalidateLoadedTasks - previous requestLoadId: -1
1791670704.582  root 11938 11938 I         : read descriptors
1791670704.582  root 11938 11938 I         : read strings
1791670704.582 10312  5415  5432 W System  : A resource failed to call release.
1791670704.582 10312  5415  5432 W System  : A resource failed to call release.
1791670704.582 10312  5415  5432 W System  : A resource failed to call release.
1791670704.582 10312  5415  5432 W System  : A resource failed to call release.
1791670704.582  root 11925 11938 I adbd    : opening control endpoint /dev/usb-ffs/adb/ep0
1791670704.598 10280  5540  6932 I FontLog : (REDACTED) Received query %s, URI %s
1791670704.598 10280  5540  6932 I FontLog : (REDACTED) Query [%s] resolved to %s
1791670704.599 10280  5540  6932 I FontLog : (REDACTED) Fetch %s end status %s
1791670704.601 10280  5540  6932 I FontLog : (REDACTED) Pulling font file for id = %d, cache size = %d
1791670704.603 10280  5540  6932 I FontLog : (REDACTED) Pulling font file for id = %d, cache size = %d
1791670704.648  1047 30959 30959 F DEBUG   : *** *** *** *** *** *** *** *** *** *** *** *** *** *** *** ***
1791670704.648  1047 30959 30959 F DEBUG   : crDroid Version: '13.0-BETA'
1791670704.648  1047 30959 30959 F DEBUG   : Build fingerprint: 'OnePlus/OnePlus9Pro/OnePlus9Pro:14/UKQ1.230924.001/R.209d31b_1-39324b:user/release-keys'
1791670704.648  1047 30959 30959 F DEBUG   : Kernel Release: '5.4.302-qgki-gd02ffb5e3996'
1791670704.648  1047 30959 30959 F DEBUG   : Revision: '0'
1791670704.648  1047 30959 30959 F DEBUG   : ABI: 'arm64'
1791670704.648  1047 30959 30959 F DEBUG   : Timestamp: 2026-10-11 01:18:24.570046274+0300
1791670704.648  1047 30959 30959 F DEBUG   : Process uptime: 0s
1791670704.648  1047 30959 30959 F DEBUG   : Executable: /vendor/bin/hw/android.hardware.camera.provider@2.4-service_64
1791670704.648  1047 30959 30959 F DEBUG   : Cmdline: /vendor/bin/hw/android.hardware.camera.provider@2.4-service_64
1791670704.648  1047 30959 30959 F DEBUG   : pid: 30549, ppid: 1, tid: 30665, name: provider@2.4-se  >>> /vendor/bin/hw/android.hardware.camera.provider@2.4-service_64 <<<
1791670704.648  1047 30959 30959 F DEBUG   : uid: 1047
1791670704.648  1047 30959 30959 F DEBUG   : signal 6 (SIGABRT), code -1 (SI_QUEUE), fault addr --------
1791670704.648  1047 30959 30959 F DEBUG   :     x0  0000000000000000  x1  00000000000077c9  x2  0000000000000006  x3  00000074a83067b0
1791670704.648  1047 30959 30959 F DEBUG   :     x4  00000074d77d129e  x5  00000074d77d129e  x6  00000074d77d129e  x7  b4000075ce73d960
1791670704.648  1047 30959 30959 F DEBUG   :     x8  00000000000000f0  x9  0000000000000000  x10 0000000000000000  x11 00000074dcdb43d0
1791670704.648  1047 30959 30959 F DEBUG   :     x12 00000074dcdb43e0  x13 0000000000000000  x14 00000074a83067a8  x15 0000000000000000
1791670704.648  1047 30959 30959 F DEBUG   :     x16 0000007773f6d610  x17 0000007773f53100  x18 00000074a08a4000  x19 0000000000000006
1791670704.648  1047 30959 30959 F DEBUG   :     x20 0000000000007755  x21 00000000000077c9  x22 00000074a8307f00  x23 0000000000000000
1791670704.648  1047 30959 30959 F DEBUG   :     x24 b40000774eeb33b8  x25 0000000000000780  x26 0000000000000009  x27 0000000000000001
1791670704.648  1047 30959 30959 F DEBUG   :     x28 b4000075ce739b60  x29 00000074a8306840
1791670704.648  1047 30959 30959 F DEBUG   :     lr  0000007773ef7bc4  sp  00000074a83067b0  pc  0000007773ef7be8  pst 0000000000001000
1791670704.648  1047 30959 30959 F DEBUG   :     esr 0000000000000000  vg  0000000000000000
1791670704.648  1047 30959 30959 F DEBUG   : 9 total frames
1791670704.648  1047 30959 30959 F DEBUG   : backtrace:
1791670704.648  1047 30959 30959 F DEBUG   :       #00 pc 0000000000095be8  /apex/com.android.runtime/lib64/bionic/libc.so (raise+136) (BuildId: 37ef6c1b10a8a2d9a8ef331c596ef6b5)
1791670704.648  1047 30959 30959 F DEBUG   :       #01 pc 0000000000af7d94  /vendor/lib64/hw/camera.qcom.so (CamX::ImageBuffer::Import(CamX::ImageFormat const*, ChiBufferInfo*, unsigned long, unsigned long, unsigned int, int const*, unsigned int, int, int)+2492) (BuildId: f2e0651b7ef3c964b0d3ba1ef3f22673)
1791670704.648  1047 30959 30959 F DEBUG   :       #02 pc 0000000000b3e8d8  /vendor/lib64/hw/camera.qcom.so (CamX::Node::SetupRequest(CamX::PerBatchedFrameInfo*, unsigned int, int, unsigned long, unsigned long, int*, CamX::ContextTypeID)+6552) (BuildId: f2e0651b7ef3c964b0d3ba1ef3f22673)
1791670704.648  1047 30959 30959 F DEBUG   :       #03 pc 0000000000b9581c  /vendor/lib64/hw/camera.qcom.so (CamX::Pipeline::ProcessRequest(CamX::PipelineProcessRequestData*)+14452) (BuildId: f2e0651b7ef3c964b0d3ba1ef3f22673)
1791670704.648  1047 30959 30959 F DEBUG   :       #04 pc 0000000000be32fc  /vendor/lib64/hw/camera.qcom.so (CamX::Session::ProcessRequest()+13428) (BuildId: f2e0651b7ef3c964b0d3ba1ef3f22673)
1791670704.648  1047 30959 30959 F DEBUG   :       #05 pc 0000000000acb08c  /vendor/lib64/hw/camera.qcom.so (CamX::CHISession::ThreadJobCallback(void*) (.cfi)+268) (BuildId: f2e0651b7ef3c964b0d3ba1ef3f22673)
1791670704.648  1047 30959 30959 F DEBUG   :       #06 pc 00000000009e0294  /vendor/lib64/hw/camera.qcom.so (CamX::ThreadCore::WorkerThreadBody(void*) (.cfi)+1692) (BuildId: f2e0651b7ef3c964b0d3ba1ef3f22673)
1791670704.648  1047 30959 30959 F DEBUG   :       #07 pc 0000000000091880  /apex/com.android.runtime/lib64/bionic/libc.so (__pthread_start(void*) (.__uniq.67847048707805468364044055584648682506)+176) (BuildId: 37ef6c1b10a8a2d9a8ef331c596ef6b5)
1791670704.648  1047 30959 30959 F DEBUG   :       #08 pc 0000000000080284  /apex/com.android.runtime/lib64/bionic/libc.so (__start_thread+68) (BuildId: 37ef6c1b10a8a2d9a8ef331c596ef6b5)
1791670704.648  1047 30959 30959 F DEBUG   : Note: To display stack pointer information, use the pbtombstone tool:
1791670704.648  1047 30959 30959 F DEBUG   :         pbtombstone --display-sp tombstone_XX.pb
1791670704.658  root    36    36 I IRQ 16  : no longer affine to CPU4
1791670704.662  1000  4337  4728 W NativeCrashListener: Couldn't find ProcessRecord for pid 30549
1791670704.663  1058   843   843 E tombstoned: Tombstone written to: tombstone_29
1791670704.664  1000  4337  4505 E NativeTombstoneManager: Tombstone's UID (1047) not an app, ignoring
1791670704.664  1000  4337  4505 I BootReceiver: Filtering tombstone file: tombstone_29.pb
1791670704.666  1000  4337  4505 I BootReceiver: Generated tombstone file: tombstone_29.pb4025046815856347262.pb.tmp
1791670704.666  1000  4337  4505 I BootReceiver: Adding tombstone tombstone_29.pb4025046815856347262.pb.tmp to dropbox
1791670704.670  1000  4337  4505 I BootReceiver: Adding text tombstone version of tombstone_29.pb4025046815856347262.pb.tmp to dropbox
1791670704.669  root     1     1 I init    : Untracked process (pid: 30959 name: (crash_dump64) ppid: 1 pgrp: 30954 state: Z) exited with status 0
1791670704.669  root     1     1 I init    : Untracked process (pid: 30959 name: (crash_dump64) ppid: 1 pgrp: 30954 state: Z) did not have an associated service entry and will not be reaped
1791670704.687  root     1     1 I init    : Untracked process (pid: 30961 name: (provider@2.4-se) ppid: 1 pgrp: 30961 state: Z) exited with status 0
1791670704.687  root     1     1 I init    : Untracked process (pid: 30961 name: (provider@2.4-se) ppid: 1 pgrp: 30961 state: Z) did not have an associated service entry and will not be reaped
1791670704.700  root     1     1 I init    : Untracked process (pid: 30965 name: (pbtombstone) ppid: 1 pgrp: 4167 state: Z) exited with status 1
1791670704.700  root     1     1 I init    : Untracked process (pid: 30965 name: (pbtombstone) ppid: 1 pgrp: 4167 state: Z) did not have an associated service entry and will not be reaped
1791670704.714  root 19348 19348 I msm_cvp : fw: <CFW_E:RTWrkT:--------:-> cvp_Worker_ProcessControlCommand(10379): return from cvp_Worker_ValidateStreamConfig Success
1791670704.715  root 15607 15607 I msm_cvp : fw: <CFW_E:RTWrkT:--------:-> cvp_Worker_ProcessControlCommand(10379): return from cvp_Worker_ValidateStreamConfig Success
1791670704.715  1047 30658 30658 I msm_cvp : warn: in use: 7fff0000 : (null) size 188416 flags 0x2 iova 0xd7a80000 idx 0 ref 1
1791670704.715  1047 30658 30658 I synx    : [sess: 10644226] session destroyed cvp-kernel-client, uid: 10644226
1791670704.715  1047 30658 30658 I msm_cvp : sess: Closed cvp instance: 0000000000000000 session_id = 2147418112
1791670704.716  1047 30658 30658 I synx    : [sess: 13498369] session destroyed umd-client-30659, uid: 13498369
1791670704.717  1000  1617  1785 E minksocket: MinkIPC_QRTR_Service: client with node 1 port 60db went down
1791670704.717  1000  1617  1785 E minksocket: MinkIPC_QRTR_Service: client with node 1 port 60d6 went down
1791670704.717  1000  1617  1785 E minksocket: MinkIPC_QRTR_Service: client with node 1 port 60d1 went down
1791670704.717  1000  1617  1785 E minksocket: MinkIPC_QRTR_Service: client with node 1 port 60b1 went down
1791670704.720  1047 30658 30658 I CAM_ERR : CAM-SENSOR: cam_sensor_shutdown: 703 sensor power down success sensor id 0x789
1791670704.721  1000  1617  1785 E minksocket: MinkIPC_QRTR_Service: client with node 1 port 605f went down
1791670704.721  1000  1617  1785 E minksocket: MinkIPC_QRTR_Service: client with node 1 port 60a4 went down
1791670704.722  1047 30658 30658 I CAM_ERR : CAM-OIS: cam_ois_shutdown: 1134 ois type=0,ois_power_down_thread created
1791670704.722  1047 30658 30658 I CAM_INFO: CAM-SENSOR: msm_cam_sensor_handle_reg_gpio: 1960 Input Parameters are not proper
1791670704.726  1047  4180 32388 I cameraserver: Camera provider 'legacy/0-2' has died; removing it
1791670704.723  root 30966 30966 I CAM_ERR : CAM-OIS: IsOISReady: 1838 OIS 0 0xF100 = 0x0
1791670704.726  1047  4180 30865 E HidlCamera3-Device: processBatchCaptureRequests: Transaction error: Status(EX_TRANSACTION_FAILED): 'DEAD_OBJECT: '
1791670704.726  1047  4180 32388 I CameraService: onDeviceStatusChanged: Status changed for cameraId=0, newStatus=0
1791670704.726  1047  4180 30865 E Camera3-Device: Camera 0: sendRequestsBatch: RequestThread: Unable to submit capture request 0 to HAL device: Broken pipe (-32)
1791670704.726  1000  1703  3573 W libdisplayconfigqti: Client id:4 service died
1791670704.727 10303  4915 16871 E CameraManagerGlobal: Camera 5 is not present. Ignore physical camera status change
1791670704.727  1047  4180 32388 I CameraService: disconnectClient: Client for camera ID 0 evicted due to device status change from HAL
1791670704.727  1047  4180 32388 D Camera2ClientBase: Camera 0: Shutting down
1791670704.727 10715  7547 11647 E CameraManagerGlobal: Camera 5 is not present. Ignore physical camera status change
1791670704.728 10534  7854  7902 E CameraManagerGlobal: Camera 5 is not present. Ignore physical camera status change
1791670704.728 10303  3632  3707 E CameraManagerGlobal: Camera 5 is not present. Ignore physical camera status change
1791670704.728 10542 20136 30697 E CameraManagerGlobal: Camera 5 is not present. Ignore physical camera status change
1791670704.729 10394 22000 30410 E CameraManagerGlobal: Camera 5 is not present. Ignore physical camera status change
1791670704.733 10478  7824 15339 E CameraManagerGlobal: Camera 5 is not present. Ignore physical camera status change
1791670704.734 10385  7893 30407 E CameraManagerGlobal: Camera 5 is not present. Ignore physical camera status change
1791670704.735 10737 18908 19736 E CameraManagerGlobal: Camera 5 is not present. Ignore physical camera status change
1791670704.725  1047 30658 30658 I CAM_INFO: CAM-SENSOR: msm_cam_sensor_handle_reg_gpio: 1960 Input Parameters are not proper
1791670704.725  1047 30658 30658 I CAM_INFO: CAM-SENSOR: cam_sensor_util_request_gpio_table: 1217 No GPIO data
1791670704.726  1047 30658 30658 I CAM_INFO: CAM-CCI: cam_cci_soc_release: 447 cam_cci_soc_release 6
1791670704.726  1047 30658 30658 I CAM_INFO: CAM-ACTUATOR: cam_actuator_power_down: 170 cam_actuator_power_down bd0105
1791670704.726  1047 30658 30658 I CAM_ERR : CAM-ISP: __cam_isp_ctx_release_dev_in_top_state: 4699 releasing hw
1791670704.726  1047 30658 30658 I CAM_INFO: CAM-ISP: cam_ife_mgr_release_hw: 4873 Release HW success ctx id: 7
1791670704.726  1047 30658 30658 I CAM_WARN: CAM-CRM: cam_req_mgr_close: 195 release invoked associated userspace process has died, open_cnt: 1
1791670704.726  1047 30658 30658 I CAM_ERR : CAM-CORE: cam_node_handle_shutdown_dev: 313 Shutdown failure for node cam-isp
1791670704.726  1047 30658 30658 I CAM_ERR : CAM-CORE: cam_subdev_ioctl: 74 shutdown device failed(rc = -22)
1791670704.726  1047 30658 30658 I CAM_WARN: CAM-CPAS: __cam_cpas_subdev_close: 706 device already closed, open_cnt: 0
1791670704.726  1047 30658 30658 I CAM-REQ-MGR_UTIL cam_req_mgr_util_free_hdls: 103 CAM_WARN: CAM-CRM: cam_req_mgr_util_free_hdls: 103 Dev handle = d70103 session_handle = 7a0200
1791670704.726  1047 30658 30658 I CAM-REQ-MGR_UTIL cam_req_mgr_util_free_hdls: 103 CAM_WARN: CAM-CRM: cam_req_mgr_util_free_hdls: 103 Dev handle = c50106 session_handle = 7a0200
1791670704.726  1047 30658 30658 I CAM-REQ-MGR_UTIL cam_req_mgr_util_free_hdls: 103 CAM_WARN: CAM-CRM: cam_req_mgr_util_free_hdls: 103 Dev handle = fd0108 session_handle = 7a0200
1791670704.726  root 17932 17932 I binder  : release 30549:30659 transaction 8215999 in, still active
1791670704.726  root 17932 17932 I binder  : send failed reply for transaction 8215999 to 4180:30865
1791670704.730  root     1     1 I init    : Service 'vendor.camera-provider-2-4' (pid 30549) received SIGABRT
1791670704.730  root     1     1 I init    : Sending SIGKILL to service 'vendor.camera-provider-2-4' (pid 30549) process group...
1791670704.731  root     1     1 I libprocessgroup: Removed cgroup /sys/fs/cgroup/system/uid_1047/pid_30549
1791670704.732  root     1     1 I init    : starting service 'vendor.camera-provider-2-4'...
1791670704.737 10551 30581 30870 E CameraCaptureSession: Session 0: Exception while stopping repeating:
1791670704.737 10551 30581 30870 E CameraCaptureSession: android.hardware.camera2.CameraAccessException: CAMERA_ERROR (3): The camera device has encountered a serious error
1791670704.737 10551 30581 30870 E CameraCaptureSession: 	at android.hardware.camera2.impl.CameraDeviceImpl.checkIfCameraClosedOrInError(CameraDeviceImpl.java:3282)
1791670704.737 10551 30581 30870 E CameraCaptureSession: 	at android.hardware.camera2.impl.CameraDeviceImpl.stopRepeating(CameraDeviceImpl.java:1887)
1791670704.737 10551 30581 30870 E CameraCaptureSession: 	at android.hardware.camera2.impl.CameraCaptureSessionImpl.close(CameraCaptureSessionImpl.java:638)
1791670704.737 10551 30581 30870 E CameraCaptureSession: 	at android.hardware.camera2.impl.CameraCaptureSessionImpl$2.onDisconnected(CameraCaptureSessionImpl.java:864)
1791670704.737 10551 30581 30870 E CameraCaptureSession: 	at android.hardware.camera2.impl.CameraDeviceImpl$9.run(CameraDeviceImpl.java:345)
1791670704.737 10551 30581 30870 E CameraCaptureSession: 	at java.util.concurrent.ThreadPoolExecutor.runWorker(ThreadPoolExecutor.java:1100)
1791670704.737 10551 30581 30870 E CameraCaptureSession: 	at java.util.concurrent.ThreadPoolExecutor$Worker.run(ThreadPoolExecutor.java:624)
1791670704.737 10551 30581 30870 E CameraCaptureSession: 	at java.lang.Thread.run(Thread.java:1572)
1791670704.737 10551 30581 30858 E CameraUnit, Camera2StateMachineImpl: onError, ops, camera have some error, error code: 4
1791670704.738 10551 30581 30858 E CameraUnit, ProducerImpl: onCameraError, error result: [error code: 4, error info: camera device error, at: com.oplus.ocs.camera.producer.device.Camera2StateMachineImpl$1.onError(Camera2StateMachineImpl.java:125)]
1791670704.738 10551 30581 30857 E VendorTagDescriptor: lookupTag: Tag name 'mipiraw.online.bpc' does not exist.
1791670704.738 10551 30581 30843 E OCAM_OneCameraImpl: onCameraError, error: 4
1791670704.738 10551 30581 30857 E VendorTagDescriptor: lookupTag: Tag name 'caller.package.name' does not exist.
1791670704.738 10551 30581 30857 E VendorTagDescriptor: lookupTag: Tag name 'camera.is.turn.on' does not exist.
1791670704.738 10551 30581 30857 E VendorTagDescriptor: lookupTag: Tag name 'video.stabilization.mode' does not exist.
1791670704.738 10551 30581 30843 E OCAM_CameraCore: mCameraDeviceStateObserver, state: 3
1791670704.738 10551 30581 30857 E VendorTagDescriptor: lookupTag: Tag name 'algo.visualization.enable' does not exist.
1791670704.738 10551 30581 30857 E VendorTagDescriptor: lookupTag: Tag name 'TR.processing.state' does not exist.
1791670704.738 10551 30581 30857 E VendorTagDescriptor: lookupTag: Tag name 'light.sensor.lux' does not exist.
1791670704.738 10551 30581 30857 E VendorTagDescriptor: lookupTag: Tag name 'moving.object' does not exist.
1791670704.738 10551 30581 30843 E OCAM_DeviceProcessor: onError, The app may have received a hal error, camera app will kill self
1791670704.739 10551 30581 30857 E VendorTagDescriptor: lookupTag: Tag name 'camera.is.from.main.menu' does not exist.
1791670704.739 10551 30581 30857 E VendorTagDescriptor: lookupTag: Tag name 'camera.mode' does not exist.
1791670704.739 10551 30581 30857 E VendorTagDescriptor: lookupTag: Tag name 'camera.3d.api.state' does not exist.
1791670704.739 10551 30581 30857 E VendorTagDescriptor: lookupTag: Tag name 'sensor.exposureTime' does not exist.
1791670704.739 10551 30581 30843 E OCAM_CameraCore: killCameraProcess
1791670704.739 10551 30581 30843 E OCAM_CameraCore: java.lang.Throwable
1791670704.739 10551 30581 30843 E OCAM_CameraCore: 	at com.oplus.camera.CameraManager.f5(CameraManager.java:26)
1791670704.739 10551 30581 30843 E OCAM_CameraCore: 	at yg.f$c.onError(DeviceProcessor.java:53)
1791670704.739 10551 30581 30843 E OCAM_CameraCore: 	at com.oplus.camera.CameraManager$r$a.onError(CameraManager.java:64)
1791670704.739 10551 30581 30843 E OCAM_CameraCore: 	at v6.d1.onCameraError(OneCameraImpl.java:49)
1791670704.739 10551 30581 30843 E OCAM_CameraCore: 	at com.oplus.ocs.camera.CameraStateCallbackAdapterV2.onCameraError(CameraStateCallbackAdapterV2.java:22)
1791670704.739 10551 30581 30843 E OCAM_CameraCore: 	at com.oplus.ocs.camera.producer.ProducerImpl$DefaultCameraStateCallbackAdapter$3.run(ProducerImpl.java:1436)
1791670704.739 10551 30581 30843 E OCAM_CameraCore: 	at android.os.Handler.handleCallback(Handler.java:1095)
1791670704.739 10551 30581 30843 E OCAM_CameraCore: 	at android.os.Handler.dispatchMessageImpl(Handler.java:135)
1791670704.739 10551 30581 30843 E OCAM_CameraCore: 	at android.os.Handler.dispatchMessage(Handler.java:125)
1791670704.739 10551 30581 30843 E OCAM_CameraCore: 	at android.os.Looper.loopOnce(Looper.java:296)
1791670704.739 10551 30581 30843 E OCAM_CameraCore: 	at android.os.Looper.loop(Looper.java:397)
1791670704.739 10551 30581 30843 E OCAM_CameraCore: 	at android.os.HandlerThread.run(HandlerThread.java:139)
1791670704.739 10551 30581 30843 E OCAM_CameraCore: 	at a6.c.run(CameraHandlerThread.java:54)
1791670704.739 10551 30581 30843 I Process : Sending signal. PID: 30581 SIG: 9
1791670704.740  1000  4337  6597 W ActivityManager: Unable to start service Intent { xflg=0x4 cmp=com.nearme.statistics.rom/.service.ReceiverService (has extras) } U=0: not found
1791670704.744  1047 30967 30967 I KernelSU: hook_manager: unmark 30967 exec /vendor/bin/hw/android.hardware.camera.provider@2.4-service_64
1791670704.759  1047 30967 30967 I android.hardware.camera.provider@2.4-service: CameraProvider@2.4 legacy service is starting.
1791670704.775  1000  4337  4541 W InputDispatcher: channel 'd0a6147 com.oplus.camera/com.oplus.camera.Camera' ~ Consumer closed input channel or an error occurred.  events=0x9
1791670704.775  1000  4337  4541 E InputDispatcher: channel 'd0a6147 com.oplus.camera/com.oplus.camera.Camera' ~ Channel is unrecoverably broken and will be disposed!
1791670704.775  1046  2213 15799 D BufferPoolAccessor2.0: Destruction - bufferpool2 0xb400006e4c870b28 cached: 0/0M, 0/0% in use; allocs: 26, 77% recycled; transfers: 25, 76% unfetched
1791670704.775  1046  2213 15799 D BufferPoolAccessor2.0: Destruction - bufferpool2 0xb400006e4c875528 cached: 0/0M, 0/0% in use; allocs: 33, 91% recycled; transfers: 32, 91% unfetched
1791670704.776  1000  4337  4541 I WindowManager: WINDOW DIED Window{d0a6147 u0 com.oplus.camera/com.oplus.camera.Camera}
1791670704.779  1000  4337  4541 I ImeTracker: system_server:2e12718d: onRequestHide at ORIGIN_SERVER reason IME_REQUESTED_CHANGED_LISTENER fromUser false displayId 0
1791670704.780  1000  4337  4385 I ImeTracker: system_server:2e12718d: onCancelled at PHASE_SERVER_SHOULD_HIDE
1791670704.780  1000  4337  4505 I BootReceiver: Copying /data/tombstones/tombstone_29.pb4025046815856347262.pb.tmp6894588084325709145.pb.txt.tmp to DropBox (SYSTEM_TOMBSTONE)
1791670704.780  1000  4337  6575 D SensorService: Unregistering client listener for PID 30581
1791670704.780  1000  4337  6575 D SensorService: Unregistering client listener for PID 30581
1791670704.781  1000  4337  6601 W AppOps  : Operation not started: uid=10551 pkg=com.oplus.camera(null) op=CAMERA
1791670704.781  1000  4337  5898 I ImeTracker: com.oplus.camera:a8780d30: onRequestHide at ORIGIN_SERVER reason HIDE_REMOVE_CLIENT fromUser false userId 0 displayId 0
1791670704.781  1000  4337  5898 I ImeTracker: com.oplus.camera:a8780d30: onCancelled at PHASE_SERVER_SHOULD_HIDE
1791670704.781  1047  4180  4243 I CameraService: binderDied: A camera client has died, removing it from the list of active clients
1791670704.782  root  4167  4167 I Zygote  : Process 30581 exited due to signal 9 (Killed)
1791670704.783 10384  6896  6896 W InputChannel-JNI: Channel already disposed.
1791670704.783  1000  1659  1659 E QTI PowerHAL: Failed to acquire lock.
1791670704.783  1000  1659  1659 E QTI PowerHAL: Failed process_boost for boost_handle
1791670704.783  1047 30967 30967 I android.hardware.camera.provider@2.4-service_64: vendor/qcom/proprietary/adsprpc/src/rpcmem_android.c:159: rpcmem_init_internal: opened ION device fd 7, configured heap IDs: system (0x2000000), contig (0x10), secure (0x400), secure flags (0x80080000)
1791670704.783  1047 30967 30967 I android.hardware.camera.provider@2.4-service_64: vendor/qcom/proprietary/adsprpc/src/fastrpc_apps_user.c:3078: fastrpc_apps_user_init done with default domain:3 and &fastrpc_trace:0x7613ebefa0
1791670704.783  1047 30967 30967 I android.hardware.camera.provider@2.4-service_64: vendor/qcom/proprietary/adsprpc/src/rpcmem_android.c:159: rpcmem_init_internal: opened ION device fd 8, configured heap IDs: system (0x2000000), contig (0x10), secure (0x400), secure flags (0x80080000)
1791670704.783  1047 30967 30967 I android.hardware.camera.provider@2.4-service_64: vendor/qcom/proprietary/adsprpc/src/fastrpc_apps_user.c:3092: fastrpc_apps_user_init done with default domain:0 and &fastrpc_trace:0x7611484fa0
1791670704.783 10384  6896  6896 I SubtypeOperator: SubtypeOperator$1.onUnbindInput():44
1791670704.784  1000  1617  1785 E minksocket: MinkIPC_QRTR_Service: client with node 1 port 60bd went down
1791670704.785  1047 30967 30967 I CamX    : [CORE_CFG][SENSOR ] explorerEngine.cpp:293 ExplorerEngine() m_pExplorerLock create: 0xb40000781ea2f510
1791670704.785  1000  1617  1785 E minksocket: MinkIPC_QRTR_Service: client with node 1 port 60b8 went down
1791670704.780  root 17932 17932 I binder  : undelivered TRANSACTION_COMPLETE
1791670704.780  root 17932 17932 I binder  : undelivered transaction 8218359, process died.
1791670704.784  root 30966 30966 I CAM_ERR : CAM-OIS: IsOISReady: 1838 OIS 0 0xF100 = 0x0
1791670704.786  1000  4337  6597 I ActivityManager: Process com.oplus.camera (pid 30581) has died: fg  TOP
1791670704.787  1000  4337  5791 W WindowManager: Cannot find window which accessibility connection is added to
1791670704.788  1000  1660  1660 E Diag_Lib: diag: Diag_LSM_DeInit: invoked for pid: 1660
1791670704.789  1047 30967 30967 V CamX    : [ VERB][UTILS  ] camxhashmap.cpp:210 GetInPlace() Key not found
1791670704.789  1000  1617  1785 E minksocket: MinkIPC_QRTR_Service: client with node 1 port 60b3 went down
1791670704.791 media  4181  4181 I ResourceManagerMetrics: onProcessTerminated: Application/Process(30581:10551) terminated with reason: 1. TotalClientsCreated: 260  TotalClientsKilled: 19
1791670704.791 media  4181  4181 I ResourceManagerMetrics: pushCodecUsageMetrics: Pushed APP_MEDIA_CODEC_USAGE_REPORTED atom: Process[pid(30581): uid(10551) is Ended] is Peak { AudioDec[ SW: 2 ] VideoEnc[ HW: 1 ] } Peak Pixels: 6312960. Peak Codec Memory: 6312960 Total Codecs: 260 Killed Codec: 19. Result: 0
1791670704.792  root  6836 28187 V BinderSender: Uid 10551 already starts
1791670704.792  1000  4337  4582 D InetDiagMessage: Destroyed 0 sockets, proto=IPPROTO_TCP, family=AF_INET, states=14
1791670704.792  root  6836 28187 V BinderSender: Uid 10551 dead
1791670704.792  1000  4337  4582 D InetDiagMessage: Destroyed 0 sockets, proto=IPPROTO_TCP, family=AF_INET6, states=14
1791670704.792  1000  4337  4582 D InetDiagMessage: Destroyed live tcp sockets for uids={10551} in 2ms
1791670704.793  1000  4337  4582 D InetDiagMessage: Destroyed 0 sockets, proto=IPPROTO_TCP, family=AF_INET, states=14
1791670704.794  1000  4337  4582 D InetDiagMessage: Destroyed 0 sockets, proto=IPPROTO_TCP, family=AF_INET6, states=14
1791670704.794  1047 30967 30967 V CamX    : [ VERB][CORE   ] camxoverridesettingsfile.cpp:430 Initialize() Could not find override settings text file at: /vendor/etc/camera/camxoverridesettings.txt
1791670704.794  1000  4337  4582 D InetDiagMessage: Destroyed live tcp sockets for uids={20551} in 1ms
1791670704.794  1047 30967 30967 V CamX    : [ VERB][CORE   ] camxoverridesettingsfile.cpp:430 Initialize() Could not find override settings text file at: ./camxoverridesettings.txt
1791670704.794  1000  4337  4393 I libprocessgroup: Removed cgroup /sys/fs/cgroup/apps/uid_10551/pid_30581
1791670704.794  1000  1660  1660 E Diag_Lib: diag: Diag_LSM_DeInit: invoked for pid: 1660
1791670704.794  1000  4337  6597 W ActivityTaskManager: Force removing ActivityRecord{50345119 u0 com.oplus.camera/.Camera t950}: app died, no saved state
1791670704.795  1047 30967 30967 V CamX    : [ VERB][CORE   ] camxsettingsmanager.cpp:527 LoadCamxSettingsOps() Loading from:com.qti.settings.sm8350.so, size:56
1791670704.797  1047 30967 30967 V CamX    : [ VERB][UTILS  ] camxhashmap.cpp:210 GetInPlace() Key not found
1791670704.797  1047 30967 30967 V CamX    : [ VERB][UTILS  ] camxhashmap.cpp:210 GetInPlace() Key not found
1791670704.797  1047 30967 30967 V CamX    : [ VERB][UTILS  ] camxhashmap.cpp:210 GetInPlace() Key not found
1791670704.797  1047 30967 30967 V CamX    : [ VERB][UTILS  ] camxhashmap.cpp:210 GetInPlace() Key not found
1791670704.797  1047 30967 30967 V CamX    : [ VERB][UTILS  ] camxhashmap.cpp:210 GetInPlace() Key not found
1791670704.797  1047 30967 30967 V CamX    : [ VERB][UTILS  ] camxhashmap.cpp:210 GetInPlace() Key not found
1791670704.797  1047 30967 30967 V CamX    : [ VERB][UTILS  ] camxhashmap.cpp:210 GetInPlace() Key not found
1791670704.797  1047 30967 30967 V CamX    : [ VERB][UTILS  ] camxhashmap.cpp:210 GetInPlace() Key not found
1791670704.797  1047 30967 30967 V CamX    : [ VERB][UTILS  ] camxhashmap.cpp:210 GetInPlace() Key not found
1791670704.797  1047 30967 30967 V CamX    : [ VERB][UTILS  ] camxhashmap.cpp:210 GetInPlace() Key not found
1791670704.797  1047 30967 30967 V CamX    : [ VERB][UTILS  ] camxhashmap.cpp:210 GetInPlace() Key not found
1791670704.797  1047 30967 30967 V CamX    : [ VERB][UTILS  ] camxhashmap.cpp:210 GetInPlace() Key not found
1791670704.797  1047 30967 30967 V CamX    : [ VERB][UTILS  ] camxhashmap.cpp:210 GetInPlace() Key not found
1791670704.797  1047 30967 30967 V CamX    : [ VERB][UTILS  ] camxhashmap.cpp:210 GetInPlace() Key not found
1791670704.797  1047 30967 30967 V CamX    : [ VERB][UTILS  ] camxhashmap.cpp:210 GetInPlace() Key not found
1791670704.797  1047 30967 30967 V CamX    : [ VERB][UTILS  ] camxhashmap.cpp:210 GetInPlace() Key not found
1791670704.797  1047 30967 30967 V CamX    : [ VERB][UTILS  ] camxhashmap.cpp:210 GetInPlace() Key not found
1791670704.797  1047 30967 30967 V CamX    : [ VERB][UTILS  ] camxhashmap.cpp:210 GetInPlace() Key not found
1791670704.797  1047 30967 30967 V CamX    : [ VERB][UTILS  ] camxhashmap.cpp:210 GetInPlace() Key not found
1791670704.797  1047 30967 30967 V CamX    : [ VERB][UTILS  ] camxhashmap.cpp:210 GetInPlace() Key not found
1791670704.797  1047 30967 30967 V CamX    : [ VERB][UTILS  ] camxhashmap.cpp:210 GetInPlace() Key not found
1791670704.797  1047 30967 30967 V CamX    : [ VERB][UTILS  ] camxhashmap.cpp:210 GetInPlace() Key not found
1791670704.797  1047 30967 30967 V CamX    : [ VERB][UTILS  ] camxhashmap.cpp:210 GetInPlace() Key not found
1791670704.797  1047 30967 30967 V CamX    : [ VERB][UTILS  ] camxhashmap.cpp:210 GetInPlace() Key not found
1791670704.797  1047 30967 30967 V CamX    : [ VERB][UTILS  ] camxhashmap.cpp:210 GetInPlace() Key not found
1791670704.797  1047 30967 30967 V CamX    : [ VERB][UTILS  ] camxhashmap.cpp:210 GetInPlace() Key not found
1791670704.797  1047 30967 30967 V CamX    : [ VERB][UTILS  ] camxhashmap.cpp:210 GetInPlace() Key not found
1791670704.797  1047 30967 30967 V CamX    : [ VERB][UTILS  ] camxhashmap.cpp:210 GetInPlace() Key not found
1791670704.797  1047 30967 30967 V CamX    : [ VERB][UTILS  ] camxhashmap.cpp:210 GetInPlace() Key not found
1791670704.797  1047 30967 30967 V CamX    : [ VERB][UTILS  ] camxhashmap.cpp:210 GetInPlace() Key not found
1791670704.797  1047 30967 30967 V CamX    : [ VERB][UTILS  ] camxhashmap.cpp:210 GetInPlace() Key not found
1791670704.797  1047 30967 30967 V CamX    : [ VERB][UTILS  ] camxhashmap.cpp:210 GetInPlace() Key not found
1791670704.797  1047 30967 30967 V CamX    : [ VERB][UTILS  ] camxhashmap.cpp:210 GetInPlace() Key not found
1791670704.797  1047 30967 30967 V CamX    : [ VERB][UTILS  ] camxhashmap.cpp:210 GetInPlace() Key not found
1791670704.797  1047 30967 30967 V CamX    : [ VERB][UTILS  ] camxhashmap.cpp:210 GetInPlace() Key not found
1791670704.797  1047 30967 30967 V CamX    : [ VERB][UTILS  ] camxhashmap.cpp:210 GetInPlace() Key not found
1791670704.797  1047 30967 30967 V CamX    : [ VERB][UTILS  ] camxhashmap.cpp:210 GetInPlace() Key not found
1791670704.797  1047 30967 30967 V CamX    : [ VERB][UTILS  ] camxhashmap.cpp:210 GetInPlace() Key not found
1791670704.797  1047 30967 30967 V CamX    : [ VERB][UTILS  ] camxhashmap.cpp:210 GetInPlace() Key not found
1791670704.797  1047 30967 30967 V CamX    : [ VERB][UTILS  ] camxhashmap.cpp:210 GetInPlace() Key not found
1791670704.797  1047 30967 30967 V CamX    : [ VERB][UTILS  ] camxhashmap.cpp:210 GetInPlace() Key not found
1791670704.797  1047 30967 30967 V CamX    : [ VERB][UTILS  ] camxhashmap.cpp:210 GetInPlace() Key not found
1791670704.797  1047 30967 30967 V CamX    : [ VERB][UTILS  ] camxhashmap.cpp:210 GetInPlace() Key not found
1791670704.797  1047 30967 30967 V CamX    : [ VERB][UTILS  ] camxhashmap.cpp:210 GetInPlace() Key not found
1791670704.797  1047 30967 30967 V CamX    : [ VERB][UTILS  ] camxhashmap.cpp:210 GetInPlace() Key not found
1791670704.797  1047 30967 30967 V CamX    : [ VERB][UTILS  ] camxhashmap.cpp:210 GetInPlace() Key not found
1791670704.797  1047 30967 30967 V CamX    : [ VERB][UTILS  ] camxhashmap.cpp:210 GetInPlace() Key not found
1791670704.797  1047 30967 30967 V CamX    : [ VERB][UTILS  ] camxhashmap.cpp:210 GetInPlace() Key not found
1791670704.797  1047 30967 30967 V CamX    : [ VERB][UTILS  ] camxhashmap.cpp:210 GetInPlace() Key not found
1791670704.797  1047 30967 30967 V CamX    : [ VERB][UTILS  ] camxhashmap.cpp:210 GetInPlace() Key not found
1791670704.797  1047 30967 30967 V CamX    : [ VERB][UTILS  ] camxhashmap.cpp:210 GetInPlace() Key not found
1791670704.797  1047 30967 30967 V CamX    : [ VERB][UTILS  ] camxhashmap.cpp:210 GetInPlace() Key not found
1791670704.797  1047 30967 30967 V CamX    : [ VERB][UTILS  ] camxhashmap.cpp:210 GetInPlace() Key not found
1791670704.797  1047 30967 30967 V CamX    : [ VERB][UTILS  ] camxhashmap.cpp:210 GetInPlace() Key not found
1791670704.797  1047 30967 30967 V CamX    : [ VERB][UTILS  ] camxhashmap.cpp:210 GetInPlace() Key not found
1791670704.797  1047 30967 30967 V CamX    : [ VERB][UTILS  ] camxhashmap.cpp:210 GetInPlace() Key not found
1791670704.797  1047 30967 30967 V CamX    : [ VERB][UTILS  ] camxhashmap.cpp:210 GetInPlace() Key not found
1791670704.797  1047 30967 30967 V CamX    : [ VERB][UTILS  ] camxhashmap.cpp:210 GetInPlace() Key not found
1791670704.797  1047 30967 30967 V CamX    : [ VERB][UTILS  ] camxhashmap.cpp:210 GetInPlace() Key not found
1791670704.797  1047 30967 30967 V CamX    : [ VERB][UTILS  ] camxhashmap.cpp:210 GetInPlace() Key not found
1791670704.797  1047 30967 30967 V CamX    : [ VERB][UTILS  ] camxhashmap.cpp:210 GetInPlace() Key not found
1791670704.797  1047 30967 30967 V CamX    : [ VERB][UTILS  ] camxhashmap.cpp:210 GetInPlace() Key not found
1791670704.797  1047 30967 30967 V CamX    : [ VERB][UTILS  ] camxhashmap.cpp:210 GetInPlace() Key not found
1791670704.797  1047 30967 30967 V CamX    : [ VERB][UTILS  ] camxhashmap.cpp:210 GetInPlace() Key not found
1791670704.797  1047 30967 30967 V CamX    : [ VERB][UTILS  ] camxhashmap.cpp:210 GetInPlace() Key not found
1791670704.797  1047 30967 30967 V CamX    : [ VERB][UTILS  ] camxhashmap.cpp:210 GetInPlace() Key not found
1791670704.797  1047 30967 30967 V CamX    : [ VERB][UTILS  ] camxhashmap.cpp:210 GetInPlace() Key not found
1791670704.797  1047 30967 30967 V CamX    : [ VERB][UTILS  ] camxhashmap.cpp:210 GetInPlace() Key not found
1791670704.797  1047 30967 30967 V CamX    : [ VERB][UTILS  ] camxhashmap.cpp:210 GetInPlace() Key not found
1791670704.797  1047 30967 30967 V CamX    : [ VERB][UTILS  ] camxhashmap.cpp:210 GetInPlace() Key not found
1791670704.797  1047 30967 30967 V CamX    : [ VERB][UTILS  ] camxhashmap.cpp:210 GetInPlace() Key not found
1791670704.797  1047 30967 30967 V CamX    : [ VERB][UTILS  ] camxhashmap.cpp:210 GetInPlace() Key not found
1791670704.797  1047 30967 30967 V CamX    : [ VERB][UTILS  ] camxhashmap.cpp:210 GetInPlace() Key not found
1791670704.797  1047 30967 30967 V CamX    : [ VERB][UTILS  ] camxhashmap.cpp:210 GetInPlace() Key not found
1791670704.797  1047 30967 30967 V CamX    : [ VERB][UTILS  ] camxhashmap.cpp:210 GetInPlace() Key not found
1791670704.797  1047 30967 30967 V CamX    : [ VERB][UTILS  ] camxhashmap.cpp:210 GetInPlace() Key not found
1791670704.797  1047 30967 30967 V CamX    : [ VERB][UTILS  ] camxhashmap.cpp:210 GetInPlace() Key not found
1791670704.797  1047 30967 30967 V CamX    : [ VERB][UTILS  ] camxhashmap.cpp:210 GetInPlace() Key not found
1791670704.797  1047 30967 30967 V CamX    : [ VERB][UTILS  ] camxhashmap.cpp:210 GetInPlace() Key not found
1791670704.797  1047 30967 30967 V CamX    : [ VERB][UTILS  ] camxhashmap.cpp:210 GetInPlace() Key not found
1791670704.797  1047 30967 30967 V CamX    : [ VERB][UTILS  ] camxhashmap.cpp:210 GetInPlace() Key not found
1791670704.797  1047 30967 30967 V CamX    : [ VERB][UTILS  ] camxhashmap.cpp:210 GetInPlace() Key not found
1791670704.797  1047 30967 30967 V CamX    : [ VERB][UTILS  ] camxhashmap.cpp:210 GetInPlace() Key not found
1791670704.797  1047 30967 30967 V CamX    : [ VERB][UTILS  ] camxhashmap.cpp:210 GetInPlace() Key not found
1791670704.797  1047 30967 30967 V CamX    : [ VERB][UTILS  ] camxhashmap.cpp:210 GetInPlace() Key not found
1791670704.797  1047 30967 30967 V CamX    : [ VERB][UTILS  ] camxhashmap.cpp:210 GetInPlace() Key not found
1791670704.797  1047 30967 30967 V CamX    : [ VERB][UTILS  ] camxhashmap.cpp:210 GetInPlace() Key not found
1791670704.797  1047 30967 30967 V CamX    : [ VERB][UTILS  ] camxhashmap.cpp:210 GetInPlace() Key not found
1791670704.797  1047 30967 30967 V CamX    : [ VERB][UTILS  ] camxhashmap.cpp:210 GetInPlace() Key not found
1791670704.797  1047 30967 30967 V CamX    : [ VERB][UTILS  ] camxhashmap.cpp:210 GetInPlace() Key not found
1791670704.797  1047 30967 30967 V CamX    : [ VERB][UTILS  ] camxhashmap.cpp:210 GetInPlace() Key not found
1791670704.797  1047 30967 30967 V CamX    : [ VERB][UTILS  ] camxhashmap.cpp:210 GetInPlace() Key not found
1791670704.797  1047 30967 30967 V CamX    : [ VERB][UTILS  ] camxhashmap.cpp:210 GetInPlace() Key not found
1791670704.797  1047 30967 30967 V CamX    : [ VERB][UTILS  ] camxhashmap.cpp:210 GetInPlace() Key not found
1791670704.797  1047 30967 30967 V CamX    : [ VERB][UTILS  ] camxhashmap.cpp:210 GetInPlace() Key not found
1791670704.797  1047 30967 30967 V CamX    : [ VERB][UTILS  ] camxhashmap.cpp:210 GetInPlace() Key not found
1791670704.797  1047 30967 30967 V CamX    : [ VERB][UTILS  ] camxhashmap.cpp:210 GetInPlace() Key not found
1791670704.797  1047 30967 30967 V CamX    : [ VERB][UTILS  ] camxhashmap.cpp:210 GetInPlace() Key not found
1791670704.797  1047 30967 30967 V CamX    : [ VERB][UTILS  ] camxhashmap.cpp:210 GetInPlace() Key not found
1791670704.797  1047 30967 30967 V CamX    : [ VERB][UTILS  ] camxhashmap.cpp:210 GetInPlace() Key not found
1791670704.797  1047 30967 30967 V CamX    : [ VERB][UTILS  ] camxhashmap.cpp:210 GetInPlace() Key not found
1791670704.797  1047 30967 30967 V CamX    : [ VERB][UTILS  ] camxhashmap.cpp:210 GetInPlace() Key not found
1791670704.797  1047 30967 30967 V CamX    : [ VERB][UTILS  ] camxhashmap.cpp:210 GetInPlace() Key not found
1791670704.797  1047 30967 30967 V CamX    : [ VERB][UTILS  ] camxhashmap.cpp:210 GetInPlace() Key not found
1791670704.797  1047 30967 30967 V CamX    : [ VERB][UTILS  ] camxhashmap.cpp:210 GetInPlace() Key not found
1791670704.797  1047 30967 30967 V CamX    : [ VERB][UTILS  ] camxhashmap.cpp:210 GetInPlace() Key not found
1791670704.797  1047 30967 30967 V CamX    : [ VERB][UTILS  ] camxhashmap.cpp:210 GetInPlace() Key not found
1791670704.797  1047 30967 30967 V CamX    : [ VERB][UTILS  ] camxhashmap.cpp:210 GetInPlace() Key not found
1791670704.798  1047 30967 30967 I CAM_INFO: CAM-SMMU: cam_smmu_need_force_alloc_cached: 383 force_cache_allocs=0
1791670704.798  1047 30967 30967 I CAM_WARN: CAM-MEM: cam_mem_mgr_create_debug_fs: 143 DebugFS not enabled in kernel!
1791670704.797  1047 30967 30967 V CamX    : [ VERB][UTILS  ] camxhashmap.cpp:210 GetInPlace() Key not found
1791670704.797  1047 30967 30967 V CamX    : [ VERB][UTILS  ] camxhashmap.cpp:210 GetInPlace() Key not found
1791670704.797  1047 30967 30967 V CamX    : [ VERB][UTILS  ] camxhashmap.cpp:210 GetInPlace() Key not found
1791670704.797  1047 30967 30967 V CamX    : [ VERB][UTILS  ] camxhashmap.cpp:210 GetInPlace() Key not found
1791670704.797  1047 30967 30967 V CamX    : [ VERB][UTILS  ] camxhashmap.cpp:210 GetInPlace() Key not found
1791670704.797  1047 30967 30967 V CamX    : [ VERB][UTILS  ] camxhashmap.cpp:210 GetInPlace() Key not found
1791670704.797  1047 30967 30967 V CamX    : [ VERB][UTILS  ] camxhashmap.cpp:210 GetInPlace() Key not found
1791670704.797  1047 30967 30967 V CamX    : [ VERB][UTILS  ] camxhashmap.cpp:210 GetInPlace() Key not found
1791670704.797  1047 30967 30967 V CamX    : [ VERB][UTILS  ] camxhashmap.cpp:210 GetInPlace() Key not found
1791670704.797  1047 30967 30967 V CamX    : [ VERB][UTILS  ] camxhashmap.cpp:210 GetInPlace() Key not found
1791670704.797  1047 30967 30967 V CamX    : [ VERB][UTILS  ] camxhashmap.cpp:210 GetInPlace() Key not found
1791670704.797  1047 30967 30967 V CamX    : [ VERB][UTILS  ] camxhashmap.cpp:210 GetInPlace() Key not found
1791670704.797  1047 30967 30967 V CamX    : [ VERB][UTILS  ] camxhashmap.cpp:210 GetInPlace() Key not found
1791670704.797  1047 30967 30967 V CamX    : [ VERB][UTILS  ] camxhashmap.cpp:210 GetInPlace() Key not found
1791670704.797  1047 30967 30967 V CamX    : [ VERB][UTILS  ] camxhashmap.cpp:210 GetInPlace() Key not found
1791670704.797  1047 30967 30967 V CamX    : [ VERB][UTILS  ] camxhashmap.cpp:210 GetInPlace() Key not found
1791670704.797  1047 30967 30967 V CamX    : [ VERB][UTILS  ] camxhashmap.cpp:210 GetInPlace() Key not found
1791670704.797  1047 30967 30967 V CamX    : [ VERB][UTILS  ] camxhashmap.cpp:210 GetInPlace() Key not found
1791670704.797  1047 30967 30967 V CamX    : [ VERB][UTILS  ] camxhashmap.cpp:210 GetInPlace() Key not found
1791670704.797  1047 30967 30967 V CamX    : [ VERB][UTILS  ] camxhashmap.cpp:210 GetInPlace() Key not found
1791670704.797  1047 30967 30967 V CamX    : [ VERB][UTILS  ] camxhashmap.cpp:210 GetInPlace() Key not found
1791670704.797  1047 30967 30967 V CamX    : [ VERB][UTILS  ] camxhashmap.cpp:210 GetInPlace() Key not found
1791670704.797  1047 30967 30967 V CamX    : [ VERB][UTILS  ] camxhashmap.cpp:210 GetInPlace() Key not found
1791670704.797  1047 30967 30967 V CamX    : [ VERB][UTILS  ] camxhashmap.cpp:210 GetInPlace() Key not found
1791670704.797  1047 30967 30967 V CamX    : [ VERB][UTILS  ] camxhashmap.cpp:210 GetInPlace() Key not found
1791670704.797  1047 30967 30967 V CamX    : [ VERB][UTILS  ] camxhashmap.cpp:210 GetInPlace() Key not found
1791670704.797  1047 30967 30967 V CamX    : [ VERB][UTILS  ] camxhashmap.cpp:210 GetInPlace() Key not found
1791670704.797  1047 30967 30967 V CamX    : [ VERB][UTILS  ] camxhashmap.cpp:210 GetInPlace() Key not found
1791670704.797  1047 30967 30967 V CamX    : [ VERB][UTILS  ] camxhashmap.cpp:210 GetInPlace() Key not found
1791670704.797  1047 30967 30967 V CamX    : [ VERB][UTILS  ] camxhashmap.cpp:210 GetInPlace() Key not found
1791670704.797  1047 30967 30967 V CamX    : [ VERB][UTILS  ] camxhashmap.cpp:210 GetInPlace() Key not found
1791670704.807  1047 30967 30967 I CAM_INFO: CAM-ICP: cam_a5_download_fw: 204 Downloading firmware CAMERA_ICP.elf
1791670704.797  1047 30967 30967 V CamX    : [ VERB][UTILS  ] camxhashmap.cpp:210 GetInPlace() Key not found
1791670704.807  1047 30967 30967 W cam-a5 ac00000.qcom,a5: Direct firmware load for CAMERA_ICP.elf failed with error -2
1791670704.807  1047 30967 30967 W cam-a5 ac00000.qcom,a5: Falling back to sysfs fallback for: CAMERA_ICP.elf
1791670704.809  logd 30969 30969 I ueventd : firmware: loading 'CAMERA_ICP.elf' for '/devices/platform/soc/ac00000.qcom,a5/firmware/CAMERA_ICP.elf'
1791670704.809  logd 30969 30969 I ueventd : found /vendor/firmware/CAMERA_ICP.elf for /devices/platform/soc/ac00000.qcom,a5/firmware/CAMERA_ICP.elf
1791670704.813  logd 30969 30969 I ueventd : loading /devices/platform/soc/ac00000.qcom,a5/firmware/CAMERA_ICP.elf took 3ms
1791670704.813  1047 30967 30967 I CAM_INFO: CAM-HFI: cam_hfi_init: 841 Init IO1 : [0x10c00000 0xcf300000] IO2 [0xe0200000 0x1ed00000]
1791670704.797  1047 30967 30967 V CamX    : [ VERB][UTILS  ] camxhashmap.cpp:210 GetInPlace() Key not found
1791670704.797  1047 30967 30967 V CamX    : [ VERB][UTILS  ] camxhashmap.cpp:210 GetInPlace() Key not found
1791670704.797  1047 30967 30967 V CamX    : [ VERB][UTILS  ] camxhashmap.cpp:210 GetInPlace() Key not found
1791670704.797  1047 30967 30967 V CamX    : [ VERB][UTILS  ] camxhashmap.cpp:210 GetInPlace() Key not found
1791670704.797  1047 30967 30967 V CamX    : [ VERB][UTILS  ] camxhashmap.cpp:210 GetInPlace() Key not found
1791670704.797  1047 30967 30967 V CamX    : [ VERB][UTILS  ] camxhashmap.cpp:210 GetInPlace() Key not found
1791670704.797  1047 30967 30967 V CamX    : [ VERB][UTILS  ] camxhashmap.cpp:210 GetInPlace() Key not found
1791670704.797  1047 30967 30967 V CamX    : [ VERB][UTILS  ] camxhashmap.cpp:210 GetInPlace() Key not found
1791670704.797  1047 30967 30967 V CamX    : [ VERB][UTILS  ] camxhashmap.cpp:210 GetInPlace() Key not found
1791670704.797  1047 30967 30967 V CamX    : [ VERB][UTILS  ] camxhashmap.cpp:210 GetInPlace() Key not found
1791670704.797  1047 30967 30967 V CamX    : [ VERB][UTILS  ] camxhashmap.cpp:210 GetInPlace() Key not found
1791670704.797  1047 30967 30967 V CamX    : [ VERB][UTILS  ] camxhashmap.cpp:210 GetInPlace() Key not found
1791670704.797  1047 30967 30967 V CamX    : [ VERB][UTILS  ] camxhashmap.cpp:210 GetInPlace() Key not found
1791670704.797  1047 30967 30967 V CamX    : [ VERB][UTILS  ] camxhashmap.cpp:210 GetInPlace() Key not found
1791670704.797  1047 30967 30967 V CamX    : [ VERB][UTILS  ] camxhashmap.cpp:210 GetInPlace() Key not found
1791670704.797  1047 30967 30967 V CamX    : [ VERB][UTILS  ] camxhashmap.cpp:210 GetInPlace() Key not found
1791670704.797  1047 30967 30967 V CamX    : [ VERB][UTILS  ] camxhashmap.cpp:210 GetInPlace() Key not found
1791670704.797  1047 30967 30967 V CamX    : [ VERB][UTILS  ] camxhashmap.cpp:210 GetInPlace() Key not found
1791670704.797  1047 30967 30967 V CamX    : [ VERB][UTILS  ] camxhashmap.cpp:210 GetInPlace() Key not found
1791670704.797  1047 30967 30967 V CamX    : [ VERB][UTILS  ] camxhashmap.cpp:210 GetInPlace() Key not found
1791670704.797  1047 30967 30967 V CamX    : [ VERB][UTILS  ] camxhashmap.cpp:210 GetInPlace() Key not found
1791670704.797  1047 30967 30967 V CamX    : [ VERB][UTILS  ] camxhashmap.cpp:210 GetInPlace() Key not found
1791670704.797  1047 30967 30967 V CamX    : [ VERB][UTILS  ] camxhashmap.cpp:210 GetInPlace() Key not found
1791670704.797  1047 30967 30967 V CamX    : [ VERB][UTILS  ] camxhashmap.cpp:210 GetInPlace() Key not found
1791670704.797  1047 30967 30967 V CamX    : [ VERB][UTILS  ] camxhashmap.cpp:210 GetInPlace() Key not found
1791670704.797  1047 30967 30967 V CamX    : [ VERB][UTILS  ] camxhashmap.cpp:210 GetInPlace() Key not found
1791670704.797  1047 30967 30967 V CamX    : [ VERB][UTILS  ] camxhashmap.cpp:210 GetInPlace() Key not found
1791670704.797  1047 30967 30967 V CamX    : [ VERB][UTILS  ] camxhashmap.cpp:210 GetInPlace() Key not found
1791670704.797  1047 30967 30967 V CamX    : [ VERB][UTILS  ] camxhashmap.cpp:210 GetInPlace() Key not found
1791670704.797  1047 30967 30967 V CamX    : [ VERB][UTILS  ] camxhashmap.cpp:210 GetInPlace() Key not found
1791670704.797  1047 30967 30967 V CamX    : [ VERB][UTILS  ] camxhashmap.cpp:210 GetInPlace() Key not found
1791670704.797  1047 30967 30967 V CamX    : [ VERB][UTILS  ] camxhashmap.cpp:210 GetInPlace() Key not found
1791670704.797  1047 30967 30967 V CamX    : [ VERB][UTILS  ] camxhashmap.cpp:210 GetInPlace() Key not found
1791670704.797  1047 30967 30967 V CamX    : [ VERB][UTILS  ] camxhashmap.cpp:210 GetInPlace() Key not found
1791670704.797  1047 30967 30967 V CamX    : [ VERB][UTILS  ] camxhashmap.cpp:210 GetInPlace() Key not found
1791670704.797  1047 30967 30967 V CamX    : [ VERB][UTILS  ] camxhashmap.cpp:210 GetInPlace() Key not found
1791670704.797  1047 30967 30967 V CamX    : [ VERB][UTILS  ] camxhashmap.cpp:210 GetInPlace() Key not found
1791670704.797  1047 30967 30967 V CamX    : [ VERB][UTILS  ] camxhashmap.cpp:210 GetInPlace() Key not found
1791670704.797  1047 30967 30967 V CamX    : [ VERB][UTILS  ] camxhashmap.cpp:210 GetInPlace() Key not found
1791670704.797  1047 30967 30967 V CamX    : [ VERB][UTILS  ] camxhashmap.cpp:210 GetInPlace() Key not found
1791670704.797  1047 30967 30967 V CamX    : [ VERB][UTILS  ] camxhashmap.cpp:210 GetInPlace() Key not found
1791670704.797  1047 30967 30967 V CamX    : [ VERB][UTILS  ] camxhashmap.cpp:210 GetInPlace() Key not found
1791670704.797  1047 30967 30967 V CamX    : [ VERB][UTILS  ] camxhashmap.cpp:210 GetInPlace() Key not found
1791670704.797  1047 30967 30967 V CamX    : [ VERB][UTILS  ] camxhashmap.cpp:210 GetInPlace() Key not found
1791670704.797  1047 30967 30967 V CamX    : [ VERB][UTILS  ] camxhashmap.cpp:210 GetInPlace() Key not found
1791670704.797  1047 30967 30967 V CamX    : [ VERB][UTILS  ] camxhashmap.cpp:210 GetInPlace() Key not found
1791670704.797  1047 30967 30967 V CamX    : [ VERB][UTILS  ] camxhashmap.cpp:210 GetInPlace() Key not found
1791670704.797  1047 30967 30967 V CamX    : [ VERB][UTILS  ] camxhashmap.cpp:210 GetInPlace() Key not found
1791670704.797  1047 30967 30967 V CamX    : [ VERB][UTILS  ] camxhashmap.cpp:210 GetInPlace() Key not found
1791670704.797  1047 30967 30967 V CamX    : [ VERB][UTILS  ] camxhashmap.cpp:210 GetInPlace() Key not found
1791670704.797  1047 30967 30967 V CamX    : [ VERB][UTILS  ] camxhashmap.cpp:210 GetInPlace() Key not found
1791670704.797  1047 30967 30967 V CamX    : [ VERB][UTILS  ] camxhashmap.cpp:210 GetInPlace() Key not found
1791670704.797  1047 30967 30967 V CamX    : [ VERB][UTILS  ] camxhashmap.cpp:210 GetInPlace() Key not found
1791670704.797  1047 30967 30967 V CamX    : [ VERB][UTILS  ] camxhashmap.cpp:210 GetInPlace() Key not found
1791670704.797  1047 30967 30967 V CamX    : [ VERB][UTILS  ] camxhashmap.cpp:210 GetInPlace() Key not found
1791670704.797  1047 30967 30967 V CamX    : [ VERB][UTILS  ] camxhashmap.cpp:210 GetInPlace() Key not found
1791670704.797  1047 30967 30967 V CamX    : [ VERB][UTILS  ] camxhashmap.cpp:210 GetInPlace() Key not found
1791670704.797  1047 30967 30967 V CamX    : [ VERB][UTILS  ] camxhashmap.cpp:210 GetInPlace() Key not found
1791670704.797  1047 30967 30967 V CamX    : [ VERB][UTILS  ] camxhashmap.cpp:210 GetInPlace() Key not found
1791670704.797  1047 30967 30967 V CamX    : [ VERB][UTILS  ] camxhashmap.cpp:210 GetInPlace() Key not found
1791670704.797  1047 30967 30967 V CamX    : [ VERB][UTILS  ] camxhashmap.cpp:210 GetInPlace() Key not found
1791670704.797  1047 30967 30967 V CamX    : [ VERB][UTILS  ] camxhashmap.cpp:210 GetInPlace() Key not found
1791670704.797  1047 30967 30967 V CamX    : [ VERB][UTILS  ] camxhashmap.cpp:210 GetInPlace() Key not found
1791670704.797  1047 30967 30967 V CamX    : [ VERB][UTILS  ] camxhashmap.cpp:210 GetInPlace() Key not found
1791670704.797  1047 30967 30967 V CamX    : [ VERB][UTILS  ] camxhashmap.cpp:210 GetInPlace() Key not found
1791670704.797  1047 30967 30967 V CamX    : [ VERB][UTILS  ] camxhashmap.cpp:210 GetInPlace() Key not found
1791670704.797  1047 30967 30967 V CamX    : [ VERB][UTILS  ] camxhashmap.cpp:210 GetInPlace() Key not found
1791670704.797  1047 30967 30967 V CamX    : [ VERB][UTILS  ] camxhashmap.cpp:210 GetInPlace() Key not found
1791670704.797  1047 30967 30967 V CamX    : [ VERB][UTILS  ] camxhashmap.cpp:210 GetInPlace() Key not found
1791670704.797  1047 30967 30967 V CamX    : [ VERB][UTILS  ] camxhashmap.cpp:210 GetInPlace() Key not found
1791670704.797  1047 30967 30967 V CamX    : [ VERB][UTILS  ] camxhashmap.cpp:210 GetInPlace() Key not found
1791670704.797  1047 30967 30967 V CamX    : [ VERB][UTILS  ] camxhashmap.cpp:210 GetInPlace() Key not found
1791670704.797  1047 30967 30967 V CamX    : [ VERB][UTILS  ] camxhashmap.cpp:210 GetInPlace() Key not found
1791670704.797  1047 30967 30967 V CamX    : [ VERB][UTILS  ] camxhashmap.cpp:210 GetInPlace() Key not found
1791670704.797  1047 30967 30967 V CamX    : [ VERB][UTILS  ] camxhashmap.cpp:210 GetInPlace() Key not found
1791670704.797  1047 30967 30967 V CamX    : [ VERB][UTILS  ] camxhashmap.cpp:210 GetInPlace() Key not found
1791670704.797  1047 30967 30967 V CamX    : [ VERB][UTILS  ] camxhashmap.cpp:210 GetInPlace() Key not found
1791670704.797  1047 30967 30967 V CamX    : [ VERB][UTILS  ] camxhashmap.cpp:210 GetInPlace() Key not found
1791670704.797  1047 30967 30967 V CamX    : [ VERB][UTILS  ] camxhashmap.cpp:210 GetInPlace() Key not found
1791670704.797  1047 30967 30967 V CamX    : [ VERB][UTILS  ] camxhashmap.cpp:210 GetInPlace() Key not found
1791670704.797  1047 30967 30967 V CamX    : [ VERB][UTILS  ] camxhashmap.cpp:210 GetInPlace() Key not found
1791670704.797  1047 30967 30967 V CamX    : [ VERB][UTILS  ] camxhashmap.cpp:210 GetInPlace() Key not found
1791670704.797  1047 30967 30967 V CamX    : [ VERB][UTILS  ] camxhashmap.cpp:210 GetInPlace() Key not found
1791670704.797  1047 30967 30967 V CamX    : [ VERB][UTILS  ] camxhashmap.cpp:210 GetInPlace() Key not found
1791670704.797  1047 30967 30967 V CamX    : [ VERB][UTILS  ] camxhashmap.cpp:210 GetInPlace() Key not found
1791670704.797  1047 30967 30967 V CamX    : [ VERB][UTILS  ] camxhashmap.cpp:210 GetInPlace() Key not found
1791670704.797  1047 30967 30967 V CamX    : [ VERB][UTILS  ] camxhashmap.cpp:210 GetInPlace() Key not found
1791670704.797  1047 30967 30967 V CamX    : [ VERB][UTILS  ] camxhashmap.cpp:210 GetInPlace() Key not found
1791670704.797  1047 30967 30967 V CamX    : [ VERB][UTILS  ] camxhashmap.cpp:210 GetInPlace() Key not found
1791670704.797  1047 30967 30967 V CamX    : [ VERB][UTILS  ] camxhashmap.cpp:210 GetInPlace() Key not found
1791670704.797  1047 30967 30967 V CamX    : [ VERB][UTILS  ] camxhashmap.cpp:210 GetInPlace() Key not found
1791670704.797  1047 30967 30967 V CamX    : [ VERB][UTILS  ] camxhashmap.cpp:210 GetInPlace() Key not found
1791670704.797  1047 30967 30967 V CamX    : [ VERB][UTILS  ] camxhashmap.cpp:210 GetInPlace() Key not found
1791670704.797  1047 30967 30967 V CamX    : [ VERB][UTILS  ] camxhashmap.cpp:210 GetInPlace() Key not found
1791670704.823  1047 30967 30967 I CAM_INFO: CAM-HFI: cam_hfi_init: 872 fw version : [0]
1791670704.797  1047 30967 30967 V CamX    : [ VERB][UTILS  ] camxhashmap.cpp:210 GetInPlace() Key not found
1791670704.797  1047 30967 30967 V CamX    : [ VERB][UTILS  ] camxhashmap.cpp:210 GetInPlace() Key not found
1791670704.797  1047 30967 30967 V CamX    : [ VERB][UTILS  ] camxhashmap.cpp:210 GetInPlace() Key not found
1791670704.797  1047 30967 30967 V CamX    : [ VERB][UTILS  ] camxhashmap.cpp:210 GetInPlace() Key not found
1791670704.797  1047 30967 30967 V CamX    : [ VERB][UTILS  ] camxhashmap.cpp:210 GetInPlace() Key not found
1791670704.797  1047 30967 30967 V CamX    : [ VERB][UTILS  ] camxhashmap.cpp:210 GetInPlace() Key not found
1791670704.797  1047 30967 30967 V CamX    : [ VERB][UTILS  ] camxhashmap.cpp:210 GetInPlace() Key not found
1791670704.797  1047 30967 30967 V CamX    : [ VERB][UTILS  ] camxhashmap.cpp:210 GetInPlace() Key not found
1791670704.797  1047 30967 30967 V CamX    : [ VERB][UTILS  ] camxhashmap.cpp:210 GetInPlace() Key not found
1791670704.797  1047 30967 30967 V CamX    : [ VERB][UTILS  ] camxhashmap.cpp:210 GetInPlace() Key not found
1791670704.797  1047 30967 30967 V CamX    : [ VERB][UTILS  ] camxhashmap.cpp:210 GetInPlace() Key not found
1791670704.797  1047 30967 30967 V CamX    : [ VERB][UTILS  ] camxhashmap.cpp:210 GetInPlace() Key not found
1791670704.797  1047 30967 30967 V CamX    : [ VERB][UTILS  ] camxhashmap.cpp:210 GetInPlace() Key not found
1791670704.797  1047 30967 30967 V CamX    : [ VERB][UTILS  ] camxhashmap.cpp:210 GetInPlace() Key not found
1791670704.797  1047 30967 30967 V CamX    : [ VERB][UTILS  ] camxhashmap.cpp:210 GetInPlace() Key not found
1791670704.797  1047 30967 30967 V CamX    : [ VERB][UTILS  ] camxhashmap.cpp:210 GetInPlace() Key not found
1791670704.797  1047 30967 30967 V CamX    : [ VERB][UTILS  ] camxhashmap.cpp:210 GetInPlace() Key not found
1791670704.797  1047 30967 30967 V CamX    : [ VERB][UTILS  ] camxhashmap.cpp:210 GetInPlace() Key not found
1791670704.797  1047 30967 30967 V CamX    : [ VERB][UTILS  ] camxhashmap.cpp:210 GetInPlace() Key not found
1791670704.797  1047 30967 30967 V CamX    : [ VERB][UTILS  ] camxhashmap.cpp:210 GetInPlace() Key not found
1791670704.797  1047 30967 30967 V CamX    : [ VERB][UTILS  ] camxhashmap.cpp:210 GetInPlace() Key not found
1791670704.797  1047 30967 30967 V CamX    : [ VERB][UTILS  ] camxhashmap.cpp:210 GetInPlace() Key not found
1791670704.797  1047 30967 30967 V CamX    : [ VERB][UTILS  ] camxhashmap.cpp:210 GetInPlace() Key not found
1791670704.797  1047 30967 30967 V CamX    : [ VERB][UTILS  ] camxhashmap.cpp:210 GetInPlace() Key not found
1791670704.797  1047 30967 30967 V CamX    : [ VERB][UTILS  ] camxhashmap.cpp:210 GetInPlace() Key not found
1791670704.797  1047 30967 30967 V CamX    : [ VERB][UTILS  ] camxhashmap.cpp:210 GetInPlace() Key not found
1791670704.797  1047 30967 30967 V CamX    : [ VERB][UTILS  ] camxhashmap.cpp:210 GetInPlace() Key not found
1791670704.797  1047 30967 30967 V CamX    : [ VERB][UTILS  ] camxhashmap.cpp:210 GetInPlace() Key not found
1791670704.797  1047 30967 30967 V CamX    : [ VERB][UTILS  ] camxhashmap.cpp:210 GetInPlace() Key not found
1791670704.797  1047 30967 30967 V CamX    : [ VERB][UTILS  ] camxhashmap.cpp:210 GetInPlace() Key not found
1791670704.797  1047 30967 30967 V CamX    : [ VERB][UTILS  ] camxhashmap.cpp:210 GetInPlace() Key not found
1791670704.797  1047 30967 30967 V CamX    : [ VERB][UTILS  ] camxhashmap.cpp:210 GetInPlace() Key not found
1791670704.797  1047 30967 30967 V CamX    : [ VERB][UTILS  ] camxhashmap.cpp:210 GetInPlace() Key not found
1791670704.797  1047 30967 30967 V CamX    : [ VERB][UTILS  ] camxhashmap.cpp:210 GetInPlace() Key not found
1791670704.797  1047 30967 30967 V CamX    : [ VERB][UTILS  ] camxhashmap.cpp:210 GetInPlace() Key not found
1791670704.797  1047 30967 30967 V CamX    : [ VERB][UTILS  ] camxhashmap.cpp:210 GetInPlace() Key not found
1791670704.797  1047 30967 30967 V CamX    : [ VERB][UTILS  ] camxhashmap.cpp:210 GetInPlace() Key not found
1791670704.797  1047 30967 30967 V CamX    : [ VERB][UTILS  ] camxhashmap.cpp:210 GetInPlace() Key not found
1791670704.797  1047 30967 30967 V CamX    : [ VERB][UTILS  ] camxhashmap.cpp:210 GetInPlace() Key not found
1791670704.797  1047 30967 30967 V CamX    : [ VERB][UTILS  ] camxhashmap.cpp:210 GetInPlace() Key not found
1791670704.797  1047 30967 30967 V CamX    : [ VERB][UTILS  ] camxhashmap.cpp:210 GetInPlace() Key not found
1791670704.797  1047 30967 30967 V CamX    : [ VERB][UTILS  ] camxhashmap.cpp:210 GetInPlace() Key not found
1791670704.797  1047 30967 30967 V CamX    : [ VERB][UTILS  ] camxhashmap.cpp:210 GetInPlace() Key not found
1791670704.797  1047 30967 30967 V CamX    : [ VERB][UTILS  ] camxhashmap.cpp:210 GetInPlace() Key not found
1791670704.797  1047 30967 30967 V CamX    : [ VERB][UTILS  ] camxhashmap.cpp:210 GetInPlace() Key not found
1791670704.797  1047 30967 30967 V CamX    : [ VERB][UTILS  ] camxhashmap.cpp:210 GetInPlace() Key not found
1791670704.797  1047 30967 30967 V CamX    : [ VERB][UTILS  ] camxhashmap.cpp:210 GetInPlace() Key not found
1791670704.797  1047 30967 30967 V CamX    : [ VERB][UTILS  ] camxhashmap.cpp:210 GetInPlace() Key not found
1791670704.797  1047 30967 30967 V CamX    : [ VERB][UTILS  ] camxhashmap.cpp:210 GetInPlace() Key not found
1791670704.797  1047 30967 30967 V CamX    : [ VERB][UTILS  ] camxhashmap.cpp:210 GetInPlace() Key not found
1791670704.797  1047 30967 30967 V CamX    : [ VERB][UTILS  ] camxhashmap.cpp:210 GetInPlace() Key not found
1791670704.797  1047 30967 30967 V CamX    : [ VERB][UTILS  ] camxhashmap.cpp:210 GetInPlace() Key not found
1791670704.797  1047 30967 30967 V CamX    : [ VERB][UTILS  ] camxhashmap.cpp:210 GetInPlace() Key not found
1791670704.797  1047 30967 30967 V CamX    : [ VERB][UTILS  ] camxhashmap.cpp:210 GetInPlace() Key not found
1791670704.797  1047 30967 30967 V CamX    : [ VERB][UTILS  ] camxhashmap.cpp:210 GetInPlace() Key not found
1791670704.797  1047 30967 30967 V CamX    : [ VERB][UTILS  ] camxhashmap.cpp:210 GetInPlace() Key not found
1791670704.797  1047 30967 30967 V CamX    : [ VERB][UTILS  ] camxhashmap.cpp:210 GetInPlace() Key not found
1791670704.797  1047 30967 30967 V CamX    : [ VERB][UTILS  ] camxhashmap.cpp:210 GetInPlace() Key not found
1791670704.797  1047 30967 30967 V CamX    : [ VERB][UTILS  ] camxhashmap.cpp:210 GetInPlace() Key not found
1791670704.797  1047 30967 30967 V CamX    : [ VERB][UTILS  ] camxhashmap.cpp:210 GetInPlace() Key not found
1791670704.797  1047 30967 30967 V CamX    : [ VERB][UTILS  ] camxhashmap.cpp:210 GetInPlace() Key not found
1791670704.797  1047 30967 30967 V CamX    : [ VERB][UTILS  ] camxhashmap.cpp:210 GetInPlace() Key not found
1791670704.797  1047 30967 30967 V CamX    : [ VERB][UTILS  ] camxhashmap.cpp:210 GetInPlace() Key not found
1791670704.797  1047 30967 30967 V CamX    : [ VERB][UTILS  ] camxhashmap.cpp:210 GetInPlace() Key not found
1791670704.797  1047 30967 30967 V CamX    : [ VERB][UTILS  ] camxhashmap.cpp:210 GetInPlace() Key not found
1791670704.797  1047 30967 30967 V CamX    : [ VERB][UTILS  ] camxhashmap.cpp:210 GetInPlace() Key not found
1791670704.797  1047 30967 30967 V CamX    : [ VERB][UTILS  ] camxhashmap.cpp:210 GetInPlace() Key not found
1791670704.797  1047 30967 30967 V CamX    : [ VERB][UTILS  ] camxhashmap.cpp:210 GetInPlace() Key not found
1791670704.797  1047 30967 30967 V CamX    : [ VERB][UTILS  ] camxhashmap.cpp:210 GetInPlace() Key not found
1791670704.797  1047 30967 30967 V CamX    : [ VERB][UTILS  ] camxhashmap.cpp:210 GetInPlace() Key not found
1791670704.797  1047 30967 30967 V CamX    : [ VERB][UTILS  ] camxhashmap.cpp:210 GetInPlace() Key not found
1791670704.797  1047 30967 30967 V CamX    : [ VERB][UTILS  ] camxhashmap.cpp:210 GetInPlace() Key not found
1791670704.797  1047 30967 30967 V CamX    : [ VERB][UTILS  ] camxhashmap.cpp:210 GetInPlace() Key not found
1791670704.797  1047 30967 30967 V CamX    : [ VERB][UTILS  ] camxhashmap.cpp:210 GetInPlace() Key not found
1791670704.797  1047 30967 30967 V CamX    : [ VERB][UTILS  ] camxhashmap.cpp:210 GetInPlace() Key not found
1791670704.797  1047 30967 30967 V CamX    : [ VERB][UTILS  ] camxhashmap.cpp:210 GetInPlace() Key not found
1791670704.797  1047 30967 30967 V CamX    : [ VERB][UTILS  ] camxhashmap.cpp:210 GetInPlace() Key not found
1791670704.797  1047 30967 30967 V CamX    : [ VERB][UTILS  ] camxhashmap.cpp:210 GetInPlace() Key not found
1791670704.797  1047 30967 30967 V CamX    : [ VERB][UTILS  ] camxhashmap.cpp:210 GetInPlace() Key not found
1791670704.797  1047 30967 30967 V CamX    : [ VERB][UTILS  ] camxhashmap.cpp:210 GetInPlace() Key not found
1791670704.797  1047 30967 30967 V CamX    : [ VERB][UTILS  ] camxhashmap.cpp:210 GetInPlace() Key not found
1791670704.797  1047 30967 30967 V CamX    : [ VERB][UTILS  ] camxhashmap.cpp:210 GetInPlace() Key not found
1791670704.797  1047 30967 30967 V CamX    : [ VERB][UTILS  ] camxhashmap.cpp:210 GetInPlace() Key not found
1791670704.797  1047 30967 30967 V CamX    : [ VERB][UTILS  ] camxhashmap.cpp:210 GetInPlace() Key not found
1791670704.797  1047 30967 30967 V CamX    : [ VERB][UTILS  ] camxhashmap.cpp:210 GetInPlace() Key not found
1791670704.797  1047 30967 30967 V CamX    : [ VERB][UTILS  ] camxhashmap.cpp:210 GetInPlace() Key not found
1791670704.797  1047 30967 30967 V CamX    : [ VERB][UTILS  ] camxhashmap.cpp:210 GetInPlace() Key not found
1791670704.797  1047 30967 30967 V CamX    : [ VERB][UTILS  ] camxhashmap.cpp:210 GetInPlace() Key not found
1791670704.797  1047 30967 30967 V CamX    : [ VERB][UTILS  ] camxhashmap.cpp:210 GetInPlace() Key not found
1791670704.797  1047 30967 30967 V CamX    : [ VERB][UTILS  ] camxhashmap.cpp:210 GetInPlace() Key not found
1791670704.797  1047 30967 30967 V CamX    : [ VERB][UTILS  ] camxhashmap.cpp:210 GetInPlace() Key not found
1791670704.797  1047 30967 30967 V CamX    : [ VERB][UTILS  ] camxhashmap.cpp:210 GetInPlace() Key not found
1791670704.797  1047 30967 30967 V CamX    : [ VERB][UTILS  ] camxhashmap.cpp:210 GetInPlace() Key not found
1791670704.797  1047 30967 30967 V CamX    : [ VERB][UTILS  ] camxhashmap.cpp:210 GetInPlace() Key not found
1791670704.797  1047 30967 30967 V CamX    : [ VERB][UTILS  ] camxhashmap.cpp:210 GetInPlace() Key not found
1791670704.797  1047 30967 30967 V CamX    : [ VERB][UTILS  ] camxhashmap.cpp:210 GetInPlace() Key not found
1791670704.797  1047 30967 30967 V CamX    : [ VERB][UTILS  ] camxhashmap.cpp:210 GetInPlace() Key not found
1791670704.797  1047 30967 30967 V CamX    : [ VERB][UTILS  ] camxhashmap.cpp:210 GetInPlace() Key not found
1791670704.797  1047 30967 30967 V CamX    : [ VERB][UTILS  ] camxhashmap.cpp:210 GetInPlace() Key not found
1791670704.797  1047 30967 30967 V CamX    : [ VERB][UTILS  ] camxhashmap.cpp:210 GetInPlace() Key not found
1791670704.797  1047 30967 30967 V CamX    : [ VERB][UTILS  ] camxhashmap.cpp:210 GetInPlace() Key not found
1791670704.797  1047 30967 30967 V CamX    : [ VERB][UTILS  ] camxhashmap.cpp:210 GetInPlace() Key not found
1791670704.824  root 19348 19348 I CAM_INFO: CAM-ICP: cam_icp_mgr_process_dbg_buf: 2528 FW_DBG:CICP_FW_E : HFI  :QC_IMAGE_VERSION_STRING=CICP.FW.1.0-00099,OEM_IMAGE_VERSION_STRING=QCAM-SYS-SW7,BUILD_TIME: Jan  7 2021 00:00:17,CACHE_ENABLED at icphostinterface.c:631 QC_IMAGE_VERSION_STRING=CICP.FW.1.0-00099 OEM_IMAGE_VERSION_STRING=QCAM-SYS-SW7
1791670704.824  root 19348 19348 I CAM_INFO: CAM-ICP: cam_icp_mgr_process_dbg_buf: 2528 FW_DBG:CICP_FW_E : HFI  :ELF variant: CACHE-ENABLED:T480:API_V2:USE_CDM_1_1: , API version: 0x2000098 at icphostinterface.c:632 QC_IMAGE_VERSION_STRING=CICP.FW.1.0-00099 OEM_IMAGE_VERSION_STRING=QCAM-SYS-SW7
1791670704.824  1047 30967 30967 I CAM_INFO: CAM-ICP: cam_icp_mgr_hw_open: 3849 FW download done successfully
1791670704.831  root   709   709 E         : [drm:_sde_crtc_blend_setup_mixer:1602] do not config dimlayer at the fps switch
1791670704.832  root   709   709 I [drm:dsi_display_set_mode [msm_drm]] [msm-dsi-info]: mdp_transfer_time=7700, hactive=1440, vactive=3216, fps=120, h_skew=0
1791670704.832  root   709   709 E         : IRIS_LOG I iris_post_switch(), post switch to 1440x3216@120Hz, cmd list 0, switch case ABYP_TO_ABYP
1791670704.832  root   709   709 E         : <AMB670YF01> dsi_cmd qcom,mdss-dsi-adfr-pre-switch-command
1791670704.832  root   709   709 I [drm:oplus_dsi_display_vsync_switch_check_te [msm_drm]] [msm-dsi-info]: kVRR vsync_switch_gpio is already 0
1791670704.832  root   709   709 E         : IRIS_LOG I iris_switch(), return 0, total cost '342 us'
1791670704.833  root   709   709 I [drm:dsi_panel_adfr_status_reset [msm_drm]] [msm-dsi-info]: kVRR auto mode reset: auto mode 0, fakeframe 1, min fps 0
1791670704.833  root   709   709 E         : <AMB670YF01> dsi_cmd qcom,mdss-dsi-post-panel-on-command
1791670704.846  root 30966 30966 I CAM_ERR : CAM-OIS: IsOISReady: 1838 OIS 0 0xF100 = 0x0
1791670704.853  logd 30865 30865 I binder  : 4180:30865 transaction failed 29189/-22, size 104-0 line 3153
1791670704.853  1047 32388 32388 I binder  : 4180:32388 transaction failed 29189/-22, size 96-0 line 3153
1791670704.797  1047 30967 30967 V CamX    : [ VERB][UTILS  ] camxhashmap.cpp:210 GetInPlace() Key not found
1791670704.797  1047 30967 30967 V CamX    : [ VERB][UTILS  ] camxhashmap.cpp:210 GetInPlace() Key not found
1791670704.797  1047 30967 30967 V CamX    : [ VERB][UTILS  ] camxhashmap.cpp:210 GetInPlace() Key not found
1791670704.797  1047 30967 30967 V CamX    : [ VERB][UTILS  ] camxhashmap.cpp:210 GetInPlace() Key not found
1791670704.797  1047 30967 30967 V CamX    : [ VERB][UTILS  ] camxhashmap.cpp:210 GetInPlace() Key not found
1791670704.797  1047 30967 30967 V CamX    : [ VERB][UTILS  ] camxhashmap.cpp:210 GetInPlace() Key not found
1791670704.797  1047 30967 30967 V CamX    : [ VERB][UTILS  ] camxhashmap.cpp:210 GetInPlace() Key not found
1791670704.797  1047 30967 30967 V CamX    : [ VERB][UTILS  ] camxhashmap.cpp:210 GetInPlace() Key not found
1791670704.797  1047 30967 30967 V CamX    : [ VERB][UTILS  ] camxhashmap.cpp:210 GetInPlace() Key not found
1791670704.797  1047 30967 30967 V CamX    : [ VERB][UTILS  ] camxhashmap.cpp:210 GetInPlace() Key not found
1791670704.797  1047 30967 30967 V CamX    : [ VERB][UTILS  ] camxhashmap.cpp:210 GetInPlace() Key not found
1791670704.797  1047 30967 30967 V CamX    : [ VERB][UTILS  ] camxhashmap.cpp:210 GetInPlace() Key not found
1791670704.797  1047 30967 30967 V CamX    : [ VERB][UTILS  ] camxhashmap.cpp:210 GetInPlace() Key not found
1791670704.797  1047 30967 30967 V CamX    : [ VERB][UTILS  ] camxhashmap.cpp:210 GetInPlace() Key not found
1791670704.797  1047 30967 30967 V CamX    : [ VERB][UTILS  ] camxhashmap.cpp:210 GetInPlace() Key not found
1791670704.797  1047 30967 30967 V CamX    : [ VERB][UTILS  ] camxhashmap.cpp:210 GetInPlace() Key not found
1791670704.797  1047 30967 30967 V CamX    : [ VERB][UTILS  ] camxhashmap.cpp:210 GetInPlace() Key not found
1791670704.797  1047 30967 30967 V CamX    : [ VERB][UTILS  ] camxhashmap.cpp:210 GetInPlace() Key not found
1791670704.797  1047 30967 30967 V CamX    : [ VERB][UTILS  ] camxhashmap.cpp:210 GetInPlace() Key not found
1791670704.797  1047 30967 30967 V CamX    : [ VERB][UTILS  ] camxhashmap.cpp:210 GetInPlace() Key not found
1791670704.797  1047 30967 30967 V CamX    : [ VERB][UTILS  ] camxhashmap.cpp:210 GetInPlace() Key not found
1791670704.797  1047 30967 30967 V CamX    : [ VERB][UTILS  ] camxhashmap.cpp:210 GetInPlace() Key not found
1791670704.797  1047 30967 30967 V CamX    : [ VERB][UTILS  ] camxhashmap.cpp:210 GetInPlace() Key not found
1791670704.797  1047 30967 30967 V CamX    : [ VERB][UTILS  ] camxhashmap.cpp:210 GetInPlace() Key not found
1791670704.797  1047 30967 30967 V CamX    : [ VERB][UTILS  ] camxhashmap.cpp:210 GetInPlace() Key not found
1791670704.797  1047 30967 30967 V CamX    : [ VERB][UTILS  ] camxhashmap.cpp:210 GetInPlace() Key not found
1791670704.797  1047 30967 30967 V CamX    : [ VERB][UTILS  ] camxhashmap.cpp:210 GetInPlace() Key not found
1791670704.797  1047 30967 30967 V CamX    : [ VERB][UTILS  ] camxhashmap.cpp:210 GetInPlace() Key not found
1791670704.797  1047 30967 30967 V CamX    : [ VERB][UTILS  ] camxhashmap.cpp:210 GetInPlace() Key not found
1791670704.797  1047 30967 30967 V CamX    : [ VERB][UTILS  ] camxhashmap.cpp:210 GetInPlace() Key not found
1791670704.797  1047 30967 30967 V CamX    : [ VERB][UTILS  ] camxhashmap.cpp:210 GetInPlace() Key not found
1791670704.797  1047 30967 30967 V CamX    : [ VERB][UTILS  ] camxhashmap.cpp:210 GetInPlace() Key not found
1791670704.797  1047 30967 30967 V CamX    : [ VERB][UTILS  ] camxhashmap.cpp:210 GetInPlace() Key not found
1791670704.797  1047 30967 30967 V CamX    : [ VERB][UTILS  ] camxhashmap.cpp:210 GetInPlace() Key not found
1791670704.797  1047 30967 30967 V CamX    : [ VERB][UTILS  ] camxhashmap.cpp:210 GetInPlace() Key not found
1791670704.797  1047 30967 30967 V CamX    : [ VERB][UTILS  ] camxhashmap.cpp:210 GetInPlace() Key not found
1791670704.797  1047 30967 30967 V CamX    : [ VERB][UTILS  ] camxhashmap.cpp:210 GetInPlace() Key not found
1791670704.797  1047 30967 30967 V CamX    : [ VERB][UTILS  ] camxhashmap.cpp:210 GetInPlace() Key not found
1791670704.797  1047 30967 30967 V CamX    : [ VERB][UTILS  ] camxhashmap.cpp:210 GetInPlace() Key not found
1791670704.797  1047 30967 30967 V CamX    : [ VERB][UTILS  ] camxhashmap.cpp:210 GetInPlace() Key not found
1791670704.797  1047 30967 30967 V CamX    : [ VERB][UTILS  ] camxhashmap.cpp:210 GetInPlace() Key not found
1791670704.797  1047 30967 30967 V CamX    : [ VERB][UTILS  ] camxhashmap.cpp:210 GetInPlace() Key not found
1791670704.797  1047 30967 30967 V CamX    : [ VERB][UTILS  ] camxhashmap.cpp:210 GetInPlace() Key not found
1791670704.797  1047 30967 30967 V CamX    : [ VERB][UTILS  ] camxhashmap.cpp:210 GetInPlace() Key not found
1791670704.797  1047 30967 30967 V CamX    : [ VERB][UTILS  ] camxhashmap.cpp:210 GetInPlace() Key not found
1791670704.797  1047 30967 30967 V CamX    : [ VERB][UTILS  ] camxhashmap.cpp:210 GetInPlace() Key not found
1791670704.797  1047 30967 30967 V CamX    : [ VERB][UTILS  ] camxhashmap.cpp:210 GetInPlace() Key not found
1791670704.797  1047 30967 30967 V CamX    : [ VERB][UTILS  ] camxhashmap.cpp:210 GetInPlace() Key not found
1791670704.797  1047 30967 30967 V CamX    : [ VERB][UTILS  ] camxhashmap.cpp:210 GetInPlace() Key not found
1791670704.797  1047 30967 30967 V CamX    : [ VERB][UTILS  ] camxhashmap.cpp:210 GetInPlace() Key not found
1791670704.797  1047 30967 30967 V CamX    : [ VERB][UTILS  ] camxhashmap.cpp:210 GetInPlace() Key not found
1791670704.797  1047 30967 30967 V CamX    : [ VERB][UTILS  ] camxhashmap.cpp:210 GetInPlace() Key not found
1791670704.797  1047 30967 30967 V CamX    : [ VERB][UTILS  ] camxhashmap.cpp:210 GetInPlace() Key not found
1791670704.797  1047 30967 30967 V CamX    : [ VERB][UTILS  ] camxhashmap.cpp:210 GetInPlace() Key not found
1791670704.797  1047 30967 30967 V CamX    : [ VERB][UTILS  ] camxhashmap.cpp:210 GetInPlace() Key not found
1791670704.797  1047 30967 30967 V CamX    : [ VERB][UTILS  ] camxhashmap.cpp:210 GetInPlace() Key not found
1791670704.797  1047 30967 30967 V CamX    : [ VERB][UTILS  ] camxhashmap.cpp:210 GetInPlace() Key not found
1791670704.797  1047 30967 30967 V CamX    : [ VERB][UTILS  ] camxhashmap.cpp:210 GetInPlace() Key not found
1791670704.797  1047 30967 30967 V CamX    : [ VERB][UTILS  ] camxhashmap.cpp:210 GetInPlace() Key not found
1791670704.797  1047 30967 30967 V CamX    : [ VERB][UTILS  ] camxhashmap.cpp:210 GetInPlace() Key not found
1791670704.797  1047 30967 30967 V CamX    : [ VERB][UTILS  ] camxhashmap.cpp:210 GetInPlace() Key not found
1791670704.797  1047 30967 30967 V CamX    : [ VERB][UTILS  ] camxhashmap.cpp:210 GetInPlace() Key not found
1791670704.797  1047 30967 30967 V CamX    : [ VERB][UTILS  ] camxhashmap.cpp:210 GetInPlace() Key not found
1791670704.797  1047 30967 30967 V CamX    : [ VERB][UTILS  ] camxhashmap.cpp:210 GetInPlace() Key not found
1791670704.797  1047 30967 30967 V CamX    : [ VERB][UTILS  ] camxhashmap.cpp:210 GetInPlace() Key not found
1791670704.797  1047 30967 30967 V CamX    : [ VERB][UTILS  ] camxhashmap.cpp:210 GetInPlace() Key not found
1791670704.797  1047 30967 30967 V CamX    : [ VERB][UTILS  ] camxhashmap.cpp:210 GetInPlace() Key not found
1791670704.797  1047 30967 30967 V CamX    : [ VERB][UTILS  ] camxhashmap.cpp:210 GetInPlace() Key not found
1791670704.797  1047 30967 30967 V CamX    : [ VERB][UTILS  ] camxhashmap.cpp:210 GetInPlace() Key not found
1791670704.797  1047 30967 30967 V CamX    : [ VERB][UTILS  ] camxhashmap.cpp:210 GetInPlace() Key not found
1791670704.797  1047 30967 30967 V CamX    : [ VERB][UTILS  ] camxhashmap.cpp:210 GetInPlace() Key not found
1791670704.797  1047 30967 30967 V CamX    : [ VERB][UTILS  ] camxhashmap.cpp:210 GetInPlace() Key not found
1791670704.797  1047 30967 30967 V CamX    : [ VERB][UTILS  ] camxhashmap.cpp:210 GetInPlace() Key not found
1791670704.797  1047 30967 30967 V CamX    : [ VERB][UTILS  ] camxhashmap.cpp:210 GetInPlace() Key not found
1791670704.797  1047 30967 30967 V CamX    : [ VERB][UTILS  ] camxhashmap.cpp:210 GetInPlace() Key not found
1791670704.797  1047 30967 30967 V CamX    : [ VERB][UTILS  ] camxhashmap.cpp:210 GetInPlace() Key not found
1791670704.797  1047 30967 30967 V CamX    : [ VERB][UTILS  ] camxhashmap.cpp:210 GetInPlace() Key not found
1791670704.797  1047 30967 30967 V CamX    : [ VERB][UTILS  ] camxhashmap.cpp:210 GetInPlace() Key not found
1791670704.797  1047 30967 30967 V CamX    : [ VERB][UTILS  ] camxhashmap.cpp:210 GetInPlace() Key not found
1791670704.797  1047 30967 30967 V CamX    : [ VERB][UTILS  ] camxhashmap.cpp:210 GetInPlace() Key not found
1791670704.797  1047 30967 30967 V CamX    : [ VERB][UTILS  ] camxhashmap.cpp:210 GetInPlace() Key not found
1791670704.797  1047 30967 30967 V CamX    : [ VERB][UTILS  ] camxhashmap.cpp:210 GetInPlace() Key not found
1791670704.797  1047 30967 30967 V CamX    : [ VERB][UTILS  ] camxhashmap.cpp:210 GetInPlace() Key not found
1791670704.797  1047 30967 30967 V CamX    : [ VERB][UTILS  ] camxhashmap.cpp:210 GetInPlace() Key not found
1791670704.797  1047 30967 30967 V CamX    : [ VERB][UTILS  ] camxhashmap.cpp:210 GetInPlace() Key not found
1791670704.797  1047 30967 30967 V CamX    : [ VERB][UTILS  ] camxhashmap.cpp:210 GetInPlace() Key not found
1791670704.797  1047 30967 30967 V CamX    : [ VERB][UTILS  ] camxhashmap.cpp:210 GetInPlace() Key not found
1791670704.797  1047 30967 30967 V CamX    : [ VERB][UTILS  ] camxhashmap.cpp:210 GetInPlace() Key not found
1791670704.797  1047 30967 30967 V CamX    : [ VERB][UTILS  ] camxhashmap.cpp:210 GetInPlace() Key not found
1791670704.797  1047 30967 30967 V CamX    : [ VERB][UTILS  ] camxhashmap.cpp:210 GetInPlace() Key not found
1791670704.797  1047 30967 30967 V CamX    : [ VERB][UTILS  ] camxhashmap.cpp:210 GetInPlace() Key not found
1791670704.797  1047 30967 30967 V CamX    : [ VERB][UTILS  ] camxhashmap.cpp:210 GetInPlace() Key not found
1791670704.797  1047 30967 30967 V CamX    : [ VERB][UTILS  ] camxhashmap.cpp:210 GetInPlace() Key not found
1791670704.797  1047 30967 30967 V CamX    : [ VERB][UTILS  ] camxhashmap.cpp:210 GetInPlace() Key not found
1791670704.797  1047 30967 30967 V CamX    : [ VERB][UTILS  ] camxhashmap.cpp:210 GetInPlace() Key not found
1791670704.797  1047 30967 30967 V CamX    : [ VERB][UTILS  ] camxhashmap.cpp:210 GetInPlace() Key not found
1791670704.797  1047 30967 30967 V CamX    : [ VERB][UTILS  ] camxhashmap.cpp:210 GetInPlace() Key not found
1791670704.797  1047 30967 30967 V CamX    : [ VERB][UTILS  ] camxhashmap.cpp:210 GetInPlace() Key not found
1791670704.797  1047 30967 30967 V CamX    : [ VERB][UTILS  ] camxhashmap.cpp:210 GetInPlace() Key not found
1791670704.797  1047 30967 30967 V CamX    : [ VERB][UTILS  ] camxhashmap.cpp:210 GetInPlace() Key not found
1791670704.797  1047 30967 30967 V CamX    : [ VERB][UTILS  ] camxhashmap.cpp:210 GetInPlace() Key not found
1791670704.797  1047 30967 30967 V CamX    : [ VERB][UTILS  ] camxhashmap.cpp:210 GetInPlace() Key not found
1791670704.797  1047 30967 30967 V CamX    : [ VERB][UTILS  ] camxhashmap.cpp:210 GetInPlace() Key not found
1791670704.797  1047 30967 30967 V CamX    : [ VERB][UTILS  ] camxhashmap.cpp:210 GetInPlace() Key not found
1791670704.797  1047 30967 30967 V CamX    : [ VERB][UTILS  ] camxhashmap.cpp:210 GetInPlace() Key not found
1791670704.797  1047 30967 30967 V CamX    : [ VERB][UTILS  ] camxhashmap.cpp:210 GetInPlace() Key not found
1791670704.797 10303  4915  5301 V WindowManagerShell: Transition requested (#427): android.os.BinderProxy@20bd8e0 TransitionRequestInfo { type = CLOSE, triggerTask = TaskInfo{userId=0 taskId=950 effectiveUid=10551 displayId=0 isRunning=true baseIntent=Intent { act=android.intent.action.MAIN cat=[android.intent.category.LAUNCHER] flg=0x10200000 cmp=com.oplus.camera/.Camera } baseActivity=ComponentInfo{com.oplus.camera/com.oplus.camera.Camera} topActivity=ComponentInfo{com.oplus.camera/com.oplus.camera.Camera} origActivity=null realActivity=ComponentInfo{com.oplus.camera/com.oplus.camera.Camera} realActivityIsAppLockEnabled=false numActivities=1 lastActiveTime=3607716 supportsMultiWindow=true supportsMultiWindowWithoutConstraints=true resizeMode=0 isResizeable=true minWidth=-1 minHeight=-1 defaultMinSize=220 token=WCT{android.os.BinderProxy@e29892d} topActivityType=1 pictureInPictureParams=null shouldDockBigOverlays=false launchIntoPipHostTaskId=-1 lastParentTaskIdBeforePip=-1 displayCutoutSafeInsets=Rect(0, 126 - 0, 0) topActivityInfo=ActivityInfo{85fc799 com.oplus.camera.Camera} launchCookies=[android.os.BinderProxy@7e46bf3] positionInParent=Point(0, 0) parentTaskId=-1 isFocused=true isInteractive=true isVisible=true isVisibleRequested=true isTopActivityNoDisplay=false isSleeping=false locusId=null displayAreaFeatureId=1 isTopActivityTransparent=false isActivityStackTransparent=false lastNonFullscreenBounds=null leafTaskBoundsFromOptions= false capturedLink=null capturedLinkTimestamp=0 requestedVisibleTypes=503 topActivityRequestOpenInBrowserEducationTimestamp=0 appCompatTaskInfo=AppCompatTaskInfo { topActivityInSizeCompat=false isLeafTask= true eligibleForLetterboxEducation= false isLetterboxEducationEnabled= false isLetterboxDoubleTapEnabled= false eligibleForUserAspectRatioButton= false topActivityBoundsLetterboxed= false isFromLetterboxDoubleTap= false topActivityLetterboxVerticalPosition= -1 topActivityLetterboxHorizontalPosition= -1 topActivityLetterboxWidth=-1 topActivityLetterboxHeight=-1 topActivityAppBounds=Rect(0, 0 - 1440, 3216) isUserFullscreenOverrideEnabled=false isSystemFullscreenOverrideEnabled=false hasMinAspectRatioOverride=false topActivityLetterboxBounds=null topNonResizableActivityAspectRatio=-1.0} topActivityMainWindowFrame=null isAppBubble=false isTopAppLocked=false}, pipChange = null, remoteTransitionInfo = null, displayChanges = null, requestedLocation = null, userChange = null, windowingLayerChange = null, fullscreenRequestChange = null, flags = 0, debugId = 427 }
1791670704.797  1047 30967 30967 V CamX    : [ VERB][UTILS  ] camxhashmap.cpp:210 GetInPlace() Key not found
1791670704.797  1047 30967 30967 V CamX    : [ VERB][UTILS  ] camxhashmap.cpp:210 GetInPlace() Key not found
1791670704.797  1047 30967 30967 V CamX    : [ VERB][UTILS  ] camxhashmap.cpp:210 GetInPlace() Key not found
1791670704.797  1047 30967 30967 V CamX    : [ VERB][UTILS  ] camxhashmap.cpp:210 GetInPlace() Key not found
1791670704.797  1047 30967 30967 V CamX    : [ VERB][UTILS  ] camxhashmap.cpp:210 GetInPlace() Key not found
1791670704.797  1047 30967 30967 V CamX    : [ VERB][UTILS  ] camxhashmap.cpp:210 GetInPlace() Key not found
1791670704.797  1047 30967 30967 V CamX    : [ VERB][UTILS  ] camxhashmap.cpp:210 GetInPlace() Key not found
1791670704.797  1047 30967 30967 V CamX    : [ VERB][UTILS  ] camxhashmap.cpp:210 GetInPlace() Key not found
1791670704.797  1047 30967 30967 V CamX    : [ VERB][UTILS  ] camxhashmap.cpp:210 GetInPlace() Key not found
1791670704.797  1047 30967 30967 V CamX    : [ VERB][UTILS  ] camxhashmap.cpp:210 GetInPlace() Key not found
1791670704.797  1047 30967 30967 V CamX    : [ VERB][UTILS  ] camxhashmap.cpp:210 GetInPlace() Key not found
1791670704.797  1047 30967 30967 V CamX    : [ VERB][UTILS  ] camxhashmap.cpp:210 GetInPlace() Key not found
1791670704.797  1047 30967 30967 V CamX    : [ VERB][UTILS  ] camxhashmap.cpp:210 GetInPlace() Key not found
1791670704.797  1047 30967 30967 V CamX    : [ VERB][UTILS  ] camxhashmap.cpp:210 GetInPlace() Key not found
1791670704.797  1047 30967 30967 V CamX    : [ VERB][UTILS  ] camxhashmap.cpp:210 GetInPlace() Key not found
1791670704.797  1047 30967 30967 V CamX    : [ VERB][UTILS  ] camxhashmap.cpp:210 GetInPlace() Key not found
1791670704.797  1047 30967 30967 V CamX    : [ VERB][UTILS  ] camxhashmap.cpp:210 GetInPlace() Key not found
1791670704.797  1047 30967 30967 V CamX    : [ VERB][UTILS  ] camxhashmap.cpp:210 GetInPlace() Key not found
1791670704.797  1047 30967 30967 V CamX    : [ VERB][UTILS  ] camxhashmap.cpp:210 GetInPlace() Key not found
1791670704.797  1047 30967 30967 V CamX    : [ VERB][UTILS  ] camxhashmap.cpp:210 GetInPlace() Key not found
1791670704.797  1047 30967 30967 V CamX    : [ VERB][UTILS  ] camxhashmap.cpp:210 GetInPlace() Key not found
1791670704.797  1047 30967 30967 V CamX    : [ VERB][UTILS  ] camxhashmap.cpp:210 GetInPlace() Key not found
1791670704.797  1047 30967 30967 V CamX    : [ VERB][UTILS  ] camxhashmap.cpp:210 GetInPlace() Key not found
1791670704.797  1047 30967 30967 V CamX    : [ VERB][UTILS  ] camxhashmap.cpp:210 GetInPlace() Key not found
1791670704.797  1047 30967 30967 V CamX    : [ VERB][UTILS  ] camxhashmap.cpp:210 GetInPlace() Key not found
1791670704.797  1047 30967 30967 V CamX    : [ VERB][UTILS  ] camxhashmap.cpp:210 GetInPlace() Key not found
1791670704.797  1047 30967 30967 V CamX    : [ VERB][UTILS  ] camxhashmap.cpp:210 GetInPlace() Key not found
1791670704.797  1047 30967 30967 V CamX    : [ VERB][UTILS  ] camxhashmap.cpp:210 GetInPlace() Key not found
1791670704.797  1047 30967 30967 V CamX    : [ VERB][UTILS  ] camxhashmap.cpp:210 GetInPlace() Key not found
1791670704.797  1047 30967 30967 V CamX    : [ VERB][UTILS  ] camxhashmap.cpp:210 GetInPlace() Key not found
1791670704.797  1047 30967 30967 V CamX    : [ VERB][UTILS  ] camxhashmap.cpp:210 GetInPlace() Key not found
1791670704.797  1047 30967 30967 V CamX    : [ VERB][UTILS  ] camxhashmap.cpp:210 GetInPlace() Key not found
1791670704.797  1047 30967 30967 V CamX    : [ VERB][UTILS  ] camxhashmap.cpp:210 GetInPlace() Key not found
1791670704.797  1047 30967 30967 V CamX    : [ VERB][UTILS  ] camxhashmap.cpp:210 GetInPlace() Key not found
1791670704.797  1047 30967 30967 V CamX    : [ VERB][UTILS  ] camxhashmap.cpp:210 GetInPlace() Key not found
1791670704.797  1047 30967 30967 V CamX    : [ VERB][UTILS  ] camxhashmap.cpp:210 GetInPlace() Key not found
1791670704.797  1047 30967 30967 V CamX    : [ VERB][UTILS  ] camxhashmap.cpp:210 GetInPlace() Key not found
1791670704.797  1047 30967 30967 V CamX    : [ VERB][UTILS  ] camxhashmap.cpp:210 GetInPlace() Key not found
1791670704.797  1047 30967 30967 V CamX    : [ VERB][UTILS  ] camxhashmap.cpp:210 GetInPlace() Key not found
1791670704.797  1047 30967 30967 V CamX    : [ VERB][UTILS  ] camxhashmap.cpp:210 GetInPlace() Key not found
1791670704.797  1047 30967 30967 V CamX    : [ VERB][UTILS  ] camxhashmap.cpp:210 GetInPlace() Key not found
1791670704.797  1047 30967 30967 V CamX    : [ VERB][UTILS  ] camxhashmap.cpp:210 GetInPlace() Key not found
1791670704.797  1047 30967 30967 V CamX    : [ VERB][UTILS  ] camxhashmap.cpp:210 GetInPlace() Key not found
1791670704.797  1047 30967 30967 V CamX    : [ VERB][UTILS  ] camxhashmap.cpp:210 GetInPlace() Key not found
1791670704.797  1047 30967 30967 V CamX    : [ VERB][UTILS  ] camxhashmap.cpp:210 GetInPlace() Key not found
1791670704.797  1047 30967 30967 V CamX    : [ VERB][UTILS  ] camxhashmap.cpp:210 GetInPlace() Key not found
1791670704.797  1047 30967 30967 V CamX    : [ VERB][UTILS  ] camxhashmap.cpp:210 GetInPlace() Key not found
1791670704.797  1047 30967 30967 V CamX    : [ VERB][UTILS  ] camxhashmap.cpp:210 GetInPlace() Key not found
1791670704.797  1047 30967 30967 V CamX    : [ VERB][UTILS  ] camxhashmap.cpp:210 GetInPlace() Key not found
1791670704.797  1047 30967 30967 V CamX    : [ VERB][UTILS  ] camxhashmap.cpp:210 GetInPlace() Key not found
1791670704.797  1047 30967 30967 V CamX    : [ VERB][UTILS  ] camxhashmap.cpp:210 GetInPlace() Key not found
1791670704.797  1047 30967 30967 V CamX    : [ VERB][UTILS  ] camxhashmap.cpp:210 GetInPlace() Key not found
1791670704.797  1047 30967 30967 V CamX    : [ VERB][UTILS  ] camxhashmap.cpp:210 GetInPlace() Key not found
1791670704.797  1047 30967 30967 V CamX    : [ VERB][UTILS  ] camxhashmap.cpp:210 GetInPlace() Key not found
1791670704.797  1047 30967 30967 V CamX    : [ VERB][UTILS  ] camxhashmap.cpp:210 GetInPlace() Key not found
1791670704.797  1047 30967 30967 V CamX    : [ VERB][UTILS  ] camxhashmap.cpp:210 GetInPlace() Key not found
1791670704.797  1047 30967 30967 V CamX    : [ VERB][UTILS  ] camxhashmap.cpp:210 GetInPlace() Key not found
1791670704.797  1047 30967 30967 V CamX    : [ VERB][UTILS  ] camxhashmap.cpp:210 GetInPlace() Key not found
1791670704.797  1047 30967 30967 V CamX    : [ VERB][UTILS  ] camxhashmap.cpp:210 GetInPlace() Key not found
1791670704.797  1047 30967 30967 V CamX    : [ VERB][UTILS  ] camxhashmap.cpp:210 GetInPlace() Key not found
1791670704.797  1047 30967 30967 V CamX    : [ VERB][UTILS  ] camxhashmap.cpp:210 GetInPlace() Key not found
1791670704.797  1047 30967 30967 V CamX    : [ VERB][UTILS  ] camxhashmap.cpp:210 GetInPlace() Key not found
1791670704.797  1047 30967 30967 V CamX    : [ VERB][UTILS  ] camxhashmap.cpp:210 GetInPlace() Key not found
1791670704.797  1047 30967 30967 V CamX    : [ VERB][UTILS  ] camxhashmap.cpp:210 GetInPlace() Key not found
1791670704.797  1047 30967 30967 V CamX    : [ VERB][UTILS  ] camxhashmap.cpp:210 GetInPlace() Key not found
1791670704.797  1047 30967 30967 V CamX    : [ VERB][UTILS  ] camxhashmap.cpp:210 GetInPlace() Key not found
1791670704.797  1047 30967 30967 V CamX    : [ VERB][UTILS  ] camxhashmap.cpp:210 GetInPlace() Key not found
1791670704.797 10303  4915  5301 W DisconnectHandler: No disconnect change found in the transition, not handling request.
1791670704.797  1047 30967 30967 V CamX    : [ VERB][UTILS  ] camxhashmap.cpp:210 GetInPlace() Key not found
1791670704.797  1047 30967 30967 V CamX    : [ VERB][UTILS  ] camxhashmap.cpp:210 GetInPlace() Key not found
1791670704.797  1047 30967 30967 V CamX    : [ VERB][UTILS  ] camxhashmap.cpp:210 GetInPlace() Key not found
1791670704.797  1047 30967 30967 V CamX    : [ VERB][UTILS  ] camxhashmap.cpp:210 GetInPlace() Key not found
1791670704.797  1047 30967 30967 V CamX    : [ VERB][UTILS  ] camxhashmap.cpp:210 GetInPlace() Key not found
1791670704.797  1047 30967 30967 V CamX    : [ VERB][UTILS  ] camxhashmap.cpp:210 GetInPlace() Key not found
1791670704.797  1047 30967 30967 V CamX    : [ VERB][UTILS  ] camxhashmap.cpp:210 GetInPlace() Key not found
1791670704.797  1047 30967 30967 V CamX    : [ VERB][UTILS  ] camxhashmap.cpp:210 GetInPlace() Key not found
1791670704.797  1047 30967 30967 V CamX    : [ VERB][UTILS  ] camxhashmap.cpp:210 GetInPlace() Key not found
1791670704.797  1047 30967 30967 V CamX    : [ VERB][UTILS  ] camxhashmap.cpp:210 GetInPlace() Key not found
1791670704.797  1047 30967 30967 V CamX    : [ VERB][UTILS  ] camxhashmap.cpp:210 GetInPlace() Key not found
1791670704.797  1047 30967 30967 V CamX    : [ VERB][UTILS  ] camxhashmap.cpp:210 GetInPlace() Key not found
1791670704.797  1047 30967 30967 V CamX    : [ VERB][UTILS  ] camxhashmap.cpp:210 GetInPlace() Key not found
1791670704.797  1047 30967 30967 V CamX    : [ VERB][UTILS  ] camxhashmap.cpp:210 GetInPlace() Key not found
1791670704.797  1047 30967 30967 V CamX    : [ VERB][UTILS  ] camxhashmap.cpp:210 GetInPlace() Key not found
1791670704.797  1047 30967 30967 V CamX    : [ VERB][UTILS  ] camxhashmap.cpp:210 GetInPlace() Key not found
1791670704.797  1047 30967 30967 V CamX    : [ VERB][UTILS  ] camxhashmap.cpp:210 GetInPlace() Key not found
1791670704.797  1047 30967 30967 V CamX    : [ VERB][UTILS  ] camxhashmap.cpp:210 GetInPlace() Key not found
1791670704.797  1047 30967 30967 V CamX    : [ VERB][UTILS  ] camxhashmap.cpp:210 GetInPlace() Key not found
1791670704.797  1047 30967 30967 V CamX    : [ VERB][UTILS  ] camxhashmap.cpp:210 GetInPlace() Key not found
1791670704.797  1047 30967 30967 V CamX    : [ VERB][UTILS  ] camxhashmap.cpp:210 GetInPlace() Key not found
1791670704.797  1047 30967 30967 V CamX    : [ VERB][UTILS  ] camxhashmap.cpp:210 GetInPlace() Key not found
1791670704.797  1047 30967 30967 V CamX    : [ VERB][UTILS  ] camxhashmap.cpp:210 GetInPlace() Key not found
1791670704.797  1047 30967 30967 V CamX    : [ VERB][UTILS  ] camxhashmap.cpp:210 GetInPlace() Key not found
1791670704.797  1047 30967 30967 V CamX    : [ VERB][UTILS  ] camxhashmap.cpp:210 GetInPlace() Key not found
1791670704.797  1047 30967 30967 V CamX    : [ VERB][UTILS  ] camxhashmap.cpp:210 GetInPlace() Key not found
1791670704.797  1047 30967 30967 V CamX    : [ VERB][UTILS  ] camxhashmap.cpp:210 GetInPlace() Key not found
1791670704.797  1047 30967 30967 V CamX    : [ VERB][UTILS  ] camxhashmap.cpp:210 GetInPlace() Key not found
1791670704.797  1047 30967 30967 V CamX    : [ VERB][UTILS  ] camxhashmap.cpp:210 GetInPlace() Key not found
1791670704.797  1047 30967 30967 V CamX    : [ VERB][UTILS  ] camxhashmap.cpp:210 GetInPlace() Key not found
1791670704.797  1047 30967 30967 V CamX    : [ VERB][UTILS  ] camxhashmap.cpp:210 GetInPlace() Key not found
1791670704.797  1047 30967 30967 V CamX    : [ VERB][UTILS  ] camxhashmap.cpp:210 GetInPlace() Key not found
1791670704.797  1047 30967 30967 V CamX    : [ VERB][UTILS  ] camxhashmap.cpp:210 GetInPlace() Key not found
1791670704.797  1047 30967 30967 V CamX    : [ VERB][UTILS  ] camxhashmap.cpp:210 GetInPlace() Key not found
1791670704.797  1047 30967 30967 V CamX    : [ VERB][UTILS  ] camxhashmap.cpp:210 GetInPlace() Key not found
1791670704.797  1047 30967 30967 V CamX    : [ VERB][UTILS  ] camxhashmap.cpp:210 GetInPlace() Key not found
1791670704.797  1047 30967 30967 V CamX    : [ VERB][UTILS  ] camxhashmap.cpp:210 GetInPlace() Key not found
1791670704.797  1047 30967 30967 V CamX    : [ VERB][UTILS  ] camxhashmap.cpp:210 GetInPlace() Key not found
1791670704.797  1047 30967 30967 V CamX    : [ VERB][UTILS  ] camxhashmap.cpp:210 GetInPlace() Key not found
1791670704.797  1047 30967 30967 V CamX    : [ VERB][UTILS  ] camxhashmap.cpp:210 GetInPlace() Key not found
1791670704.797  1047 30967 30967 V CamX    : [ VERB][UTILS  ] camxhashmap.cpp:210 GetInPlace() Key not found
1791670704.797  1047 30967 30967 V CamX    : [ VERB][UTILS  ] camxhashmap.cpp:210 GetInPlace() Key not found
1791670704.797  1047 30967 30967 V CamX    : [ VERB][UTILS  ] camxhashmap.cpp:210 GetInPlace() Key not found
1791670704.797  1047 30967 30967 V CamX    : [ VERB][UTILS  ] camxhashmap.cpp:210 GetInPlace() Key not found
1791670704.797  1047 30967 30967 V CamX    : [ VERB][UTILS  ] camxhashmap.cpp:210 GetInPlace() Key not found
1791670704.797  1047 30967 30967 V CamX    : [ VERB][UTILS  ] camxhashmap.cpp:210 GetInPlace() Key not found
1791670704.797  1047 30967 30967 V CamX    : [ VERB][UTILS  ] camxhashmap.cpp:210 GetInPlace() Key not found
1791670704.797  1047 30967 30967 V CamX    : [ VERB][UTILS  ] camxhashmap.cpp:210 GetInPlace() Key not found
1791670704.797  1047 30967 30967 V CamX    : [ VERB][UTILS  ] camxhashmap.cpp:210 GetInPlace() Key not found
1791670704.797  1047 30967 30967 V CamX    : [ VERB][UTILS  ] camxhashmap.cpp:210 GetInPlace() Key not found
1791670704.797  1047 30967 30967 V CamX    : [ VERB][UTILS  ] camxhashmap.cpp:210 GetInPlace() Key not found
1791670704.797  1047 30967 30967 V CamX    : [ VERB][UTILS  ] camxhashmap.cpp:210 GetInPlace() Key not found
1791670704.797  1047 30967 30967 V CamX    : [ VERB][UTILS  ] camxhashmap.cpp:210 GetInPlace() Key not found
1791670704.797  1047 30967 30967 V CamX    : [ VERB][UTILS  ] camxhashmap.cpp:210 GetInPlace() Key not found
1791670704.797  1047 30967 30967 V CamX    : [ VERB][UTILS  ] camxhashmap.cpp:210 GetInPlace() Key not found
1791670704.797  1047 30967 30967 V CamX    : [ VERB][UTILS  ] camxhashmap.cpp:210 GetInPlace() Key not found
1791670704.797  1047 30967 30967 V CamX    : [ VERB][UTILS  ] camxhashmap.cpp:210 GetInPlace() Key not found
1791670704.797  1047 30967 30967 V CamX    : [ VERB][UTILS  ] camxhashmap.cpp:210 GetInPlace() Key not found
1791670704.797  1047 30967 30967 V CamX    : [ VERB][UTILS  ] camxhashmap.cpp:210 GetInPlace() Key not found
1791670704.797  1047 30967 30967 V CamX    : [ VERB][UTILS  ] camxhashmap.cpp:210 GetInPlace() Key not found
1791670704.797  1047 30967 30967 V CamX    : [ VERB][UTILS  ] camxhashmap.cpp:210 GetInPlace() Key not found
1791670704.797  1047 30967 30967 V CamX    : [ VERB][UTILS  ] camxhashmap.cpp:210 GetInPlace() Key not found
1791670704.797  1047 30967 30967 V CamX    : [ VERB][UTILS  ] camxhashmap.cpp:210 GetInPlace() Key not found
1791670704.797  1047 30967 30967 V CamX    : [ VERB][UTILS  ] camxhashmap.cpp:210 GetInPlace() Key not found
1791670704.797  1047 30967 30967 V CamX    : [ VERB][UTILS  ] camxhashmap.cpp:210 GetInPlace() Key not found
1791670704.797  1047 30967 30967 V CamX    : [ VERB][UTILS  ] camxhashmap.cpp:210 GetInPlace() Key not found
1791670704.797  1047 30967 30967 V CamX    : [ VERB][UTILS  ] camxhashmap.cpp:210 GetInPlace() Key not found
1791670704.797  1047 30967 30967 V CamX    : [ VERB][UTILS  ] camxhashmap.cpp:210 GetInPlace() Key not found
1791670704.797  1047 30967 30967 V CamX    : [ VERB][UTILS  ] camxhashmap.cpp:210 GetInPlace() Key not found
1791670704.797  1047 30967 30967 V CamX    : [ VERB][UTILS  ] camxhashmap.cpp:210 GetInPlace() Key not found
1791670704.797  1047 30967 30967 V CamX    : [ VERB][UTILS  ] camxhashmap.cpp:210 GetInPlace() Key not found
1791670704.797  1047 30967 30967 V CamX    : [ VERB][UTILS  ] camxhashmap.cpp:210 GetInPlace() Key not found
1791670704.797  1047 30967 30967 V CamX    : [ VERB][UTILS  ] camxhashmap.cpp:210 GetInPlace() Key not found
1791670704.797  1047 30967 30967 V CamX    : [ VERB][UTILS  ] camxhashmap.cpp:210 GetInPlace() Key not found
1791670704.797  1047 30967 30967 V CamX    : [ VERB][UTILS  ] camxhashmap.cpp:210 GetInPlace() Key not found
1791670704.797  1047 30967 30967 V CamX    : [ VERB][UTILS  ] camxhashmap.cpp:210 GetInPlace() Key not found
1791670704.797  1047 30967 30967 V CamX    : [ VERB][UTILS  ] camxhashmap.cpp:210 GetInPlace() Key not found
1791670704.797  1047 30967 30967 V CamX    : [ VERB][UTILS  ] camxhashmap.cpp:210 GetInPlace() Key not found
1791670704.797  1047 30967 30967 V CamX    : [ VERB][UTILS  ] camxhashmap.cpp:210 GetInPlace() Key not found
1791670704.797  1047 30967 30967 V CamX    : [ VERB][UTILS  ] camxhashmap.cpp:210 GetInPlace() Key not found
1791670704.797  1047 30967 30967 V CamX    : [ VERB][UTILS  ] camxhashmap.cpp:210 GetInPlace() Key not found
1791670704.797  1047 30967 30967 V CamX    : [ VERB][UTILS  ] camxhashmap.cpp:210 GetInPlace() Key not found
1791670704.797  1047 30967 30967 V CamX    : [ VERB][UTILS  ] camxhashmap.cpp:210 GetInPlace() Key not found
1791670704.797  1047 30967 30967 V CamX    : [ VERB][UTILS  ] camxhashmap.cpp:210 GetInPlace() Key not found
1791670704.797  1047 30967 30967 V CamX    : [ VERB][UTILS  ] camxhashmap.cpp:210 GetInPlace() Key not found
1791670704.797  1047 30967 30967 V CamX    : [ VERB][UTILS  ] camxhashmap.cpp:210 GetInPlace() Key not found
1791670704.797  1047 30967 30967 V CamX    : [ VERB][UTILS  ] camxhashmap.cpp:210 GetInPlace() Key not found
1791670704.797  1047 30967 30967 V CamX    : [ VERB][UTILS  ] camxhashmap.cpp:210 GetInPlace() Key not found
1791670704.797  1047 30967 30967 V CamX    : [ VERB][UTILS  ] camxhashmap.cpp:210 GetInPlace() Key not found
1791670704.797  1047 30967 30967 V CamX    : [ VERB][UTILS  ] camxhashmap.cpp:210 GetInPlace() Key not found
1791670704.797  1047 30967 30967 V CamX    : [ VERB][UTILS  ] camxhashmap.cpp:210 GetInPlace() Key not found
1791670704.797  1047 30967 30967 V CamX    : [ VERB][UTILS  ] camxhashmap.cpp:210 GetInPlace() Key not found
1791670704.797  1047 30967 30967 V CamX    : [ VERB][UTILS  ] camxhashmap.cpp:210 GetInPlace() Key not found
1791670704.797  1047 30967 30967 V CamX    : [ VERB][UTILS  ] camxhashmap.cpp:210 GetInPlace() Key not found
1791670704.797  1047 30967 30967 V CamX    : [ VERB][UTILS  ] camxhashmap.cpp:210 GetInPlace() Key not found
1791670704.797  1047 30967 30967 V CamX    : [ VERB][UTILS  ] camxhashmap.cpp:210 GetInPlace() Key not found
1791670704.797  1047 30967 30967 V CamX    : [ VERB][UTILS  ] camxhashmap.cpp:210 GetInPlace() Key not found
1791670704.797  1047 30967 30967 V CamX    : [ VERB][UTILS  ] camxhashmap.cpp:210 GetInPlace() Key not found
1791670704.797  1047 30967 30967 V CamX    : [ VERB][UTILS  ] camxhashmap.cpp:210 GetInPlace() Key not found
1791670704.797  1047 30967 30967 V CamX    : [ VERB][UTILS  ] camxhashmap.cpp:210 GetInPlace() Key not found
1791670704.797  1047 30967 30967 V CamX    : [ VERB][UTILS  ] camxhashmap.cpp:210 GetInPlace() Key not found
1791670704.797  1047 30967 30967 V CamX    : [ VERB][UTILS  ] camxhashmap.cpp:210 GetInPlace() Key not found
1791670704.797  1047 30967 30967 V CamX    : [ VERB][UTILS  ] camxhashmap.cpp:210 GetInPlace() Key not found
1791670704.797  1047 30967 30967 V CamX    : [ VERB][UTILS  ] camxhashmap.cpp:210 GetInPlace() Key not found
1791670704.797  1047 30967 30967 V CamX    : [ VERB][UTILS  ] camxhashmap.cpp:210 GetInPlace() Key not found
1791670704.797  1047 30967 30967 V CamX    : [ VERB][UTILS  ] camxhashmap.cpp:210 GetInPlace() Key not found
1791670704.797  1047 30967 30967 V CamX    : [ VERB][UTILS  ] camxhashmap.cpp:210 GetInPlace() Key not found
1791670704.797  1047 30967 30967 V CamX    : [ VERB][UTILS  ] camxhashmap.cpp:210 GetInPlace() Key not found
1791670704.797  1047 30967 30967 V CamX    : [ VERB][UTILS  ] camxhashmap.cpp:210 GetInPlace() Key not found
1791670704.797  1047 30967 30967 V CamX    : [ VERB][UTILS  ] camxhashmap.cpp:210 GetInPlace() Key not found
1791670704.797  1047 30967 30967 V CamX    : [ VERB][UTILS  ] camxhashmap.cpp:210 GetInPlace() Key not found
1791670704.797  1047 30967 30967 V CamX    : [ VERB][UTILS  ] camxhashmap.cpp:210 GetInPlace() Key not found
1791670704.797  1047 30967 30967 V CamX    : [ VERB][UTILS  ] camxhashmap.cpp:210 GetInPlace() Key not found
1791670704.797  1047 30967 30967 V CamX    : [ VERB][UTILS  ] camxhashmap.cpp:210 GetInPlace() Key not found
1791670704.797  1047 30967 30967 V CamX    : [ VERB][UTILS  ] camxhashmap.cpp:210 GetInPlace() Key not found
1791670704.797  1047 30967 30967 V CamX    : [ VERB][UTILS  ] camxhashmap.cpp:210 GetInPlace() Key not found
1791670704.797  1047 30967 30967 V CamX    : [ VERB][UTILS  ] camxhashmap.cpp:210 GetInPlace() Key not found
1791670704.797  1047 30967 30967 V CamX    : [ VERB][UTILS  ] camxhashmap.cpp:210 GetInPlace() Key not found
1791670704.797  1047 30967 30967 V CamX    : [ VERB][UTILS  ] camxhashmap.cpp:210 GetInPlace() Key not found
1791670704.797  1047 30967 30967 V CamX    : [ VERB][UTILS  ] camxhashmap.cpp:210 GetInPlace() Key not found
1791670704.797  1047 30967 30967 V CamX    : [ VERB][UTILS  ] camxhashmap.cpp:210 GetInPlace() Key not found
1791670704.797  1047 30967 30967 V CamX    : [ VERB][UTILS  ] camxhashmap.cpp:210 GetInPlace() Key not found
1791670704.797  1047 30967 30967 V CamX    : [ VERB][UTILS  ] camxhashmap.cpp:210 GetInPlace() Key not found
1791670704.797  1047 30967 30967 V CamX    : [ VERB][UTILS  ] camxhashmap.cpp:210 GetInPlace() Key not found
1791670704.797  1047 30967 30967 V CamX    : [ VERB][UTILS  ] camxhashmap.cpp:210 GetInPlace() Key not found
1791670704.797  1047 30967 30967 V CamX    : [ VERB][UTILS  ] camxhashmap.cpp:210 GetInPlace() Key not found
1791670704.797  1047 30967 30967 V CamX    : [ VERB][UTILS  ] camxhashmap.cpp:210 GetInPlace() Key not found
1791670704.797  1047 30967 30967 V CamX    : [ VERB][UTILS  ] camxhashmap.cpp:210 GetInPlace() Key not found
1791670704.797  1047 30967 30967 V CamX    : [ VERB][UTILS  ] camxhashmap.cpp:210 GetInPlace() Key not found
1791670704.797  1047 30967 30967 V CamX    : [ VERB][UTILS  ] camxhashmap.cpp:210 GetInPlace() Key not found
1791670704.797  1047 30967 30967 V CamX    : [ VERB][UTILS  ] camxhashmap.cpp:210 GetInPlace() Key not found
1791670704.797  1047 30967 30967 V CamX    : [ VERB][UTILS  ] camxhashmap.cpp:210 GetInPlace() Key not found
1791670704.797  1047 30967 30967 V CamX    : [ VERB][UTILS  ] camxhashmap.cpp:210 GetInPlace() Key not found
1791670704.797  1047 30967 30967 V CamX    : [ VERB][UTILS  ] camxhashmap.cpp:210 GetInPlace() Key not found
1791670704.797  1047 30967 30967 V CamX    : [ VERB][UTILS  ] camxhashmap.cpp:210 GetInPlace() Key not found
1791670704.797  1047 30967 30967 V CamX    : [ VERB][UTILS  ] camxhashmap.cpp:210 GetInPlace() Key not found
1791670704.797  1047 30967 30967 V CamX    : [ VERB][UTILS  ] camxhashmap.cpp:210 GetInPlace() Key not found
1791670704.797  1047 30967 30967 V CamX    : [ VERB][UTILS  ] camxhashmap.cpp:210 GetInPlace() Key not found
1791670704.797  1047 30967 30967 V CamX    : [ VERB][UTILS  ] camxhashmap.cpp:210 GetInPlace() Key not found
1791670704.797  1047 30967 30967 V CamX    : [ VERB][UTILS  ] camxhashmap.cpp:210 GetInPlace() Key not found
1791670704.797  1047 30967 30967 V CamX    : [ VERB][UTILS  ] camxhashmap.cpp:210 GetInPlace() Key not found
1791670704.797  1047 30967 30967 V CamX    : [ VERB][UTILS  ] camxhashmap.cpp:210 GetInPlace() Key not found
1791670704.797  1047 30967 30967 V CamX    : [ VERB][UTILS  ] camxhashmap.cpp:210 GetInPlace() Key not found
1791670704.797  1047 30967 30967 V CamX    : [ VERB][UTILS  ] camxhashmap.cpp:210 GetInPlace() Key not found
1791670704.797  1047 30967 30967 V CamX    : [ VERB][UTILS  ] camxhashmap.cpp:210 GetInPlace() Key not found
1791670704.797  1047 30967 30967 V CamX    : [ VERB][UTILS  ] camxhashmap.cpp:210 GetInPlace() Key not found
1791670704.797  1047 30967 30967 V CamX    : [ VERB][UTILS  ] camxhashmap.cpp:210 GetInPlace() Key not found
1791670704.797  1047 30967 30967 V CamX    : [ VERB][UTILS  ] camxhashmap.cpp:210 GetInPlace() Key not found
1791670704.797  1047 30967 30967 V CamX    : [ VERB][UTILS  ] camxhashmap.cpp:210 GetInPlace() Key not found
1791670704.797  1047 30967 30967 V CamX    : [ VERB][UTILS  ] camxhashmap.cpp:210 GetInPlace() Key not found
1791670704.797  1047 30967 30967 V CamX    : [ VERB][UTILS  ] camxhashmap.cpp:210 GetInPlace() Key not found
1791670704.797  1047 30967 30967 V CamX    : [ VERB][UTILS  ] camxhashmap.cpp:210 GetInPlace() Key not found
1791670704.797  1047 30967 30967 V CamX    : [ VERB][UTILS  ] camxhashmap.cpp:210 GetInPlace() Key not found
1791670704.797  1047 30967 30967 V CamX    : [ VERB][UTILS  ] camxhashmap.cpp:210 GetInPlace() Key not found
1791670704.797  1047 30967 30967 V CamX    : [ VERB][UTILS  ] camxhashmap.cpp:210 GetInPlace() Key not found
1791670704.797  1047 30967 30967 V CamX    : [ VERB][UTILS  ] camxhashmap.cpp:210 GetInPlace() Key not found
1791670704.797  1047 30967 30967 V CamX    : [ VERB][UTILS  ] camxhashmap.cpp:210 GetInPlace() Key not found
1791670704.797  1047 30967 30967 V CamX    : [ VERB][UTILS  ] camxhashmap.cpp:210 GetInPlace() Key not found
1791670704.797  1047 30967 30967 V CamX    : [ VERB][UTILS  ] camxhashmap.cpp:210 GetInPlace() Key not found
1791670704.797  1047 30967 30967 V CamX    : [ VERB][UTILS  ] camxhashmap.cpp:210 GetInPlace() Key not found
1791670704.797  1047 30967 30967 V CamX    : [ VERB][UTILS  ] camxhashmap.cpp:210 GetInPlace() Key not found
1791670704.797  1047 30967 30967 V CamX    : [ VERB][UTILS  ] camxhashmap.cpp:210 GetInPlace() Key not found
1791670704.797  1047 30967 30967 V CamX    : [ VERB][UTILS  ] camxhashmap.cpp:210 GetInPlace() Key not found
1791670704.797  1047 30967 30967 V CamX    : [ VERB][UTILS  ] camxhashmap.cpp:210 GetInPlace() Key not found
1791670704.797  1047 30967 30967 V CamX    : [ VERB][UTILS  ] camxhashmap.cpp:210 GetInPlace() Key not found
1791670704.797  1047 30967 30967 V CamX    : [ VERB][UTILS  ] camxhashmap.cpp:210 GetInPlace() Key not found
1791670704.797  1047 30967 30967 V CamX    : [ VERB][UTILS  ] camxhashmap.cpp:210 GetInPlace() Key not found
1791670704.898  root 30966 30966 I CAM_ERR : CAM-OIS: IsOISReady: 1838 OIS 0 0xF100 = 0x0
1791670704.798  1047 30967 30967 V CamX    : [ VERB][UTILS  ] camxhashmap.cpp:210 GetInPlace() Key not found
1791670704.798  1047 30967 30967 V CamX    : [ VERB][UTILS  ] camxhashmap.cpp:210 GetInPlace() Key not found
1791670704.798  1047 30967 30967 V CamX    : [ VERB][UTILS  ] camxhashmap.cpp:210 GetInPlace() Key not found
1791670704.798  1047 30967 30967 V CamX    : [ VERB][UTILS  ] camxhashmap.cpp:210 GetInPlace() Key not found
1791670704.798  1047 30967 30967 V CamX    : [ VERB][UTILS  ] camxhashmap.cpp:210 GetInPlace() Key not found
1791670704.798  1047 30967 30967 V CamX    : [ VERB][UTILS  ] camxhashmap.cpp:210 GetInPlace() Key not found
1791670704.798  1047 30967 30967 V CamX    : [ VERB][UTILS  ] camxhashmap.cpp:210 GetInPlace() Key not found
1791670704.798  1047 30967 30967 V CamX    : [ VERB][UTILS  ] camxhashmap.cpp:210 GetInPlace() Key not found
1791670704.798  1047 30967 30967 V CamX    : [ VERB][UTILS  ] camxhashmap.cpp:210 GetInPlace() Key not found
1791670704.798  1047 30967 30967 V CamX    : [ VERB][UTILS  ] camxhashmap.cpp:210 GetInPlace() Key not found
1791670704.798  1047 30967 30967 V CamX    : [ VERB][UTILS  ] camxhashmap.cpp:210 GetInPlace() Key not found
1791670704.798  1047 30967 30967 V CamX    : [ VERB][UTILS  ] camxhashmap.cpp:210 GetInPlace() Key not found
1791670704.798  1047 30967 30967 V CamX    : [ VERB][UTILS  ] camxhashmap.cpp:210 GetInPlace() Key not found
1791670704.798  1047 30967 30967 V CamX    : [ VERB][UTILS  ] camxhashmap.cpp:210 GetInPlace() Key not found
1791670704.798  1047 30967 30967 V CamX    : [ VERB][UTILS  ] camxhashmap.cpp:210 GetInPlace() Key not found
1791670704.798  1047 30967 30967 V CamX    : [ VERB][UTILS  ] camxhashmap.cpp:210 GetInPlace() Key not found
1791670704.798  1047 30967 30967 V CamX    : [ VERB][UTILS  ] camxhashmap.cpp:210 GetInPlace() Key not found
1791670704.798  1047 30967 30967 V CamX    : [ VERB][UTILS  ] camxhashmap.cpp:210 GetInPlace() Key not found
1791670704.798  1047 30967 30967 V CamX    : [ VERB][UTILS  ] camxhashmap.cpp:210 GetInPlace() Key not found
1791670704.798  1047 30967 30967 V CamX    : [ VERB][UTILS  ] camxhashmap.cpp:210 GetInPlace() Key not found
1791670704.798  1047 30967 30967 V CamX    : [ VERB][UTILS  ] camxhashmap.cpp:210 GetInPlace() Key not found
1791670704.798  1047 30967 30967 V CamX    : [ VERB][UTILS  ] camxhashmap.cpp:210 GetInPlace() Key not found
1791670704.798  1047 30967 30967 V CamX    : [ VERB][UTILS  ] camxhashmap.cpp:210 GetInPlace() Key not found
1791670704.798  1047 30967 30967 V CamX    : [ VERB][UTILS  ] camxhashmap.cpp:210 GetInPlace() Key not found
1791670704.798  1047 30967 30967 V CamX    : [ VERB][UTILS  ] camxhashmap.cpp:210 GetInPlace() Key not found
1791670704.798  1047 30967 30967 V CamX    : [ VERB][UTILS  ] camxhashmap.cpp:210 GetInPlace() Key not found
1791670704.798  1047 30967 30967 V CamX    : [ VERB][UTILS  ] camxhashmap.cpp:210 GetInPlace() Key not found
1791670704.798  1047 30967 30967 V CamX    : [ VERB][UTILS  ] camxhashmap.cpp:210 GetInPlace() Key not found
1791670704.798  1047 30967 30967 V CamX    : [ VERB][UTILS  ] camxhashmap.cpp:210 GetInPlace() Key not found
1791670704.798  1047 30967 30967 V CamX    : [ VERB][UTILS  ] camxhashmap.cpp:210 GetInPlace() Key not found
1791670704.798  1047 30967 30967 V CamX    : [ VERB][UTILS  ] camxhashmap.cpp:210 GetInPlace() Key not found
1791670704.798  1047 30967 30967 V CamX    : [ VERB][UTILS  ] camxhashmap.cpp:210 GetInPlace() Key not found
1791670704.798  1047 30967 30967 V CamX    : [ VERB][UTILS  ] camxhashmap.cpp:210 GetInPlace() Key not found
1791670704.798  1047 30967 30967 V CamX    : [ VERB][UTILS  ] camxhashmap.cpp:210 GetInPlace() Key not found
1791670704.798  1047 30967 30967 V CamX    : [ VERB][UTILS  ] camxhashmap.cpp:210 GetInPlace() Key not found
1791670704.798  1047 30967 30967 V CamX    : [ VERB][UTILS  ] camxhashmap.cpp:210 GetInPlace() Key not found
1791670704.798  1047 30967 30967 V CamX    : [ VERB][UTILS  ] camxhashmap.cpp:210 GetInPlace() Key not found
1791670704.798  1047 30967 30967 V CamX    : [ VERB][UTILS  ] camxhashmap.cpp:210 GetInPlace() Key not found
1791670704.798  1047 30967 30967 V CamX    : [ VERB][UTILS  ] camxhashmap.cpp:210 GetInPlace() Key not found
1791670704.798  1047 30967 30967 V CamX    : [ VERB][UTILS  ] camxhashmap.cpp:210 GetInPlace() Key not found
1791670704.798  1047 30967 30967 V CamX    : [ VERB][UTILS  ] camxhashmap.cpp:210 GetInPlace() Key not found
1791670704.798  1047 30967 30967 V CamX    : [ VERB][UTILS  ] camxhashmap.cpp:210 GetInPlace() Key not found
1791670704.798  1047 30967 30967 V CamX    : [ VERB][UTILS  ] camxhashmap.cpp:210 GetInPlace() Key not found
1791670704.798  1047 30967 30967 V CamX    : [ VERB][UTILS  ] camxhashmap.cpp:210 GetInPlace() Key not found
1791670704.798  1047 30967 30967 V CamX    : [ VERB][UTILS  ] camxhashmap.cpp:210 GetInPlace() Key not found
1791670704.798  1047 30967 30967 V CamX    : [ VERB][UTILS  ] camxhashmap.cpp:210 GetInPlace() Key not found
1791670704.798  1047 30967 30967 V CamX    : [ VERB][UTILS  ] camxhashmap.cpp:210 GetInPlace() Key not found
1791670704.798  1047 30967 30967 V CamX    : [ VERB][UTILS  ] camxhashmap.cpp:210 GetInPlace() Key not found
1791670704.798  1047 30967 30967 V CamX    : [ VERB][UTILS  ] camxhashmap.cpp:210 GetInPlace() Key not found
1791670704.798  1047 30967 30967 V CamX    : [ VERB][UTILS  ] camxhashmap.cpp:210 GetInPlace() Key not found
1791670704.798  1047 30967 30967 V CamX    : [ VERB][UTILS  ] camxhashmap.cpp:210 GetInPlace() Key not found
1791670704.798  1047 30967 30967 V CamX    : [ VERB][UTILS  ] camxhashmap.cpp:210 GetInPlace() Key not found
1791670704.798  1047 30967 30967 V CamX    : [ VERB][UTILS  ] camxhashmap.cpp:210 GetInPlace() Key not found
1791670704.798  1047 30967 30967 V CamX    : [ VERB][UTILS  ] camxhashmap.cpp:210 GetInPlace() Key not found
1791670704.798  1047 30967 30967 V CamX    : [ VERB][UTILS  ] camxhashmap.cpp:210 GetInPlace() Key not found
1791670704.798  1047 30967 30967 V CamX    : [ VERB][UTILS  ] camxhashmap.cpp:210 GetInPlace() Key not found
1791670704.798  1047 30967 30967 V CamX    : [ VERB][UTILS  ] camxhashmap.cpp:210 GetInPlace() Key not found
1791670704.798  1047 30967 30967 V CamX    : [ VERB][UTILS  ] camxhashmap.cpp:210 GetInPlace() Key not found
1791670704.798  1047 30967 30967 V CamX    : [ VERB][UTILS  ] camxhashmap.cpp:210 GetInPlace() Key not found
1791670704.798  1047 30967 30967 V CamX    : [ VERB][UTILS  ] camxhashmap.cpp:210 GetInPlace() Key not found
1791670704.798  1047 30967 30967 V CamX    : [ VERB][UTILS  ] camxhashmap.cpp:210 GetInPlace() Key not found
1791670704.798  1047 30967 30967 V CamX    : [ VERB][UTILS  ] camxhashmap.cpp:210 GetInPlace() Key not found
1791670704.798  1047 30967 30967 V CamX    : [ VERB][UTILS  ] camxhashmap.cpp:210 GetInPlace() Key not found
1791670704.798  1047 30967 30967 V CamX    : [ VERB][UTILS  ] camxhashmap.cpp:210 GetInPlace() Key not found
1791670704.798  1047 30967 30967 V CamX    : [ VERB][UTILS  ] camxhashmap.cpp:210 GetInPlace() Key not found
1791670704.798  1047 30967 30967 V CamX    : [ VERB][UTILS  ] camxhashmap.cpp:210 GetInPlace() Key not found
1791670704.798  1047 30967 30967 V CamX    : [ VERB][UTILS  ] camxhashmap.cpp:210 GetInPlace() Key not found
1791670704.798  1047 30967 30967 V CamX    : [ VERB][UTILS  ] camxhashmap.cpp:210 GetInPlace() Key not found
1791670704.798  1047 30967 30967 V CamX    : [ VERB][UTILS  ] camxhashmap.cpp:210 GetInPlace() Key not found
1791670704.798  1047 30967 30967 V CamX    : [ VERB][UTILS  ] camxhashmap.cpp:210 GetInPlace() Key not found
1791670704.798  1047 30967 30967 V CamX    : [ VERB][UTILS  ] camxhashmap.cpp:210 GetInPlace() Key not found
1791670704.798  1047 30967 30967 V CamX    : [ VERB][UTILS  ] camxhashmap.cpp:210 GetInPlace() Key not found
1791670704.798  1047 30967 30967 V CamX    : [ VERB][UTILS  ] camxhashmap.cpp:210 GetInPlace() Key not found
1791670704.798  1047 30967 30967 V CamX    : [ VERB][UTILS  ] camxhashmap.cpp:210 GetInPlace() Key not found
1791670704.798  1047 30967 30967 V CamX    : [ VERB][UTILS  ] camxhashmap.cpp:210 GetInPlace() Key not found
1791670704.798  1047 30967 30967 V CamX    : [ VERB][UTILS  ] camxhashmap.cpp:210 GetInPlace() Key not found
1791670704.798  1047 30967 30967 V CamX    : [ VERB][UTILS  ] camxhashmap.cpp:210 GetInPlace() Key not found
1791670704.798  1047 30967 30967 V CamX    : [ VERB][UTILS  ] camxhashmap.cpp:210 GetInPlace() Key not found
1791670704.798  1047 30967 30967 V CamX    : [ VERB][UTILS  ] camxhashmap.cpp:210 GetInPlace() Key not found
1791670704.798  1047 30967 30967 V CamX    : [ VERB][UTILS  ] camxhashmap.cpp:210 GetInPlace() Key not found
1791670704.798  1047 30967 30967 V CamX    : [ VERB][UTILS  ] camxhashmap.cpp:210 GetInPlace() Key not found
1791670704.798  1047 30967 30967 V CamX    : [ VERB][UTILS  ] camxhashmap.cpp:210 GetInPlace() Key not found
1791670704.798  1047 30967 30967 V CamX    : [ VERB][UTILS  ] camxhashmap.cpp:210 GetInPlace() Key not found
1791670704.798  1047 30967 30967 V CamX    : [ VERB][UTILS  ] camxhashmap.cpp:210 GetInPlace() Key not found
1791670704.798  1047 30967 30967 V CamX    : [ VERB][UTILS  ] camxhashmap.cpp:210 GetInPlace() Key not found
1791670704.798  1047 30967 30967 V CamX    : [ VERB][UTILS  ] camxhashmap.cpp:210 GetInPlace() Key not found
1791670704.798  1047 30967 30967 V CamX    : [ VERB][UTILS  ] camxhashmap.cpp:210 GetInPlace() Key not found
1791670704.798  1047 30967 30967 V CamX    : [ VERB][UTILS  ] camxhashmap.cpp:210 GetInPlace() Key not found
1791670704.798  1047 30967 30967 V CamX    : [ VERB][UTILS  ] camxhashmap.cpp:210 GetInPlace() Key not found
1791670704.798  1047 30967 30967 V CamX    : [ VERB][UTILS  ] camxhashmap.cpp:210 GetInPlace() Key not found
1791670704.798  1047 30967 30967 V CamX    : [ VERB][UTILS  ] camxhashmap.cpp:210 GetInPlace() Key not found
1791670704.798  1047 30967 30967 V CamX    : [ VERB][UTILS  ] camxhashmap.cpp:210 GetInPlace() Key not found
1791670704.798  1047 30967 30967 V CamX    : [ VERB][UTILS  ] camxhashmap.cpp:210 GetInPlace() Key not found
1791670704.798  1047 30967 30967 V CamX    : [ VERB][UTILS  ] camxhashmap.cpp:210 GetInPlace() Key not found
1791670704.798  1047 30967 30967 V CamX    : [ VERB][UTILS  ] camxhashmap.cpp:210 GetInPlace() Key not found
1791670704.798  1047 30967 30967 V CamX    : [ VERB][UTILS  ] camxhashmap.cpp:210 GetInPlace() Key not found
1791670704.798  1047 30967 30967 V CamX    : [ VERB][UTILS  ] camxhashmap.cpp:210 GetInPlace() Key not found
1791670704.798  1047 30967 30967 V CamX    : [ VERB][UTILS  ] camxhashmap.cpp:210 GetInPlace() Key not found
1791670704.798  1047 30967 30967 V CamX    : [ VERB][UTILS  ] camxhashmap.cpp:210 GetInPlace() Key not found
1791670704.798  1047 30967 30967 V CamX    : [ VERB][UTILS  ] camxhashmap.cpp:210 GetInPlace() Key not found
1791670704.798  1047 30967 30967 V CamX    : [ VERB][UTILS  ] camxhashmap.cpp:210 GetInPlace() Key not found
1791670704.798  1047 30967 30967 V CamX    : [ VERB][UTILS  ] camxhashmap.cpp:210 GetInPlace() Key not found
1791670704.798  1047 30967 30967 V CamX    : [ VERB][UTILS  ] camxhashmap.cpp:210 GetInPlace() Key not found
1791670704.798  1047 30967 30967 V CamX    : [ VERB][UTILS  ] camxhashmap.cpp:210 GetInPlace() Key not found
1791670704.798  1047 30967 30967 V CamX    : [ VERB][UTILS  ] camxhashmap.cpp:210 GetInPlace() Key not found
1791670704.798  1047 30967 30967 V CamX    : [ VERB][UTILS  ] camxhashmap.cpp:210 GetInPlace() Key not found
1791670704.798  1047 30967 30967 V CamX    : [ VERB][UTILS  ] camxhashmap.cpp:210 GetInPlace() Key not found
1791670704.798  1047 30967 30967 V CamX    : [ VERB][UTILS  ] camxhashmap.cpp:210 GetInPlace() Key not found
1791670704.798  1047 30967 30967 V CamX    : [ VERB][UTILS  ] camxhashmap.cpp:210 GetInPlace() Key not found
1791670704.798  1047 30967 30967 V CamX    : [ VERB][UTILS  ] camxhashmap.cpp:210 GetInPlace() Key not found
1791670704.798  1047 30967 30967 V CamX    : [ VERB][UTILS  ] camxhashmap.cpp:210 GetInPlace() Key not found
1791670704.798  1047 30967 30967 V CamX    : [ VERB][UTILS  ] camxhashmap.cpp:210 GetInPlace() Key not found
1791670704.798  1047 30967 30967 V CamX    : [ VERB][UTILS  ] camxhashmap.cpp:210 GetInPlace() Key not found
1791670704.798  1047 30967 30967 V CamX    : [ VERB][UTILS  ] camxhashmap.cpp:210 GetInPlace() Key not found
1791670704.798  1047 30967 30967 V CamX    : [ VERB][UTILS  ] camxhashmap.cpp:210 GetInPlace() Key not found
1791670704.798  1047 30967 30967 V CamX    : [ VERB][UTILS  ] camxhashmap.cpp:210 GetInPlace() Key not found
1791670704.798  1047 30967 30967 V CamX    : [ VERB][UTILS  ] camxhashmap.cpp:210 GetInPlace() Key not found
1791670704.798  1047 30967 30967 V CamX    : [ VERB][UTILS  ] camxhashmap.cpp:210 GetInPlace() Key not found
1791670704.798  1047 30967 30967 V CamX    : [ VERB][UTILS  ] camxhashmap.cpp:210 GetInPlace() Key not found
1791670704.798  1047 30967 30967 V CamX    : [ VERB][UTILS  ] camxhashmap.cpp:210 GetInPlace() Key not found
1791670704.798  1047 30967 30967 V CamX    : [ VERB][UTILS  ] camxhashmap.cpp:210 GetInPlace() Key not found
1791670704.798  1047 30967 30967 V CamX    : [ VERB][UTILS  ] camxhashmap.cpp:210 GetInPlace() Key not found
1791670704.798  1047 30967 30967 V CamX    : [ VERB][UTILS  ] camxhashmap.cpp:210 GetInPlace() Key not found
1791670704.798  1047 30967 30967 V CamX    : [ VERB][UTILS  ] camxhashmap.cpp:210 GetInPlace() Key not found
1791670704.798  1047 30967 30967 V CamX    : [ VERB][UTILS  ] camxhashmap.cpp:210 GetInPlace() Key not found
1791670704.798  1047 30967 30967 V CamX    : [ VERB][UTILS  ] camxhashmap.cpp:210 GetInPlace() Key not found
1791670704.798  1047 30967 30967 V CamX    : [ VERB][UTILS  ] camxhashmap.cpp:210 GetInPlace() Key not found
1791670704.798  1047 30967 30967 V CamX    : [ VERB][UTILS  ] camxhashmap.cpp:210 GetInPlace() Key not found
1791670704.798  1047 30967 30967 V CamX    : [ VERB][UTILS  ] camxhashmap.cpp:210 GetInPlace() Key not found
1791670704.798  1047 30967 30967 V CamX    : [ VERB][UTILS  ] camxhashmap.cpp:210 GetInPlace() Key not found
1791670704.798  1047 30967 30967 V CamX    : [ VERB][UTILS  ] camxhashmap.cpp:210 GetInPlace() Key not found
1791670704.798  1047 30967 30967 V CamX    : [ VERB][UTILS  ] camxhashmap.cpp:210 GetInPlace() Key not found
1791670704.798  1047 30967 30967 V CamX    : [ VERB][UTILS  ] camxhashmap.cpp:210 GetInPlace() Key not found
1791670704.798  1047 30967 30967 V CamX    : [ VERB][UTILS  ] camxhashmap.cpp:210 GetInPlace() Key not found
1791670704.798  1047 30967 30967 V CamX    : [ VERB][UTILS  ] camxhashmap.cpp:210 GetInPlace() Key not found
1791670704.798  1047 30967 30967 V CamX    : [ VERB][UTILS  ] camxhashmap.cpp:210 GetInPlace() Key not found
1791670704.798  1047 30967 30967 V CamX    : [ VERB][UTILS  ] camxhashmap.cpp:210 GetInPlace() Key not found
1791670704.798  1047 30967 30967 V CamX    : [ VERB][UTILS  ] camxhashmap.cpp:210 GetInPlace() Key not found
1791670704.798  1047 30967 30967 V CamX    : [ VERB][UTILS  ] camxhashmap.cpp:210 GetInPlace() Key not found
1791670704.798  1047 30967 30967 V CamX    : [ VERB][UTILS  ] camxhashmap.cpp:210 GetInPlace() Key not found
1791670704.798  1047 30967 30967 V CamX    : [ VERB][UTILS  ] camxhashmap.cpp:210 GetInPlace() Key not found
1791670704.798  1047 30967 30967 V CamX    : [ VERB][UTILS  ] camxhashmap.cpp:210 GetInPlace() Key not found
1791670704.798  1047 30967 30967 V CamX    : [ VERB][UTILS  ] camxhashmap.cpp:210 GetInPlace() Key not found
1791670704.798  1047 30967 30967 V CamX    : [ VERB][UTILS  ] camxhashmap.cpp:210 GetInPlace() Key not found
1791670704.798  1047 30967 30967 V CamX    : [ VERB][UTILS  ] camxhashmap.cpp:210 GetInPlace() Key not found
1791670704.798  1047 30967 30967 V CamX    : [ VERB][UTILS  ] camxhashmap.cpp:210 GetInPlace() Key not found
1791670704.798  1047 30967 30967 V CamX    : [ VERB][UTILS  ] camxhashmap.cpp:210 GetInPlace() Key not found
1791670704.798  1047 30967 30967 V CamX    : [ VERB][UTILS  ] camxhashmap.cpp:210 GetInPlace() Key not found
1791670704.798  1047 30967 30967 V CamX    : [ VERB][UTILS  ] camxhashmap.cpp:210 GetInPlace() Key not found
1791670704.798  1047 30967 30967 V CamX    : [ VERB][UTILS  ] camxhashmap.cpp:210 GetInPlace() Key not found
1791670704.798  1047 30967 30967 V CamX    : [ VERB][UTILS  ] camxhashmap.cpp:210 GetInPlace() Key not found
1791670704.798  1047 30967 30967 V CamX    : [ VERB][UTILS  ] camxhashmap.cpp:210 GetInPlace() Key not found
1791670704.798  1047 30967 30967 V CamX    : [ VERB][UTILS  ] camxhashmap.cpp:210 GetInPlace() Key not found
1791670704.798  1047 30967 30967 V CamX    : [ VERB][UTILS  ] camxhashmap.cpp:210 GetInPlace() Key not found
1791670704.798  1047 30967 30967 V CamX    : [ VERB][UTILS  ] camxhashmap.cpp:210 GetInPlace() Key not found
1791670704.798  1047 30967 30967 V CamX    : [ VERB][UTILS  ] camxhashmap.cpp:210 GetInPlace() Key not found
1791670704.798  1047 30967 30967 V CamX    : [ VERB][UTILS  ] camxhashmap.cpp:210 GetInPlace() Key not found
1791670704.798  1047 30967 30967 V CamX    : [ VERB][UTILS  ] camxhashmap.cpp:210 GetInPlace() Key not found
1791670704.798  1047 30967 30967 V CamX    : [ VERB][UTILS  ] camxhashmap.cpp:210 GetInPlace() Key not found
1791670704.798  1047 30967 30967 V CamX    : [ VERB][UTILS  ] camxhashmap.cpp:210 GetInPlace() Key not found
1791670704.798  1047 30967 30967 V CamX    : [ VERB][UTILS  ] camxhashmap.cpp:210 GetInPlace() Key not found
1791670704.798  1047 30967 30967 V CamX    : [ VERB][UTILS  ] camxhashmap.cpp:210 GetInPlace() Key not found
1791670704.798  1047 30967 30967 V CamX    : [ VERB][UTILS  ] camxhashmap.cpp:210 GetInPlace() Key not found
1791670704.798  1047 30967 30967 V CamX    : [ VERB][UTILS  ] camxhashmap.cpp:210 GetInPlace() Key not found
1791670704.798  1047 30967 30967 V CamX    : [ VERB][UTILS  ] camxhashmap.cpp:210 GetInPlace() Key not found
1791670704.798  1047 30967 30967 V CamX    : [ VERB][UTILS  ] camxhashmap.cpp:210 GetInPlace() Key not found
1791670704.798  1047 30967 30967 V CamX    : [ VERB][UTILS  ] camxhashmap.cpp:210 GetInPlace() Key not found
1791670704.798  1047 30967 30967 V CamX    : [ VERB][UTILS  ] camxhashmap.cpp:210 GetInPlace() Key not found
1791670704.798  1047 30967 30967 V CamX    : [ VERB][UTILS  ] camxhashmap.cpp:210 GetInPlace() Key not found
1791670704.798  1047 30967 30967 V CamX    : [ VERB][UTILS  ] camxhashmap.cpp:210 GetInPlace() Key not found
1791670704.798  1047 30967 30967 V CamX    : [ VERB][UTILS  ] camxhashmap.cpp:210 GetInPlace() Key not found
1791670704.798  1047 30967 30967 V CamX    : [ VERB][UTILS  ] camxhashmap.cpp:210 GetInPlace() Key not found
1791670704.798  1047 30967 30967 V CamX    : [ VERB][UTILS  ] camxhashmap.cpp:210 GetInPlace() Key not found
1791670704.798  1047 30967 30967 V CamX    : [ VERB][UTILS  ] camxhashmap.cpp:210 GetInPlace() Key not found
1791670704.798  1047 30967 30967 V CamX    : [ VERB][UTILS  ] camxhashmap.cpp:210 GetInPlace() Key not found
1791670704.798  1047 30967 30967 V CamX    : [ VERB][UTILS  ] camxhashmap.cpp:210 GetInPlace() Key not found
1791670704.798  1047 30967 30967 V CamX    : [ VERB][UTILS  ] camxhashmap.cpp:210 GetInPlace() Key not found
1791670704.798  1047 30967 30967 V CamX    : [ VERB][UTILS  ] camxhashmap.cpp:210 GetInPlace() Key not found
1791670704.798  1047 30967 30967 V CamX    : [ VERB][UTILS  ] camxhashmap.cpp:210 GetInPlace() Key not found
1791670704.798  1047 30967 30967 V CamX    : [ VERB][UTILS  ] camxhashmap.cpp:210 GetInPlace() Key not found
1791670704.798  1047 30967 30967 V CamX    : [ VERB][UTILS  ] camxhashmap.cpp:210 GetInPlace() Key not found
1791670704.798  1047 30967 30967 V CamX    : [ VERB][UTILS  ] camxhashmap.cpp:210 GetInPlace() Key not found
1791670704.798  1047 30967 30967 V CamX    : [ VERB][UTILS  ] camxhashmap.cpp:210 GetInPlace() Key not found
1791670704.798  1047 30967 30967 V CamX    : [ VERB][UTILS  ] camxhashmap.cpp:210 GetInPlace() Key not found
1791670704.798  1047 30967 30967 V CamX    : [ VERB][UTILS  ] camxhashmap.cpp:210 GetInPlace() Key not found
1791670704.798  1047 30967 30967 V CamX    : [ VERB][UTILS  ] camxhashmap.cpp:210 GetInPlace() Key not found
1791670704.798  1047 30967 30967 V CamX    : [ VERB][UTILS  ] camxhashmap.cpp:210 GetInPlace() Key not found
1791670704.798  1047 30967 30967 V CamX    : [ VERB][UTILS  ] camxhashmap.cpp:210 GetInPlace() Key not found
1791670704.798  1047 30967 30967 V CamX    : [ VERB][UTILS  ] camxhashmap.cpp:210 GetInPlace() Key not found
1791670704.798  1047 30967 30967 V CamX    : [ VERB][UTILS  ] camxhashmap.cpp:210 GetInPlace() Key not found
1791670704.798  1047 30967 30967 V CamX    : [ VERB][UTILS  ] camxhashmap.cpp:210 GetInPlace() Key not found
1791670704.798  1047 30967 30967 V CamX    : [ VERB][UTILS  ] camxhashmap.cpp:210 GetInPlace() Key not found
1791670704.798  1047 30967 30967 V CamX    : [ VERB][UTILS  ] camxhashmap.cpp:210 GetInPlace() Key not found
1791670704.798  1047 30967 30967 V CamX    : [ VERB][UTILS  ] camxhashmap.cpp:210 GetInPlace() Key not found
1791670704.798  1047 30967 30967 V CamX    : [ VERB][UTILS  ] camxhashmap.cpp:210 GetInPlace() Key not found
1791670704.798  1047 30967 30967 V CamX    : [ VERB][UTILS  ] camxhashmap.cpp:210 GetInPlace() Key not found
1791670704.798 10383  7958  7958 D VRI[GoogleDiscoverWindow]: visibilityChanged oldVisibility=false newVisibility=true
1791670704.798  1047 30967 30967 V CamX    : [ VERB][UTILS  ] camxhashmap.cpp:210 GetInPlace() Key not found
1791670704.798  1047 30967 30967 V CamX    : [ VERB][UTILS  ] camxhashmap.cpp:210 GetInPlace() Key not found
1791670704.798  1047 30967 30967 V CamX    : [ VERB][UTILS  ] camxhashmap.cpp:210 GetInPlace() Key not found
1791670704.798  1047 30967 30967 V CamX    : [ VERB][UTILS  ] camxhashmap.cpp:210 GetInPlace() Key not found
1791670704.798  1047 30967 30967 V CamX    : [ VERB][UTILS  ] camxhashmap.cpp:210 GetInPlace() Key not found
1791670704.798  1047 30967 30967 V CamX    : [ VERB][UTILS  ] camxhashmap.cpp:210 GetInPlace() Key not found
1791670704.798  1047 30967 30967 V CamX    : [ VERB][UTILS  ] camxhashmap.cpp:210 GetInPlace() Key not found
1791670704.798  1047 30967 30967 V CamX    : [ VERB][UTILS  ] camxhashmap.cpp:210 GetInPlace() Key not found
1791670704.798  1047 30967 30967 V CamX    : [ VERB][UTILS  ] camxhashmap.cpp:210 GetInPlace() Key not found
1791670704.798  1047 30967 30967 V CamX    : [ VERB][UTILS  ] camxhashmap.cpp:210 GetInPlace() Key not found
1791670704.798  1047 30967 30967 V CamX    : [ VERB][UTILS  ] camxhashmap.cpp:210 GetInPlace() Key not found
1791670704.798  1047 30967 30967 V CamX    : [ VERB][UTILS  ] camxhashmap.cpp:210 GetInPlace() Key not found
1791670704.798  1047 30967 30967 V CamX    : [ VERB][UTILS  ] camxhashmap.cpp:210 GetInPlace() Key not found
1791670704.798  1047 30967 30967 V CamX    : [ VERB][UTILS  ] camxhashmap.cpp:210 GetInPlace() Key not found
1791670704.798  1047 30967 30967 V CamX    : [ VERB][UTILS  ] camxhashmap.cpp:210 GetInPlace() Key not found
1791670704.798  1047 30967 30967 V CamX    : [ VERB][UTILS  ] camxhashmap.cpp:210 GetInPlace() Key not found
1791670704.798  1047 30967 30967 V CamX    : [ VERB][UTILS  ] camxhashmap.cpp:210 GetInPlace() Key not found
1791670704.798  1047 30967 30967 V CamX    : [ VERB][UTILS  ] camxhashmap.cpp:210 GetInPlace() Key not found
1791670704.798  1047 30967 30967 V CamX    : [ VERB][UTILS  ] camxhashmap.cpp:210 GetInPlace() Key not found
1791670704.798  1047 30967 30967 V CamX    : [ VERB][UTILS  ] camxhashmap.cpp:210 GetInPlace() Key not found
1791670704.798  1047 30967 30967 V CamX    : [ VERB][UTILS  ] camxhashmap.cpp:210 GetInPlace() Key not found
1791670704.798  1047 30967 30967 V CamX    : [ VERB][UTILS  ] camxhashmap.cpp:210 GetInPlace() Key not found
1791670704.798  1047 30967 30967 V CamX    : [ VERB][UTILS  ] camxhashmap.cpp:210 GetInPlace() Key not found
1791670704.798  1047 30967 30967 V CamX    : [ VERB][UTILS  ] camxhashmap.cpp:210 GetInPlace() Key not found
1791670704.798  1047 30967 30967 V CamX    : [ VERB][UTILS  ] camxhashmap.cpp:210 GetInPlace() Key not found
1791670704.798  1047 30967 30967 V CamX    : [ VERB][UTILS  ] camxhashmap.cpp:210 GetInPlace() Key not found
1791670704.798  1047 30967 30967 V CamX    : [ VERB][UTILS  ] camxhashmap.cpp:210 GetInPlace() Key not found
1791670704.798  1047 30967 30967 V CamX    : [ VERB][UTILS  ] camxhashmap.cpp:210 GetInPlace() Key not found
1791670704.798  1047 30967 30967 V CamX    : [ VERB][UTILS  ] camxhashmap.cpp:210 GetInPlace() Key not found
1791670704.798  1047 30967 30967 V CamX    : [ VERB][UTILS  ] camxhashmap.cpp:210 GetInPlace() Key not found
1791670704.798  1047 30967 30967 V CamX    : [ VERB][UTILS  ] camxhashmap.cpp:210 GetInPlace() Key not found
1791670704.798  1047 30967 30967 V CamX    : [ VERB][UTILS  ] camxhashmap.cpp:210 GetInPlace() Key not found
1791670704.798  1047 30967 30967 V CamX    : [ VERB][UTILS  ] camxhashmap.cpp:210 GetInPlace() Key not found
1791670704.798  1047 30967 30967 V CamX    : [ VERB][UTILS  ] camxhashmap.cpp:204 GetInPlace() Key not found
1791670704.798  1047 30967 30967 V CamX    : [ VERB][UTILS  ] camxhashmap.cpp:210 GetInPlace() Key not found
1791670704.798  1047 30967 30967 V CamX    : [ VERB][UTILS  ] camxhashmap.cpp:210 GetInPlace() Key not found
1791670704.798  1047 30967 30967 V CamX    : [ VERB][UTILS  ] camxhashmap.cpp:210 GetInPlace() Key not found
1791670704.798  1047 30967 30967 V CamX    : [ VERB][UTILS  ] camxhashmap.cpp:210 GetInPlace() Key not found
1791670704.798  1047 30967 30967 V CamX    : [ VERB][UTILS  ] camxhashmap.cpp:210 GetInPlace() Key not found
1791670704.798  1047 30967 30967 V CamX    : [ VERB][UTILS  ] camxhashmap.cpp:210 GetInPlace() Key not found
1791670704.798  1047 30967 30967 V CamX    : [ VERB][UTILS  ] camxhashmap.cpp:210 GetInPlace() Key not found
1791670704.798  1047 30967 30967 V CamX    : [ VERB][UTILS  ] camxhashmap.cpp:210 GetInPlace() Key not found
1791670704.798  1047 30967 30967 V CamX    : [ VERB][UTILS  ] camxhashmap.cpp:210 GetInPlace() Key not found
1791670704.798  1047 30967 30967 V CamX    : [ VERB][UTILS  ] camxhashmap.cpp:210 GetInPlace() Key not found
1791670704.798  1047 30967 30967 V CamX    : [ VERB][UTILS  ] camxhashmap.cpp:210 GetInPlace() Key not found
1791670704.798  1047 30967 30967 V CamX    : [ VERB][UTILS  ] camxhashmap.cpp:210 GetInPlace() Key not found
1791670704.798  1047 30967 30967 V CamX    : [ VERB][UTILS  ] camxhashmap.cpp:210 GetInPlace() Key not found
1791670704.798  1047 30967 30967 V CamX    : [ VERB][UTILS  ] camxhashmap.cpp:210 GetInPlace() Key not found
1791670704.798  1047 30967 30967 V CamX    : [ VERB][UTILS  ] camxhashmap.cpp:210 GetInPlace() Key not found
1791670704.798  1047 30967 30967 V CamX    : [ VERB][UTILS  ] camxhashmap.cpp:210 GetInPlace() Key not found
1791670704.798  1047 30967 30967 V CamX    : [ VERB][UTILS  ] camxhashmap.cpp:210 GetInPlace() Key not found
1791670704.798  1047 30967 30967 V CamX    : [ VERB][UTILS  ] camxhashmap.cpp:210 GetInPlace() Key not found
1791670704.798  1047 30967 30967 V CamX    : [ VERB][UTILS  ] camxhashmap.cpp:210 GetInPlace() Key not found
1791670704.798  1047 30967 30967 V CamX    : [ VERB][UTILS  ] camxhashmap.cpp:210 GetInPlace() Key not found
1791670704.798  1047 30967 30967 V CamX    : [ VERB][UTILS  ] camxhashmap.cpp:210 GetInPlace() Key not found
1791670704.798  1047 30967 30967 V CamX    : [ VERB][UTILS  ] camxhashmap.cpp:210 GetInPlace() Key not found
1791670704.798  1047 30967 30967 V CamX    : [ VERB][UTILS  ] camxhashmap.cpp:210 GetInPlace() Key not found
1791670704.798  1047 30967 30967 V CamX    : [ VERB][UTILS  ] camxhashmap.cpp:210 GetInPlace() Key not found
1791670704.798  1047 30967 30967 V CamX    : [ VERB][UTILS  ] camxhashmap.cpp:210 GetInPlace() Key not found
1791670704.798  1047 30967 30967 V CamX    : [ VERB][UTILS  ] camxhashmap.cpp:210 GetInPlace() Key not found
1791670704.798  1047 30967 30967 V CamX    : [ VERB][UTILS  ] camxhashmap.cpp:210 GetInPlace() Key not found
1791670704.798  1047 30967 30967 V CamX    : [ VERB][UTILS  ] camxhashmap.cpp:210 GetInPlace() Key not found
1791670704.798  1047 30967 30967 V CamX    : [ VERB][UTILS  ] camxhashmap.cpp:210 GetInPlace() Key not found
1791670704.798  1047 30967 30967 V CamX    : [ VERB][UTILS  ] camxhashmap.cpp:210 GetInPlace() Key not found
1791670704.798  1047 30967 30967 V CamX    : [ VERB][UTILS  ] camxhashmap.cpp:210 GetInPlace() Key not found
1791670704.798  1047 30967 30967 V CamX    : [ VERB][UTILS  ] camxhashmap.cpp:210 GetInPlace() Key not found
1791670704.798  1047 30967 30967 V CamX    : [ VERB][UTILS  ] camxhashmap.cpp:210 GetInPlace() Key not found
1791670704.798  1047 30967 30967 V CamX    : [ VERB][UTILS  ] camxhashmap.cpp:210 GetInPlace() Key not found
1791670704.798  1047 30967 30967 V CamX    : [ VERB][UTILS  ] camxhashmap.cpp:210 GetInPlace() Key not found
1791670704.798  1047 30967 30967 V CamX    : [ VERB][UTILS  ] camxhashmap.cpp:210 GetInPlace() Key not found
1791670704.798  1047 30967 30967 V CamX    : [ VERB][UTILS  ] camxhashmap.cpp:210 GetInPlace() Key not found
1791670704.798  1047 30967 30967 V CamX    : [ VERB][UTILS  ] camxhashmap.cpp:210 GetInPlace() Key not found
1791670704.798  1047 30967 30967 V CamX    : [ VERB][UTILS  ] camxhashmap.cpp:210 GetInPlace() Key not found
1791670704.798  1047 30967 30967 V CamX    : [ VERB][UTILS  ] camxhashmap.cpp:210 GetInPlace() Key not found
1791670704.798  1047 30967 30967 V CamX    : [ VERB][UTILS  ] camxhashmap.cpp:210 GetInPlace() Key not found
1791670704.798  1047 30967 30967 V CamX    : [ VERB][UTILS  ] camxhashmap.cpp:210 GetInPlace() Key not found
1791670704.798  1047 30967 30967 V CamX    : [ VERB][UTILS  ] camxhashmap.cpp:210 GetInPlace() Key not found
1791670704.798  1047 30967 30967 V CamX    : [ VERB][UTILS  ] camxhashmap.cpp:210 GetInPlace() Key not found
1791670704.798  1047 30967 30967 V CamX    : [ VERB][UTILS  ] camxhashmap.cpp:210 GetInPlace() Key not found
1791670704.798  1047 30967 30967 V CamX    : [ VERB][UTILS  ] camxhashmap.cpp:210 GetInPlace() Key not found
1791670704.798  1047 30967 30967 V CamX    : [ VERB][UTILS  ] camxhashmap.cpp:210 GetInPlace() Key not found
1791670704.798  1047 30967 30967 V CamX    : [ VERB][UTILS  ] camxhashmap.cpp:210 GetInPlace() Key not found
1791670704.798  1047 30967 30967 V CamX    : [ VERB][UTILS  ] camxhashmap.cpp:210 GetInPlace() Key not found
1791670704.798  1047 30967 30967 V CamX    : [ VERB][UTILS  ] camxhashmap.cpp:210 GetInPlace() Key not found
1791670704.798  1047 30967 30967 V CamX    : [ VERB][UTILS  ] camxhashmap.cpp:210 GetInPlace() Key not found
1791670704.798  1047 30967 30967 V CamX    : [ VERB][UTILS  ] camxhashmap.cpp:210 GetInPlace() Key not found
1791670704.798  1047 30967 30967 V CamX    : [ VERB][UTILS  ] camxhashmap.cpp:210 GetInPlace() Key not found
1791670704.798  1047 30967 30967 V CamX    : [ VERB][UTILS  ] camxhashmap.cpp:210 GetInPlace() Key not found
1791670704.798  1047 30967 30967 V CamX    : [ VERB][UTILS  ] camxhashmap.cpp:210 GetInPlace() Key not found
1791670704.798  1047 30967 30967 V CamX    : [ VERB][UTILS  ] camxhashmap.cpp:210 GetInPlace() Key not found
1791670704.798  1047 30967 30967 V CamX    : [ VERB][UTILS  ] camxhashmap.cpp:210 GetInPlace() Key not found
1791670704.798  1047 30967 30967 V CamX    : [ VERB][UTILS  ] camxhashmap.cpp:210 GetInPlace() Key not found
1791670704.798  1047 30967 30967 V CamX    : [ VERB][UTILS  ] camxhashmap.cpp:210 GetInPlace() Key not found
1791670704.798  1047 30967 30967 V CamX    : [ VERB][UTILS  ] camxhashmap.cpp:210 GetInPlace() Key not found
1791670704.798  1047 30967 30967 V CamX    : [ VERB][UTILS  ] camxhashmap.cpp:210 GetInPlace() Key not found
1791670704.798  1047 30967 30967 V CamX    : [ VERB][UTILS  ] camxhashmap.cpp:210 GetInPlace() Key not found
1791670704.798  1047 30967 30967 V CamX    : [ VERB][UTILS  ] camxhashmap.cpp:210 GetInPlace() Key not found
1791670704.798  1047 30967 30967 V CamX    : [ VERB][UTILS  ] camxhashmap.cpp:210 GetInPlace() Key not found
1791670704.798  1047 30967 30967 V CamX    : [ VERB][UTILS  ] camxhashmap.cpp:210 GetInPlace() Key not found
1791670704.798  1047 30967 30967 V CamX    : [ VERB][UTILS  ] camxhashmap.cpp:210 GetInPlace() Key not found
1791670704.798  1047 30967 30967 V CamX    : [ VERB][UTILS  ] camxhashmap.cpp:210 GetInPlace() Key not found
1791670704.798  1047 30967 30967 V CamX    : [ VERB][UTILS  ] camxhashmap.cpp:210 GetInPlace() Key not found
1791670704.798  1047 30967 30967 V CamX    : [ VERB][UTILS  ] camxhashmap.cpp:210 GetInPlace() Key not found
1791670704.798  1047 30967 30967 V CamX    : [ VERB][UTILS  ] camxhashmap.cpp:210 GetInPlace() Key not found
1791670704.798  1047 30967 30967 V CamX    : [ VERB][UTILS  ] camxhashmap.cpp:210 GetInPlace() Key not found
1791670704.798  1047 30967 30967 V CamX    : [ VERB][UTILS  ] camxhashmap.cpp:210 GetInPlace() Key not found
1791670704.798  1047 30967 30967 V CamX    : [ VERB][UTILS  ] camxhashmap.cpp:210 GetInPlace() Key not found
1791670704.798  1047 30967 30967 V CamX    : [ VERB][UTILS  ] camxhashmap.cpp:210 GetInPlace() Key not found
1791670704.798  1047 30967 30967 V CamX    : [ VERB][UTILS  ] camxhashmap.cpp:210 GetInPlace() Key not found
1791670704.798  1047 30967 30967 V CamX    : [ VERB][UTILS  ] camxhashmap.cpp:210 GetInPlace() Key not found
1791670704.798  1047 30967 30967 V CamX    : [ VERB][UTILS  ] camxhashmap.cpp:210 GetInPlace() Key not found
1791670704.798  1047 30967 30967 V CamX    : [ VERB][UTILS  ] camxhashmap.cpp:210 GetInPlace() Key not found
1791670704.798  1047 30967 30967 V CamX    : [ VERB][UTILS  ] camxhashmap.cpp:210 GetInPlace() Key not found
1791670704.798  1047 30967 30967 V CamX    : [ VERB][UTILS  ] camxhashmap.cpp:210 GetInPlace() Key not found
1791670704.798  1047 30967 30967 V CamX    : [ VERB][UTILS  ] camxhashmap.cpp:210 GetInPlace() Key not found
1791670704.798  1047 30967 30967 V CamX    : [ VERB][UTILS  ] camxhashmap.cpp:210 GetInPlace() Key not found
1791670704.798  1047 30967 30967 V CamX    : [ VERB][UTILS  ] camxhashmap.cpp:210 GetInPlace() Key not found
1791670704.798  1047 30967 30967 V CamX    : [ VERB][UTILS  ] camxhashmap.cpp:210 GetInPlace() Key not found
1791670704.798  1047 30967 30967 V CamX    : [ VERB][UTILS  ] camxhashmap.cpp:210 GetInPlace() Key not found
1791670704.798  1047 30967 30967 V CamX    : [ VERB][UTILS  ] camxhashmap.cpp:210 GetInPlace() Key not found
1791670704.798  1047 30967 30967 V CamX    : [ VERB][UTILS  ] camxhashmap.cpp:210 GetInPlace() Key not found
1791670704.798  1047 30967 30967 V CamX    : [ VERB][UTILS  ] camxhashmap.cpp:210 GetInPlace() Key not found
1791670704.798  1047 30967 30967 V CamX    : [ VERB][UTILS  ] camxhashmap.cpp:210 GetInPlace() Key not found
1791670704.798  1047 30967 30967 V CamX    : [ VERB][UTILS  ] camxhashmap.cpp:210 GetInPlace() Key not found
1791670704.798  1047 30967 30967 V CamX    : [ VERB][UTILS  ] camxhashmap.cpp:210 GetInPlace() Key not found
1791670704.798  1047 30967 30967 V CamX    : [ VERB][UTILS  ] camxhashmap.cpp:210 GetInPlace() Key not found
1791670704.798  1047 30967 30967 V CamX    : [ VERB][UTILS  ] camxhashmap.cpp:210 GetInPlace() Key not found
1791670704.798  1047 30967 30967 V CamX    : [ VERB][UTILS  ] camxhashmap.cpp:210 GetInPlace() Key not found
1791670704.798  1047 30967 30967 V CamX    : [ VERB][UTILS  ] camxhashmap.cpp:210 GetInPlace() Key not found
1791670704.798  1047 30967 30967 V CamX    : [ VERB][UTILS  ] camxhashmap.cpp:210 GetInPlace() Key not found
1791670704.798  1047 30967 30967 V CamX    : [ VERB][UTILS  ] camxhashmap.cpp:210 GetInPlace() Key not found
1791670704.798  1047 30967 30967 V CamX    : [ VERB][UTILS  ] camxhashmap.cpp:210 GetInPlace() Key not found
1791670704.798  1047 30967 30967 V CamX    : [ VERB][UTILS  ] camxhashmap.cpp:210 GetInPlace() Key not found
1791670704.798  1047 30967 30967 V CamX    : [ VERB][UTILS  ] camxhashmap.cpp:210 GetInPlace() Key not found
1791670704.798  1047 30967 30967 V CamX    : [ VERB][UTILS  ] camxhashmap.cpp:210 GetInPlace() Key not found
1791670704.798  1047 30967 30967 V CamX    : [ VERB][UTILS  ] camxhashmap.cpp:210 GetInPlace() Key not found
1791670704.798  1047 30967 30967 V CamX    : [ VERB][UTILS  ] camxhashmap.cpp:210 GetInPlace() Key not found
1791670704.798  1047 30967 30967 V CamX    : [ VERB][UTILS  ] camxhashmap.cpp:210 GetInPlace() Key not found
1791670704.798  1047 30967 30967 V CamX    : [ VERB][UTILS  ] camxhashmap.cpp:210 GetInPlace() Key not found
1791670704.798  1047 30967 30967 V CamX    : [ VERB][UTILS  ] camxhashmap.cpp:210 GetInPlace() Key not found
1791670704.798  1047 30967 30967 V CamX    : [ VERB][UTILS  ] camxhashmap.cpp:210 GetInPlace() Key not found
1791670704.798  1047 30967 30967 V CamX    : [ VERB][UTILS  ] camxhashmap.cpp:210 GetInPlace() Key not found
1791670704.798  1047 30967 30967 V CamX    : [ VERB][UTILS  ] camxhashmap.cpp:210 GetInPlace() Key not found
1791670704.798  1047 30967 30967 V CamX    : [ VERB][UTILS  ] camxhashmap.cpp:210 GetInPlace() Key not found
1791670704.798  1047 30967 30967 V CamX    : [ VERB][UTILS  ] camxhashmap.cpp:210 GetInPlace() Key not found
1791670704.798  1047 30967 30967 V CamX    : [ VERB][UTILS  ] camxhashmap.cpp:210 GetInPlace() Key not found
1791670704.798  1047 30967 30967 V CamX    : [ VERB][UTILS  ] camxhashmap.cpp:210 GetInPlace() Key not found
1791670704.798  1047 30967 30967 V CamX    : [ VERB][UTILS  ] camxhashmap.cpp:210 GetInPlace() Key not found
1791670704.798  1047 30967 30967 V CamX    : [ VERB][UTILS  ] camxhashmap.cpp:210 GetInPlace() Key not found
1791670704.798  1047 30967 30967 V CamX    : [ VERB][UTILS  ] camxhashmap.cpp:210 GetInPlace() Key not found
1791670704.798  1047 30967 30967 V CamX    : [ VERB][UTILS  ] camxhashmap.cpp:210 GetInPlace() Key not found
1791670704.798  1047 30967 30967 V CamX    : [ VERB][UTILS  ] camxhashmap.cpp:210 GetInPlace() Key not found
1791670704.798  1047 30967 30967 V CamX    : [ VERB][UTILS  ] camxhashmap.cpp:210 GetInPlace() Key not found
1791670704.798  1047 30967 30967 V CamX    : [ VERB][UTILS  ] camxhashmap.cpp:210 GetInPlace() Key not found
1791670704.798  1047 30967 30967 V CamX    : [ VERB][UTILS  ] camxhashmap.cpp:210 GetInPlace() Key not found
1791670704.798  1047 30967 30967 V CamX    : [ VERB][UTILS  ] camxhashmap.cpp:210 GetInPlace() Key not found
1791670704.798  1047 30967 30967 V CamX    : [ VERB][UTILS  ] camxhashmap.cpp:210 GetInPlace() Key not found
1791670704.798  1047 30967 30967 V CamX    : [ VERB][UTILS  ] camxhashmap.cpp:210 GetInPlace() Key not found
1791670704.798  1047 30967 30967 V CamX    : [ VERB][UTILS  ] camxhashmap.cpp:210 GetInPlace() Key not found
1791670704.798  1047 30967 30967 V CamX    : [ VERB][UTILS  ] camxhashmap.cpp:210 GetInPlace() Key not found
1791670704.798  1047 30967 30967 V CamX    : [ VERB][UTILS  ] camxhashmap.cpp:210 GetInPlace() Key not found
1791670704.798  1047 30967 30967 V CamX    : [ VERB][UTILS  ] camxhashmap.cpp:210 GetInPlace() Key not found
1791670704.798  1047 30967 30967 V CamX    : [ VERB][UTILS  ] camxhashmap.cpp:210 GetInPlace() Key not found
1791670704.798  1047 30967 30967 V CamX    : [ VERB][UTILS  ] camxhashmap.cpp:210 GetInPlace() Key not found
1791670704.798  1047 30967 30967 V CamX    : [ VERB][UTILS  ] camxhashmap.cpp:210 GetInPlace() Key not found
1791670704.798  1047 30967 30967 V CamX    : [ VERB][UTILS  ] camxhashmap.cpp:210 GetInPlace() Key not found
1791670704.798  1047 30967 30967 V CamX    : [ VERB][UTILS  ] camxhashmap.cpp:210 GetInPlace() Key not found
1791670704.798  1047 30967 30967 V CamX    : [ VERB][UTILS  ] camxhashmap.cpp:210 GetInPlace() Key not found
1791670704.798  1047 30967 30967 V CamX    : [ VERB][UTILS  ] camxhashmap.cpp:210 GetInPlace() Key not found
1791670704.798  1047 30967 30967 V CamX    : [ VERB][UTILS  ] camxhashmap.cpp:210 GetInPlace() Key not found
1791670704.798  1047 30967 30967 V CamX    : [ VERB][UTILS  ] camxhashmap.cpp:210 GetInPlace() Key not found
1791670704.798  1047 30967 30967 V CamX    : [ VERB][UTILS  ] camxhashmap.cpp:210 GetInPlace() Key not found
1791670704.798  1047 30967 30967 V CamX    : [ VERB][UTILS  ] camxhashmap.cpp:210 GetInPlace() Key not found
1791670704.798  1047 30967 30967 V CamX    : [ VERB][UTILS  ] camxhashmap.cpp:210 GetInPlace() Key not found
1791670704.798  1047 30967 30967 V CamX    : [ VERB][UTILS  ] camxhashmap.cpp:210 GetInPlace() Key not found
1791670704.798  1047 30967 30967 V CamX    : [ VERB][UTILS  ] camxhashmap.cpp:210 GetInPlace() Key not found
1791670704.798  1047 30967 30967 V CamX    : [ VERB][UTILS  ] camxhashmap.cpp:210 GetInPlace() Key not found
1791670704.798  1047 30967 30967 V CamX    : [ VERB][UTILS  ] camxhashmap.cpp:210 GetInPlace() Key not found
1791670704.798  1047 30967 30967 V CamX    : [ VERB][UTILS  ] camxhashmap.cpp:210 GetInPlace() Key not found
1791670704.798  1047 30967 30967 V CamX    : [ VERB][UTILS  ] camxhashmap.cpp:210 GetInPlace() Key not found
1791670704.798  1047 30967 30967 V CamX    : [ VERB][UTILS  ] camxhashmap.cpp:210 GetInPlace() Key not found
1791670704.798  1047 30967 30967 V CamX    : [ VERB][UTILS  ] camxhashmap.cpp:210 GetInPlace() Key not found
1791670704.798  1047 30967 30967 V CamX    : [ VERB][UTILS  ] camxhashmap.cpp:210 GetInPlace() Key not found
1791670704.798  1047 30967 30967 V CamX    : [ VERB][UTILS  ] camxhashmap.cpp:210 GetInPlace() Key not found
1791670704.798  1047 30967 30967 V CamX    : [ VERB][UTILS  ] camxhashmap.cpp:210 GetInPlace() Key not found
1791670704.798  1047 30967 30967 V CamX    : [ VERB][UTILS  ] camxhashmap.cpp:210 GetInPlace() Key not found
1791670704.798  1047 30967 30967 V CamX    : [ VERB][UTILS  ] camxhashmap.cpp:210 GetInPlace() Key not found
1791670704.798  1047 30967 30967 V CamX    : [ VERB][UTILS  ] camxhashmap.cpp:210 GetInPlace() Key not found
1791670704.798  1047 30967 30967 V CamX    : [ VERB][UTILS  ] camxhashmap.cpp:210 GetInPlace() Key not found
1791670704.798  1047 30967 30967 V CamX    : [ VERB][UTILS  ] camxhashmap.cpp:210 GetInPlace() Key not found
1791670704.798  1047 30967 30967 V CamX    : [ VERB][UTILS  ] camxhashmap.cpp:210 GetInPlace() Key not found
1791670704.798  1047 30967 30967 V CamX    : [ VERB][UTILS  ] camxhashmap.cpp:210 GetInPlace() Key not found
1791670704.798  1047 30967 30967 V CamX    : [ VERB][UTILS  ] camxhashmap.cpp:210 GetInPlace() Key not found
1791670704.798  1047 30967 30967 V CamX    : [ VERB][UTILS  ] camxhashmap.cpp:210 GetInPlace() Key not found
1791670704.798  1047 30967 30967 V CamX    : [ VERB][UTILS  ] camxhashmap.cpp:210 GetInPlace() Key not found
1791670704.798  1047 30967 30967 V CamX    : [ VERB][UTILS  ] camxhashmap.cpp:210 GetInPlace() Key not found
1791670704.798  1047 30967 30967 V CamX    : [ VERB][UTILS  ] camxhashmap.cpp:210 GetInPlace() Key not found
1791670704.798  1047 30967 30967 V CamX    : [ VERB][UTILS  ] camxhashmap.cpp:210 GetInPlace() Key not found
1791670704.798  1047 30967 30967 V CamX    : [ VERB][UTILS  ] camxhashmap.cpp:210 GetInPlace() Key not found
1791670704.798  1047 30967 30967 V CamX    : [ VERB][UTILS  ] camxhashmap.cpp:210 GetInPlace() Key not found
1791670704.798  1047 30967 30967 V CamX    : [ VERB][UTILS  ] camxhashmap.cpp:210 GetInPlace() Key not found
1791670704.798  1047 30967 30967 V CamX    : [ VERB][UTILS  ] camxhashmap.cpp:210 GetInPlace() Key not found
1791670704.798  1047 30967 30967 V CamX    : [ VERB][UTILS  ] camxhashmap.cpp:210 GetInPlace() Key not found
1791670704.798  1047 30967 30967 V CamX    : [ VERB][UTILS  ] camxhashmap.cpp:210 GetInPlace() Key not found
1791670704.798  1047 30967 30967 V CamX    : [ VERB][UTILS  ] camxhashmap.cpp:210 GetInPlace() Key not found
1791670704.798  1047 30967 30967 V CamX    : [ VERB][UTILS  ] camxhashmap.cpp:210 GetInPlace() Key not found
1791670704.798  1047 30967 30967 V CamX    : [ VERB][UTILS  ] camxhashmap.cpp:210 GetInPlace() Key not found
1791670704.798  1047 30967 30967 V CamX    : [ VERB][UTILS  ] camxhashmap.cpp:210 GetInPlace() Key not found
1791670704.798  1047 30967 30967 V CamX    : [ VERB][UTILS  ] camxhashmap.cpp:210 GetInPlace() Key not found
1791670704.798  1047 30967 30967 V CamX    : [ VERB][UTILS  ] camxhashmap.cpp:210 GetInPlace() Key not found
1791670704.798  1047 30967 30967 V CamX    : [ VERB][UTILS  ] camxhashmap.cpp:210 GetInPlace() Key not found
1791670704.798  1047 30967 30967 V CamX    : [ VERB][UTILS  ] camxhashmap.cpp:210 GetInPlace() Key not found
1791670704.798  1047 30967 30967 V CamX    : [ VERB][UTILS  ] camxhashmap.cpp:210 GetInPlace() Key not found
1791670704.798  1047 30967 30967 V CamX    : [ VERB][UTILS  ] camxhashmap.cpp:210 GetInPlace() Key not found
1791670704.798  1047 30967 30967 V CamX    : [ VERB][UTILS  ] camxhashmap.cpp:210 GetInPlace() Key not found
1791670704.798  1047 30967 30967 V CamX    : [ VERB][UTILS  ] camxhashmap.cpp:210 GetInPlace() Key not found
1791670704.798  1047 30967 30967 V CamX    : [ VERB][UTILS  ] camxhashmap.cpp:210 GetInPlace() Key not found
1791670704.798  1047 30967 30967 V CamX    : [ VERB][UTILS  ] camxhashmap.cpp:210 GetInPlace() Key not found
1791670704.798  1047 30967 30967 V CamX    : [ VERB][UTILS  ] camxhashmap.cpp:210 GetInPlace() Key not found
1791670704.798  1047 30967 30967 V CamX    : [ VERB][UTILS  ] camxhashmap.cpp:210 GetInPlace() Key not found
1791670704.798  1047 30967 30967 V CamX    : [ VERB][UTILS  ] camxhashmap.cpp:210 GetInPlace() Key not found
1791670704.798  1047 30967 30967 V CamX    : [ VERB][UTILS  ] camxhashmap.cpp:210 GetInPlace() Key not found
1791670704.798  1047 30967 30967 V CamX    : [ VERB][UTILS  ] camxhashmap.cpp:210 GetInPlace() Key not found
1791670704.798  1047 30967 30967 V CamX    : [ VERB][UTILS  ] camxhashmap.cpp:210 GetInPlace() Key not found
1791670704.798  1047 30967 30967 V CamX    : [ VERB][UTILS  ] camxhashmap.cpp:210 GetInPlace() Key not found
1791670704.798  1047 30967 30967 V CamX    : [ VERB][UTILS  ] camxhashmap.cpp:210 GetInPlace() Key not found
1791670704.798  1047 30967 30967 V CamX    : [ VERB][UTILS  ] camxhashmap.cpp:210 GetInPlace() Key not found
1791670704.798  1047 30967 30967 V CamX    : [ VERB][UTILS  ] camxhashmap.cpp:210 GetInPlace() Key not found
1791670704.798  1047 30967 30967 V CamX    : [ VERB][UTILS  ] camxhashmap.cpp:210 GetInPlace() Key not found
1791670704.798  1047 30967 30967 V CamX    : [ VERB][UTILS  ] camxhashmap.cpp:210 GetInPlace() Key not found
1791670704.798  1047 30967 30967 V CamX    : [ VERB][UTILS  ] camxhashmap.cpp:210 GetInPlace() Key not found
1791670704.798  1047 30967 30967 V CamX    : [ VERB][UTILS  ] camxhashmap.cpp:210 GetInPlace() Key not found
1791670704.798  1047 30967 30967 V CamX    : [ VERB][UTILS  ] camxhashmap.cpp:210 GetInPlace() Key not found
1791670704.798  1047 30967 30967 V CamX    : [ VERB][UTILS  ] camxhashmap.cpp:210 GetInPlace() Key not found
1791670704.798  1047 30967 30967 V CamX    : [ VERB][UTILS  ] camxhashmap.cpp:210 GetInPlace() Key not found
1791670704.798  1047 30967 30967 V CamX    : [ VERB][UTILS  ] camxhashmap.cpp:210 GetInPlace() Key not found
1791670704.798  1047 30967 30967 V CamX    : [ VERB][UTILS  ] camxhashmap.cpp:210 GetInPlace() Key not found
1791670704.798  1047 30967 30967 V CamX    : [ VERB][UTILS  ] camxhashmap.cpp:210 GetInPlace() Key not found
1791670704.798  1047 30967 30967 V CamX    : [ VERB][UTILS  ] camxhashmap.cpp:210 GetInPlace() Key not found
1791670704.798  1047 30967 30967 V CamX    : [ VERB][UTILS  ] camxhashmap.cpp:210 GetInPlace() Key not found
1791670704.798  1047 30967 30967 V CamX    : [ VERB][UTILS  ] camxhashmap.cpp:210 GetInPlace() Key not found
1791670704.798  1047 30967 30967 V CamX    : [ VERB][UTILS  ] camxhashmap.cpp:210 GetInPlace() Key not found
1791670704.798  1047 30967 30967 V CamX    : [ VERB][UTILS  ] camxhashmap.cpp:210 GetInPlace() Key not found
1791670704.798  1047 30967 30967 V CamX    : [ VERB][UTILS  ] camxhashmap.cpp:210 GetInPlace() Key not found
1791670704.798  1047 30967 30967 V CamX    : [ VERB][UTILS  ] camxhashmap.cpp:210 GetInPlace() Key not found
1791670704.798  1047 30967 30967 V CamX    : [ VERB][UTILS  ] camxhashmap.cpp:210 GetInPlace() Key not found
1791670704.798  1047 30967 30967 V CamX    : [ VERB][UTILS  ] camxhashmap.cpp:210 GetInPlace() Key not found
1791670704.798  1047 30967 30967 V CamX    : [ VERB][UTILS  ] camxhashmap.cpp:210 GetInPlace() Key not found
1791670704.798  1047 30967 30967 V CamX    : [ VERB][UTILS  ] camxhashmap.cpp:210 GetInPlace() Key not found
1791670704.798  1047 30967 30967 V CamX    : [ VERB][UTILS  ] camxhashmap.cpp:210 GetInPlace() Key not found
1791670704.798  1047 30967 30967 V CamX    : [ VERB][UTILS  ] camxhashmap.cpp:210 GetInPlace() Key not found
1791670704.798  1047 30967 30967 V CamX    : [ VERB][UTILS  ] camxhashmap.cpp:210 GetInPlace() Key not found
1791670704.798  1047 30967 30967 V CamX    : [ VERB][UTILS  ] camxhashmap.cpp:210 GetInPlace() Key not found
1791670704.798  1047 30967 30967 V CamX    : [ VERB][UTILS  ] camxhashmap.cpp:210 GetInPlace() Key not found
1791670704.798  1047 30967 30967 V CamX    : [ VERB][UTILS  ] camxhashmap.cpp:210 GetInPlace() Key not found
1791670704.798  1047 30967 30967 V CamX    : [ VERB][UTILS  ] camxhashmap.cpp:210 GetInPlace() Key not found
1791670704.798  1047 30967 30967 V CamX    : [ VERB][UTILS  ] camxhashmap.cpp:210 GetInPlace() Key not found
1791670704.798  1047 30967 30967 V CamX    : [ VERB][UTILS  ] camxhashmap.cpp:210 GetInPlace() Key not found
1791670704.798  1047 30967 30967 V CamX    : [ VERB][UTILS  ] camxhashmap.cpp:210 GetInPlace() Key not found
1791670704.798  1047 30967 30967 V CamX    : [ VERB][UTILS  ] camxhashmap.cpp:210 GetInPlace() Key not found
1791670704.798  1047 30967 30967 V CamX    : [ VERB][UTILS  ] camxhashmap.cpp:210 GetInPlace() Key not found
1791670704.798  1047 30967 30967 V CamX    : [ VERB][UTILS  ] camxhashmap.cpp:210 GetInPlace() Key not found
1791670704.798  1047 30967 30967 V CamX    : [ VERB][UTILS  ] camxhashmap.cpp:210 GetInPlace() Key not found
1791670704.798  1047 30967 30967 V CamX    : [ VERB][UTILS  ] camxhashmap.cpp:210 GetInPlace() Key not found
1791670704.798  1047 30967 30967 V CamX    : [ VERB][UTILS  ] camxhashmap.cpp:210 GetInPlace() Key not found
1791670704.798  1047 30967 30967 V CamX    : [ VERB][UTILS  ] camxhashmap.cpp:210 GetInPlace() Key not found
1791670704.798  1047 30967 30967 V CamX    : [ VERB][UTILS  ] camxhashmap.cpp:210 GetInPlace() Key not found
1791670704.798  1047 30967 30967 V CamX    : [ VERB][UTILS  ] camxhashmap.cpp:210 GetInPlace() Key not found
1791670704.798  1047 30967 30967 V CamX    : [ VERB][UTILS  ] camxhashmap.cpp:210 GetInPlace() Key not found
1791670704.798  1047 30967 30967 V CamX    : [ VERB][UTILS  ] camxhashmap.cpp:210 GetInPlace() Key not found
1791670704.798  1047 30967 30967 V CamX    : [ VERB][UTILS  ] camxhashmap.cpp:210 GetInPlace() Key not found
1791670704.798  1047 30967 30967 V CamX    : [ VERB][UTILS  ] camxhashmap.cpp:210 GetInPlace() Key not found
1791670704.798  1047 30967 30967 V CamX    : [ VERB][UTILS  ] camxhashmap.cpp:210 GetInPlace() Key not found
1791670704.798  1047 30967 30967 V CamX    : [ VERB][UTILS  ] camxhashmap.cpp:210 GetInPlace() Key not found
1791670704.798  1047 30967 30967 V CamX    : [ VERB][UTILS  ] camxhashmap.cpp:210 GetInPlace() Key not found
1791670704.798  1047 30967 30967 V CamX    : [ VERB][UTILS  ] camxhashmap.cpp:210 GetInPlace() Key not found
1791670704.798  1047 30967 30967 V CamX    : [ VERB][UTILS  ] camxhashmap.cpp:210 GetInPlace() Key not found
1791670704.798  1047 30967 30967 V CamX    : [ VERB][UTILS  ] camxhashmap.cpp:210 GetInPlace() Key not found
1791670704.798  1047 30967 30967 V CamX    : [ VERB][UTILS  ] camxhashmap.cpp:210 GetInPlace() Key not found
1791670704.802  1000  1753  1753 I SurfaceFlinger: Display 4630946292801050754 policy changed
1791670704.802  1000  1753  1753 I SurfaceFlinger: Previous: {defaultModeId=3, allowGroupSwitching=false, primaryRanges={physical=[60.00 Hz, 120.00 Hz], render=[60.00 Hz, 60.00 Hz]}, appRequestRanges={physical=[30.00 Hz, 120.00 Hz], render=[30.00 Hz, 60.00 Hz]} idleScreenConfig=nullptr}
1791670704.802  1000  1753  1753 I SurfaceFlinger: Current:  DisplayManagerPolicy{defaultModeId=3, allowGroupSwitching=false, primaryRanges={physical=[60.00 Hz, 120.00 Hz], render=[60.00 Hz, 120.00 Hz]}, appRequestRanges={physical=[0.00 Hz, 120.00 Hz], render=[0.00 Hz, 120.00 Hz]} idleScreenConfig=nullptr}
1791670704.802  1000  1753  1753 I SurfaceFlinger: 1 mode changes were performed under the previous policy
1791670704.802 10312  5415  5415 D ViewRootImpl: Skipping stats log for color mode
1791670704.803 10303  4915  5301 V ShellDesktopMode: DesktopTasksController: skipping handleRequest reason=triggerTask's display doesn't support desktop mode
1791670704.806  1000  4337  4516 D ConnectivityService: requestNetwork for uid/pid:10303/4915 asUid: 10312 activeRequest: null callbackRequest: 1615 [NetworkRequest [ REQUEST id=1616, [ Capabilities: INTERNET&NOT_RESTRICTED&TRUSTED&NOT_VCN_MANAGED&NOT_BANDWIDTH_CONSTRAINED Uid: 10312 RequestorUid: 10303 RequestorPkg: com.android.systemui UnderlyingNetworks: Null] ]] callback flags: 0 order: 2147483647 isUidTracked: false declaredMethods: AVAIL|BLK
1791670704.809  1000  1617  1785 E minksocket: MinkIPC_QRTR_Service: client with node 1 port 60c7 went down
1791670704.809  1000  4337  4582 D ConnectivityService: NetReassign [1616 : null → 100] [c 0] [a 1] [i 2]
1791670704.809 10383  7958  7958 I Surface : Creating surface for consumer unnamed-7958-92 with slotExpansion=1 for 64 slots
1791670704.809  1000  4337  4574 D WifiNetworkFactory: got request NetworkRequest [ REQUEST id=1616, [ Capabilities: INTERNET&NOT_RESTRICTED&TRUSTED&NOT_VCN_MANAGED&NOT_BANDWIDTH_CONSTRAINED Uid: 10312 RequestorUid: 10303 RequestorPkg: com.android.systemui UnderlyingNetworks: Null] ]
1791670704.809  1000  4337  4574 D UntrustedWifiNetworkFactory: got request NetworkRequest [ REQUEST id=1616, [ Capabilities: INTERNET&NOT_RESTRICTED&TRUSTED&NOT_VCN_MANAGED&NOT_BANDWIDTH_CONSTRAINED Uid: 10312 RequestorUid: 10303 RequestorPkg: com.android.systemui UnderlyingNetworks: Null] ]
1791670704.809  1000  4337  4574 D OemPaidWifiNetworkFactory: got request NetworkRequest [ REQUEST id=1616, [ Capabilities: INTERNET&NOT_RESTRICTED&TRUSTED&NOT_VCN_MANAGED&NOT_BANDWIDTH_CONSTRAINED Uid: 10312 RequestorUid: 10303 RequestorPkg: com.android.systemui UnderlyingNetworks: Null] ]
1791670704.809  1000  4337  4574 D MultiInternetWifiNetworkFactory: got request NetworkRequest [ REQUEST id=1616, [ Capabilities: INTERNET&NOT_RESTRICTED&TRUSTED&NOT_VCN_MANAGED&NOT_BANDWIDTH_CONSTRAINED Uid: 10312 RequestorUid: 10303 RequestorPkg: com.android.systemui UnderlyingNetworks: Null] ]
1791670704.810 10303  4915  5301 V ShellTaskOrganizer: Task vanished taskId=950
1791670704.810 10303  4915  5301 V ShellTaskOrganizer: Fullscreen Task Vanished: #950
1791670704.810 10303  4915  5301 V ShellDesktopMode: Task Vanished: #950 closed=true
1791670704.810 10303  4915  5301 D ShellPackageUpdate: PackageUpdateController: Removing handlePackageUpdate for task: 950
1791670704.810  1000  4337  4515 E WindowOrganizerController: Attempting to externally change a non-organized container: Task{91909ec #950 type=standard A=10551:com.oplus.camera}={handlePackageUpdate:false,} playercount=2 taskorg=android.window.ITaskOrganizer$Stub$Proxy@819e586
1791670704.811  1000  4337  5791 D WindowManager: setClientSurface Surface(name=VRI-GoogleDiscoverWindow#6471)/@0x4c61cef for 4f451d3 GoogleDiscoverWindow
1791670704.811 10303  4915  5301 V RecentTasksController: Notify recent tasks changed
1791670704.811 10303  4915  5301 D ShellDesktopMode: AppToWebRepository: Task 950 is vanishing. Removing task data from repository
1791670704.815 10383  6979 11921 I floq    : (REDACTED) HDM. appOpsListener %s %s
1791670704.815 10383  6979 11921 I floq    : (REDACTED) HDM. Ignoring irrelevant audio permission changes for package %s
1791670704.816  1000  4337  4385 I DisplayDeviceRepository: Display device changed render timings: "Yerleşik Ekran", renderFrameRate=120.00001, presentationDeadlineNanos=11333333, appVsyncOffsetNanos=1000000, frameRateOverrides=[]
1791670704.816  1000  4337  4385 W ActivityManager: setHasOverlayUi called on unknown pid: 30581
1791670704.816  1000  4337  4385 V WindowManager: Unknown focus tokens, dropping reportFocusChanged
1791670704.817  1000  4337  4383 D WindowManager: DeferredDisplayUpdater: partially applying DisplayInfo(1440 x 3216) immediately
1791670704.818 10312  5415  5415 D StatsLog: LAUNCHER_ONRESUME
1791670704.819 10383  7958  7958 I Surface : Creating surface for consumer VRI[GoogleDiscoverWindow]#92(BLAST Consumer)92 with slotExpansion=1 for 64 slots
1791670704.819  1041  4165  4165 D audio_hw_primary: adev_set_parameters: enter: screen_state=on
1791670704.819 10312  5415  5455 D QuickstepModelDelegate: notifyAppTargetEvent action=1 launchLocation=workspace/0/[-1,-1]/[1,1]
1791670704.819  1041  4165  4165 D sound_trigger_hw: handle_screen_status_change: screen on
1791670704.821 10303  4915  5301 V AppCompat: SingleSurfaceLetterboxController: []
1791670704.821 10303  4915  5301 V AppCompat: MultiSurfaceLetterboxController: []
1791670704.821 10303  4915  5301 V AppCompat: LetterboxInputController: []
1791670704.821 10303  4915  5301 V AppCompat: RoundedCornersLetterboxController: {}
1791670704.821 10303  4915  5301 V RecentTasksController: Notify recent tasks changed
1791670704.821 10303  4915  5301 D WindowManagerShell: setLauncherKeepClearAreaHeight: visible=true, height=549
1791670704.822  1000  1617  1785 E minksocket: MinkIPC_QRTR_Service: client with node 1 port 60c2 went down
1791670704.822  1000  1753  1753 D SurfaceFlinger: initiateModeChange 4630946292801050754 {mode={fps=120.00 Hz, modePtr={id=5, vsyncRate=120.00 Hz, peakRefreshRate=120.00 Hz}}, emitEvent=false, force=false}
1791670704.823  1000  1703  3573 D SDM     : IRIS_LOG_HWC::SetActiveConfigWithConstraints:465: 05
1791670704.823  1000  1703  3573 I IRIS_LOG_SERV: config 5, Refresh rate 120, Frame 3216x1440, Current mode 'ABYP'
1791670704.823  1000  1703  3573 D IRIS_LOG_SERV: Service Mode changed to: IRIS_SERVICE_MODE_BYPASS
1791670704.823  1000  1703  3573 I IRIS_LOG_SERV: SetActiveConfig[5]: 120 3216x1440 => 0
1791670704.823  1000  1660  1660 E Diag_Lib: diag: Diag_LSM_DeInit: invoked for pid: 1660
1791670704.825  1000  1617  1785 E minksocket: MinkIPC_QRTR_Service: client with node 1 port 60cc went down
1791670704.826  1000  1703  3573 I SDM     : HWDeviceDRM::UpdateMixerAttributes: Mixer WxH 1440x3216-1 for Peripheral
1791670704.826  1000  1703  3573 I SDM     : HWCDisplay::SubmitDisplayConfig: HWC SetActiveConfig [3,5], cur_resolution is (1440, 3216), new_resolution is (1440, 3216)
1791670704.826  1000  1703  3573 I SDM     : HWCDisplay::SubmitDisplayConfig: Active configuration changed to: 5
1791670704.827  1000  1703  3573 D IRIS_LOG_COLR: Use kPbGamut HwConfigPayload
1791670704.828  1000  4337  6600 D WindowManager: setClientSurface Surface(name=VRI-com.android.launcher3/com.android.launcher3.uioverrides.QuickstepLauncher#6472)/@0x3c3ba85 for 74cb840 com.android.launcher3/com.android.launcher3.uioverrides.QuickstepLauncher
1791670704.828 10312  5415  5415 I Surface : Creating surface for consumer unnamed-5415-143 with slotExpansion=1 for 64 slots
1791670704.828 10312  5415  5415 I Surface : Creating surface for consumer VRI[QuickstepLauncher]#106(BLAST Consumer)106 with slotExpansion=1 for 64 slots
1791670704.829 10312  5415  5415 D BaseDepthController: setSurface:
1791670704.829 10312  5415  5415 D BaseDepthController: 	mWaitingOnSurfaceValidity: false
1791670704.829 10312  5415  5415 D BaseDepthController: 	mBaseSurface: Surface(name=VRI-com.android.launcher3/com.android.launcher3.uioverrides.QuickstepLauncher#6472)/@0xf5059f2
1791670704.829 10312  5415  5415 V BaseDepthController: Applying blur: 0 to Surface(name=VRI-com.android.launcher3/com.android.launcher3.uioverrides.QuickstepLauncher#6472)/@0xf5059f2 applyImmediately: false
1791670704.829 10312  5415  5415 D BaseDepthController: shouldBlurWorkspace: false targetState: Normal currentStableState: Normal mCurrentBlur: 0 mLauncher.getDepthBlurTargets(): [com.android.launcher3.Workspace{c04cee1 V.ED..... .......D 0,0-1440,3216 #7f0a054d app:id/workspace aid=1073741834}, com.android.launcher3.Hotseat{176cc63 V.ED..... ......ID 0,2667-1440,3216 #7f0a0241 app:id/hotseat aid=1073741899}]
1791670704.830  1047 30967 30967 E DEWARP  : camxchinodedewarp.cpp:2415 ChiNodeEntry(): Dewarp Node OpenGL CHINODEEntry funtion
1791670704.835 10383  7958  7958 I csde    : onStart
1791670704.836 10383  7958  7958 I cruv    : onStart
1791670704.844 10312  5415  5415 D RecentsView: onTaskRemoved: 950, not handling task stack changes
1791670704.844 10383  7958  7958 I cprk    : (REDACTED) [%s] onStart()
1791670704.844 10312  5415  5415 D RecentsView: onTaskRemoved: 950, not handling task stack changes
1791670704.844 10383  7958  7958 I cpty    : Reloading theme data
1791670704.845 10312  5415  5415 D RecentTasksList: invalidateLoadedTasks - previous requestLoadId: -1
1791670704.845 10312  5415  5415 D RecentTasksList: invalidateLoadedTasks - previous requestLoadId: -1
1791670704.846 10383  7958  7958 E NetworkErrorMessage: (REDACTED) Invalid connectivity state: %s
1791670704.846 10445 16533 16762 E msys    : E[N mns:TigonMNS]_LogError(394)=>Failed to resolve using system DNS resolver, getaddrinfo(): No address associated with hostname
1791670704.846 10383  7958  7958 I csde    : onResume
1791670704.846 10383  7958  7958 W elap    : missing event name
1791670704.846 10303  4915  5652 D WallpaperService: onVisibilityChanged(true): com.android.systemui.wallpapers.ImageWallpaper$CanvasEngine@949cb7b
1791670704.846 10383  7958  7958 I cruv    : onResume
1791670704.846  1000  4337  4498 I SensorService: Setting connection 0xb400007be7c79e70 disabled status to 1 for reason 0
1791670704.848  1000  1617  1785 E minksocket: MinkIPC_QRTR_Service: client with node 1 port 60a9 went down
1791670704.849 10445 16533 16762 E msys    : E[N mns:TigonMNS]_LogError(394)=>Failed to resolve using system DNS resolver, getaddrinfo(): No address associated with hostname
1791670704.852  1047  4180 30865 W CallStack: update: Failed to unwind callstack: Thread Does Not Exist
1791670704.853  1047  4180 30865 E ProcessCallStack: getThreadName: Failed to open /proc/self/task/30867/comm: No such file or directory
1791670704.931  1047 30967 30967 W android.hardwar: type=1400 audit(0.0:8777): avc:  denied  { search } for  name="data" dev="dm-45" ino=342 scontext=u:r:hal_camera_default:s0 tcontext=u:object_r:system_data_file:s0:c512,c768 tclass=dir permissive=0
1791670704.853  1047  4180 30865 D CameraTraces: Process trace saved. Use dumpsys media.camera to view.
1791670704.853  1047  4180 32388 E HidlCamera3-Device: flush: Transaction error: Status(EX_TRANSACTION_FAILED): 'DEAD_OBJECT: '
1791670704.853  1047  4180 32388 E CameraDeviceClient: detachDevice: flush failed with code 0xffffffe0
1791670704.853  1047  4180 32388 E Camera3-Device: Camera 0: disconnectImpl: Shutting down in an error state
1791670704.853  1047  4180 32388 I CameraLatencyHistogram: ProcessCaptureRequest latency histogram (1) samples:
1791670704.853  1047  4180 32388 I CameraLatencyHistogram:        40     80    120    160    200    240    280    320    360    inf (max ms)
1791670704.853  1047  4180 32388 I CameraLatencyHistogram:      0.00   0.00   0.00   0.00   0.00   0.00   0.00   0.00   0.00   100.00 (%)
1791670704.853  1047  4180 32388 E Surface : [ImageReader-1920x822f22m50-30581-0](id:777500000001) Surface failed to disconnect. Cleaning up internals anyway. Error -32 (DEAD_OBJECT).
1791670704.853  1047  4180 32388 W Camera3-OutputStream: disconnectLocked: While disconnecting stream 0 from native window, the native window died from under us
1791670704.853  1047  4180 32388 I CameraLatencyHistogram: Stream 0 dequeueBuffer latency histogram (1) samples:
1791670704.853  1047  4180 32388 I CameraLatencyHistogram:         5     10     15     20     25     30     35     40     45    inf (max ms)
1791670704.931  1047 30967 30967 W android.hardwar: type=1400 audit(0.0:8778): avc:  denied  { search } for  name="data" dev="dm-45" ino=342 scontext=u:r:hal_camera_default:s0 tcontext=u:object_r:system_data_file:s0:c512,c768 tclass=dir permissive=0
1791670704.853  1047  4180 32388 I CameraLatencyHistogram:      100.00   0.00   0.00   0.00   0.00   0.00   0.00   0.00   0.00   0.00 (%)
1791670704.853  1047  4180 32388 E Surface : [GraphicBufferSource](id:777500000000) Surface failed to disconnect. Cleaning up internals anyway. Error -32 (DEAD_OBJECT).
1791670704.853  1047  4180 32388 W Camera3-OutputStream: disconnectLocked: While disconnecting stream 1 from native window, the native window died from under us
1791670704.853  1047  4180 32388 I CameraService: Stop camera streaming for com.oplus.camera (PID 30581, UID 10551)
1791670704.854  1047 30967 30967 I SWMCTF  : camxchinodeswmctf.cpp:549 ChiNodeEntry(): SW-MCTF Chi node entry
1791670704.854  1000  4337  4519 W AppOps  : Operation not started: uid=10551 pkg=com.oplus.camera(null) op=CAMERA
1791670704.854  1047  4180 32388 W CameraService: updateStatus: Not able to get camera characteristics for camera id 0
1791670704.855  1047  4180 32388 I CameraService: disconnect: Disconnected client for camera 0 for PID 30581
1791670704.855  1047  4180 32388 I CameraService: onDeviceStatusChanged: Status changed for cameraId=1, newStatus=0
1791670704.855  1047  4180 32388 I CameraService: onDeviceStatusChanged: Status changed for cameraId=2, newStatus=0
1791670704.855  1047  4180 32388 I CameraService: onDeviceStatusChanged: Status changed for cameraId=3, newStatus=0
1791670704.855  1047  4180 32388 I CameraService: onDeviceStatusChanged: Status changed for cameraId=4, newStatus=0
1791670704.855  1047  4180 32388 I CameraService: onDeviceStatusChanged: Status changed for cameraId=5, newStatus=0
1791670704.855 10715  7547 30546 E CameraManagerGlobal: Camera 5 is not present. Ignore physical camera status change
1791670704.855 10303  3632  3707 E CameraManagerGlobal: Camera 5 is not present. Ignore physical camera status change
1791670704.855  1000  4337  5791 W ForegroundServiceTypeLoggerModule: API event end called before start!
1791670704.856 10715  7547  7700 E CameraManagerGlobal: Camera 5 is not present. Ignore physical camera status change
1791670704.856 10715  7547  7700 E CameraManagerGlobal: Camera 5 is not present. Ignore physical camera status change
1791670704.856 10303  3632  3707 E CameraManagerGlobal: Camera 5 is not present. Ignore physical camera status change
1791670704.856 10303  4915 25515 E CameraManagerGlobal: Camera 5 is not present. Ignore physical camera status change
1791670704.856 10303  4915  5146 E CameraManagerGlobal: Camera 5 is not present. Ignore physical camera status change
1791670704.856 10303  3632  3707 E CameraManagerGlobal: Camera 5 is not present. Ignore physical camera status change
1791670704.856 10534  7854  7891 E CameraManagerGlobal: Camera 5 is not present. Ignore physical camera status change
1791670704.856 10303  4915  5146 E CameraManagerGlobal: Camera 5 is not present. Ignore physical camera status change
1791670704.856 10534  7854  7891 E CameraManagerGlobal: Camera 5 is not present. Ignore physical camera status change
1791670704.856 10534  7854  7891 E CameraManagerGlobal: Camera 5 is not present. Ignore physical camera status change
1791670704.856  1047 30967 30967 I CHISWMFNR: camxchinodeswmfnr.cpp:532 ChiNodeEntry(): SWMFNR ChiNodeEntry
1791670704.857 10478  7824 30545 E CameraManagerGlobal: Camera 5 is not present. Ignore physical camera status change
1791670704.857 10478  7824 30545 E CameraManagerGlobal: Camera 5 is not present. Ignore physical camera status change
1791670704.857  1000  1753  1753 E BpTransactionCompletedListener: Failed to transact (-32)
1791670704.857 10478  7824 30545 E CameraManagerGlobal: Camera 5 is not present. Ignore physical camera status change
1791670704.858  1000  1753  1753 E BpTransactionCompletedListener: Failed to transact (-32)
1791670704.858  1000  1753  1753 E BpTransactionCompletedListener: Failed to transact (-32)
1791670704.859 10303  4915 25515 V WindowManagerShell: onTransitionReady(transaction=18627273223428)
1791670704.860 10385  7893 30619 E CameraManagerGlobal: Camera 5 is not present. Ignore physical camera status change
1791670704.860 10385  7893 30619 E CameraManagerGlobal: Camera 5 is not present. Ignore physical camera status change
1791670704.861  1000  4337  4382 V WindowManager: Sent Transition (#427) createdAt=10-11 01:18:24.794 via request=TransitionRequestInfo { type = CLOSE, triggerTask = TaskInfo{userId=0 taskId=950 effectiveUid=10551 displayId=0 isRunning=true baseIntent=Intent { act=android.intent.action.MAIN cat=[android.intent.category.LAUNCHER] flg=0x10200000 cmp=com.oplus.camera/.Camera } baseActivity=ComponentInfo{com.oplus.camera/com.oplus.camera.Camera} topActivity=ComponentInfo{com.oplus.camera/com.oplus.camera.Camera} origActivity=null realActivity=ComponentInfo{com.oplus.camera/com.oplus.camera.Camera} realActivityIsAppLockEnabled=false numActivities=1 lastActiveTime=3607716 supportsMultiWindow=true supportsMultiWindowWithoutConstraints=true resizeMode=0 isResizeable=true minWidth=-1 minHeight=-1 defaultMinSize=220 token=WCT{RemoteToken{be5838f Task{91909ec #950 type=standard A=10551:com.oplus.camera}}} topActivityType=1 pictureInPictureParams=null shouldDockBigOverlays=false launchIntoPipHostTaskId=-1 lastParentTaskIdBeforePip=-1 displayCutoutSafeInsets=Rect(0, 126 - 0, 0) topActivityInfo=ActivityInfo{e68c61c com.oplus.camera.Camera} launchCookies=[android.os.BinderProxy@4a11225] positionInParent=Point(0, 0) parentTaskId=-1 isFocused=true isInteractive=true isVisible=true isVisibleRequested=true isTopActivityNoDisplay=false isSleeping=false locusId=null displayAreaFeatureId=1 isTopActivityTransparent=false isActivityStackTransparent=false lastNonFullscreenBounds=null leafTaskBoundsFromOptions= false capturedLink=null capturedLinkTimestamp=0 requestedVisibleTypes=503 topActivityRequestOpenInBrowserEducationTimestamp=0 appCompatTaskInfo=AppCompatTaskInfo { topActivityInSizeCompat=false isLeafTask= true eligibleForLetterboxEducation= false isLetterboxEducationEnabled= false isLetterboxDoubleTapEnabled= false eligibleForUserAspectRatioButton= false topActivityBoundsLetterboxed= false isFromLetterboxDoubleTap= false topActivityLetterboxVerticalPosition= -1 topActivityLetterboxHorizontalPosition= -1 topActivityLetterboxWidth=-1 topActivityLetterboxHeight=-1 topActivityAppBounds=Rect(0, 0 - 1440, 3216) isUserFullscreenOverrideEnabled=false isSystemFullscreenOverrideEnabled=false hasMinAspectRatioOverride=false topActivityLetterboxBounds=null topNonResizableActivityAspectRatio=-1.0} topActivityMainWindowFrame=null isAppBubble=false isTopAppLocked=false}, pipChange = null, remoteTransitionInfo = null, displayChanges = null, requestedLocation = null, userChange = null, windowingLayerChange = null, fullscreenRequestChange = null, flags = 0, debugId = 427 }
1791670704.861  1000  4337  4382 V WindowManager:     startWCT=WindowContainerTransaction { changes= {} hops= [] flags= 0 errorCallbackToken=null taskFragmentOrganizer=null }
1791670704.861  1000  4337  4382 V WindowManager:     info={id=427 t=CLOSE f=0x0 trk=0 r=[0@Point(0, 0)] c=[
1791670704.861  1000  4337  4382 V WindowManager:         {WCT{RemoteToken{902cd37 Task{bff31d8 #1 type=home}}} m=TO_FRONT f=SHOW_WALLPAPER|MOVE_TO_TOP|FLAG_CHANGED_INTERACTIVE leash=Surface(name=Task=1#35)/@0x8c19212 sb=Rect(0, 0 - 1440, 3216) eb=Rect(0, 0 - 1440, 3216) epz=Point(1440, 3216) d=0 taskParent=-1 winMode=1 userId=0},
1791670704.861  1000  4337  4382 V WindowManager:         {m=TO_FRONT f=IS_WALLPAPER leash=Surface(name=WallpaperWindowToken{a25394}#74)/@0x2c74ec8 sb=Rect(0, 0 - 1440, 3216) eb=Rect(0, 0 - 1440, 3216) epz=Point(1440, 3216) d=0}
1791670704.861  1000  4337  4382 V WindowManager:     ]}
1791670704.861 10385  7893 30407 E CameraManagerGlobal: Camera 5 is not present. Ignore physical camera status change
1791670704.861 10303  4915  5301 V WindowManagerShell: onTransitionReady (#427) android.os.BinderProxy@20bd8e0: {id=427 t=CLOSE f=0x0 trk=0 r=[0@Point(0, 0)] c=[
1791670704.861 10303  4915  5301 V WindowManagerShell:         {m=TO_FRONT f=SHOW_WALLPAPER|MOVE_TO_TOP|FLAG_CHANGED_INTERACTIVE leash=Surface(name=Task=1#35)/@0x30afaf5 sb=Rect(0, 0 - 1440, 3216) eb=Rect(0, 0 - 1440, 3216) epz=Point(1440, 3216) d=0 taskParent=-1 winMode=1 userId=0},
1791670704.861 10303  4915  5301 V WindowManagerShell:         {m=TO_FRONT f=IS_WALLPAPER leash=Surface(name=WallpaperWindowToken{a25394}#74)/@0x2a1b08a sb=Rect(0, 0 - 1440, 3216) eb=Rect(0, 0 - 1440, 3216) epz=Point(1440, 3216) d=0}
1791670704.861 10303  4915  5301 V WindowManagerShell:     ]}
1791670704.862 10303  4915  5301 V WindowManagerShell: Playing animation for (#427) android.os.BinderProxy@20bd8e0@0
1791670704.862 10303  4915  5301 D ShellSplitScreen: startAnimation: transition=427 isSplitActive=false
1791670704.862 10303  4915  5301 V ShellRecents: RecentsTransitionHandler.startAnimation: no controller found
1791670704.862 10303  4915  5301 V ShellDesktopMode: DesktopMixedTransitionHandler: No pending desktop transition
1791670704.862 10303  4915  5301 V WindowManagerShell: Transition doesn't have explicit remote, search filters for match for {id=427 t=CLOSE f=0x0 trk=0 r=[0@Point(0, 0)] c=[{m=TO_FRONT f=SHOW_WALLPAPER|MOVE_TO_TOP|FLAG_CHANGED_INTERACTIVE leash=Surface(name=Task=1#35)/@0x30afaf5 sb=Rect(0, 0 - 1440, 3216) eb=Rect(0, 0 - 1440, 3216) epz=Point(1440, 3216) d=0 taskParent=-1 winMode=1 userId=0},{m=TO_FRONT f=IS_WALLPAPER leash=Surface(name=WallpaperWindowToken{a25394}#74)/@0x2a1b08a sb=Rect(0, 0 - 1440, 3216) eb=Rect(0, 0 - 1440, 3216) epz=Point(1440, 3216) d=0}]}
1791670704.862 10303  4915  5301 V WindowManagerShell:  Checking filter Pair{{types=[] flags=0x0 notFlags=0x0 checks=[{atype=standard independent=false modes=[CHANGE] flags=NONE mustBeTask=true order=ANY topActivity=null launchCookie=null windowingMode=undefined isCrossDisplayMove=true}]} RemoteTransition { remoteTransition = android.window.IRemoteTransition$Stub$Proxy@33191d5, appThread = android.app.IApplicationThread$Stub$Proxy@6482dea, debugName = QuickstepDisplayMove, filter = {types=[] flags=0x0 notFlags=0x0 checks=[{atype=standard independent=false modes=[CHANGE] flags=NONE mustBeTask=true order=ANY topActivity=null launchCookie=null windowingMode=undefined isCrossDisplayMove=true}]} }}
1791670704.862 10303  4915  5301 V WindowManagerShell:  Checking filter Pair{{types=[] flags=0x0 notFlags=0x100 checks=[{atype=home independent=true modes=[OPEN,TO_FRONT] flags=NONE mustBeTask=false order=ANY topActivity=ComponentInfo{com.android.launcher3/com.android.launcher3.uioverrides.QuickstepLauncher} launchCookie=null windowingMode=undefined isCrossDisplayMove=false},{atype=standard independent=true modes=[CLOSE,TO_BACK] flags=NONE mustBeTask=false order=ANY topActivity=null launchCookie=null windowingMode=undefined isCrossDisplayMove=false},{NOT atype=undefined independent=true modes=[] flags=NONE mustBeTask=true order=ANY topActivity=null launchCookie=null customAnim=true windowingMode=undefined isCrossDisplayMove=false}]} RemoteTransition { remoteTransition = android.window.IRemoteTransition$Stub$Proxy@7b508db, appThread = android.app.IApplicationThread$Stub$Proxy@529af78, debugName = QuickstepLaunchHome, filter = {types=[] flags=0x0 notFlags=0x100 checks=[{atype=home independent=true modes=[OPEN,TO_FRONT] flags=NONE mustBeTask=false order=ANY topActivity=ComponentInfo{com.android.launcher3/com.android.launcher3.uioverrides.QuickstepLauncher} launchCookie=null windowingMode=undefined isCrossDisplayMove=false},{atype=standard independent=true modes=[CLOSE,TO_BACK] flags=NONE mustBeTask=false order=ANY topActivity=null launchCookie=null windowingMode=undefined isCrossDisplayMove=false},{NOT atype=undefined independent=true modes=[] flags=NONE mustBeTask=true order=ANY topActivity=null launchCookie=null customAnim=true windowingMode=undefined isCrossDisplayMove=false}]} }}
1791670704.862 10303  4915  5301 V WindowManagerShell:  Checking filter Pair{{types=[OPEN,TO_FRONT] flags=0x0 notFlags=0x0 checks=[{atype=standard independent=true modes=[OPEN,TO_FRONT] flags=NONE mustBeTask=true order=ANY topActivity=null launchCookie=null windowingMode=freeform isCrossDisplayMove=false}]} RemoteTransition { remoteTransition = android.window.IRemoteTransition$Stub$Proxy@fa90a25, appThread = null, debugName = DesktopWindowLimitUnminimize, filter = {types=[OPEN,TO_FRONT] flags=0x0 notFlags=0x0 checks=[{atype=standard independent=true modes=[OPEN,TO_FRONT] flags=NONE mustBeTask=true order=ANY topActivity=null launchCookie=null windowingMode=freeform isCrossDisplayMove=false}]} }}
1791670704.862 10303  4915  5301 V WindowManagerShell:  Delegate animation for (#427) to null
1791670704.862 10303  4915  5301 V WindowManagerShell: start default transition animation, info = {id=427 t=CLOSE f=0x0 trk=0 r=[0@Point(0, 0)] c=[{m=TO_FRONT f=SHOW_WALLPAPER|MOVE_TO_TOP|FLAG_CHANGED_INTERACTIVE leash=Surface(name=Task=1#35)/@0x30afaf5 sb=Rect(0, 0 - 1440, 3216) eb=Rect(0, 0 - 1440, 3216) epz=Point(1440, 3216) d=0 taskParent=-1 winMode=1 userId=0},{m=TO_FRONT f=IS_WALLPAPER leash=Surface(name=WallpaperWindowToken{a25394}#74)/@0x2a1b08a sb=Rect(0, 0 - 1440, 3216) eb=Rect(0, 0 - 1440, 3216) epz=Point(1440, 3216) d=0}]}
1791670704.863 10303  4915  5301 V WindowManagerShell: loadAnimation: anim=android.view.animation.AnimationSet@45d5171 animAttr=0x10 type=CLOSE isEntrance=true
1791670704.864 10303  4915  5301 V WindowManagerShell:  animated by com.android.wm.shell.transition.DefaultTransitionHandler@94014c2
1791670704.864 10737 18908 18926 E CameraManagerGlobal: Camera 5 is not present. Ignore physical camera status change
1791670704.865 10737 18908 18926 E CameraManagerGlobal: Camera 5 is not present. Ignore physical camera status change
1791670704.865 10737 18908 18926 E CameraManagerGlobal: Camera 5 is not present. Ignore physical camera status change
1791670704.870 10394 22000 28729 E CameraManagerGlobal: Camera 5 is not present. Ignore physical camera status change
1791670704.871 10542 20136 20154 E CameraManagerGlobal: Camera 5 is not present. Ignore physical camera status change
1791670704.871 10542 20136 20154 E CameraManagerGlobal: Camera 5 is not present. Ignore physical camera status change
1791670704.871 10542 20136 20154 E CameraManagerGlobal: Camera 5 is not present. Ignore physical camera status change
1791670704.872 10394 22000 28729 E CameraManagerGlobal: Camera 5 is not present. Ignore physical camera status change
1791670704.873 10394 22000 28729 E CameraManagerGlobal: Camera 5 is not present. Ignore physical camera status change
1791670704.874  1000  4337  4337 V WindowManager: AppCompatCamera: Camera 0 is closed.
1791670704.874  1000  4337  4337 W WindowManager: WindowManager: Camera closed but cannot find the app which had it opened.
1791670704.877  1000  4337 30998 W CameraService_proxy: Unknown extension type: -1
1791670704.881  1047 30967 30967 E CHIVIDEOENHANCE: camxchinodevideoenhance.cpp:487 ChiNodeEntry(): ChiNodeEntry
1791670704.895  1047 30967 30967 E android.hardware.camera.provider@2.4-service_64: ChiAWBAlgorithmEntry
1791670704.897  1000  4337  4553 I ImeTracker: com.android.launcher3:b226af40: onRequestHide at ORIGIN_SERVER reason HIDE_UNSPECIFIED_WINDOW fromUser false userId 0 displayId 0
1791670704.898 10312  5415  5415 D InsetsController: hide(ime())
1791670704.898 10312  5415  5415 I ImeTracker: com.android.launcher3:b226af40: onCancelled at PHASE_CLIENT_ALREADY_HIDDEN
1791670704.898  1000  4337  4553 W InputChannel-JNI: Channel already disposed.
1791670704.901 10384  6896  6896 I SubtypeOperator: SubtypeOperator$1.onBindInput():33
1791670704.901 10384  6896  6896 I GoogleInputMethodService: GoogleInputMethodService.onFinishInput():2404
1791670704.901 10384  6896  6896 I GoogleInputMethodService: GoogleInputMethodService.onStartInput():1552 onStartInput(EditorInfo{EditorInfo{packageName=com.android.launcher3, inputType=0, inputTypeString=NULL, enableLearning=false, autoCorrection=false, autoComplete=false, imeOptions=0, privateImeOptions=null, actionName=UNSPECIFIED, actionLabel=null, initialSelStart=-1, initialSelEnd=-1, initialCapsMode=0, label=null, fieldId=0, fieldName=null, extras=null, hintText=null, hintLocales=[]}}, false)
1791670704.902 10384  6896  6896 I LatinInputMethodServiceBase: LatinInputMethodServiceBase.updateInputViewCoverNavigation():360 Update input view padding, isNavbarOverInputWindow=true, bottom inset=134
1791670704.902 10384  6896 13589 I Module  : DeviceLockedStatusModuleProvider$Module.updateDeviceLockedStatusInternal():119 repeatCheckTimes = 0, locked = false
1791670704.903 10384  6896 13584 I Module  : DeviceLockedStatusModuleProvider$Module.updateDeviceLockedStatusInternal():119 repeatCheckTimes = 1, locked = false
1791670704.905  1000  4337  6620 W PackageConfigPersister: App-specific configuration not found for packageName: com.android.launcher3 and userId: 0
1791670704.908  1000  4337  6575 I ImeTracker: system_server:ee87c8f0: onRequestHide at ORIGIN_SERVER reason IME_REQUESTED_CHANGED_LISTENER fromUser false displayId 0
1791670704.909  1000  4337  4377 W ApplicationInfo: Large ApplicationInfo parcel: size=24372 package=com.zhiliaoapp.musically splits=69 sharedLibs=8 resDirs=6 overlayPaths=6
1791670704.909  1000  4337  4385 I ImeTracker: system_server:ee87c8f0: onCancelled at PHASE_SERVER_SHOULD_HIDE
1791670704.945  1047 30967 30967 E CAM_ENGMODE: Cannot read file from /odm/etc/camera/camera_engmode.xml read failed
1791670704.945  1047 30967 30967 I CAM_ERR : CAM-SENSOR: cam_sensor_update_id_info: 576 vendor_slave_addr:  0x34, vendor_id_Addr: 0x18, vendorID: 0x0, vendor_mask: 0x0
1791670704.954  root 30966 30966 I CAM_ERR : CAM-OIS: IsOISReady: 1838 OIS 0 0xF100 = 0x0
1791670704.992 10303  4915  5301 V WindowManagerShell: Transition animation finished (aborted=false), notifying core (#427) android.os.BinderProxy@20bd8e0@0
1791670704.996  1000  4337  4382 V WindowManager: Finish Transition (#427): created at 10-11 01:18:24.794 collect-started=0.041ms request-sent=0.173ms started=11.423ms ready=11.398ms sent=58.733ms commit=14.081ms finished=201.034ms
1791670704.998 10303  4915  5301 V WindowManagerShell: Track 0 became idle
1791670704.998 10303  4915  5301 V WindowManagerShell: All active transition animations finished
1791670705.010  root 30966 30966 I CAM_ERR : CAM-OIS: IsOISReady: 1838 OIS 0 0xF100 = 0x0
1791670705.068  root 30966 30966 I CAM_ERR : CAM-OIS: IsOISReady: 1838 OIS 0 0xF100 = 0x0
1791670705.122  root 30966 30966 I CAM_ERR : CAM-OIS: IsOISReady: 1838 OIS 0 0xF100 = 0x0
1791670705.124  1047  4180 23052 I CameraService: Camera 0: Access for "com.oplus.camera" has been restricted, isUidTrusted 0, isUidActive 0 isUidVisible 0, isCameraPrivacyEnabled 0 procState 20
1791670705.142  1047 30967 30967 E ams-tof 9-0041: Error App0 timeout (200000 usec) waiting on idle; cpu_stat: 0x0 state: 0x0
1791670705.142  1047 30967 30967 E ams-tof 9-0041: Error waiting for IDLE state
1791670705.142  1047 30967 30967 E         : ams-tof [INFO]  tof stop capture
1791670705.142  1047 30967 30967 E         : ams-tof [INFO]  donot need do power down,power status=1,thread_exit=1
1791670705.142  1047 30967 30967 I CAM_ERR : CAM-TOF: tof_power_up: 460 do tof_power_up
1791670705.142  1047 30967 30967 I CAM_INFO: CAM-CCI: cam_cci_control_interface: 2025 cci init cmd,rc=0
1791670705.142  1047 30967 30967 I CAM_INFO: CAM-SENSOR: cam_sensor_util_request_gpio_table: 1217 No GPIO data
1791670705.142  1047 30967 30967 I CAM_INFO: CAM-SENSOR: msm_cam_sensor_handle_reg_gpio: 1960 Input Parameters are not proper
1791670705.142  1047 30967 30967 I CAM_INFO: CAM-TOF: cam_tof_acquire: 180 cam_tof_acquire
1791670705.142  1047 30967 30967 E         : ams-tof [INFO]  power up success.
1791670705.151  1000  4337  6600 I ImeTracker: system_server:d43f3f1e: onRequestHide at ORIGIN_SERVER reason IME_REQUESTED_CHANGED_LISTENER fromUser false displayId 0
1791670705.152  1000  4337  4385 I ImeTracker: system_server:d43f3f1e: onCancelled at PHASE_SERVER_SHOULD_HIDE
1791670705.178  root 23320 23320 I [OPLUS_MIDAS_CHG_DEBUG]oplus_midas_chg_processing: passedchg=0, realpassedchg=0,accu_delta=0, prev_chg_stat=0, reset_counts=0
1791670705.178  root 30966 30966 I CAM_ERR : CAM-OIS: IsOISReady: 1838 OIS 0 0xF100 = 0x0
1791670705.180  root 23320 23320 I bat vol : (4148000,4147000)
1791670705.190  1047 30967 30967 E         : ams-tof [ERROR] wait_for_tof_ready ok.
1791670705.190  1047 30967 30967 E         : ams-tof [ERROR] debug for tof8801_get_register 1
1791670705.192  1047 30967 30967 E         : ams-tof [ERROR] CPU status register: 0xe0 value: 0x00
1791670705.192  1047 30967 30967 E         : ams-tof [INFO]  ToF chip in standby state, waking up
1791670705.192  1047 30967 30967 E         : ams-tof [ERROR] debug for tof8801_get_register 2
1791670705.194  1047 30967 30967 E         : ams-tof [ERROR] CPU status register: 0xe0 value: 0x41
1791670705.194  1047 30967 30967 E         : ams-tof [INFO]  ToF chip CPU is ready
1791670705.194  1047 30967 30967 W         : ams-tof [WARN]  configuration calibration data not available 'tof8801_config_calib.bin': -2
1791670705.194  1047 30967 30967 E         : ams-tof [INFO]  Read info record - Running app_id: 0x80.
1791670705.196  1047 30967 30967 E         : ams-tof [INFO]  Trying firmware: 'tof8801_firmware.bin'...
1791670705.196  root 22666 22666 W ams-tof 9-0041: Direct firmware load for tof8801_firmware.bin failed with error -2
1791670705.196  root 22666 22666 W ams-tof 9-0041: Falling back to sysfs fallback for: tof8801_firmware.bin
1791670705.198  logd 31002 31002 I ueventd : firmware: loading 'tof8801_firmware.bin' for '/devices/platform/soc/990000.i2c/i2c-9/9-0041/firmware/tof8801_firmware.bin'
1791670705.198  logd 31002 31002 I ueventd : found /vendor/firmware/tof8801_firmware.bin for /devices/platform/soc/990000.i2c/i2c-9/9-0041/firmware/tof8801_firmware.bin
1791670705.199  logd 31002 31002 I ueventd : loading /devices/platform/soc/990000.i2c/i2c-9/9-0041/firmware/tof8801_firmware.bin took 0ms
1791670705.199  root 22666 22666 E         : ams-tof [INFO]  tof_ram_patch_callback: Ram patch in progress... 1th
1791670705.200  root 22666 22666 E         : ams-tof [INFO]  tof_ram_patch_callback: Ram patch in progress... 2th
1791670705.200  root 22666 22666 E         : ams-tof [INFO]  tof_ram_patch_callback: Ram patch in progress... 3th
1791670705.234  root 30966 30966 I CAM_ERR : CAM-OIS: IsOISReady: 1838 OIS 0 0xF100 = 0x0
1791670705.237  root 23320 23320 E [OPLUS_CHG]gauge type: 0, regs: 426 / 779 / 8296 / 2141 / 82 / 4147 / 4148 / 1768 / 65525 / 2159 / 3154 / 9941 / 8549 / 403 / 12 / 9888 / 9888 / 2218 / 2218 / 403
1791670705.237  root 23320 23320 I         : [OPLUS_CHG][oplus_chg_print_log]CHGR[ 0 / 0 / 0 / 3 / 0 ],BAT[ 1 / 0 / 0 / 0 / 1 / 0 ],GAUGE[ 426 / 4148 / 4147 / 779 / -1 / 82 / 82 / 100 / 3472 ],STATUS[ 0x0 / 0 / 0 / 0 / 0 / 0x0 ],OTHER[ 0 / 1 / 0 / 0 / 0/ 0 / -2740 ],OTHER2[ 0 / 4090 / 0 / 0 ]
1791670705.290  root 30966 30966 I CAM_INFO: CAM-OIS: cam_ois_power_down: 287 cam_ois_power_down
1791670705.290  root 30966 30966 I CAM_INFO: CAM-SENSOR: msm_cam_sensor_handle_reg_gpio: 1960 Input Parameters are not proper
1791670705.290  root 30966 30966 I CAM_INFO: CAM-SENSOR: msm_cam_sensor_handle_reg_gpio: 1960 Input Parameters are not proper
1791670705.292  root 30966 30966 I CAM_INFO: CAM-SENSOR: msm_cam_sensor_handle_reg_gpio: 1960 Input Parameters are not proper
1791670705.292  root 30966 30966 I CAM_INFO: CAM-SENSOR: msm_cam_sensor_handle_reg_gpio: 1960 Input Parameters are not proper
1791670705.292  root 30966 30966 I CAM_INFO: CAM-SENSOR: cam_sensor_util_request_gpio_table: 1217 No GPIO data
1791670705.294  root 30966 30966 I CAM_ERR : CAM-OIS: ois_power_down_thread: 72 ois type=0,cam_ois_power_down successfully
1791670705.325  1000  4337  4337 W AccessibilityManagerService:  wait for adding window timeout: 15
1791670705.350  1000  4337  6600 W ApplicationInfo: Large ApplicationInfo parcel: size=24372 package=com.zhiliaoapp.musically splits=69 sharedLibs=8 resDirs=6 overlayPaths=6
1791670705.379  1000  4337 30998 W CameraService_proxy: Unknown extension type: -1
1791670705.409  1000  1753  1753 D SurfaceFlinger: initiateModeChange 4630946292801050754 {mode={fps=60.00 Hz, modePtr={id=3, vsyncRate=60.00 Hz, peakRefreshRate=60.00 Hz}}, emitEvent=false, force=false}
1791670705.409  1000  1703  3573 D SDM     : IRIS_LOG_HWC::SetActiveConfigWithConstraints:465: 03
1791670705.409  1000  1703  3573 I IRIS_LOG_SERV: config 3, Refresh rate 60, Frame 3216x1440, Current mode 'ABYP'
1791670705.409  1000  1703  3573 D IRIS_LOG_SERV: Service Mode changed to: IRIS_SERVICE_MODE_BYPASS
1791670705.409  1000  1703  3573 I IRIS_LOG_SERV: SetActiveConfig[3]: 60 3216x1440 => 0
1791670705.410  1000  1703  3573 I SDM     : HWDeviceDRM::UpdateMixerAttributes: Mixer WxH 1440x3216-1 for Peripheral
1791670705.410  1000  1703  3573 I SDM     : HWCDisplay::SubmitDisplayConfig: HWC SetActiveConfig [5,3], cur_resolution is (1440, 3216), new_resolution is (1440, 3216)
1791670705.410  1000  1703  3573 I SDM     : HWCDisplay::SubmitDisplayConfig: Active configuration changed to: 3
1791670705.413  1000  1703  3573 D IRIS_LOG_COLR: Use kPbGamut HwConfigPayload
1791670705.427  root   709   709 I [drm:dsi_display_set_mode [msm_drm]] [msm-dsi-info]: mdp_transfer_time=7700, hactive=1440, vactive=3216, fps=60, h_skew=1
1791670705.427  root   709   709 E         : IRIS_LOG I iris_post_switch(), post switch to 1440x3216@60Hz, cmd list 0, switch case ABYP_TO_ABYP
1791670705.427  root   709   709 E         : <AMB670YF01> dsi_cmd qcom,mdss-dsi-adfr-pre-switch-command
1791670705.427  root   709   709 I [drm:oplus_dsi_display_vsync_switch_check_te [msm_drm]] [msm-dsi-info]: kVRR vsync_switch_gpio is already 0
1791670705.428  root   709   709 E         : IRIS_LOG I iris_switch(), return 0, total cost '283 us'
1791670705.428  root   709   709 I [drm:dsi_panel_adfr_status_reset [msm_drm]] [msm-dsi-info]: kVRR auto mode reset: auto mode 0, fakeframe 0, min fps 1
1791670705.428  root   709   709 E         : <AMB670YF01> dsi_cmd qcom,mdss-dsi-post-panel-on-command
1791670705.480  1000  4337 30998 W CameraService_proxy: Unknown extension type: -1
1791670705.551  root 22666 22666 E         : ams-tof [ERROR] debug for tof8801_get_register 1
1791670705.553  root 22666 22666 E         : ams-tof [ERROR] CPU status register: 0xe0 value: 0x41
1791670705.553  root 22666 22666 E         : ams-tof [INFO]  ToF chip CPU is ready
1791670705.553  root 22666 22666 E         : ams-tof [INFO]  tof_ram_patch_callback: Ram patch complete, patch size: 11K, dl time: 354 ms
1791670705.555  root 22666 22666 E         : ams-tof [INFO]  Read info record - Running app_id: 0xc0.
1791670705.556  root 22666 22666 I ams-tof 9-0041: App0 version: 3-0-18-0
1791670705.556  root 22666 22666 I ams-tof 9-0041: Clock trim iterations set to: 1
1791670705.563  root 22666 22666 I ams-tof 9-0041: tof8801_app0_rw_osc_trim: current osc_trim: 0x34, clk_ratio (Q15): 6972
1791670705.564  root 22666 22666 I ams-tof 9-0041: Clock trim value from fuse: 52
1791670705.571  root 22666 22666 I ams-tof 9-0041: tof8801_app0_rw_osc_trim: new osc_trim: 0x34
1791670705.572  root 22666 22666 E         : ams-tof [INFO]  laser download fw success
1791670705.574  1047 30967 30967 E         : ams-tof [INFO]  APP0 is running
1791670705.574  1047 30967 30967 E         : ams-tof [ERROR] FWDL callback 377 ms to finish
1791670705.574  1047 30967 30967 I ams-tof 9-0041: Clock trim iterations set to: 22
1791670705.574  1047 30967 30967 E         : ams-tof [INFO]  Set defualt period = 33 clk_iterations = 900000
1791670705.574  1047 30967 30967 E         : ams-tof [INFO]  Caemra Tof Probe ok.
1791670705.577  1047 30967 30967 E         : ams-tof [INFO]  tof start power down
1791670705.577  root 31003 31003 E         : ams-tof [INFO]  stop irq thread start
1791670705.577  root 31003 31003 E         : ams-tof [INFO]  stop irq threadd done
1791670705.577  1047 30967 30967 I CAM_INFO: CAM-SENSOR: cam_sensor_driver_cmd: 845 Start to tof ready ,ret = 0
1791670705.577  root 31003 31003 I CAM_ERR : CAM-TOF: tof_power_down: 471 do tof_power_down
1791670705.577  root 31003 31003 I CAM_INFO: CAM-CCI: cam_cci_control_interface: 2031 cci release cmd,rc=0
1791670705.578  root 31003 31003 I CAM_INFO: CAM-SENSOR: msm_cam_sensor_handle_reg_gpio: 1960 Input Parameters are not proper
1791670705.578  root 31003 31003 I CAM_INFO: CAM-SENSOR: cam_sensor_util_request_gpio_table: 1217 No GPIO data
1791670705.580  root 31003 31003 I CAM_INFO: CAM-CCI: cam_cci_soc_release: 447 cam_cci_soc_release 7
1791670705.580  root 31003 31003 I CAM_INFO: CAM-TOF: cam_tof_release: 215 cam_tof_release
1791670705.580  root 31003 31003 E         : ams-tof [INFO]  power down success
1791670705.585  root 11925 30962 W adbd    : timed out while waiting for FUNCTIONFS_BIND, trying again
1791670705.585  root 11925 30962 I adbd    : UsbFfs: connection terminated: monitor thread finished
1791670705.587  1047 30967 30967 I CAM_INFO: CAM-CCI: cam_cci_init: 198 cam_cci_init 6
1791670705.587  1047 30967 30967 I CAM_ERR : CAM-SENSOR: cam_sensor_driver_cmd: 883 sensor power up success sensor id 0x789
1791670705.587  1047 30967 30967 I CAM_ERR : CAM-SENSOR: cam_sensor_match_id_oem: 715 read vendor_id_addr=0x18 vendor_id: 0x10 expected vendor_id 0x0: rc=0
1791670705.593  1047 30967 30967 I CAM_INFO: CAM-CCI: cam_cci_soc_release: 447 cam_cci_soc_release 6
1791670705.593  1047 30967 30967 I CAM_INFO: CAM-SENSOR: cam_sensor_driver_cmd: 903 sensor power down!
1791670705.601  1000  1659  1659 E QTI PowerHAL: Failed to acquire lock.
1791670705.601  1000  1659  1659 E QTI PowerHAL: Failed process_boost for boost_handle
1791670705.604  1000  1753  1753 D SurfaceFlinger: initiateModeChange 4630946292801050754 {mode={fps=120.00 Hz, modePtr={id=5, vsyncRate=120.00 Hz, peakRefreshRate=120.00 Hz}}, emitEvent=false, force=false}
1791670705.604  1000  1703  3573 D SDM     : IRIS_LOG_HWC::SetActiveConfigWithConstraints:465: 05
1791670705.604  1000  1703  3573 I IRIS_LOG_SERV: config 5, Refresh rate 120, Frame 3216x1440, Current mode 'ABYP'
1791670705.604  1000  1703  3573 D IRIS_LOG_SERV: Service Mode changed to: IRIS_SERVICE_MODE_BYPASS
1791670705.604  1000  1703  3573 I IRIS_LOG_SERV: SetActiveConfig[5]: 120 3216x1440 => 0
1791670705.605  1000  1703  3573 I SDM     : HWDeviceDRM::UpdateMixerAttributes: Mixer WxH 1440x3216-1 for Peripheral
1791670705.605  1000  1703  3573 I SDM     : HWCDisplay::SubmitDisplayConfig: HWC SetActiveConfig [3,5], cur_resolution is (1440, 3216), new_resolution is (1440, 3216)
1791670705.605  1000  1703  3573 I SDM     : HWCDisplay::SubmitDisplayConfig: Active configuration changed to: 5
1791670705.607  1000  1703  3573 D IRIS_LOG_COLR: Use kPbGamut HwConfigPayload
1791670705.611  root   709   709 E         : [drm:_sde_crtc_blend_setup_mixer:1602] do not config dimlayer at the fps switch
1791670705.612  root   709   709 I [drm:dsi_display_set_mode [msm_drm]] [msm-dsi-info]: mdp_transfer_time=7700, hactive=1440, vactive=3216, fps=120, h_skew=0
1791670705.612  root   709   709 E         : IRIS_LOG I iris_post_switch(), post switch to 1440x3216@120Hz, cmd list 0, switch case ABYP_TO_ABYP
1791670705.612  root   709   709 E         : <AMB670YF01> dsi_cmd qcom,mdss-dsi-adfr-pre-switch-command
1791670705.613  root   709   709 I [drm:oplus_dsi_display_vsync_switch_check_te [msm_drm]] [msm-dsi-info]: kVRR vsync_switch_gpio is already 0
1791670705.613  root   709   709 E         : IRIS_LOG I iris_switch(), return 0, total cost '279 us'
1791670705.613  root   709   709 I [drm:dsi_panel_adfr_status_reset [msm_drm]] [msm-dsi-info]: kVRR auto mode reset: auto mode 0, fakeframe 1, min fps 0
1791670705.614  root   709   709 E         : <AMB670YF01> dsi_cmd qcom,mdss-dsi-post-panel-on-command
1791670705.614  1047 30967 30967 I CAM_ERR : CAM-SENSOR: cam_sensor_subdev_ioctl: 63 Failed in Driver cmd: -1
1791670705.615  1047 30967 30967 I CAM_ERR : CAM-SENSOR: cam_sensor_update_id_info: 576 vendor_slave_addr:  0x34, vendor_id_Addr: 0x18, vendorID: 0x1, vendor_mask: 0x0
1791670705.622  root 11925 11938 I adbd    : opening control endpoint /dev/usb-ffs/adb/ep0
1791670705.622  root 11938 11938 I         : read descriptors
1791670705.623  root 11938 11938 I         : read strings
1791670705.644 10312  5415  5415 D AllAppsTransitionController: shouldProtectHeader: false skipScrim: false state: Hint stateManager.getState(): Normal
1791670705.646 10312  5415  5415 D Current state display 0: newValue: Hint
1791670705.648 10312  5415  5415 I BaseDragLayer: found mProxyTouchController=NoButtonNavbarToOverviewTouchController
1791670705.648 10312  5415  5415 D LauncherInputConsumer: onMotionEvent: pilfering pointers for touch controller
1791670705.649  1000  4337  6600 D InputManagerService: pilferPointers
1791670705.649  1000  4337  6600 I InputDispatcher: Channel [Gesture Monitor] swipe-up is stealing input gesture for device 3 from [74cb840 com.android.launcher3/com.android.launcher3.uioverrides.QuickstepLauncher, 84bd514 com.android.systemui.wallpapers.ImageWallpaper, [Gesture Monitor] edge-swipe]
1791670705.671  1000  4337  6600 W ApplicationInfo: Large ApplicationInfo parcel: size=24372 package=com.zhiliaoapp.musically splits=69 sharedLibs=8 resDirs=6 overlayPaths=6
1791670705.733 10312  5415  5415 D RecentsView: reset - mEnableDrawingLiveTile: false, mRecentsAnimationController: null
1791670705.733 10312  5415  5415 D AllAppsTransitionController: shouldProtectHeader: false skipScrim: false state: Overview stateManager.getState(): Hint
1791670705.735 10312  5415  5415 D OverviewActionsView: updateForGroupedTask() called with: isGroupedTask = [false], canSaveAppPair = [false]
1791670705.735 10312  5415  5415 D OverviewActionsView: updateActionButtonsVisibility() called: showSingleTaskActions = [true], showGroupActions = [false]
1791670705.742  1000  1722  1722 E aw8697_rtp_store: val [0]
1791670705.742  1000  1722  1722 I         : aw8697_op_clean_status enter
1791670705.736 10312  5415  5415 D Current state display 0: newValue: Overview
1791670705.736 10312  5415  5415 D RecentsView: updateTaskStackListenerState: true
1791670705.736 10312  5415  5415 D RecentsView: reloadIfNeeded - getTasks: -1
1791670705.739 10303  4915  5301 V RecentTasksController: generateList(getRecentTasks)
1791670705.739 10303  4915  5301 V RecentTasksController: initializeDesksMap - allDeskIds: []
1791670705.739 10303  4915  5301 V RecentTasksController: Task 950 is not an active desktop task
1791670705.739 10303  4915  5301 V RecentTasksController: Added fullscreen task: 950
1791670705.739 10303  4915  5301 V RecentTasksController: Task 948 is not an active desktop task
1791670705.739 10303  4915  5301 V RecentTasksController: Added fullscreen task: 948
1791670705.739 10303  4915  5301 V RecentTasksController: Task 713 is not an active desktop task
1791670705.739 10303  4915  5301 V RecentTasksController: Added fullscreen task: 713
1791670705.739 10303  4915  5301 V RecentTasksController: generateList - complete
1791670705.740 10303  4915  5301 D WindowManagerShell: setLauncherKeepClearAreaHeight: visible=false, height=549
1791670705.740  1000  1722  1722 D vendor.qti.vibrator: Vibrator perform effect 0
1791670705.743 10312  5415  5453 D RecentTasksList: loadTasksInBackground - isDeviceLocked(0): false
1791670705.743 10312  5415  5453 D RecentTasksList: getTasks - loadTasksInBackground: 810
1791670705.750 10312  5415  5415 V BaseDepthController: Applying blur: 11 to Surface(name=VRI-com.android.launcher3/com.android.launcher3.uioverrides.QuickstepLauncher#6472)/@0xf5059f2 applyImmediately: false
1791670705.750 10312  5415  5415 D BaseDepthController: setEarlyWakeup: true
1791670705.750 10312  5415  5415 D BaseDepthController: shouldBlurWorkspace: false targetState: Overview currentStableState: Normal mCurrentBlur: 11 mLauncher.getDepthBlurTargets(): [com.android.launcher3.Workspace{c04cee1 V.ED..... .......D 0,0-1440,3216 #7f0a054d app:id/workspace aid=1073741834}, com.android.launcher3.Hotseat{176cc63 V.ED..... ........ 0,2667-1440,3216 #7f0a0241 app:id/hotseat aid=1073741899}]
1791670705.748  1000  1722  1722 E aw8697_vmax_store: value=2500
1791670705.748  1000  1722  1722 E aw8697_vmax_store: aw8697->gain[0x80], aw8697->vmax[0x16] end
1791670705.748  1000  1722  1722 E aw8697_waveform_index_store: waveform_index = 1
1791670705.752 10312  5415  5415 D RecentTasksList: getTasks - updating mResultsUi: 810
1791670705.752 10312  5415  5415 D RecentsView: applyLoadPlan - taskGroups: [type=SINGLE task=[id=713 windowingMode=0 user=0 lastActiveTime=134812] null, type=SINGLE task=[id=948 windowingMode=1 user=0 lastActiveTime=3605233] null, type=SINGLE task=[id=950 windowingMode=1 user=0 lastActiveTime=3607716] null], taskListChangeId: 810
1791670705.753 10312  5415  5415 D TaskViewModel: unbind com.android.quickstep.recents.ui.viewmodel.TaskViewModel@6e0d00b
1791670705.753 10312  5415  5415 D TaskViewModel: unbind com.android.quickstep.recents.ui.viewmodel.TaskViewModel@416d3da
1791670705.753 10312  5415  5415 D TaskViewModel: unbind com.android.quickstep.recents.ui.viewmodel.TaskViewModel@27c5985
1791670705.753 10312  5415  5415 D TaskView: onBind com.android.launcher3.uioverrides.QuickstepLauncher@c0470f3 com.android.quickstep.LauncherActivityInterface@2761bed
1791670705.754 10312  5415  5415 D TaskViewModel: bind com.android.quickstep.recents.ui.viewmodel.TaskViewModel@cd4f779 as SINGLE to taskIds: [950]
1791670705.754 10312  5415  5415 D TaskView: onBind com.android.launcher3.uioverrides.QuickstepLauncher@c0470f3 com.android.quickstep.LauncherActivityInterface@2761bed
1791670705.754 10312  5415  5415 D TaskViewModel: bind com.android.quickstep.recents.ui.viewmodel.TaskViewModel@aaa6cbe as SINGLE to taskIds: [948]
1791670705.755 10312  5415  5415 D TaskView: onBind com.android.launcher3.uioverrides.QuickstepLauncher@c0470f3 com.android.quickstep.LauncherActivityInterface@2761bed
1791670705.755 10312  5415  5415 D TaskViewModel: bind com.android.quickstep.recents.ui.viewmodel.TaskViewModel@a6611f as SINGLE to taskIds: [713]
1791670705.756 10312  5415  5415 D TasksRepository: updateTaskRequests to: [948, 713], removed: [], added: [948, 713]
1791670705.756 10312  5415  5415 I TasksRepository: requestTaskData: 948
1791670705.756 10312  5415  5415 I TasksRepository: requestTaskData: 713
1791670705.754  1000  1722  1722 E aw8697_haptic_ram_vbat_comp: aw8697->gain = 0x80, temp_gain = 0x0, aw8697->ram_vbat_comp=1.
1791670705.756 10312  5415  5415 D RecentTasksList: getTasks - updating mResultsUi: 810
1791670705.756 10312  5415  5415 D TasksRepository: getAllTaskData: oldTasks [713, 947, 948], newTasks: [713, 948, 950]
1791670705.756 10312  5415  5415 D TasksRepository: updateTaskRequests to: [950, 948, 713], removed: [], added: [950]
1791670705.756 10312  5415  5415 I TasksRepository: requestTaskData: 950
1791670705.757 10312  5415  5453 D b/417220811: Current thumbnail: null, replacing with android.graphics.Bitmap@b92d00a
1791670705.757 10312  5415  5453 D b/417220811: Current thumbnail: null, replacing with android.graphics.Bitmap@3b48bf6
1791670705.758 10312  5415  5415 V BaseDepthController: Applying blur: 23 to Surface(name=VRI-com.android.launcher3/com.android.launcher3.uioverrides.QuickstepLauncher#6472)/@0xf5059f2 applyImmediately: false
1791670705.758 10312  5415  5415 D BaseDepthController: shouldBlurWorkspace: false targetState: Overview currentStableState: Normal mCurrentBlur: 23 mLauncher.getDepthBlurTargets(): [com.android.launcher3.Workspace{c04cee1 V.ED..... .......D 0,0-1440,3216 #7f0a054d app:id/workspace aid=1073741834}, com.android.launcher3.Hotseat{176cc63 V.ED..... ........ 0,2667-1440,3216 #7f0a0241 app:id/hotseat aid=1073741899}]
1791670705.761 10312  5415  5415 D TaskThumbnailView: [TaskThumbnailView@6ae2063] taskId: 948 - uiState changed from: Uninitialized to: SnapshotSplash(snapshot=Snapshot(bitmap=android.graphics.Bitmap@b92d00a, thumbnailRotation=0, backgroundColor=-15134196), splash=com.android.launcher3.icons.FastBitmapDrawable@81c96ca)
1791670705.761 10312  5415  5415 D TaskThumbnailView: [TaskThumbnailView@5952ac9] taskId: 713 - uiState changed from: Uninitialized to: SnapshotSplash(snapshot=Snapshot(bitmap=android.graphics.Bitmap@3b48bf6, thumbnailRotation=0, backgroundColor=-15461864), splash=com.android.launcher3.icons.FastBitmapDrawable@459f03b)
1791670705.766 10312  5415  5415 V BaseDepthController: Applying blur: 30 to Surface(name=VRI-com.android.launcher3/com.android.launcher3.uioverrides.QuickstepLauncher#6472)/@0xf5059f2 applyImmediately: false
1791670705.767 10312  5415  5415 D BaseDepthController: setEarlyWakeup: false
1791670705.767 10312  5415  5415 D BaseDepthController: shouldBlurWorkspace: false targetState: Overview currentStableState: Normal mCurrentBlur: 30 mLauncher.getDepthBlurTargets(): [com.android.launcher3.Workspace{c04cee1 V.ED..... .......D 0,0-1440,3216 #7f0a054d app:id/workspace aid=1073741834}, com.android.launcher3.Hotseat{176cc63 V.ED..... ........ 0,2667-1440,3216 #7f0a0241 app:id/hotseat aid=1073741899}]
1791670705.767  1000  1722  1722 E aw8697_rtp_store: val [0]
1791670705.768  1000  1722  1722 I         : aw8697_op_clean_status enter
1791670705.775 10312  5415  5415 V BaseDepthController: Applying blur: 30 to Surface(name=VRI-com.android.launcher3/com.android.launcher3.uioverrides.QuickstepLauncher#6472)/@0xf5059f2 applyImmediately: false
1791670705.775 10312  5415  5415 D BaseDepthController: shouldBlurWorkspace: false targetState: Overview currentStableState: Normal mCurrentBlur: 30 mLauncher.getDepthBlurTargets(): [com.android.launcher3.Workspace{c04cee1 V.ED..... .......D 0,0-1440,3216 #7f0a054d app:id/workspace aid=1073741834}, com.android.launcher3.Hotseat{176cc63 V.ED..... ........ 0,2667-1440,3216 #7f0a0241 app:id/hotseat aid=1073741899}]
1791670705.782  1000  1722 31006 D vendor.qti.vibrator: Starting perform on another thread
1791670705.783 10312  5415  5415 V BaseDepthController: Applying blur: 30 to Surface(name=VRI-com.android.launcher3/com.android.launcher3.uioverrides.QuickstepLauncher#6472)/@0xf5059f2 applyImmediately: false
1791670705.783 10312  5415  5415 D BaseDepthController: shouldBlurWorkspace: false targetState: Overview currentStableState: Normal mCurrentBlur: 30 mLauncher.getDepthBlurTargets(): [com.android.launcher3.Workspace{c04cee1 V.ED..... .......D 0,0-1440,3216 #7f0a054d app:id/workspace aid=1073741834}, com.android.launcher3.Hotseat{176cc63 V.ED..... ........ 0,2667-1440,3216 #7f0a0241 app:id/hotseat aid=1073741899}]
1791670705.791 10312  5415  5415 V BaseDepthController: Applying blur: 30 to Surface(name=VRI-com.android.launcher3/com.android.launcher3.uioverrides.QuickstepLauncher#6472)/@0xf5059f2 applyImmediately: false
1791670705.791 10312  5415  5415 D BaseDepthController: shouldBlurWorkspace: false targetState: Overview currentStableState: Normal mCurrentBlur: 30 mLauncher.getDepthBlurTargets(): [com.android.launcher3.Workspace{c04cee1 V.ED..... .......D 0,0-1440,3216 #7f0a054d app:id/workspace aid=1073741834}, com.android.launcher3.Hotseat{176cc63 V.ED..... ........ 0,2667-1440,3216 #7f0a0241 app:id/hotseat aid=1073741899}]
1791670705.800 10312  5415  5415 V BaseDepthController: Applying blur: 30 to Surface(name=VRI-com.android.launcher3/com.android.launcher3.uioverrides.QuickstepLauncher#6472)/@0xf5059f2 applyImmediately: false
1791670705.800 10312  5415  5415 D BaseDepthController: shouldBlurWorkspace: false targetState: Overview currentStableState: Normal mCurrentBlur: 30 mLauncher.getDepthBlurTargets(): [com.android.launcher3.Workspace{c04cee1 V.ED..... .......D 0,0-1440,3216 #7f0a054d app:id/workspace aid=1073741834}, com.android.launcher3.Hotseat{176cc63 V.ED..... ........ 0,2667-1440,3216 #7f0a0241 app:id/hotseat aid=1073741899}]
1791670705.808 10312  5415  5415 V BaseDepthController: Applying blur: 30 to Surface(name=VRI-com.android.launcher3/com.android.launcher3.uioverrides.QuickstepLauncher#6472)/@0xf5059f2 applyImmediately: false
1791670705.809 10312  5415  5415 D BaseDepthController: shouldBlurWorkspace: false targetState: Overview currentStableState: Normal mCurrentBlur: 30 mLauncher.getDepthBlurTargets(): [com.android.launcher3.Workspace{c04cee1 V.ED..... .......D 0,0-1440,3216 #7f0a054d app:id/workspace aid=1073741834}, com.android.launcher3.Hotseat{176cc63 V.ED..... ........ 0,2667-1440,3216 #7f0a0241 app:id/hotseat aid=1073741899}]
1791670705.814  1047 30967 30967 E ams-tof 9-0041: Error App0 timeout (200000 usec) waiting on idle; cpu_stat: 0x0 state: 0x0
1791670705.814  1047 30967 30967 E ams-tof 9-0041: Error waiting for IDLE state
1791670705.814  1047 30967 30967 E         : ams-tof [INFO]  tof stop capture
1791670705.814  1047 30967 30967 E         : ams-tof [INFO]  donot need do power down,power status=1,thread_exit=1
1791670705.814  1047 30967 30967 I CAM_ERR : CAM-TOF: tof_power_up: 460 do tof_power_up
1791670705.815  1047 30967 30967 I CAM_INFO: CAM-CCI: cam_cci_init: 198 cam_cci_init 7
1791670705.815  1047 30967 30967 I CAM_INFO: CAM-CCI: cam_cci_control_interface: 2025 cci init cmd,rc=0
1791670705.815  1047 30967 30967 I CAM_INFO: CAM-SENSOR: cam_sensor_util_request_gpio_table: 1217 No GPIO data
1791670705.816 10312  5415  5415 V BaseDepthController: Applying blur: 30 to Surface(name=VRI-com.android.launcher3/com.android.launcher3.uioverrides.QuickstepLauncher#6472)/@0xf5059f2 applyImmediately: false
1791670705.816 10312  5415  5415 D BaseDepthController: shouldBlurWorkspace: false targetState: Overview currentStableState: Normal mCurrentBlur: 30 mLauncher.getDepthBlurTargets(): [com.android.launcher3.Workspace{c04cee1 V.ED..... .......D 0,0-1440,3216 #7f0a054d app:id/workspace aid=1073741834}, com.android.launcher3.Hotseat{176cc63 V.ED..... ........ 0,2667-1440,3216 #7f0a0241 app:id/hotseat aid=1073741899}]
1791670705.817  1047 30967 30967 I CAM_INFO: CAM-SENSOR: msm_cam_sensor_handle_reg_gpio: 1960 Input Parameters are not proper
1791670705.817  1047 30967 30967 I CAM_INFO: CAM-TOF: cam_tof_acquire: 180 cam_tof_acquire
1791670705.817  1047 30967 30967 E         : ams-tof [INFO]  power up success.
1791670705.821 10312  5415  5453 D b/417220811: Current thumbnail: android.graphics.Bitmap@3b48bf6, replacing with android.graphics.Bitmap@9ed5517
1791670705.822 10312  5415  5415 D TaskThumbnailView: [TaskThumbnailView@5952ac9] taskId: 713 - uiState changed from: SnapshotSplash(snapshot=Snapshot(bitmap=android.graphics.Bitmap@3b48bf6, thumbnailRotation=0, backgroundColor=-15461864), splash=com.android.launcher3.icons.FastBitmapDrawable@459f03b) to: SnapshotSplash(snapshot=Snapshot(bitmap=android.graphics.Bitmap@9ed5517, thumbnailRotation=0, backgroundColor=-15461864), splash=com.android.launcher3.icons.FastBitmapDrawable@459f03b)
1791670705.822 10312  5415  5453 D b/417220811: Current thumbnail: null, replacing with null
1791670705.824 10312  5415  5415 V BaseDepthController: Applying blur: 30 to Surface(name=VRI-com.android.launcher3/com.android.launcher3.uioverrides.QuickstepLauncher#6472)/@0xf5059f2 applyImmediately: false
1791670705.825 10312  5415  5415 D BaseDepthController: shouldBlurWorkspace: false targetState: Overview currentStableState: Normal mCurrentBlur: 30 mLauncher.getDepthBlurTargets(): [com.android.launcher3.Workspace{c04cee1 V.ED..... .......D 0,0-1440,3216 #7f0a054d app:id/workspace aid=1073741834}, com.android.launcher3.Hotseat{176cc63 V.ED..... ........ 0,2667-1440,3216 #7f0a0241 app:id/hotseat aid=1073741899}]
1791670705.833 10312  5415  5415 V BaseDepthController: Applying blur: 30 to Surface(name=VRI-com.android.launcher3/com.android.launcher3.uioverrides.QuickstepLauncher#6472)/@0xf5059f2 applyImmediately: false
1791670705.833 10312  5415  5415 D BaseDepthController: shouldBlurWorkspace: false targetState: Overview currentStableState: Normal mCurrentBlur: 30 mLauncher.getDepthBlurTargets(): [com.android.launcher3.Workspace{c04cee1 V.ED..... .......D 0,0-1440,3216 #7f0a054d app:id/workspace aid=1073741834}, com.android.launcher3.Hotseat{176cc63 V.ED..... ........ 0,2667-1440,3216 #7f0a0241 app:id/hotseat aid=1073741899}]
1791670705.841 10312  5415  5415 V BaseDepthController: Applying blur: 30 to Surface(name=VRI-com.android.launcher3/com.android.launcher3.uioverrides.QuickstepLauncher#6472)/@0xf5059f2 applyImmediately: false
1791670705.841 10312  5415  5415 D BaseDepthController: shouldBlurWorkspace: false targetState: Overview currentStableState: Normal mCurrentBlur: 30 mLauncher.getDepthBlurTargets(): [com.android.launcher3.Workspace{c04cee1 V.ED..... .......D 0,0-1440,3216 #7f0a054d app:id/workspace aid=1073741834}, com.android.launcher3.Hotseat{176cc63 V.ED..... ........ 0,2667-1440,3216 #7f0a0241 app:id/hotseat aid=1073741899}]
1791670705.849 10312  5415  5415 D b/417220811: Task id: 950, thumbnailData: ThumbnailData(thumbnail=null, orientation=0, rotation=-1, insets=Rect(0, 0 - 0, 0), letterboxInsets=Rect(0, 0 - 0, 0), reducedResolution=false, isRealSnapshot=true, isTranslucent=false, windowingMode=0, appearance=0, scale=1.0, snapshotId=0), isLocked: false
1791670705.849 10312  5415  5415 D TaskThumbnailView: [TaskThumbnailView@60abeeb] taskId: 950 - uiState changed from: Uninitialized to: BackgroundOnly(backgroundColor=-16777216)
1791670705.850 10312  5415  5415 V BaseDepthController: Applying blur: 30 to Surface(name=VRI-com.android.launcher3/com.android.launcher3.uioverrides.QuickstepLauncher#6472)/@0xf5059f2 applyImmediately: false
1791670705.850 10312  5415  5415 D BaseDepthController: shouldBlurWorkspace: false targetState: Overview currentStableState: Normal mCurrentBlur: 30 mLauncher.getDepthBlurTargets(): [com.android.launcher3.Workspace{c04cee1 V.ED..... .......D 0,0-1440,3216 #7f0a054d app:id/workspace aid=1073741834}, com.android.launcher3.Hotseat{176cc63 V.ED..... ........ 0,2667-1440,3216 #7f0a0241 app:id/hotseat aid=1073741899}]
1791670705.858 10312  5415  5415 V BaseDepthController: Applying blur: 30 to Surface(name=VRI-com.android.launcher3/com.android.launcher3.uioverrides.QuickstepLauncher#6472)/@0xf5059f2 applyImmediately: false
1791670705.858 10312  5415  5415 D BaseDepthController: shouldBlurWorkspace: false targetState: Overview currentStableState: Normal mCurrentBlur: 30 mLauncher.getDepthBlurTargets(): [com.android.launcher3.Workspace{c04cee1 V.ED..... .......D 0,0-1440,3216 #7f0a054d app:id/workspace aid=1073741834}, com.android.launcher3.Hotseat{176cc63 V.ED..... ........ 0,2667-1440,3216 #7f0a0241 app:id/hotseat aid=1073741899}]
1791670705.862  1047 30967 30967 E         : ams-tof [ERROR] wait_for_tof_ready ok.
1791670705.862  1047 30967 30967 E         : ams-tof [ERROR] debug for tof8801_get_register 1
1791670705.864  1047 30967 30967 E         : ams-tof [ERROR] CPU status register: 0xe0 value: 0x00
1791670705.864  1047 30967 30967 E         : ams-tof [INFO]  ToF chip in standby state, waking up
1791670705.864  1047 30967 30967 E         : ams-tof [ERROR] debug for tof8801_get_register 2
1791670705.866  1047 30967 30967 E         : ams-tof [ERROR] CPU status register: 0xe0 value: 0x41
1791670705.866  1047 30967 30967 E         : ams-tof [INFO]  ToF chip CPU is ready
1791670705.866  1047 30967 30967 W         : ams-tof [WARN]  configuration calibration data not available 'tof8801_config_calib.bin': -2
1791670705.866  1047 30967 30967 E         : ams-tof [INFO]  Read info record - Running app_id: 0x80.
1791670705.866  1047 30967 30967 E         : ams-tof [INFO]  Trying firmware: 'tof8801_firmware.bin'...
1791670705.866  root 17932 17932 W ams-tof 9-0041: Direct firmware load for tof8801_firmware.bin failed with error -2
1791670705.866  root 17932 17932 W ams-tof 9-0041: Falling back to sysfs fallback for: tof8801_firmware.bin
1791670705.869  1047 31007 31007 I ueventd : firmware: loading 'tof8801_firmware.bin' for '/devices/platform/soc/990000.i2c/i2c-9/9-0041/firmware/tof8801_firmware.bin'
1791670705.870  1047 31007 31007 I ueventd : found /vendor/firmware/tof8801_firmware.bin for /devices/platform/soc/990000.i2c/i2c-9/9-0041/firmware/tof8801_firmware.bin
1791670705.870  1047 31007 31007 I ueventd : loading /devices/platform/soc/990000.i2c/i2c-9/9-0041/firmware/tof8801_firmware.bin took 1ms
1791670705.870  root 17932 17932 E         : ams-tof [INFO]  tof_ram_patch_callback: Ram patch in progress... 1th
1791670705.871  root 17932 17932 E         : ams-tof [INFO]  tof_ram_patch_callback: Ram patch in progress... 2th
1791670705.871  root 17932 17932 E         : ams-tof [INFO]  tof_ram_patch_callback: Ram patch in progress... 3th
1791670705.875 10312  5415  5415 V BaseDepthController: Applying blur: 30 to Surface(name=VRI-com.android.launcher3/com.android.launcher3.uioverrides.QuickstepLauncher#6472)/@0xf5059f2 applyImmediately: false
1791670705.875 10312  5415  5415 D BaseDepthController: shouldBlurWorkspace: false targetState: Overview currentStableState: Normal mCurrentBlur: 30 mLauncher.getDepthBlurTargets(): [com.android.launcher3.Workspace{c04cee1 V.ED..... .......D 0,0-1440,3216 #7f0a054d app:id/workspace aid=1073741834}, com.android.launcher3.Hotseat{176cc63 V.ED..... ........ 0,2667-1440,3216 #7f0a0241 app:id/hotseat aid=1073741899}]
1791670705.883 10312  5415  5415 V BaseDepthController: Applying blur: 30 to Surface(name=VRI-com.android.launcher3/com.android.launcher3.uioverrides.QuickstepLauncher#6472)/@0xf5059f2 applyImmediately: false
1791670705.883 10312  5415  5415 D BaseDepthController: shouldBlurWorkspace: false targetState: Overview currentStableState: Normal mCurrentBlur: 30 mLauncher.getDepthBlurTargets(): [com.android.launcher3.Workspace{c04cee1 V.ED..... .......D 0,0-1440,3216 #7f0a054d app:id/workspace aid=1073741834}, com.android.launcher3.Hotseat{176cc63 V.ED..... ........ 0,2667-1440,3216 #7f0a0241 app:id/hotseat aid=1073741899}]
1791670705.891 10312  5415  5415 V BaseDepthController: Applying blur: 30 to Surface(name=VRI-com.android.launcher3/com.android.launcher3.uioverrides.QuickstepLauncher#6472)/@0xf5059f2 applyImmediately: false
1791670705.891 10312  5415  5415 D BaseDepthController: shouldBlurWorkspace: false targetState: Overview currentStableState: Normal mCurrentBlur: 30 mLauncher.getDepthBlurTargets(): [com.android.launcher3.Workspace{c04cee1 V.ED..... .......D 0,0-1440,3216 #7f0a054d app:id/workspace aid=1073741834}, com.android.launcher3.Hotseat{176cc63 V.ED..... ........ 0,2667-1440,3216 #7f0a0241 app:id/hotseat aid=1073741899}]
1791670705.900 10312  5415  5415 V BaseDepthController: Applying blur: 30 to Surface(name=VRI-com.android.launcher3/com.android.launcher3.uioverrides.QuickstepLauncher#6472)/@0xf5059f2 applyImmediately: false
1791670705.900 10312  5415  5415 D BaseDepthController: shouldBlurWorkspace: false targetState: Overview currentStableState: Normal mCurrentBlur: 30 mLauncher.getDepthBlurTargets(): [com.android.launcher3.Workspace{c04cee1 V.ED..... .......D 0,0-1440,3216 #7f0a054d app:id/workspace aid=1073741834}, com.android.launcher3.Hotseat{176cc63 V.ED..... ........ 0,2667-1440,3216 #7f0a0241 app:id/hotseat aid=1073741899}]
1791670705.908 10312  5415  5415 V BaseDepthController: Applying blur: 30 to Surface(name=VRI-com.android.launcher3/com.android.launcher3.uioverrides.QuickstepLauncher#6472)/@0xf5059f2 applyImmediately: false
1791670705.908 10312  5415  5415 D BaseDepthController: shouldBlurWorkspace: false targetState: Overview currentStableState: Normal mCurrentBlur: 30 mLauncher.getDepthBlurTargets(): [com.android.launcher3.Workspace{c04cee1 V.ED..... .......D 0,0-1440,3216 #7f0a054d app:id/workspace aid=1073741834}, com.android.launcher3.Hotseat{176cc63 V.ED..... ........ 0,2667-1440,3216 #7f0a0241 app:id/hotseat aid=1073741899}]
1791670705.916 10312  5415  5415 D BaseDepthController: shouldBlurWorkspace: false targetState: Overview currentStableState: Normal mCurrentBlur: 30 mLauncher.getDepthBlurTargets(): [com.android.launcher3.Workspace{c04cee1 V.ED..... .......D 0,0-1440,3216 #7f0a054d app:id/workspace aid=1073741834}, com.android.launcher3.Hotseat{176cc63 V.ED..... ........ 0,2667-1440,3216 #7f0a0241 app:id/hotseat aid=1073741899}]
1791670705.925 10312  5415  5415 V BaseDepthController: Applying blur: 30 to Surface(name=VRI-com.android.launcher3/com.android.launcher3.uioverrides.QuickstepLauncher#6472)/@0xf5059f2 applyImmediately: false
1791670705.925 10312  5415  5415 D BaseDepthController: shouldBlurWorkspace: false targetState: Overview currentStableState: Normal mCurrentBlur: 30 mLauncher.getDepthBlurTargets(): [com.android.launcher3.Workspace{c04cee1 V.ED..... .......D 0,0-1440,3216 #7f0a054d app:id/workspace aid=1073741834}, com.android.launcher3.Hotseat{176cc63 V.ED..... ........ 0,2667-1440,3216 #7f0a0241 app:id/hotseat aid=1073741899}]
1791670705.933  1000  1722 31006 D vendor.qti.vibrator: Notifying perform complete
1791670705.933 10312  5415  5415 V BaseDepthController: Applying blur: 30 to Surface(name=VRI-com.android.launcher3/com.android.launcher3.uioverrides.QuickstepLauncher#6472)/@0xf5059f2 applyImmediately: false
1791670705.935  1000  1722  1722 E aw8697_activate_store: value=0
1791670705.933 10312  5415  5415 D BaseDepthController: shouldBlurWorkspace: false targetState: Overview currentStableState: Normal mCurrentBlur: 30 mLauncher.getDepthBlurTargets(): [com.android.launcher3.Workspace{c04cee1 V.ED..... .......D 0,0-1440,3216 #7f0a054d app:id/workspace aid=1073741834}, com.android.launcher3.Hotseat{176cc63 I.ED..... .......D 0,2667-1440,3216 #7f0a0241 app:id/hotseat aid=1073741899}]
1791670705.935  1000  1722  1722 D vendor.qti.vibrator: QTI Vibrator off
1791670705.935 10312  5415  5415 D StatsLog: LAUNCHER_OVERVIEW_GESTURE
1791670705.941 10303  4915  5688 D RingtonePlayer: playAsync(uri=content://settings/system/notification_sound, user=UserHandle{0})
1791670705.941 10303  4915  5688 D RingtonePlayer: play uri=content://settings/system/notification_sound
1791670705.943 10303  4915 31009 D RingtonePlayer: RemoveFirst
1791670705.943 10303  4915 31009 D RingtonePlayer: PLAY
1791670705.943 10303  4915 31009 D RingtonePlayer: startSound()
1791670705.943 10303  4915 31010 D RingtonePlayer: in run: new looper Looper (Thread-24, tid 272) {4a3bda9}
1791670705.952 10312  5415  5415 D b/417220811: Task id: 950, thumbnailData: ThumbnailData(thumbnail=null, orientation=0, rotation=-1, insets=Rect(0, 0 - 0, 0), letterboxInsets=Rect(0, 0 - 0, 0), reducedResolution=false, isRealSnapshot=true, isTranslucent=false, windowingMode=0, appearance=0, scale=1.0, snapshotId=0), isLocked: false
1791670705.953 10444  7726  9519 I NotifySyncService_7726_9519: MSG_NOTIFY_POSTED
1791670705.953 10444  7726  9519 I NotifySyncService_7726_9519: onNotificationPosted Id:9 key:0|com.f0x1d.logfox|9|/vendor/bin/hw/android.hardware.camera.provider@2.4-service_64|10761 PackageName:com.f0x1d.logfox IsOngoing:false PostTime:1791670705713 currentDeviceModel.connected: true
1791670705.954 10444  7726  9519 I NotifySyncService_7726_9519: onNotificationPosted Id:9 , appName : LogFox
1791670705.954 10444  7726  9519 I NotifySyncService_7726_9519: isFlagNoClearNotification flag = 16
1791670705.954 10444  7726  8820 I NotifyLogUtils_7726_8820: isIgnoringBatteryOptimizations true
1791670705.955 10444  7726  9519 I NotifySyncService_7726_9519: isSupportFeature emoji true
1791670705.955 10444  7726  8158 W System.err: java.io.IOException: No such file or directory
1791670705.955 10444  7726  8158 W System.err: 	at java.io.UnixFileSystem.createFileExclusively0(Native Method)
1791670705.955 10444  7726  8158 W System.err: 	at java.io.UnixFileSystem.createFileExclusively(UnixFileSystem.java:373)
1791670705.955 10444  7726  8158 W System.err: 	at java.io.File.createNewFile(File.java:1022)
1791670705.955 10444  7726  8158 W System.err: 	at epa$e.f(SourceFile:42)
1791670705.955 10444  7726  8158 W System.err: 	at epa.f(SourceFile:66)
1791670705.955 10444  7726  8158 W System.err: 	at epa.b(SourceFile:0)
1791670705.955 10444  7726  8158 W System.err: 	at epa$d.run(SourceFile:20)
1791670705.955 10444  7726  8158 W System.err: 	at java.lang.Thread.run(Thread.java:1572)
1791670705.955 10444  7726  9519 E wearable:device: Resource 7f160001 is a complex map type.
1791670705.955 10444  7726  9519 W LocaleConfig: The resource file pointed to by the given resource ID isn't found.
1791670705.955 10444  7726  8158 W System.err: java.io.IOException: No such file or directory
1791670705.955 10444  7726  8158 W System.err: 	at java.io.UnixFileSystem.createFileExclusively0(Native Method)
1791670705.955 10444  7726  8158 W System.err: 	at java.io.UnixFileSystem.createFileExclusively(UnixFileSystem.java:373)
1791670705.955 10444  7726  8158 W System.err: 	at java.io.File.createNewFile(File.java:1022)
1791670705.955 10444  7726  8158 W System.err: 	at epa$e.f(SourceFile:42)
1791670705.955 10444  7726  8158 W System.err: 	at epa.f(SourceFile:66)
1791670705.955 10444  7726  8158 W System.err: 	at epa.b(SourceFile:0)
1791670705.955 10444  7726  8158 W System.err: 	at epa$d.run(SourceFile:20)
1791670705.955 10444  7726  8158 W System.err: 	at java.lang.Thread.run(Thread.java:1572)
1791670705.940  1000  1722  1722 I aw8697_activate_store: value=0
1791670705.954 10444  8158  8158 I susfs   : [10444][8158][susfs_is_inode_sus_path] hiding path with ino '0'
1791670705.954 10444  8158  8158 I susfs   : [10444][8158][susfs_is_inode_sus_path] hiding path with ino '0'
1791670705.954 10444  8158  8158 I susfs   : [10444][8158][susfs_is_inode_sus_path] hiding path with ino '0'
1791670705.954 10444  8158  8158 I susfs   : [10444][8158][susfs_is_inode_sus_path] hiding path with ino '0'
1791670705.954 10444  8158  8158 I susfs   : [10444][8158][susfs_is_inode_sus_path] hiding path with ino '0'
1791670705.954 10444  8158  8158 I susfs   : [10444][8158][susfs_is_inode_sus_path] hiding path with ino '0'
1791670705.954 10444  8158  8158 I susfs   : [10444][8158][susfs_is_inode_sus_path] hiding path with ino '0'
1791670705.954 10444  8158  8158 I susfs   : [10444][8158][susfs_is_inode_sus_path] hiding path with ino '0'
1791670705.954 10444  8158  8158 I susfs   : [10444][8158][susfs_is_inode_sus_path] hiding path with ino '0'
1791670705.954 10444  8158  8158 I susfs   : [10444][8158][susfs_is_inode_sus_path] hiding path with ino '0'
1791670705.955 10444  8158  8158 I susfs   : [10444][8158][susfs_is_inode_sus_path] hiding path with ino '0'
1791670705.955 10444  8158  8158 I susfs   : [10444][8158][susfs_is_inode_sus_path] hiding path with ino '0'
1791670705.955 10444  8158  8158 I susfs   : [10444][8158][susfs_is_inode_sus_path] hiding path with ino '0'
1791670705.955 10444  8158  8158 I susfs   : [10444][8158][susfs_is_inode_sus_path] hiding path with ino '0'
1791670705.955 10444  8158  8158 I susfs   : [10444][8158][susfs_is_inode_sus_path] hiding path with ino '0'
1791670705.955 10444  8158  8158 I susfs   : [10444][8158][susfs_is_inode_sus_path] hiding path with ino '0'
1791670705.955 10444  8158  8158 I susfs   : [10444][8158][susfs_is_inode_sus_path] hiding path with ino '0'
1791670705.955 10444  8158  8158 I susfs   : [10444][8158][susfs_is_inode_sus_path] hiding path with ino '0'
1791670705.955 10444  8158  8158 I susfs   : [10444][8158][susfs_is_inode_sus_path] hiding path with ino '0'
1791670705.955 10444  8158  8158 I susfs   : [10444][8158][susfs_is_inode_sus_path] hiding path with ino '0'
1791670705.955 10444  8158  8158 I susfs   : [10444][8158][susfs_is_inode_sus_path] hiding path with ino '0'
1791670705.955 10444  8158  8158 I susfs   : [10444][8158][susfs_is_inode_sus_path] hiding path with ino '0'
1791670705.955 10444  8158  8158 I susfs   : [10444][8158][susfs_is_inode_sus_path] hiding path with ino '0'
1791670705.955 10444  8158  8158 I susfs   : [10444][8158][susfs_is_inode_sus_path] hiding path with ino '0'
1791670705.955 10345  5754  5754 W LocaleConfig: The resource file pointed to by the given resource ID isn't found.
1791670705.955 10444  8158  8158 I susfs   : [10444][8158][susfs_is_inode_sus_path] hiding path with ino '0'
1791670705.956 10444  7726  8158 W System.err: java.io.IOException: No such file or directory
1791670705.956 10444  7726  8158 W System.err: 	at java.io.UnixFileSystem.createFileExclusively0(Native Method)
1791670705.956 10444  7726  8158 W System.err: 	at java.io.UnixFileSystem.createFileExclusively(UnixFileSystem.java:373)
1791670705.956 10444  7726  8158 W System.err: 	at java.io.File.createNewFile(File.java:1022)
1791670705.956 10444  7726  8158 W System.err: 	at epa$e.f(SourceFile:42)
1791670705.956 10444  7726  8158 W System.err: 	at epa.f(SourceFile:66)
1791670705.956 10444  7726  8158 W System.err: 	at epa.b(SourceFile:0)
1791670705.956 10444  7726  8158 W System.err: 	at epa$d.run(SourceFile:20)
1791670705.956 10444  7726  8158 W System.err: 	at java.lang.Thread.run(Thread.java:1572)
1791670705.956 10444  7726  8158 W System.err: java.io.IOException: No such file or directory
1791670705.956 10444  7726  8158 W System.err: 	at java.io.UnixFileSystem.createFileExclusively0(Native Method)
1791670705.956 10444  7726  8158 W System.err: 	at java.io.UnixFileSystem.createFileExclusively(UnixFileSystem.java:373)
1791670705.956 10444  7726  8158 W System.err: 	at java.io.File.createNewFile(File.java:1022)
1791670705.956 10444  7726  8158 W System.err: 	at epa$e.f(SourceFile:42)
1791670705.956 10444  7726  8158 W System.err: 	at epa.f(SourceFile:66)
1791670705.956 10444  7726  8158 W System.err: 	at epa.b(SourceFile:0)
1791670705.956 10444  7726  8158 W System.err: 	at epa$d.run(SourceFile:20)
1791670705.956 10444  7726  8158 W System.err: 	at java.lang.Thread.run(Thread.java:1572)
1791670705.957 10444  7726  8158 W System.err: java.io.IOException: No such file or directory
1791670705.957 10444  7726  8158 W System.err: 	at java.io.UnixFileSystem.createFileExclusively0(Native Method)
1791670705.957 10444  7726  8158 W System.err: 	at java.io.UnixFileSystem.createFileExclusively(UnixFileSystem.java:373)
1791670705.957 10444  7726  8158 W System.err: 	at java.io.File.createNewFile(File.java:1022)
1791670705.957 10444  7726  8158 W System.err: 	at epa$e.f(SourceFile:42)
1791670705.957 10444  7726  8158 W System.err: 	at epa.f(SourceFile:66)
1791670705.957 10444  7726  8158 W System.err: 	at epa.b(SourceFile:0)
1791670705.957 10444  7726  8158 W System.err: 	at epa$d.run(SourceFile:20)
1791670705.957 10444  7726  8158 W System.err: 	at java.lang.Thread.run(Thread.java:1572)
1791670705.955 10444  8158  8158 I susfs   : [10444][8158][susfs_is_inode_sus_path] hiding path with ino '0'
1791670705.957 10444  7726  8158 W System.err: java.io.IOException: No such file or directory
1791670705.955 10444  8158  8158 I susfs   : [10444][8158][susfs_is_inode_sus_path] hiding path with ino '0'
1791670705.955 10444  8158  8158 I susfs   : [10444][8158][susfs_is_inode_sus_path] hiding path with ino '0'
1791670705.955 10444  8158  8158 I susfs   : [10444][8158][susfs_is_inode_sus_path] hiding path with ino '0'
1791670705.957 10444  7726  8158 W System.err: 	at java.io.UnixFileSystem.createFileExclusively0(Native Method)
1791670705.957 10444  7726  8158 W System.err: 	at java.io.UnixFileSystem.createFileExclusively(UnixFileSystem.java:373)
1791670705.957 10444  7726  8158 W System.err: 	at java.io.File.createNewFile(File.java:1022)
1791670705.957 10444  7726  8158 W System.err: 	at epa$e.f(SourceFile:42)
1791670705.957 10444  7726  8158 W System.err: 	at epa.f(SourceFile:66)
1791670705.957 10444  7726  8158 W System.err: 	at epa.b(SourceFile:0)
1791670705.957 10444  7726  8158 W System.err: 	at epa$d.run(SourceFile:20)
1791670705.955 10444  8158  8158 I susfs   : [10444][8158][susfs_is_inode_sus_path] hiding path with ino '0'
1791670705.955 10444  8158  8158 I susfs   : [10444][8158][susfs_is_inode_sus_path] hiding path with ino '0'
1791670705.957 10444  7726  8158 W System.err: 	at java.lang.Thread.run(Thread.java:1572)
1791670705.955 10444  8158  8158 I susfs   : [10444][8158][susfs_is_inode_sus_path] hiding path with ino '0'
1791670705.958 10444  7726  9519 E wearable:device: Resource 7f160001 is a complex map type.
1791670705.955 10444  8158  8158 I susfs   : [10444][8158][susfs_is_inode_sus_path] hiding path with ino '0'
1791670705.958 10444  7726  9519 W LocaleConfig: The resource file pointed to by the given resource ID isn't found.
1791670705.955 10444  8158  8158 I susfs   : [10444][8158][susfs_is_inode_sus_path] hiding path with ino '0'
1791670705.955 10444  8158  8158 I susfs   : [10444][8158][susfs_is_inode_sus_path] hiding path with ino '0'
1791670705.955 10444  8158  8158 I susfs   : [10444][8158][susfs_is_inode_sus_path] hiding path with ino '0'
1791670705.955 10444  8158  8158 I susfs   : [10444][8158][susfs_is_inode_sus_path] hiding path with ino '0'
1791670705.955 10444  8158  8158 I susfs   : [10444][8158][susfs_is_inode_sus_path] hiding path with ino '0'
1791670705.955 10444  8158  8158 I susfs   : [10444][8158][susfs_is_inode_sus_path] hiding path with ino '0'
1791670705.955 10444  8158  8158 I susfs   : [10444][8158][susfs_is_inode_sus_path] hiding path with ino '0'
1791670705.955 10444  8158  8158 I susfs   : [10444][8158][susfs_is_inode_sus_path] hiding path with ino '0'
1791670705.955 10444  8158  8158 I susfs   : [10444][8158][susfs_is_inode_sus_path] hiding path with ino '0'
1791670705.955 10444  8158  8158 I susfs   : [10444][8158][susfs_is_inode_sus_path] hiding path with ino '0'
1791670705.955 10444  8158  8158 I susfs   : [10444][8158][susfs_is_inode_sus_path] hiding path with ino '0'
1791670705.955 10444  8158  8158 I susfs   : [10444][8158][susfs_is_inode_sus_path] hiding path with ino '0'
1791670705.955 10444  8158  8158 I susfs   : [10444][8158][susfs_is_inode_sus_path] hiding path with ino '0'
1791670705.955 10444  8158  8158 I susfs   : [10444][8158][susfs_is_inode_sus_path] hiding path with ino '0'
1791670705.955 10444  8158  8158 I susfs   : [10444][8158][susfs_is_inode_sus_path] hiding path with ino '0'
1791670705.955 10444  8158  8158 I susfs   : [10444][8158][susfs_is_inode_sus_path] hiding path with ino '0'
1791670705.955 10444  8158  8158 I susfs   : [10444][8158][susfs_is_inode_sus_path] hiding path with ino '0'
1791670705.955 10444  8158  8158 I susfs   : [10444][8158][susfs_is_inode_sus_path] hiding path with ino '0'
1791670705.955 10444  8158  8158 I susfs   : [10444][8158][susfs_is_inode_sus_path] hiding path with ino '0'
1791670705.955 10444  8158  8158 I susfs   : [10444][8158][susfs_is_inode_sus_path] hiding path with ino '0'
1791670705.955 10444  8158  8158 I susfs   : [10444][8158][susfs_is_inode_sus_path] hiding path with ino '0'
1791670705.956 10444  8158  8158 I susfs   : [10444][8158][susfs_is_inode_sus_path] hiding path with ino '0'
1791670705.956 10444  8158  8158 I susfs   : [10444][8158][susfs_is_inode_sus_path] hiding path with ino '0'
1791670705.956 10444  8158  8158 I susfs   : [10444][8158][susfs_is_inode_sus_path] hiding path with ino '0'
1791670705.956 10444  8158  8158 I susfs   : [10444][8158][susfs_is_inode_sus_path] hiding path with ino '0'
1791670705.956 10444  8158  8158 I susfs   : [10444][8158][susfs_is_inode_sus_path] hiding path with ino '0'
1791670705.956 10444  8158  8158 I susfs   : [10444][8158][susfs_is_inode_sus_path] hiding path with ino '0'
1791670705.956 10444  8158  8158 I susfs   : [10444][8158][susfs_is_inode_sus_path] hiding path with ino '0'
1791670705.956 10444  8158  8158 I susfs   : [10444][8158][susfs_is_inode_sus_path] hiding path with ino '0'
1791670705.956 10444  8158  8158 I susfs   : [10444][8158][susfs_is_inode_sus_path] hiding path with ino '0'
1791670705.956 10444  8158  8158 I susfs   : [10444][8158][susfs_is_inode_sus_path] hiding path with ino '0'
1791670705.956 10444  8158  8158 I susfs   : [10444][8158][susfs_is_inode_sus_path] hiding path with ino '0'
1791670705.956 10444  8158  8158 I susfs   : [10444][8158][susfs_is_inode_sus_path] hiding path with ino '0'
1791670705.956 10444  8158  8158 I susfs   : [10444][8158][susfs_is_inode_sus_path] hiding path with ino '0'
1791670705.956 10444  8158  8158 I susfs   : [10444][8158][susfs_is_inode_sus_path] hiding path with ino '0'
1791670705.956 10444  8158  8158 I susfs   : [10444][8158][susfs_is_inode_sus_path] hiding path with ino '0'
1791670705.956 10444  8158  8158 I susfs   : [10444][8158][susfs_is_inode_sus_path] hiding path with ino '0'
1791670705.956 10444  8158  8158 I susfs   : [10444][8158][susfs_is_inode_sus_path] hiding path with ino '0'
1791670705.956 10444  8158  8158 I susfs   : [10444][8158][susfs_is_inode_sus_path] hiding path with ino '0'
1791670705.956 10444  8158  8158 I susfs   : [10444][8158][susfs_is_inode_sus_path] hiding path with ino '0'
1791670705.956 10444  8158  8158 I susfs   : [10444][8158][susfs_is_inode_sus_path] hiding path with ino '0'
1791670705.956 10444  8158  8158 I susfs   : [10444][8158][susfs_is_inode_sus_path] hiding path with ino '0'
1791670705.956 10444  8158  8158 I susfs   : [10444][8158][susfs_is_inode_sus_path] hiding path with ino '0'
1791670705.956 10444  8158  8158 I susfs   : [10444][8158][susfs_is_inode_sus_path] hiding path with ino '0'
1791670705.956 10444  8158  8158 I susfs   : [10444][8158][susfs_is_inode_sus_path] hiding path with ino '0'
1791670705.956 10444  8158  8158 I susfs   : [10444][8158][susfs_is_inode_sus_path] hiding path with ino '0'
1791670705.956 10444  8158  8158 I susfs   : [10444][8158][susfs_is_inode_sus_path] hiding path with ino '0'
1791670705.956 10444  8158  8158 I susfs   : [10444][8158][susfs_is_inode_sus_path] hiding path with ino '0'
1791670705.956 10444  8158  8158 I susfs   : [10444][8158][susfs_is_inode_sus_path] hiding path with ino '0'
1791670705.956 10444  8158  8158 I susfs   : [10444][8158][susfs_is_inode_sus_path] hiding path with ino '0'
1791670705.956 10444  8158  8158 I susfs   : [10444][8158][susfs_is_inode_sus_path] hiding path with ino '0'
1791670705.956 10444  8158  8158 I susfs   : [10444][8158][susfs_is_inode_sus_path] hiding path with ino '0'
1791670705.956 10444  8158  8158 I susfs   : [10444][8158][susfs_is_inode_sus_path] hiding path with ino '0'
1791670705.956 10444  8158  8158 I susfs   : [10444][8158][susfs_is_inode_sus_path] hiding path with ino '0'
1791670705.956 10444  8158  8158 I susfs   : [10444][8158][susfs_is_inode_sus_path] hiding path with ino '0'
1791670705.956 10444  8158  8158 I susfs   : [10444][8158][susfs_is_inode_sus_path] hiding path with ino '0'
1791670705.956 10444  8158  8158 I susfs   : [10444][8158][susfs_is_inode_sus_path] hiding path with ino '0'
1791670705.956 10444  8158  8158 I susfs   : [10444][8158][susfs_is_inode_sus_path] hiding path with ino '0'
1791670705.956 10444  8158  8158 I susfs   : [10444][8158][susfs_is_inode_sus_path] hiding path with ino '0'
1791670705.956 10444  8158  8158 I susfs   : [10444][8158][susfs_is_inode_sus_path] hiding path with ino '0'
1791670705.956 10444  8158  8158 I susfs   : [10444][8158][susfs_is_inode_sus_path] hiding path with ino '0'
1791670705.956 10444  8158  8158 I susfs   : [10444][8158][susfs_is_inode_sus_path] hiding path with ino '0'
1791670705.956 10444  8158  8158 I susfs   : [10444][8158][susfs_is_inode_sus_path] hiding path with ino '0'
1791670705.956 10444  8158  8158 I susfs   : [10444][8158][susfs_is_inode_sus_path] hiding path with ino '0'
1791670705.956 10444  8158  8158 I susfs   : [10444][8158][susfs_is_inode_sus_path] hiding path with ino '0'
1791670705.956 10444  8158  8158 I susfs   : [10444][8158][susfs_is_inode_sus_path] hiding path with ino '0'
1791670705.956 10444  8158  8158 I susfs   : [10444][8158][susfs_is_inode_sus_path] hiding path with ino '0'
1791670705.956 10444  8158  8158 I susfs   : [10444][8158][susfs_is_inode_sus_path] hiding path with ino '0'
1791670705.956 10444  8158  8158 I susfs   : [10444][8158][susfs_is_inode_sus_path] hiding path with ino '0'
1791670705.956 10444  8158  8158 I susfs   : [10444][8158][susfs_is_inode_sus_path] hiding path with ino '0'
1791670705.956 10444  8158  8158 I susfs   : [10444][8158][susfs_is_inode_sus_path] hiding path with ino '0'
1791670705.956 10444  8158  8158 I susfs   : [10444][8158][susfs_is_inode_sus_path] hiding path with ino '0'
1791670705.956 10444  8158  8158 I susfs   : [10444][8158][susfs_is_inode_sus_path] hiding path with ino '0'
1791670705.956 10444  8158  8158 I susfs   : [10444][8158][susfs_is_inode_sus_path] hiding path with ino '0'
1791670705.956 10444  8158  8158 I susfs   : [10444][8158][susfs_is_inode_sus_path] hiding path with ino '0'
1791670705.957 10444  8158  8158 I susfs   : [10444][8158][susfs_is_inode_sus_path] hiding path with ino '0'
1791670705.957 10444  8158  8158 I susfs   : [10444][8158][susfs_is_inode_sus_path] hiding path with ino '0'
1791670705.957 10444  8158  8158 I susfs   : [10444][8158][susfs_is_inode_sus_path] hiding path with ino '0'
1791670705.957 10444  8158  8158 I susfs   : [10444][8158][susfs_is_inode_sus_path] hiding path with ino '0'
1791670705.957 10444  8158  8158 I susfs   : [10444][8158][susfs_is_inode_sus_path] hiding path with ino '0'
1791670705.957 10444  8158  8158 I susfs   : [10444][8158][susfs_is_inode_sus_path] hiding path with ino '0'
1791670705.957 10444  8158  8158 I susfs   : [10444][8158][susfs_is_inode_sus_path] hiding path with ino '0'
1791670705.957 10444  8158  8158 I susfs   : [10444][8158][susfs_is_inode_sus_path] hiding path with ino '0'
1791670705.957 10444  8158  8158 I susfs   : [10444][8158][susfs_is_inode_sus_path] hiding path with ino '0'
1791670705.957 10444  8158  8158 I susfs   : [10444][8158][susfs_is_inode_sus_path] hiding path with ino '0'
1791670705.957 10444  8158  8158 I susfs   : [10444][8158][susfs_is_inode_sus_path] hiding path with ino '0'
1791670705.957 10444  8158  8158 I susfs   : [10444][8158][susfs_is_inode_sus_path] hiding path with ino '0'
1791670705.957 10444  8158  8158 I susfs   : [10444][8158][susfs_is_inode_sus_path] hiding path with ino '0'
1791670705.957 10444  8158  8158 I susfs   : [10444][8158][susfs_is_inode_sus_path] hiding path with ino '0'
1791670705.957 10444  8158  8158 I susfs   : [10444][8158][susfs_is_inode_sus_path] hiding path with ino '0'
1791670705.957 10444  8158  8158 I susfs   : [10444][8158][susfs_is_inode_sus_path] hiding path with ino '0'
1791670705.957 10444  8158  8158 I susfs   : [10444][8158][susfs_is_inode_sus_path] hiding path with ino '0'
1791670705.957 10444  8158  8158 I susfs   : [10444][8158][susfs_is_inode_sus_path] hiding path with ino '0'
1791670705.957 10444  8158  8158 I susfs   : [10444][8158][susfs_is_inode_sus_path] hiding path with ino '0'
1791670705.957 10444  8158  8158 I susfs   : [10444][8158][susfs_is_inode_sus_path] hiding path with ino '0'
1791670705.957 10444  8158  8158 I susfs   : [10444][8158][susfs_is_inode_sus_path] hiding path with ino '0'
1791670705.957 10444  8158  8158 I susfs   : [10444][8158][susfs_is_inode_sus_path] hiding path with ino '0'
1791670705.957 10444  8158  8158 I susfs   : [10444][8158][susfs_is_inode_sus_path] hiding path with ino '0'
1791670705.957 10444  8158  8158 I susfs   : [10444][8158][susfs_is_inode_sus_path] hiding path with ino '0'
1791670705.957 10444  8158  8158 I susfs   : [10444][8158][susfs_is_inode_sus_path] hiding path with ino '0'
1791670705.957 10444  8158  8158 I susfs   : [10444][8158][susfs_is_inode_sus_path] hiding path with ino '0'
1791670705.957 10444  8158  8158 I susfs   : [10444][8158][susfs_is_inode_sus_path] hiding path with ino '0'
1791670705.957 10444  8158  8158 I susfs   : [10444][8158][susfs_is_inode_sus_path] hiding path with ino '0'
1791670705.957 10444  8158  8158 I susfs   : [10444][8158][susfs_is_inode_sus_path] hiding path with ino '0'
1791670705.957 10444  8158  8158 I susfs   : [10444][8158][susfs_is_inode_sus_path] hiding path with ino '0'
1791670705.957 10444  8158  8158 I susfs   : [10444][8158][susfs_is_inode_sus_path] hiding path with ino '0'
1791670705.957 10444  8158  8158 I susfs   : [10444][8158][susfs_is_inode_sus_path] hiding path with ino '0'
1791670705.957 10444  8158  8158 I susfs   : [10444][8158][susfs_is_inode_sus_path] hiding path with ino '0'
1791670705.957 10444  8158  8158 I susfs   : [10444][8158][susfs_is_inode_sus_path] hiding path with ino '0'
1791670705.957 10444  8158  8158 I susfs   : [10444][8158][susfs_is_inode_sus_path] hiding path with ino '0'
1791670705.957 10444  8158  8158 I susfs   : [10444][8158][susfs_is_inode_sus_path] hiding path with ino '0'
1791670705.957 10444  8158  8158 I susfs   : [10444][8158][susfs_is_inode_sus_path] hiding path with ino '0'
1791670705.957 10444  8158  8158 I susfs   : [10444][8158][susfs_is_inode_sus_path] hiding path with ino '0'
1791670705.957 10444  8158  8158 I susfs   : [10444][8158][susfs_is_inode_sus_path] hiding path with ino '0'
1791670705.957 10444  8158  8158 I susfs   : [10444][8158][susfs_is_inode_sus_path] hiding path with ino '0'
1791670705.957 10444  8158  8158 I susfs   : [10444][8158][susfs_is_inode_sus_path] hiding path with ino '0'
1791670705.957 10444  8158  8158 I susfs   : [10444][8158][susfs_is_inode_sus_path] hiding path with ino '0'
1791670705.957 10444  8158  8158 I susfs   : [10444][8158][susfs_is_inode_sus_path] hiding path with ino '0'
1791670705.957 10444  8158  8158 I susfs   : [10444][8158][susfs_is_inode_sus_path] hiding path with ino '0'
1791670705.957 10444  8158  8158 I susfs   : [10444][8158][susfs_is_inode_sus_path] hiding path with ino '0'
1791670705.957 10444  8158  8158 I susfs   : [10444][8158][susfs_is_inode_sus_path] hiding path with ino '0'
1791670705.957 10444  8158  8158 I susfs   : [10444][8158][susfs_is_inode_sus_path] hiding path with ino '0'
1791670705.957 10444  8158  8158 I susfs   : [10444][8158][susfs_is_inode_sus_path] hiding path with ino '0'
1791670705.971 media  4181  4181 D NuPlayerDriver: NuPlayerDriver(0xef901ff0) created, clientPid(4915)
1791670705.971  1000   766   766 I hwservicemanager: getTransport: Cannot find entry android.hardware.media.omx@1.0::IOmx/default in either framework or device VINTF manifest.
1791670705.971 media  4181  4181 D MediaPlayerService: OMX service is not available
1791670705.978 10444  7726  9519 D LocalImageResolver: Couldn't use ImageDecoder for drawable, falling back to non-resized load.
1791670705.979 media  4181 31013 D GenericSource: FileSource remote
1791670705.979 10444  7726  9519 I NotifySyncService_7726_9519: isMediaNotification = , style = null, isMediaStyle = false, token = null
1791670705.980 10444  7726  9519 I NotifySyncService_7726_9519: onNotificationPosted Id:9 -> MSG_NOTIFY_ADD
1791670705.980 10444  7726  9519 I NotifySyncService_7726_9519: onNotificationPosted notification messageStyle user name: null
1791670705.980 10444  7726  9519 I NotifySyncService_7726_9519: getNotificationActions wearableActions size: 0
1791670705.980 10444  7726  9519 I NotifySyncService_7726_9519: createNewReplyActions action uuid: b9db1072-6fc3-4c16-9001-316495f50e15 , title: Kopyala, remoteInputs.size: null
1791670705.980 10444  7726  9519 I NotifySyncService_7726_9519: add open on phone action contentIntent is null false
1791670705.980 10444  7726  9519 I NotifySyncService_7726_9519: setUpActions [a: "b9db1072-6fc3-4c16-9001-316495f50e15"
1791670705.980 10444  7726  9519 I NotifySyncService_7726_9519: b: "Kopyala"
1791670705.980 10444  7726  9519 I NotifySyncService_7726_9519: c: true
1791670705.980 10444  7726  9519 I NotifySyncService_7726_9519: , a: "546b4167-42de-43d9-bf47-911f8e388ffb"
1791670705.980 10444  7726  9519 I NotifySyncService_7726_9519: b: "open on phone"
1791670705.980 10444  7726  9519 I NotifySyncService_7726_9519: c: false
1791670705.980 10444  7726  9519 I NotifySyncService_7726_9519: ]
1791670705.981 10444  7726  9519 I NotifySyncService_7726_9519: isNeedRemoveNotify notificationNotEnabled: id = 9
1791670705.981 10444  7726  9519 I NotifySyncService_7726_9519: handleMessages  MSG_NOTIFY_ADD
1791670705.981 10444  7726  9519 I NotifySyncService_7726_9519: send MSG_NOTIFY_ADD_TIMEOUT
1791670705.980 10444  8158  8158 I susfs   : [10444][8158][susfs_is_inode_sus_path] hiding path with ino '0'
1791670705.980 10444  8158  8158 I susfs   : [10444][8158][susfs_is_inode_sus_path] hiding path with ino '0'
1791670705.980 10444  8158  8158 I susfs   : [10444][8158][susfs_is_inode_sus_path] hiding path with ino '0'
1791670705.980 10444  8158  8158 I susfs   : [10444][8158][susfs_is_inode_sus_path] hiding path with ino '0'
1791670705.980 10444  8158  8158 I susfs   : [10444][8158][susfs_is_inode_sus_path] hiding path with ino '0'
1791670705.980 10444  8158  8158 I susfs   : [10444][8158][susfs_is_inode_sus_path] hiding path with ino '0'
1791670705.980 10444  8158  8158 I susfs   : [10444][8158][susfs_is_inode_sus_path] hiding path with ino '0'
1791670705.980 10444  8158  8158 I susfs   : [10444][8158][susfs_is_inode_sus_path] hiding path with ino '0'
1791670705.980 10444  8158  8158 I susfs   : [10444][8158][susfs_is_inode_sus_path] hiding path with ino '0'
1791670705.980 10444  8158  8158 I susfs   : [10444][8158][susfs_is_inode_sus_path] hiding path with ino '0'
1791670705.980 10444  8158  8158 I susfs   : [10444][8158][susfs_is_inode_sus_path] hiding path with ino '0'
1791670705.980 10444  8158  8158 I susfs   : [10444][8158][susfs_is_inode_sus_path] hiding path with ino '0'
1791670705.980 10444  8158  8158 I susfs   : [10444][8158][susfs_is_inode_sus_path] hiding path with ino '0'
1791670705.980 10444  8158  8158 I susfs   : [10444][8158][susfs_is_inode_sus_path] hiding path with ino '0'
1791670705.981 10444  8158  8158 I susfs   : [10444][8158][susfs_is_inode_sus_path] hiding path with ino '0'
1791670705.981 10444  8158  8158 I susfs   : [10444][8158][susfs_is_inode_sus_path] hiding path with ino '0'
1791670705.981 10444  8158  8158 I susfs   : [10444][8158][susfs_is_inode_sus_path] hiding path with ino '0'
1791670705.981 10444  8158  8158 I susfs   : [10444][8158][susfs_is_inode_sus_path] hiding path with ino '0'
1791670705.981 10444  8158  8158 I susfs   : [10444][8158][susfs_is_inode_sus_path] hiding path with ino '0'
1791670705.981 10444  8158  8158 I susfs   : [10444][8158][susfs_is_inode_sus_path] hiding path with ino '0'
1791670705.981 10444  8158  8158 I susfs   : [10444][8158][susfs_is_inode_sus_path] hiding path with ino '0'
1791670705.981 10444  8158  8158 I susfs   : [10444][8158][susfs_is_inode_sus_path] hiding path with ino '0'
1791670705.981 10444  8158  8158 I susfs   : [10444][8158][susfs_is_inode_sus_path] hiding path with ino '0'
1791670705.981 10444  8158  8158 I susfs   : [10444][8158][susfs_is_inode_sus_path] hiding path with ino '0'
1791670705.981 10444  8158  8158 I susfs   : [10444][8158][susfs_is_inode_sus_path] hiding path with ino '0'
1791670705.981 10444  8158  8158 I susfs   : [10444][8158][susfs_is_inode_sus_path] hiding path with ino '0'
1791670705.981 10444  8158  8158 I susfs   : [10444][8158][susfs_is_inode_sus_path] hiding path with ino '0'
1791670705.981 10444  8158  8158 I susfs   : [10444][8158][susfs_is_inode_sus_path] hiding path with ino '0'
1791670705.981 10444  8158  8158 I susfs   : [10444][8158][susfs_is_inode_sus_path] hiding path with ino '0'
1791670705.982 10444  8158  8158 I susfs   : [10444][8158][susfs_is_inode_sus_path] hiding path with ino '0'
1791670705.982 10444  8158  8158 I susfs   : [10444][8158][susfs_is_inode_sus_path] hiding path with ino '0'
1791670705.982 10444  8158  8158 I susfs   : [10444][8158][susfs_is_inode_sus_path] hiding path with ino '0'
1791670705.982 10444  8158  8158 I susfs   : [10444][8158][susfs_is_inode_sus_path] hiding path with ino '0'
1791670705.982 10444  8158  8158 I susfs   : [10444][8158][susfs_is_inode_sus_path] hiding path with ino '0'
1791670705.982 10444  8158  8158 I susfs   : [10444][8158][susfs_is_inode_sus_path] hiding path with ino '0'
1791670705.982 10444  8158  8158 I susfs   : [10444][8158][susfs_is_inode_sus_path] hiding path with ino '0'
1791670705.982 10444  8158  8158 I susfs   : [10444][8158][susfs_is_inode_sus_path] hiding path with ino '0'
1791670705.982 10444  8158  8158 I susfs   : [10444][8158][susfs_is_inode_sus_path] hiding path with ino '0'
1791670705.982 10444  8158  8158 I susfs   : [10444][8158][susfs_is_inode_sus_path] hiding path with ino '0'
1791670705.982 10444  8158  8158 I susfs   : [10444][8158][susfs_is_inode_sus_path] hiding path with ino '0'
1791670705.982 10444  8158  8158 I susfs   : [10444][8158][susfs_is_inode_sus_path] hiding path with ino '0'
1791670705.982 10444  8158  8158 I susfs   : [10444][8158][susfs_is_inode_sus_path] hiding path with ino '0'
1791670705.982 10444  8158  8158 I susfs   : [10444][8158][susfs_is_inode_sus_path] hiding path with ino '0'
1791670705.982 10444  8158  8158 I susfs   : [10444][8158][susfs_is_inode_sus_path] hiding path with ino '0'
1791670705.982 10444  8158  8158 I susfs   : [10444][8158][susfs_is_inode_sus_path] hiding path with ino '0'
1791670705.982 10444  8158  8158 I susfs   : [10444][8158][susfs_is_inode_sus_path] hiding path with ino '0'
1791670705.982 10444  8158  8158 I susfs   : [10444][8158][susfs_is_inode_sus_path] hiding path with ino '0'
1791670705.982 10444  8158  8158 I susfs   : [10444][8158][susfs_is_inode_sus_path] hiding path with ino '0'
1791670705.982 10444  8158  8158 I susfs   : [10444][8158][susfs_is_inode_sus_path] hiding path with ino '0'
1791670705.982 10444  8158  8158 I susfs   : [10444][8158][susfs_is_inode_sus_path] hiding path with ino '0'
1791670705.982 10444  8158  8158 I susfs   : [10444][8158][susfs_is_inode_sus_path] hiding path with ino '0'
1791670705.982 10444  8158  8158 I susfs   : [10444][8158][susfs_is_inode_sus_path] hiding path with ino '0'
1791670705.983 10444  8158  8158 I susfs   : [10444][8158][susfs_is_inode_sus_path] hiding path with ino '0'
1791670705.983 10444  8158  8158 I susfs   : [10444][8158][susfs_is_inode_sus_path] hiding path with ino '0'
1791670705.983 10444  8158  8158 I susfs   : [10444][8158][susfs_is_inode_sus_path] hiding path with ino '0'
1791670705.983 10444  8158  8158 I susfs   : [10444][8158][susfs_is_inode_sus_path] hiding path with ino '0'
1791670705.983 10444  8158  8158 I susfs   : [10444][8158][susfs_is_inode_sus_path] hiding path with ino '0'
1791670705.983 10444  8158  8158 I susfs   : [10444][8158][susfs_is_inode_sus_path] hiding path with ino '0'
1791670705.983 10444  8158  8158 I susfs   : [10444][8158][susfs_is_inode_sus_path] hiding path with ino '0'
1791670705.983 10444  8158  8158 I susfs   : [10444][8158][susfs_is_inode_sus_path] hiding path with ino '0'
1791670705.983 10444  8158  8158 I susfs   : [10444][8158][susfs_is_inode_sus_path] hiding path with ino '0'
1791670705.983 10444  8158  8158 I susfs   : [10444][8158][susfs_is_inode_sus_path] hiding path with ino '0'
1791670705.983 10444  8158  8158 I susfs   : [10444][8158][susfs_is_inode_sus_path] hiding path with ino '0'
1791670705.983 10444  8158  8158 I susfs   : [10444][8158][susfs_is_inode_sus_path] hiding path with ino '0'
1791670705.983 10444  8158  8158 I susfs   : [10444][8158][susfs_is_inode_sus_path] hiding path with ino '0'
1791670705.983 10444  8158  8158 I susfs   : [10444][8158][susfs_is_inode_sus_path] hiding path with ino '0'
1791670705.983 10444  8158  8158 I susfs   : [10444][8158][susfs_is_inode_sus_path] hiding path with ino '0'
1791670705.983 10444  8158  8158 I susfs   : [10444][8158][susfs_is_inode_sus_path] hiding path with ino '0'
1791670705.984 10444  8158  8158 I susfs   : [10444][8158][susfs_is_inode_sus_path] hiding path with ino '0'
1791670705.984 10444  8158  8158 I susfs   : [10444][8158][susfs_is_inode_sus_path] hiding path with ino '0'
1791670705.984 10444  8158  8158 I susfs   : [10444][8158][susfs_is_inode_sus_path] hiding path with ino '0'
1791670705.984 10444  8158  8158 I susfs   : [10444][8158][susfs_is_inode_sus_path] hiding path with ino '0'
1791670705.984 10444  8158  8158 I susfs   : [10444][8158][susfs_is_inode_sus_path] hiding path with ino '0'
1791670705.984 10444  8158  8158 I susfs   : [10444][8158][susfs_is_inode_sus_path] hiding path with ino '0'
1791670705.984 10444  8158  8158 I susfs   : [10444][8158][susfs_is_inode_sus_path] hiding path with ino '0'
1791670705.984 10444  8158  8158 I susfs   : [10444][8158][susfs_is_inode_sus_path] hiding path with ino '0'
1791670705.984 10444  8158  8158 I susfs   : [10444][8158][susfs_is_inode_sus_path] hiding path with ino '0'
1791670705.984 10444  8158  8158 I susfs   : [10444][8158][susfs_is_inode_sus_path] hiding path with ino '0'
1791670705.984 10444  8158  8158 I susfs   : [10444][8158][susfs_is_inode_sus_path] hiding path with ino '0'
1791670705.984 10444  8158  8158 I susfs   : [10444][8158][susfs_is_inode_sus_path] hiding path with ino '0'
1791670705.984 10444  8158  8158 I susfs   : [10444][8158][susfs_is_inode_sus_path] hiding path with ino '0'
1791670705.984 10444  8158  8158 I susfs   : [10444][8158][susfs_is_inode_sus_path] hiding path with ino '0'
1791670705.984 10444  8158  8158 I susfs   : [10444][8158][susfs_is_inode_sus_path] hiding path with ino '0'
1791670705.984 10444  8158  8158 I susfs   : [10444][8158][susfs_is_inode_sus_path] hiding path with ino '0'
1791670705.984 10444  8158  8158 I susfs   : [10444][8158][susfs_is_inode_sus_path] hiding path with ino '0'
1791670705.984 10444  8158  8158 I susfs   : [10444][8158][susfs_is_inode_sus_path] hiding path with ino '0'
1791670705.984 10444  8158  8158 I susfs   : [10444][8158][susfs_is_inode_sus_path] hiding path with ino '0'
1791670705.985 10444  8158  8158 I susfs   : [10444][8158][susfs_is_inode_sus_path] hiding path with ino '0'
1791670705.985 10444  8158  8158 I susfs   : [10444][8158][susfs_is_inode_sus_path] hiding path with ino '0'
1791670705.985 10444  8158  8158 I susfs   : [10444][8158][susfs_is_inode_sus_path] hiding path with ino '0'
1791670705.985 10444  8158  8158 I susfs   : [10444][8158][susfs_is_inode_sus_path] hiding path with ino '0'
1791670705.985 10444  8158  8158 I susfs   : [10444][8158][susfs_is_inode_sus_path] hiding path with ino '0'
1791670705.985 10444  8158  8158 I susfs   : [10444][8158][susfs_is_inode_sus_path] hiding path with ino '0'
1791670705.985 10444  8158  8158 I susfs   : [10444][8158][susfs_is_inode_sus_path] hiding path with ino '0'
1791670705.985 10444  8158  8158 I susfs   : [10444][8158][susfs_is_inode_sus_path] hiding path with ino '0'
1791670705.985 10444  8158  8158 I susfs   : [10444][8158][susfs_is_inode_sus_path] hiding path with ino '0'
1791670705.985 10444  8158  8158 I susfs   : [10444][8158][susfs_is_inode_sus_path] hiding path with ino '0'
1791670705.985 10444  8158  8158 I susfs   : [10444][8158][susfs_is_inode_sus_path] hiding path with ino '0'
1791670705.985 10444  8158  8158 I susfs   : [10444][8158][susfs_is_inode_sus_path] hiding path with ino '0'
1791670705.985 10444  8158  8158 I susfs   : [10444][8158][susfs_is_inode_sus_path] hiding path with ino '0'
1791670705.985 10444  8158  8158 I susfs   : [10444][8158][susfs_is_inode_sus_path] hiding path with ino '0'
1791670705.985 10444  8158  8158 I susfs   : [10444][8158][susfs_is_inode_sus_path] hiding path with ino '0'
1791670705.985 10444  8158  8158 I susfs   : [10444][8158][susfs_is_inode_sus_path] hiding path with ino '0'
1791670705.985 10444  8158  8158 I susfs   : [10444][8158][susfs_is_inode_sus_path] hiding path with ino '0'
1791670705.986 10444  8158  8158 I susfs   : [10444][8158][susfs_is_inode_sus_path] hiding path with ino '0'
1791670705.986 10444  8158  8158 I susfs   : [10444][8158][susfs_is_inode_sus_path] hiding path with ino '0'
1791670705.986 10444  8158  8158 I susfs   : [10444][8158][susfs_is_inode_sus_path] hiding path with ino '0'
1791670705.986 10444  8158  8158 I susfs   : [10444][8158][susfs_is_inode_sus_path] hiding path with ino '0'
1791670705.986 10444  8158  8158 I susfs   : [10444][8158][susfs_is_inode_sus_path] hiding path with ino '0'
1791670705.986 10444  8158  8158 I susfs   : [10444][8158][susfs_is_inode_sus_path] hiding path with ino '0'
1791670705.986 10444  8158  8158 I susfs   : [10444][8158][susfs_is_inode_sus_path] hiding path with ino '0'
1791670705.986 10444  8158  8158 I susfs   : [10444][8158][susfs_is_inode_sus_path] hiding path with ino '0'
1791670705.981 10444  7726  8158 W System.err: java.io.IOException: No such file or directory
1791670705.986 10444  8158  8158 I susfs   : [10444][8158][susfs_is_inode_sus_path] hiding path with ino '0'
1791670705.986 10444  8158  8158 I susfs   : [10444][8158][susfs_is_inode_sus_path] hiding path with ino '0'
1791670705.981 10444  7726  8158 W System.err: 	at java.io.UnixFileSystem.createFileExclusively0(Native Method)
1791670705.981 10444  7726  8158 W System.err: 	at java.io.UnixFileSystem.createFileExclusively(UnixFileSystem.java:373)
1791670705.981 10444  7726  8158 W System.err: 	at java.io.File.createNewFile(File.java:1022)
1791670705.981 10444  7726  8158 W System.err: 	at epa$e.f(SourceFile:42)
1791670705.981 10444  7726  8158 W System.err: 	at epa.f(SourceFile:66)
1791670705.981 10444  7726  8158 W System.err: 	at epa.b(SourceFile:0)
1791670705.981 10444  7726  8158 W System.err: 	at epa$d.run(SourceFile:20)
1791670705.981 10444  7726  8158 W System.err: 	at java.lang.Thread.run(Thread.java:1572)
1791670705.982 10444  7726  8158 W System.err: java.io.IOException: No such file or directory
1791670705.983 10444  7726  8158 W System.err: 	at java.io.UnixFileSystem.createFileExclusively0(Native Method)
1791670705.983 10444  7726  8158 W System.err: 	at java.io.UnixFileSystem.createFileExclusively(UnixFileSystem.java:373)
1791670705.983 10444  7726  8158 W System.err: 	at java.io.File.createNewFile(File.java:1022)
1791670705.983 10444  7726  8158 W System.err: 	at epa$e.f(SourceFile:42)
1791670705.983 10444  7726  8158 W System.err: 	at epa.f(SourceFile:66)
1791670705.983 10444  7726  8158 W System.err: 	at epa.b(SourceFile:0)
1791670705.983 10444  7726  8158 W System.err: 	at epa$d.run(SourceFile:20)
1791670705.983 10444  7726  8158 W System.err: 	at java.lang.Thread.run(Thread.java:1572)
1791670705.984 10444  7726  8158 W System.err: java.io.IOException: No such file or directory
1791670705.986 10444  8158  8158 I susfs   : [10444][8158][susfs_is_inode_sus_path] hiding path with ino '0'
1791670705.986 10444  8158  8158 I susfs   : [10444][8158][susfs_is_inode_sus_path] hiding path with ino '0'
1791670705.986 10444  8158  8158 I susfs   : [10444][8158][susfs_is_inode_sus_path] hiding path with ino '0'
1791670705.986 10444  8158  8158 I susfs   : [10444][8158][susfs_is_inode_sus_path] hiding path with ino '0'
1791670705.984 10444  7726  8158 W System.err: 	at java.io.UnixFileSystem.createFileExclusively0(Native Method)
1791670705.986 10444  8158  8158 I susfs   : [10444][8158][susfs_is_inode_sus_path] hiding path with ino '0'
1791670705.984 10444  7726  8158 W System.err: 	at java.io.UnixFileSystem.createFileExclusively(UnixFileSystem.java:373)
1791670705.986 10444  8158  8158 I susfs   : [10444][8158][susfs_is_inode_sus_path] hiding path with ino '0'
1791670705.984 10444  7726  8158 W System.err: 	at java.io.File.createNewFile(File.java:1022)
1791670705.984 10444  7726  8158 W System.err: 	at epa$e.f(SourceFile:42)
1791670705.986 10444  8158  8158 I susfs   : [10444][8158][susfs_is_inode_sus_path] hiding path with ino '0'
1791670705.984 10444  7726  8158 W System.err: 	at epa.f(SourceFile:66)
1791670705.986 10444  8158  8158 I susfs   : [10444][8158][susfs_is_inode_sus_path] hiding path with ino '0'
1791670705.984 10444  7726  8158 W System.err: 	at epa.b(SourceFile:0)
1791670705.986 10444  8158  8158 I susfs   : [10444][8158][susfs_is_inode_sus_path] hiding path with ino '0'
1791670705.984 10444  7726  8158 W System.err: 	at epa$d.run(SourceFile:20)
1791670705.984 10444  7726  8158 W System.err: 	at java.lang.Thread.run(Thread.java:1572)
1791670705.986 10444  8158  8158 I susfs   : [10444][8158][susfs_is_inode_sus_path] hiding path with ino '0'
1791670705.985 10444  7726  8158 W System.err: java.io.IOException: No such file or directory
1791670705.985 10444  7726  8158 W System.err: 	at java.io.UnixFileSystem.createFileExclusively0(Native Method)
1791670705.986 10444  8158  8158 I susfs   : [10444][8158][susfs_is_inode_sus_path] hiding path with ino '0'
1791670705.985 10444  7726  8158 W System.err: 	at java.io.UnixFileSystem.createFileExclusively(UnixFileSystem.java:373)
1791670705.985 10444  7726  8158 W System.err: 	at java.io.File.createNewFile(File.java:1022)
1791670705.987 10444  8158  8158 I susfs   : [10444][8158][susfs_is_inode_sus_path] hiding path with ino '0'
1791670705.985 10444  7726  8158 W System.err: 	at epa$e.f(SourceFile:42)
1791670705.987 10444  8158  8158 I susfs   : [10444][8158][susfs_is_inode_sus_path] hiding path with ino '0'
1791670705.985 10444  7726  8158 W System.err: 	at epa.f(SourceFile:66)
1791670705.985 10444  7726  8158 W System.err: 	at epa.b(SourceFile:0)
1791670705.987 10444  8158  8158 I susfs   : [10444][8158][susfs_is_inode_sus_path] hiding path with ino '0'
1791670705.985 10444  7726  8158 W System.err: 	at epa$d.run(SourceFile:20)
1791670705.985 10444  7726  8158 W System.err: 	at java.lang.Thread.run(Thread.java:1572)
1791670705.987 10444  8158  8158 I susfs   : [10444][8158][susfs_is_inode_sus_path] hiding path with ino '0'
1791670705.987 10444  7726  8158 W System.err: java.io.IOException: No such file or directory
1791670705.987 10444  7726  8158 W System.err: 	at java.io.UnixFileSystem.createFileExclusively0(Native Method)
1791670705.987 10444  8158  8158 I susfs   : [10444][8158][susfs_is_inode_sus_path] hiding path with ino '0'
1791670705.987 10444  7726  8158 W System.err: 	at java.io.UnixFileSystem.createFileExclusively(UnixFileSystem.java:373)
1791670705.987 10444  7726  8158 W System.err: 	at java.io.File.createNewFile(File.java:1022)
1791670705.987 10444  7726  8158 W System.err: 	at epa$e.f(SourceFile:42)
1791670705.987 10444  7726  8158 W System.err: 	at epa.f(SourceFile:66)
1791670705.987 10444  8158  8158 I susfs   : [10444][8158][susfs_is_inode_sus_path] hiding path with ino '0'
1791670705.987 10444  8158  8158 I susfs   : [10444][8158][susfs_is_inode_sus_path] hiding path with ino '0'
1791670705.987 10444  8158  8158 I susfs   : [10444][8158][susfs_is_inode_sus_path] hiding path with ino '0'
1791670705.987 10444  8158  8158 I susfs   : [10444][8158][susfs_is_inode_sus_path] hiding path with ino '0'
1791670705.987 10444  8158  8158 I susfs   : [10444][8158][susfs_is_inode_sus_path] hiding path with ino '0'
1791670705.987 10444  7726  8158 W System.err: 	at epa.b(SourceFile:0)
1791670705.987 10444  8158  8158 I susfs   : [10444][8158][susfs_is_inode_sus_path] hiding path with ino '0'
1791670705.987 10444  7726  8158 W System.err: 	at epa$d.run(SourceFile:20)
1791670705.987 10444  8158  8158 I susfs   : [10444][8158][susfs_is_inode_sus_path] hiding path with ino '0'
1791670705.987 10444  8158  8158 I susfs   : [10444][8158][susfs_is_inode_sus_path] hiding path with ino '0'
1791670705.987 10444  7726  8158 W System.err: 	at java.lang.Thread.run(Thread.java:1572)
1791670705.988 10303  4915 31010 D RingtonePlayer: requesting AudioFocus
1791670705.987 10444  8158  8158 I susfs   : [10444][8158][susfs_is_inode_sus_path] hiding path with ino '0'
1791670705.988 10444  7726  8158 W System.err: java.io.IOException: No such file or directory
1791670705.988 10444  7726  8158 W System.err: 	at java.io.UnixFileSystem.createFileExclusively0(Native Method)
1791670705.987 10444  8158  8158 I susfs   : [10444][8158][susfs_is_inode_sus_path] hiding path with ino '0'
1791670705.988 10444  7726  8158 W System.err: 	at java.io.UnixFileSystem.createFileExclusively(UnixFileSystem.java:373)
1791670705.988 10444  8158  8158 I susfs   : [10444][8158][susfs_is_inode_sus_path] hiding path with ino '0'
1791670705.988 10444  8158  8158 I susfs   : [10444][8158][susfs_is_inode_sus_path] hiding path with ino '0'
1791670705.988 10444  7726  8158 W System.err: 	at java.io.File.createNewFile(File.java:1022)
1791670705.988 10444  8158  8158 I susfs   : [10444][8158][susfs_is_inode_sus_path] hiding path with ino '0'
1791670705.988 10444  7726  8158 W System.err: 	at epa$e.f(SourceFile:42)
1791670705.988 10444  7726  8158 W System.err: 	at epa.f(SourceFile:66)
1791670705.988 10444  8158  8158 I susfs   : [10444][8158][susfs_is_inode_sus_path] hiding path with ino '0'
1791670705.988 10444  7726  8158 W System.err: 	at epa.b(SourceFile:0)
1791670705.988 10444  8158  8158 I susfs   : [10444][8158][susfs_is_inode_sus_path] hiding path with ino '0'
1791670705.988 10444  7726  8158 W System.err: 	at epa$d.run(SourceFile:20)
1791670705.988 10444  8158  8158 I susfs   : [10444][8158][susfs_is_inode_sus_path] hiding path with ino '0'
1791670705.988 10444  8158  8158 I susfs   : [10444][8158][susfs_is_inode_sus_path] hiding path with ino '0'
1791670705.988 10444  8158  8158 I susfs   : [10444][8158][susfs_is_inode_sus_path] hiding path with ino '0'
1791670705.988 10444  8158  8158 I susfs   : [10444][8158][susfs_is_inode_sus_path] hiding path with ino '0'
1791670705.988 10444  8158  8158 I susfs   : [10444][8158][susfs_is_inode_sus_path] hiding path with ino '0'
1791670705.988 10444  8158  8158 I susfs   : [10444][8158][susfs_is_inode_sus_path] hiding path with ino '0'
1791670705.988 10444  8158  8158 I susfs   : [10444][8158][susfs_is_inode_sus_path] hiding path with ino '0'
1791670705.988 10444  8158  8158 I susfs   : [10444][8158][susfs_is_inode_sus_path] hiding path with ino '0'
1791670705.988 10444  8158  8158 I susfs   : [10444][8158][susfs_is_inode_sus_path] hiding path with ino '0'
1791670705.988 10444  8158  8158 I susfs   : [10444][8158][susfs_is_inode_sus_path] hiding path with ino '0'
1791670705.988 10444  8158  8158 I susfs   : [10444][8158][susfs_is_inode_sus_path] hiding path with ino '0'
1791670705.988 10444  8158  8158 I susfs   : [10444][8158][susfs_is_inode_sus_path] hiding path with ino '0'
1791670705.988 10444  7726  8158 W System.err: 	at java.lang.Thread.run(Thread.java:1572)
1791670705.990 10444  7726  8158 W System.err: java.io.IOException: No such file or directory
1791670705.990 10444  7726  8158 W System.err: 	at java.io.UnixFileSystem.createFileExclusively0(Native Method)
1791670705.990 10444  7726  8158 W System.err: 	at java.io.UnixFileSystem.createFileExclusively(UnixFileSystem.java:373)
1791670705.990 10444  7726  8158 W System.err: 	at java.io.File.createNewFile(File.java:1022)
1791670705.990 10444  7726  8158 W System.err: 	at epa$e.f(SourceFile:42)
1791670705.990 10444  7726  8158 W System.err: 	at epa.f(SourceFile:66)
1791670705.990 10444  7726  8158 W System.err: 	at epa.b(SourceFile:0)
1791670705.990 10444  7726  8158 W System.err: 	at epa$d.run(SourceFile:20)
1791670705.990 10444  7726  8158 W System.err: 	at java.lang.Thread.run(Thread.java:1572)
1791670705.991  1000  4337  6600 I MediaFocusControl: requestAudioFocus() from uid/pid 10303/4915 AA=USAGE_NOTIFICATION/CONTENT_TYPE_SONIFICATION clientId=android.media.AudioManager@1d23606 callingPack=com.android.systemui req=3 flags=0x0 sdk=37
1791670705.991  1000  4337  6600 I AS.FadeOutManager: unfadeOutUid() uid:10303
1791670705.988 10444  8158  8158 I susfs   : [10444][8158][susfs_is_inode_sus_path] hiding path with ino '0'
1791670705.991 10444  7726  8158 W System.err: java.io.IOException: No such file or directory
1791670705.988 10444  8158  8158 I susfs   : [10444][8158][susfs_is_inode_sus_path] hiding path with ino '0'
1791670705.991 10303  4915 31010 D RingtonePlayer: notification will be delayed by 500ms
1791670705.991 10444  7726  8158 W System.err: 	at java.io.UnixFileSystem.createFileExclusively0(Native Method)
1791670705.989 10444  8158  8158 I susfs   : [10444][8158][susfs_is_inode_sus_path] hiding path with ino '0'
1791670705.991 10444  7726  8158 W System.err: 	at java.io.UnixFileSystem.createFileExclusively(UnixFileSystem.java:373)
1791670705.989 10444  8158  8158 I susfs   : [10444][8158][susfs_is_inode_sus_path] hiding path with ino '0'
1791670705.991 10444  7726  8158 W System.err: 	at java.io.File.createNewFile(File.java:1022)
1791670705.991 10444  7726  8158 W System.err: 	at epa$e.f(SourceFile:42)
1791670705.989 10444  8158  8158 I susfs   : [10444][8158][susfs_is_inode_sus_path] hiding path with ino '0'
1791670705.992 10444  7726  8158 W System.err: 	at epa.f(SourceFile:66)
1791670705.992 10444  7726  8158 W System.err: 	at epa.b(SourceFile:0)
1791670705.989 10444  8158  8158 I susfs   : [10444][8158][susfs_is_inode_sus_path] hiding path with ino '0'
1791670705.992 10444  7726  8158 W System.err: 	at epa$d.run(SourceFile:20)
1791670705.989 10444  8158  8158 I susfs   : [10444][8158][susfs_is_inode_sus_path] hiding path with ino '0'
1791670705.992 10444  7726  8158 W System.err: 	at java.lang.Thread.run(Thread.java:1572)
1791670705.993 10444  7726  8158 W System.err: java.io.IOException: No such file or directory
1791670705.989 10444  8158  8158 I susfs   : [10444][8158][susfs_is_inode_sus_path] hiding path with ino '0'
1791670705.993 10444  7726  8158 W System.err: 	at java.io.UnixFileSystem.createFileExclusively0(Native Method)
1791670705.989 10444  8158  8158 I susfs   : [10444][8158][susfs_is_inode_sus_path] hiding path with ino '0'
1791670705.993 10444  7726  8158 W System.err: 	at java.io.UnixFileSystem.createFileExclusively(UnixFileSystem.java:373)
1791670705.993 10444  7726  8158 W System.err: 	at java.io.File.createNewFile(File.java:1022)
1791670705.989 10444  8158  8158 I susfs   : [10444][8158][susfs_is_inode_sus_path] hiding path with ino '0'
1791670705.993 10444  7726  8158 W System.err: 	at epa$e.f(SourceFile:42)
1791670705.989 10444  8158  8158 I susfs   : [10444][8158][susfs_is_inode_sus_path] hiding path with ino '0'
1791670705.993 10444  7726  8158 W System.err: 	at epa.f(SourceFile:66)
1791670705.989 10444  8158  8158 I susfs   : [10444][8158][susfs_is_inode_sus_path] hiding path with ino '0'
1791670705.989 10444  8158  8158 I susfs   : [10444][8158][susfs_is_inode_sus_path] hiding path with ino '0'
1791670705.989 10444  8158  8158 I susfs   : [10444][8158][susfs_is_inode_sus_path] hiding path with ino '0'
1791670705.989 10444  8158  8158 I susfs   : [10444][8158][susfs_is_inode_sus_path] hiding path with ino '0'
1791670705.989 10444  8158  8158 I susfs   : [10444][8158][susfs_is_inode_sus_path] hiding path with ino '0'
1791670705.989 10444  8158  8158 I susfs   : [10444][8158][susfs_is_inode_sus_path] hiding path with ino '0'
1791670705.989 10444  8158  8158 I susfs   : [10444][8158][susfs_is_inode_sus_path] hiding path with ino '0'
1791670705.989 10444  8158  8158 I susfs   : [10444][8158][susfs_is_inode_sus_path] hiding path with ino '0'
1791670705.989 10444  8158  8158 I susfs   : [10444][8158][susfs_is_inode_sus_path] hiding path with ino '0'
1791670705.989 10444  8158  8158 I susfs   : [10444][8158][susfs_is_inode_sus_path] hiding path with ino '0'
1791670705.989 10444  8158  8158 I susfs   : [10444][8158][susfs_is_inode_sus_path] hiding path with ino '0'
1791670705.989 10444  8158  8158 I susfs   : [10444][8158][susfs_is_inode_sus_path] hiding path with ino '0'
1791670705.989 10444  8158  8158 I susfs   : [10444][8158][susfs_is_inode_sus_path] hiding path with ino '0'
1791670705.990 10444  8158  8158 I susfs   : [10444][8158][susfs_is_inode_sus_path] hiding path with ino '0'
1791670705.990 10444  8158  8158 I susfs   : [10444][8158][susfs_is_inode_sus_path] hiding path with ino '0'
1791670705.990 10444  8158  8158 I susfs   : [10444][8158][susfs_is_inode_sus_path] hiding path with ino '0'
1791670705.993 10444  7726  8158 W System.err: 	at epa.b(SourceFile:0)
1791670705.990 10444  8158  8158 I susfs   : [10444][8158][susfs_is_inode_sus_path] hiding path with ino '0'
1791670705.990 10444  8158  8158 I susfs   : [10444][8158][susfs_is_inode_sus_path] hiding path with ino '0'
1791670705.990 10444  8158  8158 I susfs   : [10444][8158][susfs_is_inode_sus_path] hiding path with ino '0'
1791670705.990 10444  8158  8158 I susfs   : [10444][8158][susfs_is_inode_sus_path] hiding path with ino '0'
1791670705.990 10444  8158  8158 I susfs   : [10444][8158][susfs_is_inode_sus_path] hiding path with ino '0'
1791670705.990 10444  8158  8158 I susfs   : [10444][8158][susfs_is_inode_sus_path] hiding path with ino '0'
1791670705.990 10444  8158  8158 I susfs   : [10444][8158][susfs_is_inode_sus_path] hiding path with ino '0'
1791670705.991 10444  8158  8158 I susfs   : [10444][8158][susfs_is_inode_sus_path] hiding path with ino '0'
1791670705.991 10444  8158  8158 I susfs   : [10444][8158][susfs_is_inode_sus_path] hiding path with ino '0'
1791670705.991 10444  8158  8158 I susfs   : [10444][8158][susfs_is_inode_sus_path] hiding path with ino '0'
1791670705.991 10444  8158  8158 I susfs   : [10444][8158][susfs_is_inode_sus_path] hiding path with ino '0'
1791670705.991 10444  8158  8158 I susfs   : [10444][8158][susfs_is_inode_sus_path] hiding path with ino '0'
1791670705.991 10444  8158  8158 I susfs   : [10444][8158][susfs_is_inode_sus_path] hiding path with ino '0'
1791670705.991 10444  8158  8158 I susfs   : [10444][8158][susfs_is_inode_sus_path] hiding path with ino '0'
1791670705.991 10444  8158  8158 I susfs   : [10444][8158][susfs_is_inode_sus_path] hiding path with ino '0'
1791670705.991 10444  8158  8158 I susfs   : [10444][8158][susfs_is_inode_sus_path] hiding path with ino '0'
1791670705.991 10444  8158  8158 I susfs   : [10444][8158][susfs_is_inode_sus_path] hiding path with ino '0'
1791670705.991 10444  8158  8158 I susfs   : [10444][8158][susfs_is_inode_sus_path] hiding path with ino '0'
1791670705.991 10444  8158  8158 I susfs   : [10444][8158][susfs_is_inode_sus_path] hiding path with ino '0'
1791670705.991 10444  8158  8158 I susfs   : [10444][8158][susfs_is_inode_sus_path] hiding path with ino '0'
1791670705.991 10444  8158  8158 I susfs   : [10444][8158][susfs_is_inode_sus_path] hiding path with ino '0'
1791670705.991 10444  8158  8158 I susfs   : [10444][8158][susfs_is_inode_sus_path] hiding path with ino '0'
1791670705.991 10444  8158  8158 I susfs   : [10444][8158][susfs_is_inode_sus_path] hiding path with ino '0'
1791670705.993 10444  7726  8158 W System.err: 	at epa$d.run(SourceFile:20)
1791670705.991 10444  8158  8158 I susfs   : [10444][8158][susfs_is_inode_sus_path] hiding path with ino '0'
1791670705.992 10444  8158  8158 I susfs   : [10444][8158][susfs_is_inode_sus_path] hiding path with ino '0'
1791670705.993 10444  7726  8158 W System.err: 	at java.lang.Thread.run(Thread.java:1572)
1791670705.994 10444  7726  8158 W System.err: java.io.IOException: No such file or directory
1791670705.992 10444  8158  8158 I susfs   : [10444][8158][susfs_is_inode_sus_path] hiding path with ino '0'
1791670705.994 10444  7726  8158 W System.err: 	at java.io.UnixFileSystem.createFileExclusively0(Native Method)
1791670705.992 10444  8158  8158 I susfs   : [10444][8158][susfs_is_inode_sus_path] hiding path with ino '0'
1791670705.994 10444  7726  8158 W System.err: 	at java.io.UnixFileSystem.createFileExclusively(UnixFileSystem.java:373)
1791670705.992 10444  8158  8158 I susfs   : [10444][8158][susfs_is_inode_sus_path] hiding path with ino '0'
1791670705.994 10444  7726  8158 W System.err: 	at java.io.File.createNewFile(File.java:1022)
1791670705.992 10444  8158  8158 I susfs   : [10444][8158][susfs_is_inode_sus_path] hiding path with ino '0'
1791670705.994 10444  7726  8158 W System.err: 	at epa$e.f(SourceFile:42)
1791670705.994 10444  7726  8158 W System.err: 	at epa.f(SourceFile:66)
1791670705.992 10444  8158  8158 I susfs   : [10444][8158][susfs_is_inode_sus_path] hiding path with ino '0'
1791670705.994 10444  7726  8158 W System.err: 	at epa.b(SourceFile:0)
1791670705.994 10444  7726  8158 W System.err: 	at epa$d.run(SourceFile:20)
1791670705.992 10444  8158  8158 I susfs   : [10444][8158][susfs_is_inode_sus_path] hiding path with ino '0'
1791670705.994 10444  7726  8158 W System.err: 	at java.lang.Thread.run(Thread.java:1572)
1791670705.992 10444  8158  8158 I susfs   : [10444][8158][susfs_is_inode_sus_path] hiding path with ino '0'
1791670705.992 10444  8158  8158 I susfs   : [10444][8158][susfs_is_inode_sus_path] hiding path with ino '0'
1791670705.992 10444  8158  8158 I susfs   : [10444][8158][susfs_is_inode_sus_path] hiding path with ino '0'
1791670705.992 10444  8158  8158 I susfs   : [10444][8158][susfs_is_inode_sus_path] hiding path with ino '0'
1791670705.992 10444  8158  8158 I susfs   : [10444][8158][susfs_is_inode_sus_path] hiding path with ino '0'
1791670705.992 10444  8158  8158 I susfs   : [10444][8158][susfs_is_inode_sus_path] hiding path with ino '0'
1791670705.992 10444  8158  8158 I susfs   : [10444][8158][susfs_is_inode_sus_path] hiding path with ino '0'
1791670705.992 10444  8158  8158 I susfs   : [10444][8158][susfs_is_inode_sus_path] hiding path with ino '0'
1791670705.992 10444  8158  8158 I susfs   : [10444][8158][susfs_is_inode_sus_path] hiding path with ino '0'
1791670705.992 10444  8158  8158 I susfs   : [10444][8158][susfs_is_inode_sus_path] hiding path with ino '0'
1791670705.992 10444  8158  8158 I susfs   : [10444][8158][susfs_is_inode_sus_path] hiding path with ino '0'
1791670705.992 10444  8158  8158 I susfs   : [10444][8158][susfs_is_inode_sus_path] hiding path with ino '0'
1791670705.992 10444  8158  8158 I susfs   : [10444][8158][susfs_is_inode_sus_path] hiding path with ino '0'
1791670705.992 10444  8158  8158 I susfs   : [10444][8158][susfs_is_inode_sus_path] hiding path with ino '0'
1791670705.993 10444  8158  8158 I susfs   : [10444][8158][susfs_is_inode_sus_path] hiding path with ino '0'
1791670705.993 10444  8158  8158 I susfs   : [10444][8158][susfs_is_inode_sus_path] hiding path with ino '0'
1791670705.993 10444  8158  8158 I susfs   : [10444][8158][susfs_is_inode_sus_path] hiding path with ino '0'
1791670705.993 10444  8158  8158 I susfs   : [10444][8158][susfs_is_inode_sus_path] hiding path with ino '0'
1791670705.993 10444  8158  8158 I susfs   : [10444][8158][susfs_is_inode_sus_path] hiding path with ino '0'
1791670705.993 10444  8158  8158 I susfs   : [10444][8158][susfs_is_inode_sus_path] hiding path with ino '0'
1791670705.993 10444  8158  8158 I susfs   : [10444][8158][susfs_is_inode_sus_path] hiding path with ino '0'
1791670705.993 10444  8158  8158 I susfs   : [10444][8158][susfs_is_inode_sus_path] hiding path with ino '0'
1791670705.993 10444  8158  8158 I susfs   : [10444][8158][susfs_is_inode_sus_path] hiding path with ino '0'
1791670705.993 10444  8158  8158 I susfs   : [10444][8158][susfs_is_inode_sus_path] hiding path with ino '0'
1791670705.993 10444  8158  8158 I susfs   : [10444][8158][susfs_is_inode_sus_path] hiding path with ino '0'
1791670705.993 10444  8158  8158 I susfs   : [10444][8158][susfs_is_inode_sus_path] hiding path with ino '0'
1791670705.993 10444  8158  8158 I susfs   : [10444][8158][susfs_is_inode_sus_path] hiding path with ino '0'
1791670705.993 10444  8158  8158 I susfs   : [10444][8158][susfs_is_inode_sus_path] hiding path with ino '0'
1791670705.993 10444  8158  8158 I susfs   : [10444][8158][susfs_is_inode_sus_path] hiding path with ino '0'
1791670705.993 10444  8158  8158 I susfs   : [10444][8158][susfs_is_inode_sus_path] hiding path with ino '0'
1791670705.993 10444  8158  8158 I susfs   : [10444][8158][susfs_is_inode_sus_path] hiding path with ino '0'
1791670705.993 10444  8158  8158 I susfs   : [10444][8158][susfs_is_inode_sus_path] hiding path with ino '0'
1791670705.993 10444  8158  8158 I susfs   : [10444][8158][susfs_is_inode_sus_path] hiding path with ino '0'
1791670705.994 10444  8158  8158 I susfs   : [10444][8158][susfs_is_inode_sus_path] hiding path with ino '0'
1791670705.994 10444  8158  8158 I susfs   : [10444][8158][susfs_is_inode_sus_path] hiding path with ino '0'
1791670705.994 10444  8158  8158 I susfs   : [10444][8158][susfs_is_inode_sus_path] hiding path with ino '0'
1791670705.994 10444  8158  8158 I susfs   : [10444][8158][susfs_is_inode_sus_path] hiding path with ino '0'
1791670705.994 10444  8158  8158 I susfs   : [10444][8158][susfs_is_inode_sus_path] hiding path with ino '0'
1791670705.994 10444  8158  8158 I susfs   : [10444][8158][susfs_is_inode_sus_path] hiding path with ino '0'
1791670705.994 10444  8158  8158 I susfs   : [10444][8158][susfs_is_inode_sus_path] hiding path with ino '0'
1791670705.994 10444  8158  8158 I susfs   : [10444][8158][susfs_is_inode_sus_path] hiding path with ino '0'
1791670705.994 10444  8158  8158 I susfs   : [10444][8158][susfs_is_inode_sus_path] hiding path with ino '0'
1791670705.994 10444  8158  8158 I susfs   : [10444][8158][susfs_is_inode_sus_path] hiding path with ino '0'
1791670705.994 10444  8158  8158 I susfs   : [10444][8158][susfs_is_inode_sus_path] hiding path with ino '0'
1791670705.994 10444  8158  8158 I susfs   : [10444][8158][susfs_is_inode_sus_path] hiding path with ino '0'
1791670706.037 10660  7469  7469 D ToastAccService: Not a toast, ignore
1791670706.065 10445 16533 16848 E msys    : E[N mns:DGWClient]_LogError(394)=>Failed to resolve using system DNS resolver, getaddrinfo(): No address associated with hostname
1791670706.081 10444  7726  9519 I NotifySyncService_7726_9519: handle message  MSG_NOTIFY_ADD_TIMEOUT  mNotifyDataList size1 ids: 9
1791670706.082 10444  8158  8158 I susfs   : [10444][8158][susfs_is_inode_sus_path] hiding path with ino '0'
1791670706.082 10444  8158  8158 I susfs   : [10444][8158][susfs_is_inode_sus_path] hiding path with ino '0'
1791670706.082 10444  8158  8158 I susfs   : [10444][8158][susfs_is_inode_sus_path] hiding path with ino '0'
1791670706.082 10444  8158  8158 I susfs   : [10444][8158][susfs_is_inode_sus_path] hiding path with ino '0'
1791670706.082 10444  8158  8158 I susfs   : [10444][8158][susfs_is_inode_sus_path] hiding path with ino '0'
1791670706.082 10444  8158  8158 I susfs   : [10444][8158][susfs_is_inode_sus_path] hiding path with ino '0'
1791670706.082 10444  8158  8158 I susfs   : [10444][8158][susfs_is_inode_sus_path] hiding path with ino '0'
1791670706.082 10444  8158  8158 I susfs   : [10444][8158][susfs_is_inode_sus_path] hiding path with ino '0'
1791670706.082 10444  8158  8158 I susfs   : [10444][8158][susfs_is_inode_sus_path] hiding path with ino '0'
1791670706.083 10444  8158  8158 I susfs   : [10444][8158][susfs_is_inode_sus_path] hiding path with ino '0'
1791670706.083 10444  8158  8158 I susfs   : [10444][8158][susfs_is_inode_sus_path] hiding path with ino '0'
1791670706.083 10444  8158  8158 I susfs   : [10444][8158][susfs_is_inode_sus_path] hiding path with ino '0'
1791670706.083 10444  8158  8158 I susfs   : [10444][8158][susfs_is_inode_sus_path] hiding path with ino '0'
1791670706.083 10444  8158  8158 I susfs   : [10444][8158][susfs_is_inode_sus_path] hiding path with ino '0'
1791670706.083 10444  7726  8158 W System.err: java.io.IOException: No such file or directory
1791670706.084 10444  7726  8158 W System.err: 	at java.io.UnixFileSystem.createFileExclusively0(Native Method)
1791670706.084 10444  7726  8158 W System.err: 	at java.io.UnixFileSystem.createFileExclusively(UnixFileSystem.java:373)
1791670706.084 10444  7726  8158 W System.err: 	at java.io.File.createNewFile(File.java:1022)
1791670706.084 10444  7726  8158 W System.err: 	at epa$e.f(SourceFile:42)
1791670706.084 10444  7726  8158 W System.err: 	at epa.f(SourceFile:66)
1791670706.084 10444  7726  8158 W System.err: 	at epa.b(SourceFile:0)
1791670706.084 10444  7726  8158 W System.err: 	at epa$d.run(SourceFile:20)
1791670706.084 10444  7726  8158 W System.err: 	at java.lang.Thread.run(Thread.java:1572)
1791670706.084  1000  4337 30998 W CameraService_proxy: Unknown extension type: -1
1791670706.085 10444  7726  9519 I NotifySyncService_7726_9519: isNeedRemoveNotify notificationNotEnabled: id = 9
1791670706.085 10444  7726  9519 I NotifySyncService_7726_9519: postNotifications list size:0
1791670706.083 10444  8158  8158 I susfs   : [10444][8158][susfs_is_inode_sus_path] hiding path with ino '0'
1791670706.083 10444  8158  8158 I susfs   : [10444][8158][susfs_is_inode_sus_path] hiding path with ino '0'
1791670706.083 10444  8158  8158 I susfs   : [10444][8158][susfs_is_inode_sus_path] hiding path with ino '0'
1791670706.083 10444  8158  8158 I susfs   : [10444][8158][susfs_is_inode_sus_path] hiding path with ino '0'
1791670706.083 10444  8158  8158 I susfs   : [10444][8158][susfs_is_inode_sus_path] hiding path with ino '0'
1791670706.083 10444  8158  8158 I susfs   : [10444][8158][susfs_is_inode_sus_path] hiding path with ino '0'
1791670706.083 10444  8158  8158 I susfs   : [10444][8158][susfs_is_inode_sus_path] hiding path with ino '0'
1791670706.083 10444  8158  8158 I susfs   : [10444][8158][susfs_is_inode_sus_path] hiding path with ino '0'
1791670706.083 10444  8158  8158 I susfs   : [10444][8158][susfs_is_inode_sus_path] hiding path with ino '0'
1791670706.083 10444  8158  8158 I susfs   : [10444][8158][susfs_is_inode_sus_path] hiding path with ino '0'
1791670706.083 10444  8158  8158 I susfs   : [10444][8158][susfs_is_inode_sus_path] hiding path with ino '0'
1791670706.083 10444  8158  8158 I susfs   : [10444][8158][susfs_is_inode_sus_path] hiding path with ino '0'
1791670706.085 10444  8158  8158 I susfs   : [10444][8158][susfs_is_inode_sus_path] hiding path with ino '0'
1791670706.085 10444  8158  8158 I susfs   : [10444][8158][susfs_is_inode_sus_path] hiding path with ino '0'
1791670706.085 10444  8158  8158 I susfs   : [10444][8158][susfs_is_inode_sus_path] hiding path with ino '0'
1791670706.085 10444  8158  8158 I susfs   : [10444][8158][susfs_is_inode_sus_path] hiding path with ino '0'
1791670706.085 10444  8158  8158 I susfs   : [10444][8158][susfs_is_inode_sus_path] hiding path with ino '0'
1791670706.085 10444  8158  8158 I susfs   : [10444][8158][susfs_is_inode_sus_path] hiding path with ino '0'
1791670706.085 10444  8158  8158 I susfs   : [10444][8158][susfs_is_inode_sus_path] hiding path with ino '0'
1791670706.085 10444  8158  8158 I susfs   : [10444][8158][susfs_is_inode_sus_path] hiding path with ino '0'
1791670706.085 10444  8158  8158 I susfs   : [10444][8158][susfs_is_inode_sus_path] hiding path with ino '0'
1791670706.085 10444  8158  8158 I susfs   : [10444][8158][susfs_is_inode_sus_path] hiding path with ino '0'
1791670706.085 10444  8158  8158 I susfs   : [10444][8158][susfs_is_inode_sus_path] hiding path with ino '0'
1791670706.085 10444  8158  8158 I susfs   : [10444][8158][susfs_is_inode_sus_path] hiding path with ino '0'
1791670706.085 10444  8158  8158 I susfs   : [10444][8158][susfs_is_inode_sus_path] hiding path with ino '0'
1791670706.085 10444  8158  8158 I susfs   : [10444][8158][susfs_is_inode_sus_path] hiding path with ino '0'
1791670706.086 10444  8158  8158 I susfs   : [10444][8158][susfs_is_inode_sus_path] hiding path with ino '0'
1791670706.086 10444  8158  8158 I susfs   : [10444][8158][susfs_is_inode_sus_path] hiding path with ino '0'
1791670706.086 10444  8158  8158 I susfs   : [10444][8158][susfs_is_inode_sus_path] hiding path with ino '0'
1791670706.086 10444  8158  8158 I susfs   : [10444][8158][susfs_is_inode_sus_path] hiding path with ino '0'
1791670706.086 10444  8158  8158 I susfs   : [10444][8158][susfs_is_inode_sus_path] hiding path with ino '0'
1791670706.086 10444  8158  8158 I susfs   : [10444][8158][susfs_is_inode_sus_path] hiding path with ino '0'
1791670706.086 10444  8158  8158 I susfs   : [10444][8158][susfs_is_inode_sus_path] hiding path with ino '0'
1791670706.086 10444  8158  8158 I susfs   : [10444][8158][susfs_is_inode_sus_path] hiding path with ino '0'
1791670706.086 10444  8158  8158 I susfs   : [10444][8158][susfs_is_inode_sus_path] hiding path with ino '0'
1791670706.086 10444  8158  8158 I susfs   : [10444][8158][susfs_is_inode_sus_path] hiding path with ino '0'
1791670706.086 10444  8158  8158 I susfs   : [10444][8158][susfs_is_inode_sus_path] hiding path with ino '0'
1791670706.086 10444  8158  8158 I susfs   : [10444][8158][susfs_is_inode_sus_path] hiding path with ino '0'
1791670706.086 10444  8158  8158 I susfs   : [10444][8158][susfs_is_inode_sus_path] hiding path with ino '0'
1791670706.087 10444  8158  8158 I susfs   : [10444][8158][susfs_is_inode_sus_path] hiding path with ino '0'
1791670706.087 10444  8158  8158 I susfs   : [10444][8158][susfs_is_inode_sus_path] hiding path with ino '0'
1791670706.087 10444  8158  8158 I susfs   : [10444][8158][susfs_is_inode_sus_path] hiding path with ino '0'
1791670706.087 10444  8158  8158 I susfs   : [10444][8158][susfs_is_inode_sus_path] hiding path with ino '0'
1791670706.087 10444  8158  8158 I susfs   : [10444][8158][susfs_is_inode_sus_path] hiding path with ino '0'
1791670706.087 10444  8158  8158 I susfs   : [10444][8158][susfs_is_inode_sus_path] hiding path with ino '0'
1791670706.087 10444  8158  8158 I susfs   : [10444][8158][susfs_is_inode_sus_path] hiding path with ino '0'
1791670706.087 10444  8158  8158 I susfs   : [10444][8158][susfs_is_inode_sus_path] hiding path with ino '0'
1791670706.087 10444  8158  8158 I susfs   : [10444][8158][susfs_is_inode_sus_path] hiding path with ino '0'
1791670706.087 10444  8158  8158 I susfs   : [10444][8158][susfs_is_inode_sus_path] hiding path with ino '0'
1791670706.087 10444  8158  8158 I susfs   : [10444][8158][susfs_is_inode_sus_path] hiding path with ino '0'
1791670706.087 10444  8158  8158 I susfs   : [10444][8158][susfs_is_inode_sus_path] hiding path with ino '0'
1791670706.087 10444  8158  8158 I susfs   : [10444][8158][susfs_is_inode_sus_path] hiding path with ino '0'
1791670706.086 10444  7726  8158 W System.err: java.io.IOException: No such file or directory
1791670706.087 10444  8158  8158 I susfs   : [10444][8158][susfs_is_inode_sus_path] hiding path with ino '0'
1791670706.086 10444  7726  8158 W System.err: 	at java.io.UnixFileSystem.createFileExclusively0(Native Method)
1791670706.086 10444  7726  8158 W System.err: 	at java.io.UnixFileSystem.createFileExclusively(UnixFileSystem.java:373)
1791670706.086 10444  7726  8158 W System.err: 	at java.io.File.createNewFile(File.java:1022)
1791670706.086 10444  7726  8158 W System.err: 	at epa$e.f(SourceFile:42)
1791670706.086 10444  7726  8158 W System.err: 	at epa.f(SourceFile:66)
1791670706.086 10444  7726  8158 W System.err: 	at epa.b(SourceFile:0)
1791670706.086 10444  7726  8158 W System.err: 	at epa$d.run(SourceFile:20)
1791670706.086 10444  7726  8158 W System.err: 	at java.lang.Thread.run(Thread.java:1572)
1791670706.088 10444  7726  8158 W System.err: java.io.IOException: No such file or directory
1791670706.088 10444  7726  8158 W System.err: 	at java.io.UnixFileSystem.createFileExclusively0(Native Method)
1791670706.088 10444  7726  8158 W System.err: 	at java.io.UnixFileSystem.createFileExclusively(UnixFileSystem.java:373)
1791670706.088 10444  7726  8158 W System.err: 	at java.io.File.createNewFile(File.java:1022)
1791670706.088 10444  7726  8158 W System.err: 	at epa$e.f(SourceFile:42)
1791670706.088 10444  7726  8158 W System.err: 	at epa.f(SourceFile:66)
1791670706.088 10444  7726  8158 W System.err: 	at epa.b(SourceFile:0)
1791670706.088 10444  7726  8158 W System.err: 	at epa$d.run(SourceFile:20)
1791670706.088 10444  7726  8158 W System.err: 	at java.lang.Thread.run(Thread.java:1572)
1791670706.087 10444  8158  8158 I susfs   : [10444][8158][susfs_is_inode_sus_path] hiding path with ino '0'
1791670706.087 10444  8158  8158 I susfs   : [10444][8158][susfs_is_inode_sus_path] hiding path with ino '0'
1791670706.087 10444  8158  8158 I susfs   : [10444][8158][susfs_is_inode_sus_path] hiding path with ino '0'
1791670706.087 10444  8158  8158 I susfs   : [10444][8158][susfs_is_inode_sus_path] hiding path with ino '0'
1791670706.087 10444  8158  8158 I susfs   : [10444][8158][susfs_is_inode_sus_path] hiding path with ino '0'
1791670706.087 10444  8158  8158 I susfs   : [10444][8158][susfs_is_inode_sus_path] hiding path with ino '0'
1791670706.087 10444  8158  8158 I susfs   : [10444][8158][susfs_is_inode_sus_path] hiding path with ino '0'
1791670706.087 10444  8158  8158 I susfs   : [10444][8158][susfs_is_inode_sus_path] hiding path with ino '0'
1791670706.087 10444  8158  8158 I susfs   : [10444][8158][susfs_is_inode_sus_path] hiding path with ino '0'
1791670706.087 10444  8158  8158 I susfs   : [10444][8158][susfs_is_inode_sus_path] hiding path with ino '0'
1791670706.088 10444  8158  8158 I susfs   : [10444][8158][susfs_is_inode_sus_path] hiding path with ino '0'
1791670706.158 10345  5754  5754 W LocaleConfig: The resource file pointed to by the given resource ID isn't found.
1791670706.158 10303  3632  3632 D Screenshot: finishDismiss
1791670706.159 10444  7726  9519 I NotifySyncService_7726_9519: MSG_NOTIFY_POSTED
1791670706.159 10444  7726  9519 I NotifySyncService_7726_9519: onNotificationPosted Id:0 key:0|com.f0x1d.logfox|0|0|com.f0x1d.logfox|g:Aggregate_AlertingSection|10761|0|com.f0x1d.logfox|g:Aggregate_AlertingSection PackageName:com.f0x1d.logfox IsOngoing:true PostTime:1791670705933 currentDeviceModel.connected: true
1791670706.159 10444  7726  9519 I NotifySyncService_7726_9519: onNotificationPosted Id:0 , appName : LogFox
1791670706.159 10444  7726  9519 I NotifySyncService_7726_9519: isFlagNoClearNotification flag = 1794
1791670706.159 10444  7726  9519 I NotifySyncService_7726_9519:  isOngoing = true isIncomingCall = false
1791670706.160 10444  7726  8158 W System.err: java.io.IOException: No such file or directory
1791670706.161 10444  7726  8158 W System.err: 	at java.io.UnixFileSystem.createFileExclusively0(Native Method)
1791670706.161 10444  7726  8158 W System.err: 	at java.io.UnixFileSystem.createFileExclusively(UnixFileSystem.java:373)
1791670706.161 10444  7726  8158 W System.err: 	at java.io.File.createNewFile(File.java:1022)
1791670706.161 10444  7726  8158 W System.err: 	at epa$e.f(SourceFile:42)
1791670706.161 10444  7726  8158 W System.err: 	at epa.f(SourceFile:66)
1791670706.161 10444  7726  8158 W System.err: 	at epa.b(SourceFile:0)
1791670706.161 10444  7726  8158 W System.err: 	at epa$d.run(SourceFile:20)
1791670706.161 10444  7726  8158 W System.err: 	at java.lang.Thread.run(Thread.java:1572)
1791670706.159 10444  8158  8158 I susfs   : [10444][8158][susfs_is_inode_sus_path] hiding path with ino '0'
1791670706.159 10444  8158  8158 I susfs   : [10444][8158][susfs_is_inode_sus_path] hiding path with ino '0'
1791670706.159 10444  8158  8158 I susfs   : [10444][8158][susfs_is_inode_sus_path] hiding path with ino '0'
1791670706.159 10444  8158  8158 I susfs   : [10444][8158][susfs_is_inode_sus_path] hiding path with ino '0'
1791670706.159 10444  8158  8158 I susfs   : [10444][8158][susfs_is_inode_sus_path] hiding path with ino '0'
1791670706.159 10444  8158  8158 I susfs   : [10444][8158][susfs_is_inode_sus_path] hiding path with ino '0'
1791670706.159 10444  8158  8158 I susfs   : [10444][8158][susfs_is_inode_sus_path] hiding path with ino '0'
1791670706.159 10444  8158  8158 I susfs   : [10444][8158][susfs_is_inode_sus_path] hiding path with ino '0'
1791670706.159 10444  8158  8158 I susfs   : [10444][8158][susfs_is_inode_sus_path] hiding path with ino '0'
1791670706.160 10444  8158  8158 I susfs   : [10444][8158][susfs_is_inode_sus_path] hiding path with ino '0'
1791670706.160 10444  8158  8158 I susfs   : [10444][8158][susfs_is_inode_sus_path] hiding path with ino '0'
1791670706.160 10444  8158  8158 I susfs   : [10444][8158][susfs_is_inode_sus_path] hiding path with ino '0'
1791670706.160 10444  8158  8158 I susfs   : [10444][8158][susfs_is_inode_sus_path] hiding path with ino '0'
1791670706.160 10444  8158  8158 I susfs   : [10444][8158][susfs_is_inode_sus_path] hiding path with ino '0'
1791670706.160 10444  8158  8158 I susfs   : [10444][8158][susfs_is_inode_sus_path] hiding path with ino '0'
1791670706.160 10444  8158  8158 I susfs   : [10444][8158][susfs_is_inode_sus_path] hiding path with ino '0'
1791670706.160 10444  8158  8158 I susfs   : [10444][8158][susfs_is_inode_sus_path] hiding path with ino '0'
1791670706.160 10444  8158  8158 I susfs   : [10444][8158][susfs_is_inode_sus_path] hiding path with ino '0'
1791670706.160 10444  8158  8158 I susfs   : [10444][8158][susfs_is_inode_sus_path] hiding path with ino '0'
1791670706.160 10444  8158  8158 I susfs   : [10444][8158][susfs_is_inode_sus_path] hiding path with ino '0'
1791670706.160 10444  8158  8158 I susfs   : [10444][8158][susfs_is_inode_sus_path] hiding path with ino '0'
1791670706.160 10444  8158  8158 I susfs   : [10444][8158][susfs_is_inode_sus_path] hiding path with ino '0'
1791670706.160 10444  8158  8158 I susfs   : [10444][8158][susfs_is_inode_sus_path] hiding path with ino '0'
1791670706.160 10444  8158  8158 I susfs   : [10444][8158][susfs_is_inode_sus_path] hiding path with ino '0'
1791670706.160 10444  8158  8158 I susfs   : [10444][8158][susfs_is_inode_sus_path] hiding path with ino '0'
1791670706.160 10444  8158  8158 I susfs   : [10444][8158][susfs_is_inode_sus_path] hiding path with ino '0'
1791670706.161 10444  8158  8158 I susfs   : [10444][8158][susfs_is_inode_sus_path] hiding path with ino '0'
1791670706.161 10444  8158  8158 I susfs   : [10444][8158][susfs_is_inode_sus_path] hiding path with ino '0'
1791670706.161 10444  8158  8158 I susfs   : [10444][8158][susfs_is_inode_sus_path] hiding path with ino '0'
1791670706.161 10444  8158  8158 I susfs   : [10444][8158][susfs_is_inode_sus_path] hiding path with ino '0'
1791670706.161 10444  8158  8158 I susfs   : [10444][8158][susfs_is_inode_sus_path] hiding path with ino '0'
1791670706.161 10444  8158  8158 I susfs   : [10444][8158][susfs_is_inode_sus_path] hiding path with ino '0'
1791670706.161 10444  8158  8158 I susfs   : [10444][8158][susfs_is_inode_sus_path] hiding path with ino '0'
1791670706.161 10444  8158  8158 I susfs   : [10444][8158][susfs_is_inode_sus_path] hiding path with ino '0'
1791670706.161 10444  8158  8158 I susfs   : [10444][8158][susfs_is_inode_sus_path] hiding path with ino '0'
1791670706.161 10444  8158  8158 I susfs   : [10444][8158][susfs_is_inode_sus_path] hiding path with ino '0'
1791670706.161 10444  8158  8158 I susfs   : [10444][8158][susfs_is_inode_sus_path] hiding path with ino '0'
1791670706.161 10444  8158  8158 I susfs   : [10444][8158][susfs_is_inode_sus_path] hiding path with ino '0'
1791670706.161 10444  8158  8158 I susfs   : [10444][8158][susfs_is_inode_sus_path] hiding path with ino '0'
1791670706.161 10444  8158  8158 I susfs   : [10444][8158][susfs_is_inode_sus_path] hiding path with ino '0'
1791670706.161 10444  8158  8158 I susfs   : [10444][8158][susfs_is_inode_sus_path] hiding path with ino '0'
1791670706.161 10444  8158  8158 I susfs   : [10444][8158][susfs_is_inode_sus_path] hiding path with ino '0'
1791670706.161 10444  8158  8158 I susfs   : [10444][8158][susfs_is_inode_sus_path] hiding path with ino '0'
1791670706.161 10444  8158  8158 I susfs   : [10444][8158][susfs_is_inode_sus_path] hiding path with ino '0'
1791670706.161 10444  8158  8158 I susfs   : [10444][8158][susfs_is_inode_sus_path] hiding path with ino '0'
1791670706.161 10444  8158  8158 I susfs   : [10444][8158][susfs_is_inode_sus_path] hiding path with ino '0'
1791670706.162 10444  8158  8158 I susfs   : [10444][8158][susfs_is_inode_sus_path] hiding path with ino '0'
1791670706.162 10444  8158  8158 I susfs   : [10444][8158][susfs_is_inode_sus_path] hiding path with ino '0'
1791670706.162 10444  8158  8158 I susfs   : [10444][8158][susfs_is_inode_sus_path] hiding path with ino '0'
1791670706.162 10444  8158  8158 I susfs   : [10444][8158][susfs_is_inode_sus_path] hiding path with ino '0'
1791670706.162 10444  8158  8158 I susfs   : [10444][8158][susfs_is_inode_sus_path] hiding path with ino '0'
1791670706.162 10444  8158  8158 I susfs   : [10444][8158][susfs_is_inode_sus_path] hiding path with ino '0'
1791670706.162 10444  8158  8158 I susfs   : [10444][8158][susfs_is_inode_sus_path] hiding path with ino '0'
1791670706.162 10444  8158  8158 I susfs   : [10444][8158][susfs_is_inode_sus_path] hiding path with ino '0'
1791670706.162 10444  8158  8158 I susfs   : [10444][8158][susfs_is_inode_sus_path] hiding path with ino '0'
1791670706.162 10444  8158  8158 I susfs   : [10444][8158][susfs_is_inode_sus_path] hiding path with ino '0'
1791670706.162 10444  8158  8158 I susfs   : [10444][8158][susfs_is_inode_sus_path] hiding path with ino '0'
1791670706.162 10444  8158  8158 I susfs   : [10444][8158][susfs_is_inode_sus_path] hiding path with ino '0'
1791670706.162 10444  8158  8158 I susfs   : [10444][8158][susfs_is_inode_sus_path] hiding path with ino '0'
1791670706.162 10444  8158  8158 I susfs   : [10444][8158][susfs_is_inode_sus_path] hiding path with ino '0'
1791670706.162 10444  8158  8158 I susfs   : [10444][8158][susfs_is_inode_sus_path] hiding path with ino '0'
1791670706.162 10444  8158  8158 I susfs   : [10444][8158][susfs_is_inode_sus_path] hiding path with ino '0'
1791670706.162 10444  8158  8158 I susfs   : [10444][8158][susfs_is_inode_sus_path] hiding path with ino '0'
1791670706.162 10444  8158  8158 I susfs   : [10444][8158][susfs_is_inode_sus_path] hiding path with ino '0'
1791670706.163 10444  8158  8158 I susfs   : [10444][8158][susfs_is_inode_sus_path] hiding path with ino '0'
1791670706.163 10444  8158  8158 I susfs   : [10444][8158][susfs_is_inode_sus_path] hiding path with ino '0'
1791670706.163 10444  8158  8158 I susfs   : [10444][8158][susfs_is_inode_sus_path] hiding path with ino '0'
1791670706.163 10444  8158  8158 I susfs   : [10444][8158][susfs_is_inode_sus_path] hiding path with ino '0'
1791670706.163 10444  8158  8158 I susfs   : [10444][8158][susfs_is_inode_sus_path] hiding path with ino '0'
1791670706.163 10444  8158  8158 I susfs   : [10444][8158][susfs_is_inode_sus_path] hiding path with ino '0'
1791670706.163 10444  8158  8158 I susfs   : [10444][8158][susfs_is_inode_sus_path] hiding path with ino '0'
1791670706.163 10444  8158  8158 I susfs   : [10444][8158][susfs_is_inode_sus_path] hiding path with ino '0'
1791670706.163 10444  8158  8158 I susfs   : [10444][8158][susfs_is_inode_sus_path] hiding path with ino '0'
1791670706.163 10444  8158  8158 I susfs   : [10444][8158][susfs_is_inode_sus_path] hiding path with ino '0'
1791670706.163 10444  8158  8158 I susfs   : [10444][8158][susfs_is_inode_sus_path] hiding path with ino '0'
1791670706.163 10444  8158  8158 I susfs   : [10444][8158][susfs_is_inode_sus_path] hiding path with ino '0'
1791670706.163 10444  8158  8158 I susfs   : [10444][8158][susfs_is_inode_sus_path] hiding path with ino '0'
1791670706.163 10444  8158  8158 I susfs   : [10444][8158][susfs_is_inode_sus_path] hiding path with ino '0'
1791670706.163 10444  8158  8158 I susfs   : [10444][8158][susfs_is_inode_sus_path] hiding path with ino '0'
1791670706.163 10444  8158  8158 I susfs   : [10444][8158][susfs_is_inode_sus_path] hiding path with ino '0'
1791670706.163 10444  8158  8158 I susfs   : [10444][8158][susfs_is_inode_sus_path] hiding path with ino '0'
1791670706.163 10444  8158  8158 I susfs   : [10444][8158][susfs_is_inode_sus_path] hiding path with ino '0'
1791670706.163 10444  8158  8158 I susfs   : [10444][8158][susfs_is_inode_sus_path] hiding path with ino '0'
1791670706.164 10444  8158  8158 I susfs   : [10444][8158][susfs_is_inode_sus_path] hiding path with ino '0'
1791670706.164 10444  8158  8158 I susfs   : [10444][8158][susfs_is_inode_sus_path] hiding path with ino '0'
1791670706.164 10444  8158  8158 I susfs   : [10444][8158][susfs_is_inode_sus_path] hiding path with ino '0'
1791670706.164 10444  8158  8158 I susfs   : [10444][8158][susfs_is_inode_sus_path] hiding path with ino '0'
1791670706.164 10444  8158  8158 I susfs   : [10444][8158][susfs_is_inode_sus_path] hiding path with ino '0'
1791670706.164 10444  8158  8158 I susfs   : [10444][8158][susfs_is_inode_sus_path] hiding path with ino '0'
1791670706.164 10444  8158  8158 I susfs   : [10444][8158][susfs_is_inode_sus_path] hiding path with ino '0'
1791670706.164 10444  8158  8158 I susfs   : [10444][8158][susfs_is_inode_sus_path] hiding path with ino '0'
1791670706.164 10444  8158  8158 I susfs   : [10444][8158][susfs_is_inode_sus_path] hiding path with ino '0'
1791670706.164 10444  8158  8158 I susfs   : [10444][8158][susfs_is_inode_sus_path] hiding path with ino '0'
1791670706.164 10444  8158  8158 I susfs   : [10444][8158][susfs_is_inode_sus_path] hiding path with ino '0'
1791670706.164 10444  8158  8158 I susfs   : [10444][8158][susfs_is_inode_sus_path] hiding path with ino '0'
1791670706.164 10444  8158  8158 I susfs   : [10444][8158][susfs_is_inode_sus_path] hiding path with ino '0'
1791670706.164 10444  8158  8158 I susfs   : [10444][8158][susfs_is_inode_sus_path] hiding path with ino '0'
1791670706.164 10444  8158  8158 I susfs   : [10444][8158][susfs_is_inode_sus_path] hiding path with ino '0'
1791670706.164 10444  8158  8158 I susfs   : [10444][8158][susfs_is_inode_sus_path] hiding path with ino '0'
1791670706.164 10444  8158  8158 I susfs   : [10444][8158][susfs_is_inode_sus_path] hiding path with ino '0'
1791670706.164 10444  8158  8158 I susfs   : [10444][8158][susfs_is_inode_sus_path] hiding path with ino '0'
1791670706.164 10444  8158  8158 I susfs   : [10444][8158][susfs_is_inode_sus_path] hiding path with ino '0'
1791670706.164 10444  8158  8158 I susfs   : [10444][8158][susfs_is_inode_sus_path] hiding path with ino '0'
1791670706.164 10444  8158  8158 I susfs   : [10444][8158][susfs_is_inode_sus_path] hiding path with ino '0'
1791670706.164 10444  8158  8158 I susfs   : [10444][8158][susfs_is_inode_sus_path] hiding path with ino '0'
1791670706.165 10444  8158  8158 I susfs   : [10444][8158][susfs_is_inode_sus_path] hiding path with ino '0'
1791670706.165 10444  8158  8158 I susfs   : [10444][8158][susfs_is_inode_sus_path] hiding path with ino '0'
1791670706.165 10444  8158  8158 I susfs   : [10444][8158][susfs_is_inode_sus_path] hiding path with ino '0'
1791670706.165 10444  8158  8158 I susfs   : [10444][8158][susfs_is_inode_sus_path] hiding path with ino '0'
1791670706.165 10444  8158  8158 I susfs   : [10444][8158][susfs_is_inode_sus_path] hiding path with ino '0'
1791670706.165 10444  8158  8158 I susfs   : [10444][8158][susfs_is_inode_sus_path] hiding path with ino '0'
1791670706.165 10444  8158  8158 I susfs   : [10444][8158][susfs_is_inode_sus_path] hiding path with ino '0'
1791670706.165 10444  8158  8158 I susfs   : [10444][8158][susfs_is_inode_sus_path] hiding path with ino '0'
1791670706.165 10444  8158  8158 I susfs   : [10444][8158][susfs_is_inode_sus_path] hiding path with ino '0'
1791670706.165 10444  8158  8158 I susfs   : [10444][8158][susfs_is_inode_sus_path] hiding path with ino '0'
1791670706.165 10444  8158  8158 I susfs   : [10444][8158][susfs_is_inode_sus_path] hiding path with ino '0'
1791670706.165 10444  8158  8158 I susfs   : [10444][8158][susfs_is_inode_sus_path] hiding path with ino '0'
1791670706.165 10444  8158  8158 I susfs   : [10444][8158][susfs_is_inode_sus_path] hiding path with ino '0'
1791670706.165 10444  8158  8158 I susfs   : [10444][8158][susfs_is_inode_sus_path] hiding path with ino '0'
1791670706.165 10444  8158  8158 I susfs   : [10444][8158][susfs_is_inode_sus_path] hiding path with ino '0'
1791670706.165 10444  8158  8158 I susfs   : [10444][8158][susfs_is_inode_sus_path] hiding path with ino '0'
1791670706.165 10444  8158  8158 I susfs   : [10444][8158][susfs_is_inode_sus_path] hiding path with ino '0'
1791670706.165 10444  8158  8158 I susfs   : [10444][8158][susfs_is_inode_sus_path] hiding path with ino '0'
1791670706.165 10444  8158  8158 I susfs   : [10444][8158][susfs_is_inode_sus_path] hiding path with ino '0'
1791670706.162 10444  7726  8158 W System.err: java.io.IOException: No such file or directory
1791670706.162 10444  7726  8158 W System.err: 	at java.io.UnixFileSystem.createFileExclusively0(Native Method)
1791670706.162 10444  7726  8158 W System.err: 	at java.io.UnixFileSystem.createFileExclusively(UnixFileSystem.java:373)
1791670706.162 10444  7726  8158 W System.err: 	at java.io.File.createNewFile(File.java:1022)
1791670706.162 10444  7726  8158 W System.err: 	at epa$e.f(SourceFile:42)
1791670706.162 10444  7726  8158 W System.err: 	at epa.f(SourceFile:66)
1791670706.162 10444  7726  8158 W System.err: 	at epa.b(SourceFile:0)
1791670706.162 10444  7726  8158 W System.err: 	at epa$d.run(SourceFile:20)
1791670706.162 10444  7726  8158 W System.err: 	at java.lang.Thread.run(Thread.java:1572)
1791670706.163 10444  7726  8158 W System.err: java.io.IOException: No such file or directory
1791670706.163 10444  7726  8158 W System.err: 	at java.io.UnixFileSystem.createFileExclusively0(Native Method)
1791670706.163 10444  7726  8158 W System.err: 	at java.io.UnixFileSystem.createFileExclusively(UnixFileSystem.java:373)
1791670706.163 10444  7726  8158 W System.err: 	at java.io.File.createNewFile(File.java:1022)
1791670706.163 10444  7726  8158 W System.err: 	at epa$e.f(SourceFile:42)
1791670706.163 10444  7726  8158 W System.err: 	at epa.f(SourceFile:66)
1791670706.163 10444  7726  8158 W System.err: 	at epa.b(SourceFile:0)
1791670706.163 10444  7726  8158 W System.err: 	at epa$d.run(SourceFile:20)
1791670706.163 10444  7726  8158 W System.err: 	at java.lang.Thread.run(Thread.java:1572)
1791670706.164 10444  7726  8158 W System.err: java.io.IOException: No such file or directory
1791670706.164 10444  7726  8158 W System.err: 	at java.io.UnixFileSystem.createFileExclusively0(Native Method)
1791670706.164 10444  7726  8158 W System.err: 	at java.io.UnixFileSystem.createFileExclusively(UnixFileSystem.java:373)
1791670706.164 10444  7726  8158 W System.err: 	at java.io.File.createNewFile(File.java:1022)
1791670706.164 10444  7726  8158 W System.err: 	at epa$e.f(SourceFile:42)
1791670706.164 10444  7726  8158 W System.err: 	at epa.f(SourceFile:66)
1791670706.164 10444  7726  8158 W System.err: 	at epa.b(SourceFile:0)
1791670706.164 10444  7726  8158 W System.err: 	at epa$d.run(SourceFile:20)
1791670706.164 10444  7726  8158 W System.err: 	at java.lang.Thread.run(Thread.java:1572)
1791670706.166 10444  7726  8158 W System.err: java.io.IOException: No such file or directory
1791670706.166 10444  7726  8158 W System.err: 	at java.io.UnixFileSystem.createFileExclusively0(Native Method)
1791670706.166 10444  7726  8158 W System.err: 	at java.io.UnixFileSystem.createFileExclusively(UnixFileSystem.java:373)
1791670706.166 10444  7726  8158 W System.err: 	at java.io.File.createNewFile(File.java:1022)
1791670706.166 10444  7726  8158 W System.err: 	at epa$e.f(SourceFile:42)
1791670706.166 10444  7726  8158 W System.err: 	at epa.f(SourceFile:66)
1791670706.166 10444  7726  8158 W System.err: 	at epa.b(SourceFile:0)
1791670706.166 10444  7726  8158 W System.err: 	at epa$d.run(SourceFile:20)
1791670706.166 10444  7726  8158 W System.err: 	at java.lang.Thread.run(Thread.java:1572)
1791670706.167 10444  7726  8820 I NotifyLogUtils_7726_8820: isIgnoringBatteryOptimizations true
1791670706.165 10444  8158  8158 I susfs   : [10444][8158][susfs_is_inode_sus_path] hiding path with ino '0'
1791670706.165 10444  8158  8158 I susfs   : [10444][8158][susfs_is_inode_sus_path] hiding path with ino '0'
1791670706.165 10444  8158  8158 I susfs   : [10444][8158][susfs_is_inode_sus_path] hiding path with ino '0'
1791670706.165 10444  8158  8158 I susfs   : [10444][8158][susfs_is_inode_sus_path] hiding path with ino '0'
1791670706.165 10444  8158  8158 I susfs   : [10444][8158][susfs_is_inode_sus_path] hiding path with ino '0'
1791670706.166 10444  8158  8158 I susfs   : [10444][8158][susfs_is_inode_sus_path] hiding path with ino '0'
1791670706.167 10444  8158  8158 I susfs   : [10444][8158][susfs_is_inode_sus_path] hiding path with ino '0'
1791670706.167 10444  8158  8158 I susfs   : [10444][8158][susfs_is_inode_sus_path] hiding path with ino '0'
1791670706.167 10444  8158  8158 I susfs   : [10444][8158][susfs_is_inode_sus_path] hiding path with ino '0'
1791670706.167 10444  8158  8158 I susfs   : [10444][8158][susfs_is_inode_sus_path] hiding path with ino '0'
1791670706.167 10444  8158  8158 I susfs   : [10444][8158][susfs_is_inode_sus_path] hiding path with ino '0'
1791670706.167 10444  8158  8158 I susfs   : [10444][8158][susfs_is_inode_sus_path] hiding path with ino '0'
1791670706.167 10444  8158  8158 I susfs   : [10444][8158][susfs_is_inode_sus_path] hiding path with ino '0'
1791670706.167 10444  8158  8158 I susfs   : [10444][8158][susfs_is_inode_sus_path] hiding path with ino '0'
1791670706.167 10444  8158  8158 I susfs   : [10444][8158][susfs_is_inode_sus_path] hiding path with ino '0'
1791670706.167 10444  8158  8158 I susfs   : [10444][8158][susfs_is_inode_sus_path] hiding path with ino '0'
1791670706.167 10444  8158  8158 I susfs   : [10444][8158][susfs_is_inode_sus_path] hiding path with ino '0'
1791670706.167 10444  8158  8158 I susfs   : [10444][8158][susfs_is_inode_sus_path] hiding path with ino '0'
1791670706.167 10444  8158  8158 I susfs   : [10444][8158][susfs_is_inode_sus_path] hiding path with ino '0'
1791670706.167 10444  8158  8158 I susfs   : [10444][8158][susfs_is_inode_sus_path] hiding path with ino '0'
1791670706.167 10444  8158  8158 I susfs   : [10444][8158][susfs_is_inode_sus_path] hiding path with ino '0'
1791670706.167 10444  8158  8158 I susfs   : [10444][8158][susfs_is_inode_sus_path] hiding path with ino '0'
1791670706.168 10444  8158  8158 I susfs   : [10444][8158][susfs_is_inode_sus_path] hiding path with ino '0'
1791670706.168 10444  8158  8158 I susfs   : [10444][8158][susfs_is_inode_sus_path] hiding path with ino '0'
1791670706.168 10444  8158  8158 I susfs   : [10444][8158][susfs_is_inode_sus_path] hiding path with ino '0'
1791670706.168 10444  8158  8158 I susfs   : [10444][8158][susfs_is_inode_sus_path] hiding path with ino '0'
1791670706.168 10444  8158  8158 I susfs   : [10444][8158][susfs_is_inode_sus_path] hiding path with ino '0'
1791670706.168 10444  8158  8158 I susfs   : [10444][8158][susfs_is_inode_sus_path] hiding path with ino '0'
1791670706.168 10444  8158  8158 I susfs   : [10444][8158][susfs_is_inode_sus_path] hiding path with ino '0'
1791670706.168 10444  8158  8158 I susfs   : [10444][8158][susfs_is_inode_sus_path] hiding path with ino '0'
1791670706.168 10444  8158  8158 I susfs   : [10444][8158][susfs_is_inode_sus_path] hiding path with ino '0'
1791670706.168 10444  7726  8158 W System.err: java.io.IOException: No such file or directory
1791670706.168 10444  7726  8158 W System.err: 	at java.io.UnixFileSystem.createFileExclusively0(Native Method)
1791670706.168 10444  7726  8158 W System.err: 	at java.io.UnixFileSystem.createFileExclusively(UnixFileSystem.java:373)
1791670706.168 10444  7726  8158 W System.err: 	at java.io.File.createNewFile(File.java:1022)
1791670706.168 10444  7726  8158 W System.err: 	at epa$e.f(SourceFile:42)
1791670706.168 10444  7726  8158 W System.err: 	at epa.f(SourceFile:66)
1791670706.168 10444  7726  8158 W System.err: 	at epa.b(SourceFile:0)
1791670706.168 10444  7726  8158 W System.err: 	at epa$d.run(SourceFile:20)
1791670706.168 10444  7726  8158 W System.err: 	at java.lang.Thread.run(Thread.java:1572)
1791670706.168 10444  8158  8158 I susfs   : [10444][8158][susfs_is_inode_sus_path] hiding path with ino '0'
1791670706.203  1000  1753  1753 D SurfaceFlinger: initiateModeChange 4630946292801050754 {mode={fps=60.00 Hz, modePtr={id=3, vsyncRate=60.00 Hz, peakRefreshRate=60.00 Hz}}, emitEvent=false, force=false}
1791670706.203  1000  1703  3573 D SDM     : IRIS_LOG_HWC::SetActiveConfigWithConstraints:465: 03
1791670706.203  1000  1703  3573 I IRIS_LOG_SERV: config 3, Refresh rate 60, Frame 3216x1440, Current mode 'ABYP'
1791670706.203  1000  1703  3573 D IRIS_LOG_SERV: Service Mode changed to: IRIS_SERVICE_MODE_BYPASS
1791670706.203  1000  1703  3573 I IRIS_LOG_SERV: SetActiveConfig[3]: 60 3216x1440 => 0
1791670706.204  1000  1703  3573 I SDM     : HWDeviceDRM::UpdateMixerAttributes: Mixer WxH 1440x3216-1 for Peripheral
1791670706.204  1000  1703  3573 I SDM     : HWCDisplay::SubmitDisplayConfig: HWC SetActiveConfig [5,3], cur_resolution is (1440, 3216), new_resolution is (1440, 3216)
1791670706.204  1000  1703  3573 I SDM     : HWCDisplay::SubmitDisplayConfig: Active configuration changed to: 3
1791670706.205  1000  1703  3573 D IRIS_LOG_COLR: Use kPbGamut HwConfigPayload
1791670706.218  root 17932 17932 E         : ams-tof [ERROR] debug for tof8801_get_register 1
1791670706.219  root 17932 17932 E         : ams-tof [ERROR] CPU status register: 0xe0 value: 0x41
1791670706.219  root 17932 17932 E         : ams-tof [INFO]  ToF chip CPU is ready
1791670706.219  root 17932 17932 E         : ams-tof [INFO]  tof_ram_patch_callback: Ram patch complete, patch size: 11K, dl time: 348 ms
1791670706.221  root   709   709 I [drm:dsi_display_set_mode [msm_drm]] [msm-dsi-info]: mdp_transfer_time=7700, hactive=1440, vactive=3216, fps=60, h_skew=1
1791670706.221  root 17932 17932 E         : ams-tof [INFO]  Read info record - Running app_id: 0xc0.
1791670706.221  root   709   709 E         : IRIS_LOG I iris_post_switch(), post switch to 1440x3216@60Hz, cmd list 0, switch case ABYP_TO_ABYP
1791670706.221  root   709   709 E         : <AMB670YF01> dsi_cmd qcom,mdss-dsi-adfr-pre-switch-command
1791670706.221  root   709   709 I [drm:oplus_dsi_display_vsync_switch_check_te [msm_drm]] [msm-dsi-info]: kVRR vsync_switch_gpio is already 0
1791670706.221  root 17932 17932 I ams-tof 9-0041: App0 version: 3-0-18-0
1791670706.221  root 17932 17932 I ams-tof 9-0041: Clock trim iterations set to: 1
1791670706.222  root   709   709 E         : IRIS_LOG I iris_switch(), return 0, total cost '239 us'
1791670706.222  root   709   709 I [drm:dsi_panel_adfr_status_reset [msm_drm]] [msm-dsi-info]: kVRR auto mode reset: auto mode 0, fakeframe 0, min fps 1
1791670706.222  root   709   709 E         : <AMB670YF01> dsi_cmd qcom,mdss-dsi-post-panel-on-command
1791670706.228  root 17932 17932 I ams-tof 9-0041: tof8801_app0_rw_osc_trim: current osc_trim: 0x34, clk_ratio (Q15): 6972
1791670706.229  root 17932 17932 I ams-tof 9-0041: Clock trim value from fuse: 52
1791670706.235  root 17932 17932 I ams-tof 9-0041: tof8801_app0_rw_osc_trim: new osc_trim: 0x34
1791670706.237  root 17932 17932 E         : ams-tof [INFO]  laser download fw success
1791670706.237  1047 30967 30967 E         : ams-tof [INFO]  APP0 is running
1791670706.237  1047 30967 30967 E         : ams-tof [ERROR] FWDL callback 370 ms to finish
1791670706.237  1047 30967 30967 I ams-tof 9-0041: Clock trim iterations set to: 22
1791670706.237  1047 30967 30967 E         : ams-tof [INFO]  Set defualt period = 33 clk_iterations = 900000
1791670706.237  1047 30967 30967 E         : ams-tof [INFO]  Caemra Tof Probe ok.
1791670706.237  1047 30967 30967 E         : ams-tof [INFO]  tof start power down
1791670706.237  1047 30967 30967 I CAM_INFO: CAM-SENSOR: cam_sensor_driver_cmd: 845 Start to tof ready ,ret = 0
1791670706.237  root 31017 31017 E         : ams-tof [INFO]  stop irq thread start
1791670706.237  root 31017 31017 E         : ams-tof [INFO]  stop irq threadd done
1791670706.237  root 31017 31017 I CAM_ERR : CAM-TOF: tof_power_down: 471 do tof_power_down
1791670706.237  root 31017 31017 I CAM_INFO: CAM-CCI: cam_cci_control_interface: 2031 cci release cmd,rc=0
1791670706.239  root 31017 31017 I CAM_INFO: CAM-SENSOR: msm_cam_sensor_handle_reg_gpio: 1960 Input Parameters are not proper
1791670706.239  root 31017 31017 I CAM_INFO: CAM-SENSOR: cam_sensor_util_request_gpio_table: 1217 No GPIO data
1791670706.240  root 31017 31017 I CAM_INFO: CAM-CCI: cam_cci_soc_release: 447 cam_cci_soc_release 7
1791670706.240  root 31017 31017 I CAM_INFO: CAM-TOF: cam_tof_release: 215 cam_tof_release
1791670706.240  root 31017 31017 E         : ams-tof [INFO]  power down success
1791670706.247  1047 30967 30967 I CAM_INFO: CAM-CCI: cam_cci_init: 198 cam_cci_init 6
1791670706.247  1047 30967 30967 I CAM_ERR : CAM-SENSOR: cam_sensor_driver_cmd: 883 sensor power up success sensor id 0x789
1791670706.247  1047 30967 30967 I CAM_ERR : CAM-SENSOR: cam_sensor_match_id_oem: 715 read vendor_id_addr=0x18 vendor_id: 0x10 expected vendor_id 0x1: rc=0
1791670706.247  1047 30967 30967 I CAM_INFO: CAM-SENSOR: cam_sensor_driver_cmd: 920 Probe success,slot:0,slave_addr:0x34,sensor_id:0x789
1791670706.251 10660  7469  7469 D ToastAccService: Not a toast, ignore
1791670706.253  1047 30967 30967 I ISPHVX  : GetFilesFromOplusBin tuning bin: semco_imx789
1791670706.253  1047 30967 30967 I ISPHVX  : CreateTuningDataManager tuning bin: semco_imx789
1791670706.251  1047 30967 30967 I CAM_INFO: CAM-CCI: cam_cci_soc_release: 447 cam_cci_soc_release 6
1791670706.251  1047 30967 30967 I CAM_ERR : CAM-SENSOR: cam_sensor_driver_cmd: 933 sensor power down success sensor id 0x789
1791670706.274  root    36    36 I IRQ 16  : no longer affine to CPU4
1791670706.285  1000  4337 30998 W CameraService_proxy: Unknown extension type: -1
1791670706.363  1047 30967 30967 I CAM_ERR : CAM-SENSOR: cam_sensor_update_id_info: 576 vendor_slave_addr:  0x20, vendor_id_Addr: 0x0, vendorID: 0x0, vendor_mask: 0x0
1791670706.379  1047 30967 30967 I CAM_INFO: CAM-CCI: cam_cci_init: 198 cam_cci_init 7
1791670706.379  1047 30967 30967 I CAM_ERR : CAM-SENSOR: cam_sensor_driver_cmd: 883 sensor power up success sensor id 0x471
1791670706.379  1047 30967 30967 I CAM_INFO: CAM-SENSOR: oplus_sensor_sony_get_dpc_data: 1146 oplus_sensor_sony_get_dpc_data enter
1791670706.379  1047 30967 30967 I CAM_INFO: CAM-SENSOR: oplus_sensor_sony_get_dpc_data: 1184  fd_dfct_num = 0, sg_dfct_num = 8
1791670706.381  1047 30967 30967 I CAM_INFO: CAM-SENSOR: oplus_sensor_sony_get_dpc_data: 1259 exit
1791670706.381  1047 30967 30967 I CAM_INFO: CAM-SENSOR: cam_sensor_driver_cmd: 920 Probe success,slot:2,slave_addr:0x20,sensor_id:0x471
1791670706.388 10303  4915  4915 W LocaleConfig: The resource file pointed to by the given resource ID isn't found.
1791670706.394  root  4784  4784 I [schedu][0x102a604682][22:18:26.394007] wlan: [4784:I:OSIF] vdev 0, scan id 41354 type COMPLETED(1) reason COMPLETED(1) scan found 30 bss
1791670706.395  1047 30967 30967 I CAM_INFO: CAM-CCI: cam_cci_soc_release: 447 cam_cci_soc_release 7
1791670706.395  1047 30967 30967 I CAM_ERR : CAM-SENSOR: cam_sensor_driver_cmd: 933 sensor power down success sensor id 0x471
1791670706.395  wifi  4184  4184 W wificond: No handler for scan result notification from interface with index: 25
1791670706.397  1047 30967 30967 I ISPHVX  : GetFilesFromOplusBin tuning bin: truly_imx471
1791670706.397  1047 30967 30967 I ISPHVX  : CreateTuningDataManager tuning bin: truly_imx471
1791670706.397  1000  4337  4574 D WifiNative: Scan result ready event
1791670706.398 10303  4915  5469 W AsyncRowInflater: Failed to inflate resource in the background! Retrying on the UI thread
1791670706.398 10303  4915  5469 W AsyncRowInflater: android.view.InflateException: Binary XML file line #19 in com.android.systemui:layout/status_bar_notification_row: should be called from the main thread. sMainLooper.threadName=main Thread.currentThread()=NotifInflation
1791670706.398 10303  4915  5469 W AsyncRowInflater: Caused by: java.lang.IllegalStateException: should be called from the main thread. sMainLooper.threadName=main Thread.currentThread()=NotifInflation
1791670706.398 10303  4915  5469 W AsyncRowInflater: 	at com.android.systemui.util.Assert$$ExternalSyntheticBUOutline0.m(go/retraceme 28439c5fda74c23409abdc1e4f815f97c5b2cc073ab68a9eb796a2cb5693c4b9:20)
1791670706.398 10303  4915  5469 W AsyncRowInflater: 	at com.android.systemui.util.Assert.isMainThread(go/retraceme 28439c5fda74c23409abdc1e4f815f97c5b2cc073ab68a9eb796a2cb5693c4b9:39)
1791670706.398 10303  4915  5469 W AsyncRowInflater: 	at com.android.systemui.statusbar.notification.row.NotificationBackgroundView.setBlurBackgroundEnabled(go/retraceme 28439c5fda74c23409abdc1e4f815f97c5b2cc073ab68a9eb796a2cb5693c4b9:0)
1791670706.398 10303  4915  5469 W AsyncRowInflater: 	at com.android.systemui.statusbar.notification.row.ActivatableNotificationView.onFinishInflate(go/retraceme 28439c5fda74c23409abdc1e4f815f97c5b2cc073ab68a9eb796a2cb5693c4b9:47)
1791670706.398 10303  4915  5469 W AsyncRowInflater: 	at com.android.systemui.statusbar.notification.row.ExpandableNotificationRow.onFinishInflate(go/retraceme 28439c5fda74c23409abdc1e4f815f97c5b2cc073ab68a9eb796a2cb5693c4b9:0)
1791670706.398 10303  4915  5469 W AsyncRowInflater: 	at android.view.LayoutInflater.rInflate(LayoutInflater.java:1069)
1791670706.398 10303  4915  5469 W AsyncRowInflater: 	at android.view.LayoutInflater.rInflateChildren(LayoutInflater.java:1016)
1791670706.398 10303  4915  5469 W AsyncRowInflater: 	at android.view.LayoutInflater.inflate(LayoutInflater.java:601)
1791670706.398 10303  4915  5469 W AsyncRowInflater: 	at android.view.LayoutInflater.inflate(LayoutInflater.java:492)
1791670706.398 10303  4915  5469 W AsyncRowInflater: 	at com.android.systemui.statusbar.notification.row.AsyncRowInflater$inflate$1.invokeSuspend(go/retraceme 28439c5fda74c23409abdc1e4f815f97c5b2cc073ab68a9eb796a2cb5693c4b9:57)
1791670706.398 10303  4915  5469 W AsyncRowInflater: 	at kotlin.coroutines.jvm.internal.BaseContinuationImpl.resumeWith(go/retraceme 28439c5fda74c23409abdc1e4f815f97c5b2cc073ab68a9eb796a2cb5693c4b9:7)
1791670706.398 10303  4915  5469 W AsyncRowInflater: 	at kotlinx.coroutines.DispatchedTask.run(go/retraceme 28439c5fda74c23409abdc1e4f815f97c5b2cc073ab68a9eb796a2cb5693c4b9:111)
1791670706.398 10303  4915  5469 W AsyncRowInflater: 	at android.os.Handler.handleCallback(Handler.java:1095)
1791670706.398 10303  4915  5469 W AsyncRowInflater: 	at android.os.Handler.dispatchMessageImpl(Handler.java:135)
1791670706.398 10303  4915  5469 W AsyncRowInflater: 	at android.os.Handler.dispatchMessage(Handler.java:125)
1791670706.398 10303  4915  5469 W AsyncRowInflater: 	at android.os.Looper.loopOnce(Looper.java:296)
1791670706.398 10303  4915  5469 W AsyncRowInflater: 	at android.os.Looper.loop(Looper.java:397)
1791670706.398 10303  4915  5469 W AsyncRowInflater: 	at android.os.HandlerThread.run(HandlerThread.java:139)
1791670706.398  1000  4337  4579 I Nl80211Proxy: Sending Nl80211 message: GenericNetlinkMsg{ nlHeader{StructNlMsgHdr{ nlmsg_len{20}, nlmsg_type{21()}, nlmsg_flags{769(NLM_F_REQUEST|NLM_F_DUMP)}, nlmsg_seq{1189}, nlmsg_pid{0} }}, genNlHeader{StructGenNlMsgHdr{ command{5}, version{1}, reserved{0} }}, attributes{[]} }
1791670706.399  1000  4337  4579 I Nl80211Proxy: Received NLMSG_DONE for message GenericNetlinkMsg{ nlHeader{StructNlMsgHdr{ nlmsg_len{20}, nlmsg_type{21()}, nlmsg_flags{769(NLM_F_REQUEST|NLM_F_DUMP)}, nlmsg_seq{1189}, nlmsg_pid{0} }}, genNlHeader{StructGenNlMsgHdr{ command{5}, version{1}, reserved{0} }}, attributes{[]} }
1791670706.399  1000  4337  4579 I Nl80211Proxy: Sending Nl80211 message: GenericNetlinkMsg{ nlHeader{StructNlMsgHdr{ nlmsg_len{28}, nlmsg_type{21()}, nlmsg_flags{769(NLM_F_REQUEST|NLM_F_DUMP)}, nlmsg_seq{1190}, nlmsg_pid{0} }}, genNlHeader{StructGenNlMsgHdr{ command{32}, version{1}, reserved{0} }}, attributes{[StructNlAttr{ nla_len{8}, nla_type{3}, nla_value{19000000}, }]} }
1791670706.401  1000  4337  4579 I Nl80211Proxy: Received NLMSG_DONE for message GenericNetlinkMsg{ nlHeader{StructNlMsgHdr{ nlmsg_len{28}, nlmsg_type{21()}, nlmsg_flags{769(NLM_F_REQUEST|NLM_F_DUMP)}, nlmsg_seq{1190}, nlmsg_pid{0} }}, genNlHeader{StructGenNlMsgHdr{ command{32}, version{1}, reserved{0} }}, attributes{[StructNlAttr{ nla_len{8}, nla_type{3}, nla_value{19000000}, }]} }
1791670706.405  1000  4337  4579 W IE_Capabilities: Unknown RSN cipher suite: 6ac0f00
1791670706.410 10303  4915  5469 W LocaleConfig: The resource file pointed to by the given resource ID isn't found.
1791670706.412  1000  4337  4579 W IE_Capabilities: Unknown RSN cipher suite: 6ac0f00
1791670706.413  1000  4337  4579 D WificondScannerImpl: Filtering out 16 scan results.
1791670706.417 10280  5540  6932 I WifiScanner: onFullResults
1791670706.417 10280  5540  7790 I WifiScanner: onFullResults
1791670706.425  1000  4337  4574 D PasspointManager: ANQP entry not found for: c0:a4:76:29:11:a0:<DELTA HOTEL>
1791670706.425  1000  4337  4574 D PasspointManager: ANQP entry not found for: 5c:7d:ae:e9:b0:d4:<SUPERBOX_Wi-Fi_7230>
1791670706.426  1000  4337  4574 D PasspointManager: ANQP entry not found for: 5c:7d:ae:f1:b0:d4:<SUPERBOX_Wi-Fi_7230>
1791670706.426  1000  4337  4574 D PasspointManager: ANQP entry not found for: 62:7d:ae:f1:b0:d4:<>
1791670706.426  1000  4337  4574 D PasspointManager: ANQP entry not found for: f4:4d:5c:4a:82:12:<Zyxel_8211>
1791670706.427  wifi  1679  1679 E [androi][0x102a6a1d50][22:18:26.427591] wlan: [1679:E:OSIF] wlan_hdd_set_station_stats_request_pending: peer is null
1791670706.445  1000  1722  1722 D vendor.qti.vibrator: Vibrator on for timeoutMs: 350
1791670706.445  1000  1722  1722 E aw8697_vmax_store: value=1600
1791670706.455  1000  1722 31018 D vendor.qti.vibrator: Starting on on another thread
1791670706.446  1000  1722  1722 E aw8697_vmax_store: aw8697->gain[0x75], aw8697->vmax[0x0] end
1791670706.447  1000  1722  1722 E aw8697_waveform_index_store: waveform_index = 7
1791670706.447  1047 30967 30967 I CAM_ERR : CAM-SENSOR: cam_sensor_update_id_info: 576 vendor_slave_addr:  0x34, vendor_id_Addr: 0x18, vendorID: 0x0, vendor_mask: 0x0
1791670706.448  1000  1722  1722 E aw8697_duration_store: value=350
1791670706.448  1000  1722  1722 E aw8697_activate_store: value=1
1791670706.449  1000  1722  1722 I aw8697_activate_store: a aw8697->rtp_file_num=264
1791670706.453  root  2481  2481 I         : aw8697_rtp_work_routine enter
1791670706.453  root  2481  2481 I         : aw8697_rtp_work_routine  aw8697->rtp_file_num[264]
1791670706.453  root  2481  2481 W aw8697_haptic 6-005a: Direct firmware load for 360ms_RTP.bin failed with error -2
1791670706.453  root  2481  2481 W aw8697_haptic 6-005a: Falling back to sysfs fallback for: 360ms_RTP.bin
1791670706.455  1000  1722  1722 I aw8697_haptic_juge_RTP_is_going_on: rtp_routine_on
1791670706.457  1047 30967 30967 I CAM_INFO: CAM-CCI: cam_cci_init: 198 cam_cci_init 6
1791670706.457  1047 30967 30967 I CAM_ERR : CAM-SENSOR: cam_sensor_driver_cmd: 883 sensor power up success sensor id 0x766
1791670706.457  1047 30967 30967 I CAM_ERR : CAM-SENSOR: cam_sensor_match_id_oem: 689 read vendor_id_addr=0x18 vendor_id: 0x11 expected vendor_id 0x0: rc=0
1791670706.457  1047 30967 30967 I CAM_ERR : CAM-SENSOR: cam_sensor_diff_af_support: 658 read sensor_id 0x0 vcm_id: 0xe6, af_driver_id: 0x0, rc = 0
1791670706.461  logd 31019 31019 I ueventd : firmware: loading '360ms_RTP.bin' for '/devices/platform/soc/88c000.i2c/i2c-6/6-005a/firmware/360ms_RTP.bin'
1791670706.461  root  2481  2481 I aw8697_rtp_work_routine: rtp file [shuntai24k_rtp.bin] size = 8612
1791670706.461  root  2481  2481 I aw8697_rtp_work_routine: rtp file [360ms_RTP.bin] size = 8612, f0 = 1700
1791670706.462  root  2481  2481 E aw8697_haptic_ram_vbat_comp: aw8697->gain = 0x75, temp_gain = 0x0, aw8697->ram_vbat_comp=1.
1791670706.467  1047 30967 30967 I CAM_INFO: CAM-CCI: cam_cci_soc_release: 447 cam_cci_soc_release 6
1791670706.467  1047 30967 30967 I CAM_INFO: CAM-SENSOR: cam_sensor_driver_cmd: 903 sensor power down!
1791670706.467  root  2481  2481 I         : aw8697_haptic_rtp_init enter
1791670706.467  root  2481  2481 I         : aw8697_dump_rtp_regs reg_0x02 = 0x00
1791670706.467  1000  4337  6600 I PackageManager: getInstalledPackages: callingUid=10385 flags=4096 updatedFlags=790528 userId=0
1791670706.470  root  2481  2481 I         : aw8697_dump_rtp_regs reg_0x03 = 0x99
1791670706.472  1000  4337  4518 E WifiService: Attempt to retrieve Passpoint configuration with null osuProviders
1791670706.470  root  2481  2481 I         : aw8697_dump_rtp_regs reg_0x04 = 0x46
1791670706.471  root  2481  2481 I         : aw8697_dump_rtp_regs reg_0x05 = 0x00
1791670706.471  root  2481  2481 I         : aw8697_dump_rtp_regs reg_0x46 = 0x03
1791670706.471  root  2481  2481 I         : aw8697_dump_rtp_regs reg_0x30 = 0x91
1791670706.490  1047 30967 30967 I CAM_ERR : CAM-SENSOR: cam_sensor_subdev_ioctl: 63 Failed in Driver cmd: -1
1791670706.491  1047 30967 30967 I CAM_ERR : CAM-SENSOR: cam_sensor_update_id_info: 576 vendor_slave_addr:  0x34, vendor_id_Addr: 0x18, vendorID: 0xe609, vendor_mask: 0x0
1791670706.492 media  4181 31012 I GenericSource: start
1791670706.495 10303  4915  4915 W TouchableRegionManager: onHeadsUpPinnedModeChanged
1791670706.497 media  4181 31021 I MediaCodec: Retry enabled for HDCP failure
1791670706.498 10303  4915 31010 D RingtonePlayer: player.start piid:2543
1791670706.501 10303  4915  4915 D WindowOnBackDispatcher: setTopOnBackInvokedCallback (unwrapped): com.android.systemui.back.domain.interactor.BackActionInteractor$callback$2@9ce00ea
1791670706.505 media  4181 31021 W mediaserver: Failed to query component store for system resources: 6
1791670706.505 media  4181 31022 D CCodec  : allocate(c2.android.vorbis.decoder)
1791670706.507  1000  4337  4377 D CoreBackPreview: Window{36d4d2e u0 NotificationShade}: Setting back callback OnBackInvokedCallbackInfo{mCallback=android.window.IOnBackInvokedCallback$Stub$Proxy@97d72db, mPriority=0, mIsAnimationCallback=false, mOverrideBehavior=0}
1791670706.508 media  4181 31022 I CCodec  : setting up 'default' as default (vendor) store
1791670706.510  1046  2213  4766 E CodecServiceRegistrant: querySupportedValues -- transaction failed.
1791670706.511 10303  4915  4915 D MediaRouter: onRestoreRoute() : route=RouteInfo{ name=Telefon, description=null, status=null, category=RouteCategory{ name=Sistem types=ROUTE_TYPE_LIVE_AUDIO ROUTE_TYPE_LIVE_VIDEO  groupable=false }, supportedTypes=ROUTE_TYPE_LIVE_AUDIO ROUTE_TYPE_LIVE_VIDEO , presentationDisplay=null }
1791670706.511 10303  4915  4915 V MediaRouter: Selecting route: RouteInfo{ name=Telefon, description=null, status=null, category=RouteCategory{ name=Sistem types=ROUTE_TYPE_LIVE_AUDIO ROUTE_TYPE_LIVE_VIDEO  groupable=false }, supportedTypes=ROUTE_TYPE_LIVE_AUDIO ROUTE_TYPE_LIVE_VIDEO , presentationDisplay=null }
1791670706.512 media  4181 31022 I CCodec  : Created component [c2.android.vorbis.decoder] for [c2.android.vorbis.decoder]
1791670706.512 media  4181 31022 D CCodecConfig: read media type: audio/vorbis
1791670706.515 media  4181 31022 D ReflectedParamUpdater: extent() != 1 for single value type: algo.buffers.max-count.values
1791670706.515 media  4181 31022 D ReflectedParamUpdater: extent() != 1 for single value type: output.subscribed-indices.values
1791670706.515 media  4181 31022 D ReflectedParamUpdater: extent() != 1 for single value type: input.buffers.allocator-ids.values
1791670706.515 media  4181 31022 D ReflectedParamUpdater: extent() != 1 for single value type: output.buffers.allocator-ids.values
1791670706.516 media  4181 31022 D ReflectedParamUpdater: extent() != 1 for single value type: algo.buffers.allocator-ids.values
1791670706.516 media  4181 31022 D ReflectedParamUpdater: extent() != 1 for single value type: output.buffers.pool-ids.values
1791670706.516 media  4181 31022 D ReflectedParamUpdater: extent() != 1 for single value type: algo.buffers.pool-ids.values
1791670706.515  1047 30967 30967 I CAM_INFO: CAM-CCI: cam_cci_init: 198 cam_cci_init 6
1791670706.515  1047 30967 30967 I CAM_ERR : CAM-SENSOR: cam_sensor_driver_cmd: 883 sensor power up success sensor id 0x766
1791670706.515  1047 30967 30967 I CAM_ERR : CAM-SENSOR: cam_sensor_match_id_oem: 689 read vendor_id_addr=0x18 vendor_id: 0x11 expected vendor_id 0xe609: rc=0
1791670706.515  1047 30967 30967 I CAM_ERR : CAM-SENSOR: cam_sensor_diff_af_support: 658 read sensor_id 0xe609 vcm_id: 0xe6, af_driver_id: 0x0, rc = 0
1791670706.515  1047 30967 30967 I CAM_INFO: CAM-SENSOR: cam_sensor_driver_cmd: 920 Probe success,slot:1,slave_addr:0x34,sensor_id:0x766
1791670706.519 media  4181 31022 I CCodecConfig: query failed after returning 8 values (BAD_INDEX)
1791670706.519 media  4181 31022 D CCodecConfig: c2 config diff is Dict {
1791670706.519 media  4181 31022 D CCodecConfig:   c2::u32 coded.bitrate.value = 64000
1791670706.519 media  4181 31022 D CCodecConfig:   c2::u32 input.buffers.max-size.value = 32768
1791670706.519 media  4181 31022 D CCodecConfig:   c2::u32 input.delay.value = 0
1791670706.519 media  4181 31022 D CCodecConfig:   string input.media-type.value = "audio/vorbis"
1791670706.519 media  4181 31022 D CCodecConfig:   c2::u32 output.large-frame.max-size = 0
1791670706.519 media  4181 31022 D CCodecConfig:   c2::u32 output.large-frame.threshold-size = 0
1791670706.519 media  4181 31022 D CCodecConfig:   string output.media-type.value = "audio/raw"
1791670706.519 media  4181 31022 D CCodecConfig:   c2::u32 raw.channel-count.value = 1
1791670706.519 media  4181 31022 D CCodecConfig:   c2::u32 raw.sample-rate.value = 48000
1791670706.519 media  4181 31022 D CCodecConfig: }
1791670706.522 media  4181 31021 I MediaCodec: media_quality service unavailable, skipping updatePictureProfile
1791670706.522 media  4181 31022 D CCodec  : [c2.android.vorbis.decoder] buffers are bound to CCodec for this session
1791670706.524  1047 30967 30967 I CAM_INFO: CAM-CCI: cam_cci_soc_release: 447 cam_cci_soc_release 6
1791670706.524  1047 30967 30967 I CAM_ERR : CAM-SENSOR: cam_sensor_driver_cmd: 933 sensor power down success sensor id 0x766
1791670706.522 media  4181 31022 D CCodecConfig: no c2 equivalents for durationUs
1791670706.522 media  4181 31022 D CCodecConfig: no c2 equivalents for csd-1
1791670706.522 media  4181 31022 D CCodecConfig: no c2 equivalents for flags
1791670706.523 media  4181 31022 D CCodecConfig: c2 config diff is   c2::u32 coded.bitrate.value = 224000
1791670706.523 media  4181 31022 D CCodecConfig:   c2::u32 raw.channel-count.value = 2
1791670706.523 media  4181 31022 D CCodecConfig:   c2::u32 raw.sample-rate.value = 44100
1791670706.524 media  4181 31022 W Codec2Client: query -- param skipped: index = 1107298332.
1791670706.525 media  4181 31022 D CCodec  : encoding statistics level = 0
1791670706.525 media  4181 31022 D CCodec  : setup formats input: AMessage(what = 0x00000000) = {
1791670706.525 media  4181 31022 D CCodec  :   int32_t bitrate = 224000
1791670706.525 media  4181 31022 D CCodec  :   int32_t channel-count = 2
1791670706.525 media  4181 31022 D CCodec  :   int32_t max-input-size = 32768
1791670706.525 media  4181 31022 D CCodec  :   string mime = "audio/vorbis"
1791670706.525 media  4181 31022 D CCodec  :   int32_t sample-rate = 44100
1791670706.525 media  4181 31022 D CCodec  : }
1791670706.525 media  4181 31022 D CCodec  : setup formats output: AMessage(what = 0x00000000) = {
1791670706.525 media  4181 31022 D CCodec  :   int32_t buffer-batch-max-output-size = 0
1791670706.525 media  4181 31022 D CCodec  :   int32_t buffer-batch-threshold-output-size = 0
1791670706.525 media  4181 31022 D CCodec  :   int32_t channel-count = 2
1791670706.525 media  4181 31022 D CCodec  :   string mime = "audio/raw"
1791670706.525 media  4181 31022 D CCodec  :   int32_t sample-rate = 44100
1791670706.525 media  4181 31022 D CCodec  :   int32_t channel-mask = 3
1791670706.525 media  4181 31022 D CCodec  :   int32_t android._config-pcm-encoding = 2
1791670706.525 media  4181 31022 D CCodec  : }
1791670706.525 media  4181 31022 I CCodecConfig: query failed after returning 8 values (BAD_INDEX)
1791670706.525 media  4181 31022 E mediaserver: Failed to query component interface for required system resources: 6
1791670706.525  1047 30967 30967 I ISPHVX  : GetFilesFromOplusBin tuning bin: sunny_imx766
1791670706.525  1047 30967 30967 I ISPHVX  : CreateTuningDataManager tuning bin: sunny_imx766
1791670706.526 media  4181 31022 I MediaCodec: MediaCodec will operate in async mode
1791670706.526 media  4181 31021 D MediaCodec: keep callback message for reclaim
1791670706.527 media  4181 31022 W Codec2Client: query -- param skipped: index = 1342179345.
1791670706.527 media  4181 31022 W Codec2Client: query -- param skipped: index = 2415921170.
1791670706.529 media  4181 31022 I hw-BpHwBinder: onLastStrongRef automatically unlinking death recipients
1791670706.529 media  4181 31022 D BufferPoolAccessor2.0: bufferpool2 0xea683ce8 : 4(131072 size) total buffers - 4(131072 size) used buffers - 11/19 (recycle/alloc) - 8/34 (fetch/transfer)
1791670706.529 media  4181 31022 D CCodecBufferChannel: [c2.android.vorbis.decoder#52] Created input block pool with allocatorID 16 => poolID 96 - OK (0)
1791670706.529  1046  2213 15799 D BufferPoolAccessor2.0: bufferpool2 0xb400006e4c872b88 : 0(0 size) total buffers - 0(0 size) used buffers - 73/84 (recycle/alloc) - 11/83 (fetch/transfer)
1791670706.529  1046  2213 15799 D BufferPoolAccessor2.0: Destruction - bufferpool2 0xb400006e4c872b88 cached: 0/0M, 0/0% in use; allocs: 84, 87% recycled; transfers: 83, 87% unfetched
1791670706.529  1046  2213 20091 E CodecServiceRegistrant: querySupportedValues -- transaction failed.
1791670706.531 media  4181 31022 I CCodecBufferChannel: [c2.android.vorbis.decoder#52] Created output block pool with allocatorID 16 => poolID 452 - OK
1791670706.531 media  4181 31022 D CCodecBufferChannel: [c2.android.vorbis.decoder#52] Configured output block pool ids 452 => OK
1791670706.531  1046  2213 20091 E Codec2-ComponentInterface: We have a failed config
1791670706.534  1046  2213 31023 E CodecServiceRegistrant: querySupportedValues -- transaction failed.
1791670706.534  1046  2213 31023 D SimpleC2Component: Using output block pool with poolID 452 => got 452 - 0
1791670706.539  1046 31023 31023 W ion_buffer_alloc: Detected allocation from generic sys heap for task mediaswcodec-2213
1791670706.543  1000  1753  1753 D SurfaceFlinger: initiateModeChange 4630946292801050754 {mode={fps=120.00 Hz, modePtr={id=5, vsyncRate=120.00 Hz, peakRefreshRate=120.00 Hz}}, emitEvent=false, force=false}
1791670706.544  1000  1703  3573 D SDM     : IRIS_LOG_HWC::SetActiveConfigWithConstraints:465: 05
1791670706.544  1000  1703  3573 I IRIS_LOG_SERV: config 5, Refresh rate 120, Frame 3216x1440, Current mode 'ABYP'
1791670706.544  1000  1703  3573 D IRIS_LOG_SERV: Service Mode changed to: IRIS_SERVICE_MODE_BYPASS
1791670706.544  1000  1703  3573 I IRIS_LOG_SERV: SetActiveConfig[5]: 120 3216x1440 => 0
1791670706.545  1000  1703  3573 I SDM     : HWDeviceDRM::UpdateMixerAttributes: Mixer WxH 1440x3216-1 for Peripheral
1791670706.545  1000  1703  3573 I SDM     : HWCDisplay::SubmitDisplayConfig: HWC SetActiveConfig [3,5], cur_resolution is (1440, 3216), new_resolution is (1440, 3216)
1791670706.545  1000  1703  3573 I SDM     : HWCDisplay::SubmitDisplayConfig: Active configuration changed to: 5
1791670706.546 10303  4915  4915 I Surface : Creating surface for consumer unnamed-4915-355 with slotExpansion=1 for 64 slots
1791670706.546 10303  4915  4915 I Surface : Creating surface for consumer VRI[NotificationShade]#335(BLAST Consumer)335 with slotExpansion=1 for 64 slots
1791670706.548  1041  4179  4179 D AudioFlinger: Client defaulted notificationFrames to 11025 for frameCount 22050
1791670706.548  1041  4179  4179 I AF::AfPlaybackCommon: AfPlaybackCommon: creating track with enforcement level 0 reason PRIVILEGED_APP shouldHarden 1
1791670706.548  1000  1703  3573 D IRIS_LOG_COLR: Use kPbGamut HwConfigPayload
1791670706.558  1000  4337  4377 D WindowManager: setClientSurface Surface(name=VRI-NotificationShade#83)/@0x9d9d0af for 36d4d2e NotificationShade
1791670706.557  root   709   709 E         : [drm:_sde_crtc_blend_setup_mixer:1602] do not config dimlayer at the fps switch
1791670706.559  root   709   709 I [drm:dsi_display_set_mode [msm_drm]] [msm-dsi-info]: mdp_transfer_time=7700, hactive=1440, vactive=3216, fps=120, h_skew=0
1791670706.559  root   709   709 E         : IRIS_LOG I iris_post_switch(), post switch to 1440x3216@120Hz, cmd list 0, switch case ABYP_TO_ABYP
1791670706.559  root   709   709 E         : <AMB670YF01> dsi_cmd qcom,mdss-dsi-adfr-pre-switch-command
1791670706.559  root   709   709 I [drm:oplus_dsi_display_vsync_switch_check_te [msm_drm]] [msm-dsi-info]: kVRR vsync_switch_gpio is already 0
1791670706.560  root   709   709 E         : IRIS_LOG I iris_switch(), return 0, total cost '255 us'
1791670706.560  root   709   709 I [drm:dsi_panel_adfr_status_reset [msm_drm]] [msm-dsi-info]: kVRR auto mode reset: auto mode 0, fakeframe 1, min fps 0
1791670706.560  root   709   709 E         : <AMB670YF01> dsi_cmd qcom,mdss-dsi-post-panel-on-command
1791670706.566  1041  4165  4165 I EffectsFactory: EffectCreate() create_effect
1791670706.569  1041  4165  4404 E volume_listener: check_and_set_gain_dep_cal: Failed to set gain dep cal level
1791670706.569  1041  4165 22570 D audio_hw_primary: start_output_stream: enter: stream(0xecf064c0)usecase(1: low-latency-playback) devices(0x2) is_haptic_usecase(0)
1791670706.569  1000  1659  1659 I QTI PowerHAL: Boost 3Not Supported
1791670706.569  1041  4165 22570 D audio_hw_primary: select_devices for use case (low-latency-playback)
1791670706.569  1041  4165 22570 I msm8974_platform: platform_check_and_set_codec_backend_cfg:becf: afe: bitwidth 24, samplerate 48000 channels 2, backend_idx 0 usecase = 1 device (speaker)
1791670706.569  1041  4165 22570 I msm8974_platform: platform_check_and_set_codec_backend_cfg: new_snd_devices[0] is 2
1791670706.569  1041  4165 22570 I msm8974_platform: platform_check_codec_backend_cfg:becf: afe: bitwidth 24, samplerate 48000 channels 2, backend_idx 0 usecase = 1 device (speaker)
1791670706.570 media  4181  4219 D MediaPlayerService: onAudioDeviceUpdate deviceIds: 3
1791670706.573  1041  4165 22570 D msm8974_platform: platform_check_codec_backend_cfg:becf: updated afe: bitwidth 24, samplerate 48000 channels 2,backend_idx 0 usecase = 1 device (speaker)
1791670706.573  1041  4165 22570 I msm8974_platform: platform_check_codec_backend_cfg:becf: afe: Codec selected backend: 0 updated bit width: 24 and sample rate: 48000
1791670706.573  1041  4165 22570 D audio_hw_primary: check_usecases_codec_backend:becf: force routing 0
1791670706.573  1041  4165 22570 D audio_hw_primary: check_usecases_codec_backend:becf: (93) check_usecases curr device: speaker, usecase device: backends match 0
1791670706.573  1041  4165 22570 D audio_hw_primary: check_usecases_codec_backend:becf: check_usecases num.of Usecases to switch 0
1791670706.573  1041  4165 22570 D hardware_info: hw_info_append_hw_type : device_name = speaker
1791670706.573  1041  4165 22570 D audio_hw_primary: enable_snd_device: snd_device(2: speaker)
1791670706.573  1041  4165 22570 D msm8974_platform: platform_get_island_cfg_on_device:island cfg status on snd_device = (speaker 0)
1791670706.573  1041  4165 22570 I soundtrigger: audio_extn_sound_trigger_update_device_status: device 0x2 of type 0 for Event 1, with Raise=0
1791670706.573  1041  4165 22570 D audio_route: Apply path: speaker
1791670706.578 10303  4915  4915 D DeviceEntryIconViewBinder: Initializing device entry fgIconView
1791670706.575  1041 22570 22570 I tfa98xx_set_stereo_ctl(): tfa98xx_set_stereo_ctl: selector = 3
1791670706.576  1041 22570 22570 I tfa98xx_get_check_feedback(): tfa98xx_get_check_feedback: g_chk_err = 0
1791670706.578  1041 22570 22570 I tfa98xx_set_check_feedback(): tfa98xx_set_check_feedback: need_chk = 1
1791670706.582  root  2481  2481 I         : aw8697_haptic_rtp_init exit
1791670706.582  root  2481  2481 I         : aw8697_op_clean_status enter
1791670706.587  1041 22570 22570 I afe_get_cal_topology_id: port_id = 0x1005 acdb_id = 102 topology_id = 0x1000b909 cal_type_index=8 ret=0
1791670706.588  1041 22570 22570 I afe_send_hw_delay: port_id 0x1005 rate 48000 delay_usec 578 status 0
1791670706.579  1041  4165 22570 D audio_hw_primary: enable_snd_device: snd_device(209: vi-feedback)
1791670706.579  1041  4165 22570 D msm8974_platform: platform_get_island_cfg_on_device:island cfg status on snd_device = (vi-feedback 0)
1791670706.579  1041  4165 22570 I soundtrigger: audio_extn_sound_trigger_update_device_status: device 0xd1 of type 1 for Event 1, with Raise=0
1791670706.579  1041  4165 22570 D audio_route: Apply path: vi-feedback
1791670706.579  1041  4165 22570 D msm8974_platform: fluence nn disabled
1791670706.579  1041  4165 22570 D soundtrigger: audio_extn_sound_trigger_update_stream_status: uc_info->id 56 of type 1 for Event 3, with Raise=0
1791670706.579  1041  4165 22570 D audio_hw_utils: audio_extn_utils_send_app_type_cfg: usecase->in_snd_device vi-feedback
1791670706.579  1041  4165 22570 E audio_hw_utils: send_app_type_cfg_for_device: Could not get ctl for mixer cmd - Audio Stream Capture 32 App Type Cfg
1791670706.579  1041  4165 22570 D ACDB-LOADER: ACDB -> send_audio_cal, acdb_id = 102, path = 1, app id = 0x11132, sample rate = 48000, use_case = 0,buffer_idx_w_path =1, afe_sample_rate = 48000, cal_mode = 1, offset_index = 0
1791670706.579  1041  4165 22570 D ACDB-LOADER: ACDB -> send_asm_topology
1791670706.579  1041  4165 22570 D ACDB-LOADER: ACDB -> ACDB_CMD_GET_AUDPROC_STREAM_TOPOLOGY_ID
1791670706.580  1041  4165 22570 D ACDB-LOADER: ACDB -> send_adm_topology
1791670706.580  1041  4165 22570 D ACDB-LOADER: ACDB -> ACDB_CMD_GET_AUDPROC_COMMON_TOPOLOGY_ID
1791670706.580  1041  4165 22570 D ACDB-LOADER: ACDB -> send_audtable
1791670706.580  1041  4165 22570 D ACDB-LOADER: ACDB -> ACDB_CMD_GET_AUDPROC_INSTANCE_COMMON_TABLE_SIZE
1791670706.580  1041  4165 22570 D ACDB-LOADER: ACDB -> ACDB_CMD_GET_AUDPROC_INSTANCE_COMMON_TABLE
1791670706.580  1041  4165 22570 D ACDB-LOADER: ACDB -> AUDIO_SET_AUDPROC_CAL cal_type[11] acdb_id[102] app_type[69938]
1791670706.580  1041  4165 22570 D ACDB-LOADER: check_fnn_usecase_status: fnn usecase active 0
1791670706.580  1041  4165 22570 D ACDB-LOADER: ACDB -> ACDB_CMD_GET_PERSISTENT_AUDPROC_INSTANCE_COMMON_TABLE_SIZE
1791670706.580  1041  4165 22570 D android.hardware.audio.service: [Data Manager]-> No data found
1791670706.580  1041  4165 22570 D ACDB-LOADER: Error: ACDB_CMD_GET_PERSISTENT_AUDPROC_INSTANCE_COMMON_TABLE_SIZE returned -18
1791670706.580  1041  4165 22570 D ACDB-LOADER: ACDB -> send_audproc_persist_table -18
1791670706.580  1041  4165 22570 D ACDB-LOADER: Error: Invalid Audproc persist size = -18
1791670706.580  1041  4165 22570 D ACDB-LOADER: ACDB -> ACDB_CMD_GET_AUDPROC_INSTANCE_STREAM_TABLE_SIZE
1791670706.580  1041  4165 22570 D ACDB-LOADER: ACDB -> send_audstrmtable
1791670706.580  1041  4165 22570 D ACDB-LOADER: ACDB -> ACDB_CMD_GET_AUDPROC_INSTANCE_STREAM_TABLE
1791670706.580  1041  4165 22570 D ACDB-LOADER: ACDB -> audstrm_cal->cal_type.cal_data.cal_size = 20
1791670706.580  1041  4165 22570 D ACDB-LOADER: ACDB -> send_afe_topology
1791670706.580  1041  4165 22570 D ACDB-LOADER: ACDB -> ACDB_CMD_GET_AFE_TOPOLOGY_ID
1791670706.580  1041  4165 22570 D ACDB-LOADER: ACDB -> GET_AFE_TOPOLOGY_ID for adcd_id 102, Topology Id 1000b909
1791670706.580  1041  4165 22570 D ACDB-LOADER: ACDB -> send_afe_cal
1791670706.580  1041  4165 22570 D ACDB-LOADER: ACDB -> ACDB_CMD_GET_AFE_INSTANCE_COMMON_TABLE_SIZE
1791670706.580  1041  4165 22570 D ACDB-LOADER: ACDB -> ACDB_CMD_GET_AFE_INSTANCE_COMMON_TABLE
1791670706.580  1041  4165 22570 D ACDB-LOADER: ACDB -> AUDIO_SET_AFE_CAL cal_type[17] acdb_id[102]
1791670706.580  1041  4165 22570 D ACDB-LOADER: ACDB -> send_hw_delay : acdb_id = 102 path = 1
1791670706.580  1041  4165 22570 D ACDB-LOADER: ACDB -> ACDB_AVSYNC_INFO: ACDB_CMD_GET_DEVICE_PROPERTY
1791670706.580  1041  4165 22570 D msm8974_platform: fluence nn disabled
1791670706.580  1041  4165 22570 D audio_hw_primary: enable_audio_route: apply mixer and update path: spkr-vi-record
1791670706.580  1041  4165 22570 D audio_route: Apply path: spkr-vi-record
1791670706.579  root  1705  1818 E ANDR-PERF-RESOURCEQS: Resource with major=15, minor=0 not supported
1791670706.584  1041  4165 22570 D audio_amplifier: pcm_dev_tx_id = 32
1791670706.587  1000  4337 30998 W CameraService_proxy: Unknown extension type: -1
1791670706.592  1041  4165 22570 D soundtrigger: audio_extn_sound_trigger_update_stream_status: uc_info->id 1 of type 0 for Event 3, with Raise=0
1791670706.592  1041  4165 22570 D audio_hw_utils: audio_extn_utils_send_app_type_cfg: usecase->out_snd_device speaker
1791670706.592  1041  4165 22570 I audio_hw_utils: send_app_type_cfg_for_device PLAYBACK app_type 69937, acdb_dev_id 15, sample_rate 48000, snd_device_be_idx 45
1791670706.592  1041  4165 22570 D ACDB-LOADER: ACDB -> send_audio_cal, acdb_id = 15, path = 0, app id = 0x11131, sample rate = 48000, use_case = 0,buffer_idx_w_path =0, afe_sample_rate = 48000, cal_mode = 1, offset_index = 0
1791670706.594  1041 22570 22570 E msm_adsp_init_mixer_ctl_adm_pp_event_queue: failed to get kctl.
1791670706.594  1041 22570 22570 I tfa98xx_hw_params(): Requested rate: 48000, sample size: 24, physical size: 32
1791670706.592  1041  4165 22570 D ACDB-LOADER: ACDB -> send_asm_topology
1791670706.594  1041 22570 22570 I tfa98xx_hw_params(): mixer profile:container profile = [1:1]
1791670706.592  1041  4165 22570 D ACDB-LOADER: ACDB -> ACDB_CMD_GET_AUDPROC_STREAM_TOPOLOGY_ID
1791670706.592  1041  4165 22570 D ACDB-LOADER: ACDB -> send_adm_topology
1791670706.592  1041  4165 22570 D ACDB-LOADER: ACDB -> ACDB_CMD_GET_AUDPROC_COMMON_TOPOLOGY_ID
1791670706.592  1041  4165 22570 D ACDB-LOADER: ACDB -> send_audtable
1791670706.592  1041  4165 22570 D ACDB-LOADER: ACDB -> ACDB_CMD_GET_AUDPROC_INSTANCE_COMMON_TABLE_SIZE
1791670706.594  1041 22570 22570 I tfa98xx_hw_params(): Requested rate: 48000, sample size: 24, physical size: 32
1791670706.592  1041  4165 22570 D ACDB-LOADER: ACDB -> ACDB_CMD_GET_AUDPROC_INSTANCE_COMMON_TABLE
1791670706.594  1041 22570 22570 I tfa98xx_hw_params(): mixer profile:container profile = [1:1]
1791670706.595  1041 22570 22570 I afe_get_cal_topology_id: port_id = 0x1004 acdb_id = 15 topology_id = 0x1000b910 cal_type_index=8 ret=0
1791670706.592  1041  4165 22570 D ACDB-LOADER: ACDB -> AUDIO_SET_AUDPROC_CAL cal_type[11] acdb_id[15] app_type[69937]
1791670706.592  1041  4165 22570 D ACDB-LOADER: ACDB -> send_audvoltable
1791670706.592  1041  4165 22570 D ACDB-LOADER: ACDB -> ACDB_CMD_GET_AUDPROC_INSTANCE_GAIN_DEP_STEP_TABLE_SIZE
1791670706.592  1041  4165 22570 D ACDB-LOADER: ACDB -> ACDB_CMD_GET_AUDPROC_INSTANCE_GAIN_DEP_STEP_TABLE, vol index 0
1791670706.592  1041  4165 22570 D ACDB-LOADER: ACDB -> AUDIO_SET_VOL_CAL cal type = 12
1791670706.592  1041  4165 22570 D ACDB-LOADER: ACDB -> ACDB_CMD_GET_AUDPROC_INSTANCE_STREAM_TABLE_SIZE
1791670706.592  1041  4165 22570 D ACDB-LOADER: ACDB -> send_audstrmtable
1791670706.592  1041  4165 22570 D ACDB-LOADER: ACDB -> ACDB_CMD_GET_AUDPROC_INSTANCE_STREAM_TABLE
1791670706.592  1041  4165 22570 D ACDB-LOADER: ACDB -> audstrm_cal->cal_type.cal_data.cal_size = 20
1791670706.592  1041  4165 22570 D ACDB-LOADER: ACDB -> send_afe_topology
1791670706.592  1041  4165 22570 D ACDB-LOADER: ACDB -> ACDB_CMD_GET_AFE_TOPOLOGY_ID
1791670706.592  1041  4165 22570 D ACDB-LOADER: ACDB -> GET_AFE_TOPOLOGY_ID for adcd_id 15, Topology Id 1000b910
1791670706.592  1041  4165 22570 D ACDB-LOADER: ACDB -> send_afe_cal
1791670706.592  1041  4165 22570 D ACDB-LOADER: ACDB -> ACDB_CMD_GET_AFE_INSTANCE_COMMON_TABLE_SIZE
1791670706.592  1041  4165 22570 D ACDB-LOADER: ACDB -> ACDB_CMD_GET_AFE_INSTANCE_COMMON_TABLE
1791670706.592  1041  4165 22570 D ACDB-LOADER: ACDB -> AUDIO_SET_AFE_CAL cal_type[16] acdb_id[15]
1791670706.592  1041  4165 22570 D ACDB-LOADER: ACDB -> send_hw_delay : acdb_id = 15 path = 0
1791670706.592  1041  4165 22570 D ACDB-LOADER: ACDB -> ACDB_AVSYNC_INFO: ACDB_CMD_GET_DEVICE_PROPERTY
1791670706.592  1041  4165 22570 D audio_hw_primary: enable_audio_route: apply mixer and update path: low-latency-playback
1791670706.592  1041  4165 22570 D audio_route: Apply path: low-latency-playback
1791670706.593  1041  4165 22570 D audio_hw_primary: select_devices: done
1791670706.593  1041  4165 22570 D msm8974_platform: platform_set_channel_map mixer_ctl_name:Playback Channel Map9
1791670706.593  1041  4165 22570 D msm8974_platform: platform_set_channel_map: set mapping(1 2 0 0 0 0 0 0) for channel:2
1791670706.596  1041 22570 22570 I afe_send_hw_delay: port_id 0x1004 rate 48000 delay_usec 474 status 0
1791670706.600  1041 22570 22570 I tfa98xx 4-0035: tfa98xx_mute: state: 0
1791670706.600  1041 22570 22570 I tfa98xx_adsp_send_calib_values(): Device 0x35, nr 7, cal value is 6431
1791670706.601  1041 22570 22570 I tfa98xx_adsp_send_calib_values(): Device 0x34, nr 4, cal value is 6262
1791670706.601  1041 22570 22570 I tfa98xx_adsp_send_calib_values(): tfa98xx_device_count=2  bytes[0]=2
1791670706.601  1041 22570 22570 I tfa98xx_adsp_send_calib_values(): calibration value send to host DSP.
1791670706.623  1000  4337  6620 D SystemServerTiming: getUserSwitchability-0
1791670706.623  1000  4337  6599 D SystemServerTiming: getUserSwitchability-0
1791670706.623  1000  4337  6620 D SystemServerTiming: TM.isInCall
1791670706.623  1000  4337  6599 D SystemServerTiming: TM.isInCall
1791670706.623  1000  4337  6620 D SystemServerTiming: hasUserRestriction-DISALLOW_USER_SWITCH
1791670706.623  1000  4337  6620 D SystemServerTiming: getInt-ALLOW_USER_SWITCHING_WHEN_SYSTEM_USER_LOCKED
1791670706.623  1000  4337  6599 D SystemServerTiming: hasUserRestriction-DISALLOW_USER_SWITCH
1791670706.623  1000  4337  6620 D SystemServerTiming: isUserUnlocked-USER_SYSTEM
1791670706.623  1000  4337  6599 D SystemServerTiming: getInt-ALLOW_USER_SWITCHING_WHEN_SYSTEM_USER_LOCKED
1791670706.624  1000  4337  6599 D SystemServerTiming: isUserUnlocked-USER_SYSTEM
1791670706.625  root 11925 31004 W adbd    : timed out while waiting for FUNCTIONFS_BIND, trying again
1791670706.625  root 11925 31004 I adbd    : UsbFfs: connection terminated: monitor thread finished
1791670706.610  1047 30967 30967 I CAM_ERR : CAM-SENSOR: cam_sensor_update_id_info: 576 vendor_slave_addr:  0x6c, vendor_id_Addr: 0x0, vendorID: 0x0, vendor_mask: 0x0
1791670706.614  1041 22570 22570 I tfa98xx 4-0035: tfa98xx->flags:0x10128
1791670706.614  1041 22570 22570 I tfa98xx 4-0035: tfa98xx_dsp_init enter
1791670706.614  1041 22570 22570 I tfa98xx 4-0035: tfa98xx_tfa_start enter
1791670706.614  1041 22570 22570 I         : tfa_dev_start enter
1791670706.619  1041 22570 22570 I tfa98xx 4-0035: tfa_dev_start success (0)
1791670706.619  1041 22570 22570 I tfa98xx 4-0034: tfa98xx_mute: state: 0
1791670706.619  1041 22570 22570 I tfa98xx_adsp_send_calib_values(): The calibration value was sent to host DSP.
1791670706.619  1041 22570 22570 I tfa98xx 4-0034: tfa98xx->flags:0x10128
1791670706.619  1041 22570 22570 I tfa98xx 4-0034: tfa98xx_dsp_init enter
1791670706.619  1041 22570 22570 I tfa98xx 4-0034: tfa98xx_tfa_start enter
1791670706.619  1041 22570 22570 I         : tfa_dev_start enter
1791670706.624  1041 22570 22570 I tfa98xx 4-0034: tfa_dev_start success (0)
1791670706.624  1041 22570 22570 I tfa98xx_dsp_init(): set umute state
1791670706.624  1041 22570 22570 I tfa98xx_dsp_init(): set umute state
1791670706.628  1041 22570 22570 E q6asm_find_cal_by_buf_number: Can't find ASM Cal for cal_index 2 app_type 69937 buffer_number 8
1791670706.635  1041  4165 22570 D audio_hw_primary: start_output_stream: exit
1791670706.635  1000  1659  1659 I QTI PowerHAL: Boost 3Not Supported
1791670706.635  1041  4165 22570 D audio_hw_primary: out_write: retry previous failed cal level set
1791670706.635  1041  4165 22570 D ACDB-LOADER: ACDB -> send_audvoltable
1791670706.635  1041  4165 22570 D ACDB-LOADER: ACDB -> ACDB_CMD_GET_AUDPROC_INSTANCE_GAIN_DEP_STEP_TABLE_SIZE
1791670706.635  1041  4165 22570 D ACDB-LOADER: ACDB -> ACDB_CMD_GET_AUDPROC_INSTANCE_GAIN_DEP_STEP_TABLE, vol index 5
1791670706.635  1041  4165 22570 D ACDB-LOADER: ACDB -> AUDIO_SET_VOL_CAL cal type = 40
1791670706.636  1041  4165 22570 W msm8974_platform: platform_send_gain_dep_cal: Usecase list is empty
1791670706.638  1047 30967 30967 I CAM_INFO: CAM-CCI: cam_cci_init: 198 cam_cci_init 7
1791670706.638  1047 30967 30967 I CAM_ERR : CAM-SENSOR: cam_sensor_driver_cmd: 883 sensor power up success sensor id 0x841
1791670706.639  1047 30967 30967 I CAM_INFO: CAM-SENSOR: cam_sensor_driver_cmd: 920 Probe success,slot:3,slave_addr:0x6c,sensor_id:0x841
1791670706.655  1047 30967 30967 I ISPHVX  : GetFilesFromOplusBin tuning bin: qtech_ov08a10
1791670706.656  1047 30967 30967 I ISPHVX  : CreateTuningDataManager tuning bin: qtech_ov08a10
1791670706.657  1041  4165  4404 D ACDB-LOADER: ACDB -> send_audvoltable
1791670706.657  1041  4165  4404 D ACDB-LOADER: ACDB -> ACDB_CMD_GET_AUDPROC_INSTANCE_GAIN_DEP_STEP_TABLE_SIZE
1791670706.654  1047 30967 30967 I CAM_INFO: CAM-CCI: cam_cci_soc_release: 447 cam_cci_soc_release 7
1791670706.654  1047 30967 30967 I CAM_ERR : CAM-SENSOR: cam_sensor_driver_cmd: 933 sensor power down success sensor id 0x841
1791670706.657  1041  4165  4404 D ACDB-LOADER: ACDB -> ACDB_CMD_GET_AUDPROC_INSTANCE_GAIN_DEP_STEP_TABLE, vol index 2
1791670706.657  1041  4165  4404 D ACDB-LOADER: ACDB -> AUDIO_SET_VOL_CAL cal type = 40
1791670706.661  1041  4165  4404 W msm8974_platform: platform_send_gain_dep_cal: Usecase list is empty
1791670706.668  1000  4337  6600 W PackageInfo: Large parcel: size=50088 pkg=com.android.healthconnect.controller uid=10351 perm=48180(344) reqPerm=332(16) prevAllowSquashing=false
1791670706.680  1000  4337  6600 W PackageInfo: Large parcel: size=159896 pkg=android uid=1000 perm=158808(1105) reqPerm=156(38) prevAllowSquashing=false
1791670706.680  1000  4337  6600 W ParceledListSlice: Element #127 is 159896 bytes.
1791670706.680  1000  4337  6600 W ParceledListSlice: Overly large reply size: 168628
1791670706.683  root 11925 11938 I adbd    : opening control endpoint /dev/usb-ffs/adb/ep0
1791670706.683  root 11938 11938 I         : read descriptors
1791670706.683  root 11938 11938 I         : read strings
1791670706.685  1047 30967 30967 I CAM_ERR : CAM-SENSOR: cam_sensor_update_id_info: 576 vendor_slave_addr:  0x6e, vendor_id_Addr: 0x0, vendorID: 0x0, vendor_mask: 0x0
1791670706.693  1000  4337  6600 W PackageInfo: Large parcel: size=24816 pkg=com.google.android.gms uid=10280 perm=15068(95) reqPerm=3976(387) prevAllowSquashing=false
1791670706.693  1000  4337  6600 W ParceledListSlice: Element #264 is 24816 bytes.
1791670706.693  1047 30967 30967 I CAM_INFO: CAM-CCI: cam_cci_init: 198 cam_cci_init 6
1791670706.693  1047 30967 30967 I CAM_ERR : CAM-SENSOR: cam_sensor_driver_cmd: 883 sensor power up success sensor id 0x2
1791670706.693  1047 30967 30967 I CAM_INFO: CAM-SENSOR: cam_sensor_driver_cmd: 920 Probe success,slot:4,slave_addr:0x6e,sensor_id:0x2
1791670706.699  1047 30967 30967 I ISPHVX  : GetFilesFromOplusBin tuning bin: holitech_gc02m1b
1791670706.700  1047 30967 30967 I ISPHVX  : CreateTuningDataManager tuning bin: holitech_gc02m1b
1791670706.698  1047 30967 30967 I CAM_INFO: CAM-CCI: cam_cci_soc_release: 447 cam_cci_soc_release 6
1791670706.698  1047 30967 30967 I CAM_ERR : CAM-SENSOR: cam_sensor_driver_cmd: 933 sensor power down success sensor id 0x2
1791670706.705  1047 30967 30967 I CAM_INFO: CAM-SENSOR: cam_sensor_util_request_gpio_table: 1217 No GPIO data
1791670706.705  1047 30967 30967 I CAM_INFO: CAM-SENSOR: msm_cam_sensor_handle_reg_gpio: 1960 Input Parameters are not proper
1791670706.707  1047 30967 30967 I CAM_INFO: CAM-SENSOR: msm_cam_sensor_handle_reg_gpio: 1960 Input Parameters are not proper
1791670706.710  1047 30967 30967 I CAM_INFO: CAM-SENSOR: msm_cam_sensor_handle_reg_gpio: 1960 Input Parameters are not proper
1791670706.711  1047 30967 30967 I CAM_INFO: CAM-SENSOR: msm_cam_sensor_handle_reg_gpio: 1960 Input Parameters are not proper
1791670706.723  1047 30967 30967 I CAM_INFO: CAM-CCI: cam_cci_init: 198 cam_cci_init 6
1791670706.723  1047 30967 30967 I CAM_INFO: CAM-CCI: cam_cci_init: 198 cam_cci_init 7
1791670706.736 10303  4915  4915 D DeviceEntryIconViewBinder: Updating device entry icon image state ForegroundIconViewModel(type=LOCK, useAodVariant=false, tint=-1, padding=62)
1791670706.769  root   673   673 I         : aw8697_op_clean_status enter
1791670706.769  root   673   673 I aw8697_irq: rtp update complete,glb_state_val=0x8
1791670706.788  1000  4337 30998 W CameraService_proxy: Unknown extension type: -1
1791670706.795  1000  1722  1722 D vendor.qti.vibrator: QTI Vibrator off
1791670706.805  1000  1722 31018 D vendor.qti.vibrator: Notifying on complete
1791670706.866  root    43    43 I IRQ 16  : no longer affine to CPU5
1791670706.874  1000  4337  4385 D WindowManager: AppCompatCamera: Active camera compat treatments: {}
1791670706.989  1000  4337 30998 W CameraService_proxy: Unknown extension type: -1
1791670707.017  root 24460 24460 D cnss    : Runtime suspend start
1791670707.017  root 24460 24460 I [kworke][0x102b16f66d][22:18:27.017579] wlan: [24460:I:PMO] pmo_core_is_wow_applicable: lpass enabled, enabling wow
1791670707.017  root 24460 24460 I [kworke][0x102b16fc37][22:18:27.017656] wlan: [24460:I:PMO] pmo_core_enable_wow_in_fw: drv wow is enabled
1791670707.041  root 24460 24460 I [kworke][0x102b1e09f1][22:18:27.041732] wlan: [24460:I:HIF] hif_try_complete_tasks: waiting for tasklets 0 grp tasklets 0 work 1
1791670707.045  1000  1722  1722 D vendor.qti.vibrator: Vibrator on for timeoutMs: 350
1791670707.046  1000  1722  1722 E aw8697_vmax_store: value=1600
1791670707.047  1000  1722  1722 E aw8697_vmax_store: aw8697->gain[0x75], aw8697->vmax[0x0] end
1791670707.047  1000  1722  1722 E aw8697_waveform_index_store: waveform_index = 7
1791670707.048  1000  1722  1722 E aw8697_duration_store: value=350
1791670707.049  1000  1722  1722 E aw8697_activate_store: value=1
1791670707.049  1000  1722  1722 I aw8697_activate_store: a aw8697->rtp_file_num=264
1791670707.053  root  2481  2481 I         : aw8697_rtp_work_routine enter
1791670707.053  root  2481  2481 I         : aw8697_rtp_work_routine  aw8697->rtp_file_num[264]
1791670707.053  root  2481  2481 W aw8697_haptic 6-005a: Direct firmware load for 360ms_RTP.bin failed with error -2
1791670707.053  root  2481  2481 W aw8697_haptic 6-005a: Falling back to sysfs fallback for: 360ms_RTP.bin
1791670707.056  root 24460 24460 D cnss    : Setting MHI state: SUSPEND(6)
1791670707.056  root 24460 24460 D cnss    : Suspending PCI link
1791670707.056  root 24460 24460 D cnss    : Use PCIe DRV suspend
1791670707.057  1000  1722  1722 I aw8697_haptic_juge_RTP_is_going_on: rtp_routine_on
1791670707.059  root 24460 24460 D cnss    : Runtime suspend status: 0
1791670707.057  1000  1722 31028 D vendor.qti.vibrator: Starting on on another thread
1791670707.064  root  2481  2481 I aw8697_rtp_work_routine: rtp file [shuntai24k_rtp.bin] size = 8612
1791670707.064  root  2481  2481 I aw8697_rtp_work_routine: rtp file [360ms_RTP.bin] size = 8612, f0 = 1700
1791670707.064  root  2481  2481 E aw8697_haptic_ram_vbat_comp: aw8697->gain = 0x75, temp_gain = 0x0, aw8697->ram_vbat_comp=1.
1791670707.070  root  2481  2481 I         : aw8697_haptic_rtp_init enter
1791670707.070  root  2481  2481 I         : aw8697_dump_rtp_regs reg_0x02 = 0x00
1791670707.071  root  2481  2481 I         : aw8697_dump_rtp_regs reg_0x03 = 0x99
1791670707.071  root  2481  2481 I         : aw8697_dump_rtp_regs reg_0x04 = 0x46
1791670707.071  root  2481  2481 I         : aw8697_dump_rtp_regs reg_0x05 = 0x00
1791670707.071  root  2481  2481 I         : aw8697_dump_rtp_regs reg_0x46 = 0x03
1791670707.072  root  2481  2481 I         : aw8697_dump_rtp_regs reg_0x30 = 0x91
1791670707.074 10312  5415  5415 E FrameTracker: force finish cuj, time out: J<LAUNCHER_WORK_UTILITY_VIEW_EXPAND>
1791670707.091  1000  4337 30998 W CameraService_proxy: Unknown extension type: -1
1791670707.098  1000  1753  1753 D SurfaceFlinger: initiateModeChange 4630946292801050754 {mode={fps=60.00 Hz, modePtr={id=3, vsyncRate=60.00 Hz, peakRefreshRate=60.00 Hz}}, emitEvent=false, force=false}
1791670707.098  1000  1703  3573 D SDM     : IRIS_LOG_HWC::SetActiveConfigWithConstraints:465: 03
1791670707.098  1000  1703  3573 I IRIS_LOG_SERV: config 3, Refresh rate 60, Frame 3216x1440, Current mode 'ABYP'
1791670707.098  1000  1703  3573 D IRIS_LOG_SERV: Service Mode changed to: IRIS_SERVICE_MODE_BYPASS
1791670707.099  1000  1703  3573 I IRIS_LOG_SERV: SetActiveConfig[3]: 60 3216x1440 => 0
1791670707.100  1000  1703  3573 I SDM     : HWDeviceDRM::UpdateMixerAttributes: Mixer WxH 1440x3216-1 for Peripheral
1791670707.100  1000  1703  3573 I SDM     : HWCDisplay::SubmitDisplayConfig: HWC SetActiveConfig [5,3], cur_resolution is (1440, 3216), new_resolution is (1440, 3216)
1791670707.100  1000  1703  3573 I SDM     : HWCDisplay::SubmitDisplayConfig: Active configuration changed to: 3
1791670707.104  1000  1703  3573 D IRIS_LOG_COLR: Use kPbGamut HwConfigPayload
1791670707.122  root   709   709 I [drm:dsi_display_set_mode [msm_drm]] [msm-dsi-info]: mdp_transfer_time=7700, hactive=1440, vactive=3216, fps=60, h_skew=1
1791670707.122  root   709   709 E         : IRIS_LOG I iris_post_switch(), post switch to 1440x3216@60Hz, cmd list 0, switch case ABYP_TO_ABYP
1791670707.122  root   709   709 E         : <AMB670YF01> dsi_cmd qcom,mdss-dsi-adfr-pre-switch-command
1791670707.122  root   709   709 I [drm:oplus_dsi_display_vsync_switch_check_te [msm_drm]] [msm-dsi-info]: kVRR vsync_switch_gpio is already 0
1791670707.123  root   709   709 E         : IRIS_LOG I iris_switch(), return 0, total cost '342 us'
1791670707.123  root   709   709 I [drm:dsi_panel_adfr_status_reset [msm_drm]] [msm-dsi-info]: kVRR auto mode reset: auto mode 0, fakeframe 0, min fps 1
1791670707.123  root   709   709 E         : <AMB670YF01> dsi_cmd qcom,mdss-dsi-post-panel-on-command
1791670707.181  root  2481  2481 I         : aw8697_haptic_rtp_init exit
1791670707.181  root  2481  2481 I         : aw8697_op_clean_status enter
1791670707.370  root   673   673 I         : aw8697_op_clean_status enter
1791670707.370  root   673   673 I aw8697_irq: rtp update complete,glb_state_val=0x8
1791670707.409  1000  1722 31028 D vendor.qti.vibrator: Notifying on complete
1791670707.410  1000  1722  1722 D vendor.qti.vibrator: QTI Vibrator off
1791670707.421 media  4181 31022 D CCodecBuffers: [c2.android.vorbis.decoder#52:1D-Output] received null buffer
1791670707.421 media  4181 31022 D CCodecBufferChannel: [c2.android.vorbis.decoder#52] buffers after EOS ignored (0 us)
1791670707.422 media  4181 31022 D CCodecBufferChannel: [c2.android.vorbis.decoder#52] buffers after EOS ignored (0 us)
1791670707.422 media  4181 31020 D AudioTrack: stop(164): called with 55554 frames delivered
1791670707.636  1000  1655  1655 E OPLUS_CHG[INTF]: oplus_chg_intf_batt_get_prop[1729]: Couldn't get prop 50 rc = -1
1791670707.636  1000  1655  1655 E OPLUS_CHG[GKI]: battery_psy_get_prop[545]: Couldn't get prop 61 rc = -61
1791670707.641  1000  1655  1655 W healthd : battery l=82 v=4148 t=42.6 h=2 st=3 c=496 fc=4282000 cc=12 chg=
1791670707.646  1000  1655  1655 E OPLUS_CHG[INTF]: oplus_chg_intf_batt_get_prop[1729]: Couldn't get prop 50 rc = -1
1791670707.646  1000  1655  1655 E OPLUS_CHG[GKI]: battery_psy_get_prop[545]: Couldn't get prop 61 rc = -61
1791670707.687  root 11925 31025 W adbd    : timed out while waiting for FUNCTIONFS_BIND, trying again
1791670707.687  root 11925 31025 I adbd    : UsbFfs: connection terminated: monitor thread finished
1791670707.707  root 11925 11938 I adbd    : opening control endpoint /dev/usb-ffs/adb/ep0
1791670707.707  root 11938 11938 I         : read descriptors
1791670707.710  1000  1659  1659 E QTI PowerHAL: Failed to acquire lock.
1791670707.707  root 11938 11938 I         : read strings
1791670707.711  1000  1659  1659 E QTI PowerHAL: Failed process_boost for boost_handle
1791670707.716  1000  1753  1753 D SurfaceFlinger: initiateModeChange 4630946292801050754 {mode={fps=120.00 Hz, modePtr={id=5, vsyncRate=120.00 Hz, peakRefreshRate=120.00 Hz}}, emitEvent=false, force=false}
1791670707.717  1000  1703  3573 D SDM     : IRIS_LOG_HWC::SetActiveConfigWithConstraints:465: 05
1791670707.717  1000  1703  3573 I IRIS_LOG_SERV: config 5, Refresh rate 120, Frame 3216x1440, Current mode 'ABYP'
1791670707.717  1000  1703  3573 D IRIS_LOG_SERV: Service Mode changed to: IRIS_SERVICE_MODE_BYPASS
1791670707.717  1000  1703  3573 I IRIS_LOG_SERV: SetActiveConfig[5]: 120 3216x1440 => 0
1791670707.727  root   709   709 E         : [drm:_sde_crtc_blend_setup_mixer:1602] do not config dimlayer at the fps switch
1791670707.729  root   709   709 I [drm:dsi_display_set_mode [msm_drm]] [msm-dsi-info]: mdp_transfer_time=7700, hactive=1440, vactive=3216, fps=120, h_skew=0
1791670707.718  1000  1703  3573 I SDM     : HWDeviceDRM::UpdateMixerAttributes: Mixer WxH 1440x3216-1 for Peripheral
1791670707.729  root   709   709 E         : IRIS_LOG I iris_post_switch(), post switch to 1440x3216@120Hz, cmd list 0, switch case ABYP_TO_ABYP
1791670707.718  1000  1703  3573 I SDM     : HWCDisplay::SubmitDisplayConfig: HWC SetActiveConfig [3,5], cur_resolution is (1440, 3216), new_resolution is (1440, 3216)
1791670707.718  1000  1703  3573 I SDM     : HWCDisplay::SubmitDisplayConfig: Active configuration changed to: 5
1791670707.722  1000  1703  3573 D IRIS_LOG_COLR: Use kPbGamut HwConfigPayload
1791670707.729  root   709   709 E         : <AMB670YF01> dsi_cmd qcom,mdss-dsi-adfr-pre-switch-command
1791670707.730  root   709   709 I [drm:oplus_dsi_display_vsync_switch_check_te [msm_drm]] [msm-dsi-info]: kVRR vsync_switch_gpio is already 0
1791670707.730  root   709   709 E         : IRIS_LOG I iris_switch(), return 0, total cost '283 us'
1791670707.730  root   709   709 I [drm:dsi_panel_adfr_status_reset [msm_drm]] [msm-dsi-info]: kVRR auto mode reset: auto mode 0, fakeframe 1, min fps 0
1791670707.731  root   709   709 E         : <AMB670YF01> dsi_cmd qcom,mdss-dsi-post-panel-on-command
1791670707.816  1000  4337  4515 E ClipboardService: Denying clipboard access to com.floweq.equalizer, application is not in focus nor is it a system service for user 0
1791670707.816  1000  4337  4515 E ClipboardService: Denying clipboard access to com.garanti.cepsubesi, application is not in focus nor is it a system service for user 0
1791670707.817  1000  4337  4515 E ClipboardService: Denying clipboard access to io.github.jqssun.helium, application is not in focus nor is it a system service for user 0
1791670707.831 10303  4915  5145 D RingtonePlayer: stopAsync()
1791670707.831 10303  4915  5145 D RingtonePlayer: stop
1791670707.835 10303  4915 31034 D RingtonePlayer: RemoveFirst
1791670707.835 10303  4915 31034 D RingtonePlayer: STOP
1791670707.835 media  4181  4219 D NuPlayerDriver: stop(0xef901ff0)
1791670707.836 10303  4915 31034 I RingtonePlayer: About to release MediaPlayer piid:2543 due to notif cancelled
1791670707.836 10303  4915 31034 V MediaPlayer: resetDrmState:  mDrmInfo=null mDrmProvisioningThread=null mPrepareDrmInProgress=false mActiveDrmScheme=false
1791670707.836 10303  4915 31034 V MediaPlayer: cleanDrmObj: mDrmObj=null mDrmSessionId=null
1791670707.836 media  4181  4219 D NuPlayerDriver: reset(0xef901ff0) at state 8
1791670707.838  1000  4337  4522 W InputChannel-JNI: Channel already disposed.
1791670707.842 media  4181 31035 D CCodec  : hold CodecLooper(1) until release
1791670707.843 media  4181 31022 I hw-BpHwBinder: onLastStrongRef automatically unlinking death recipients
1791670707.843  1046  2213 15799 I hw-BpHwBinder: onLastStrongRef automatically unlinking death recipients
1791670707.846  1046  2213 15799 D BufferPoolAccessor2.0: Destruction - bufferpool2 0xb400006e4c86aa08 cached: 0/0M, 0/0% in use; allocs: 0, 0% recycled; transfers: 0, 0% unfetched
1791670707.847 media  4181 31012 D NuPlayerDriver: notifyResetComplete(0xef901ff0)
1791670707.848 media  4181  4219 W AMessage: failed to post message as target looper for handler 0 is gone.
1791670707.849  1000  4337  6575 D WindowManager: setClientSurface Surface(name=VRI-Toast#6481)/@0xb20a2bc for 1fd3d90 Toast
1791670707.850 10444  7726  9519 I NotifySyncService_7726_9519: MSG_NOTIFY_REMOVED
1791670707.851 10444  7726  9519 I NotifySyncService_7726_9519: onNotificationRemoved appID:com.f0x1d.logfox uid:9 key:0|com.f0x1d.logfox|9|/vendor/bin/hw/android.hardware.camera.provider@2.4-service_64|10761  reason:REASON_APP_CANCEL
1791670707.851 10444  7726  9519 I NotifySyncService_7726_9519: getNotificationActions wearableActions size: 0
1791670707.851 10444  7726  9519 I NotifySyncService_7726_9519: removeActionCache packageName:com.f0x1d.logfox , action size: 1
1791670707.851 10444  7726  9519 I NotifySyncService_7726_9519: removeActionCache action title: Kopyala
1791670707.851 10444  7726  9519 I NotificationActionsData_7726_9519: removeAction uuid = b9db1072-6fc3-4c16-9001-316495f50e15
1791670707.851 10444  7726  9519 I NotifySyncService_7726_9519: handle MSG_NOTIFY_REMOVE size = 1
1791670707.852 10303  4915 31034 D RingtonePlayer: in STOP: abandonning AudioFocus
1791670707.852 10303  4915  4915 I Surface : Creating surface for consumer unnamed-4915-356 with slotExpansion=1 for 64 slots
1791670707.853 10303  4915  4915 I Surface : Creating surface for consumer VRI[Toast]#336(BLAST Consumer)336 with slotExpansion=1 for 64 slots
1791670707.853  1000  4337  6575 I MediaFocusControl: abandonAudioFocus() from uid/pid 10303/4915 clientId=android.media.AudioManager@1d23606 callingPack=com.android.systemui
1791670707.853 10444  7726  8158 W System.err: java.io.IOException: No such file or directory
1791670707.853 10444  7726  8158 W System.err: 	at java.io.UnixFileSystem.createFileExclusively0(Native Method)
1791670707.853 10444  7726  8158 W System.err: 	at java.io.UnixFileSystem.createFileExclusively(UnixFileSystem.java:373)
1791670707.853 10444  7726  8158 W System.err: 	at java.io.File.createNewFile(File.java:1022)
1791670707.853 10444  7726  8158 W System.err: 	at epa$e.f(SourceFile:42)
1791670707.853 10444  7726  8158 W System.err: 	at epa.f(SourceFile:66)
1791670707.853 10444  7726  8158 W System.err: 	at epa.b(SourceFile:0)
1791670707.853 10444  7726  8158 W System.err: 	at epa$d.run(SourceFile:20)
1791670707.853 10444  7726  8158 W System.err: 	at java.lang.Thread.run(Thread.java:1572)
1791670707.853 10303  4915 31034 D RingtonePlayer: in STOP: quitting looper Looper (Thread-24, tid 272) {4a3bda9}
1791670707.854 10444  7726  8158 W System.err: java.io.IOException: No such file or directory
1791670707.854 10444  7726  8158 W System.err: 	at java.io.UnixFileSystem.createFileExclusively0(Native Method)
1791670707.854 10444  7726  8158 W System.err: 	at java.io.UnixFileSystem.createFileExclusively(UnixFileSystem.java:373)
1791670707.854 10444  7726  8158 W System.err: 	at java.io.File.createNewFile(File.java:1022)
1791670707.854 10444  7726  8158 W System.err: 	at epa$e.f(SourceFile:42)
1791670707.855 10444  7726  8158 W System.err: 	at epa.f(SourceFile:66)
1791670707.855 10444  7726  8158 W System.err: 	at epa.b(SourceFile:0)
1791670707.855 10444  7726  8158 W System.err: 	at epa$d.run(SourceFile:20)
1791670707.855 10444  7726  8158 W System.err: 	at java.lang.Thread.run(Thread.java:1572)
1791670707.851 10444  8158  8158 I susfs   : [10444][8158][susfs_is_inode_sus_path] hiding path with ino '0'
1791670707.851 10444  8158  8158 I susfs   : [10444][8158][susfs_is_inode_sus_path] hiding path with ino '0'
1791670707.851 10444  8158  8158 I susfs   : [10444][8158][susfs_is_inode_sus_path] hiding path with ino '0'
1791670707.851 10444  8158  8158 I susfs   : [10444][8158][susfs_is_inode_sus_path] hiding path with ino '0'
1791670707.851 10444  8158  8158 I susfs   : [10444][8158][susfs_is_inode_sus_path] hiding path with ino '0'
1791670707.851 10444  8158  8158 I susfs   : [10444][8158][susfs_is_inode_sus_path] hiding path with ino '0'
1791670707.852 10444  8158  8158 I susfs   : [10444][8158][susfs_is_inode_sus_path] hiding path with ino '0'
1791670707.852 10444  8158  8158 I susfs   : [10444][8158][susfs_is_inode_sus_path] hiding path with ino '0'
1791670707.852 10444  8158  8158 I susfs   : [10444][8158][susfs_is_inode_sus_path] hiding path with ino '0'
1791670707.852 10444  8158  8158 I susfs   : [10444][8158][susfs_is_inode_sus_path] hiding path with ino '0'
1791670707.852 10444  8158  8158 I susfs   : [10444][8158][susfs_is_inode_sus_path] hiding path with ino '0'
1791670707.852 10444  8158  8158 I susfs   : [10444][8158][susfs_is_inode_sus_path] hiding path with ino '0'
1791670707.852 10444  8158  8158 I susfs   : [10444][8158][susfs_is_inode_sus_path] hiding path with ino '0'
1791670707.852 10444  8158  8158 I susfs   : [10444][8158][susfs_is_inode_sus_path] hiding path with ino '0'
1791670707.852 10444  8158  8158 I susfs   : [10444][8158][susfs_is_inode_sus_path] hiding path with ino '0'
1791670707.852 10444  8158  8158 I susfs   : [10444][8158][susfs_is_inode_sus_path] hiding path with ino '0'
1791670707.852 10444  8158  8158 I susfs   : [10444][8158][susfs_is_inode_sus_path] hiding path with ino '0'
1791670707.852 10444  8158  8158 I susfs   : [10444][8158][susfs_is_inode_sus_path] hiding path with ino '0'
1791670707.852 10444  8158  8158 I susfs   : [10444][8158][susfs_is_inode_sus_path] hiding path with ino '0'
1791670707.852 10444  8158  8158 I susfs   : [10444][8158][susfs_is_inode_sus_path] hiding path with ino '0'
1791670707.853 10444  8158  8158 I susfs   : [10444][8158][susfs_is_inode_sus_path] hiding path with ino '0'
1791670707.853 10444  8158  8158 I susfs   : [10444][8158][susfs_is_inode_sus_path] hiding path with ino '0'
1791670707.853 10444  8158  8158 I susfs   : [10444][8158][susfs_is_inode_sus_path] hiding path with ino '0'
1791670707.853 10444  8158  8158 I susfs   : [10444][8158][susfs_is_inode_sus_path] hiding path with ino '0'
1791670707.853 10444  8158  8158 I susfs   : [10444][8158][susfs_is_inode_sus_path] hiding path with ino '0'
1791670707.853 10444  8158  8158 I susfs   : [10444][8158][susfs_is_inode_sus_path] hiding path with ino '0'
1791670707.853 10444  8158  8158 I susfs   : [10444][8158][susfs_is_inode_sus_path] hiding path with ino '0'
1791670707.853 10444  8158  8158 I susfs   : [10444][8158][susfs_is_inode_sus_path] hiding path with ino '0'
1791670707.853 10444  8158  8158 I susfs   : [10444][8158][susfs_is_inode_sus_path] hiding path with ino '0'
1791670707.853 10444  8158  8158 I susfs   : [10444][8158][susfs_is_inode_sus_path] hiding path with ino '0'
1791670707.853 10444  8158  8158 I susfs   : [10444][8158][susfs_is_inode_sus_path] hiding path with ino '0'
1791670707.853 10444  8158  8158 I susfs   : [10444][8158][susfs_is_inode_sus_path] hiding path with ino '0'
1791670707.853 10444  8158  8158 I susfs   : [10444][8158][susfs_is_inode_sus_path] hiding path with ino '0'
1791670707.853 10444  8158  8158 I susfs   : [10444][8158][susfs_is_inode_sus_path] hiding path with ino '0'
1791670707.853 10444  8158  8158 I susfs   : [10444][8158][susfs_is_inode_sus_path] hiding path with ino '0'
1791670707.854 10444  8158  8158 I susfs   : [10444][8158][susfs_is_inode_sus_path] hiding path with ino '0'
1791670707.854 10444  8158  8158 I susfs   : [10444][8158][susfs_is_inode_sus_path] hiding path with ino '0'
1791670707.854 10444  8158  8158 I susfs   : [10444][8158][susfs_is_inode_sus_path] hiding path with ino '0'
1791670707.854 10444  8158  8158 I susfs   : [10444][8158][susfs_is_inode_sus_path] hiding path with ino '0'
1791670707.854 10444  8158  8158 I susfs   : [10444][8158][susfs_is_inode_sus_path] hiding path with ino '0'
1791670707.854 10444  8158  8158 I susfs   : [10444][8158][susfs_is_inode_sus_path] hiding path with ino '0'
1791670707.854 10444  8158  8158 I susfs   : [10444][8158][susfs_is_inode_sus_path] hiding path with ino '0'
1791670707.854 10444  8158  8158 I susfs   : [10444][8158][susfs_is_inode_sus_path] hiding path with ino '0'
1791670707.854 10444  8158  8158 I susfs   : [10444][8158][susfs_is_inode_sus_path] hiding path with ino '0'
1791670707.854 10444  8158  8158 I susfs   : [10444][8158][susfs_is_inode_sus_path] hiding path with ino '0'
1791670707.854 10444  8158  8158 I susfs   : [10444][8158][susfs_is_inode_sus_path] hiding path with ino '0'
1791670707.854 10444  8158  8158 I susfs   : [10444][8158][susfs_is_inode_sus_path] hiding path with ino '0'
1791670707.854 10444  8158  8158 I susfs   : [10444][8158][susfs_is_inode_sus_path] hiding path with ino '0'
1791670707.856 10444  7726  8158 W System.err: java.io.IOException: No such file or directory
1791670707.856 10444  7726  8158 W System.err: 	at java.io.UnixFileSystem.createFileExclusively0(Native Method)
1791670707.856 10444  7726  8158 W System.err: 	at java.io.UnixFileSystem.createFileExclusively(UnixFileSystem.java:373)
1791670707.856 10444  7726  8158 W System.err: 	at java.io.File.createNewFile(File.java:1022)
1791670707.856 10444  7726  8158 W System.err: 	at epa$e.f(SourceFile:42)
1791670707.856 10444  7726  8158 W System.err: 	at epa.f(SourceFile:66)
1791670707.856 10444  7726  8158 W System.err: 	at epa.b(SourceFile:0)
1791670707.856 10444  7726  8158 W System.err: 	at epa$d.run(SourceFile:20)
1791670707.856 10444  7726  8158 W System.err: 	at java.lang.Thread.run(Thread.java:1572)
1791670707.859 radio  4902  5233 D SatelliteController: isInCarrierRoamingNbIotNtn: satellite is disabled
1791670707.859 radio  4902  5233 D SatelliteController: getCarrierRoamingNtnConnectType: Checking connect type from PLMN config for subId: 1
1791670707.859 radio  4902  5233 D TelephonyConfigUpdateInstallReceiver: getConfigParser: domain=satellite
1791670707.859 radio  4902  5233 V SatelliteController: satelliteConfigParser is not ready
1791670707.859 radio  4902  5233 D SatelliteController: isSatelliteAttachSupportedViaConfigupdater: return null (satelliteConfig is null)
1791670707.860 radio  4902  5233 D SatelliteController: getSatellitePerPlmnConfiguration: invalid subId or not supported via carrier.
1791670707.860 radio  4902  5233 D SatelliteController: getCarrierRoamingNtnConnectType: config: null
1791670707.860 radio  4902  5233 D TelephonyConfigUpdateInstallReceiver: getConfigParser: domain=satellite
1791670707.860 radio  4902  5233 V SatelliteController: satelliteConfigParser is not ready
1791670707.860 radio  4902  5233 D SatelliteController: getCarrierRoamingNtnConnectTypeViaConfigUpdater: return null (satelliteConfig is null)
1791670707.860 radio  4902  5233 D SatelliteController: getCarrierRoamingNtnConnectType: Falling back to global carrier config connect type: 0
1791670707.860 radio  4902  5233 D TelephonyConfigUpdateInstallReceiver: getConfigParser: domain=satellite
1791670707.860 radio  4902  5233 V SatelliteController: satelliteConfigParser is not ready
1791670707.860 radio  4902  5233 D SatelliteController: isSatelliteAttachSupportedViaConfigupdater: return null (satelliteConfig is null)
1791670707.861 radio  4902  5233 D SatelliteController: getCarrierRoamingNtnConnectType: Checking connect type from PLMN config for subId: 1
1791670707.861 radio  4902  5233 D TelephonyConfigUpdateInstallReceiver: getConfigParser: domain=satellite
1791670707.861 radio  4902  5233 V SatelliteController: satelliteConfigParser is not ready
1791670707.861 radio  4902  5233 D SatelliteController: isSatelliteAttachSupportedViaConfigupdater: return null (satelliteConfig is null)
1791670707.861 radio  4902  5233 D SatelliteController: getSatellitePerPlmnConfiguration: invalid subId or not supported via carrier.
1791670707.861 radio  4902  5233 D SatelliteController: getCarrierRoamingNtnConnectType: config: null
1791670707.861 radio  4902  5233 D TelephonyConfigUpdateInstallReceiver: getConfigParser: domain=satellite
1791670707.861 radio  4902  5233 V SatelliteController: satelliteConfigParser is not ready
1791670707.861 radio  4902  5233 D SatelliteController: getCarrierRoamingNtnConnectTypeViaConfigUpdater: return null (satelliteConfig is null)
1791670707.861 radio  4902  5233 D SatelliteController: getCarrierRoamingNtnConnectType: Falling back to global carrier config connect type: 0
1791670707.861 radio  4902  5233 D TelephonyConfigUpdateInstallReceiver: getConfigParser: domain=satellite
1791670707.861 radio  4902  5233 V SatelliteController: satelliteConfigParser is not ready
1791670707.861 radio  4902  5233 D SatelliteController: isSatelliteAttachSupportedViaConfigupdater: return null (satelliteConfig is null)
1791670707.863 10444  7726  8158 W System.err: java.io.IOException: No such file or directory
1791670707.863 10444  7726  8158 W System.err: 	at java.io.UnixFileSystem.createFileExclusively0(Native Method)
1791670707.863 10444  7726  8158 W System.err: 	at java.io.UnixFileSystem.createFileExclusively(UnixFileSystem.java:373)
1791670707.863 10444  7726  8158 W System.err: 	at java.io.File.createNewFile(File.java:1022)
1791670707.863 10444  7726  8158 W System.err: 	at epa$e.f(SourceFile:42)
1791670707.863 10444  7726  8158 W System.err: 	at epa.f(SourceFile:66)
1791670707.863 10444  7726  8158 W System.err: 	at epa.b(SourceFile:0)
1791670707.863 10444  7726  8158 W System.err: 	at epa$d.run(SourceFile:20)
1791670707.863 10444  7726  8158 W System.err: 	at java.lang.Thread.run(Thread.java:1572)
1791670707.864 10444  7726  8158 W System.err: java.io.IOException: No such file or directory
1791670707.864 10444  7726  8158 W System.err: 	at java.io.UnixFileSystem.createFileExclusively0(Native Method)
1791670707.864 10444  7726  8158 W System.err: 	at java.io.UnixFileSystem.createFileExclusively(UnixFileSystem.java:373)
1791670707.864 10444  7726  8158 W System.err: 	at java.io.File.createNewFile(File.java:1022)
1791670707.864 10444  7726  8158 W System.err: 	at epa$e.f(SourceFile:42)
1791670707.864 10444  7726  8158 W System.err: 	at epa.f(SourceFile:66)
1791670707.864 10444  7726  8158 W System.err: 	at epa.b(SourceFile:0)
1791670707.864 10444  7726  8158 W System.err: 	at epa$d.run(SourceFile:20)
1791670707.864 10444  7726  8158 W System.err: 	at java.lang.Thread.run(Thread.java:1572)
1791670707.865 10444  7726  8158 W System.err: java.io.IOException: No such file or directory
1791670707.865 10384  6896  6896 I LSPosedFramework: (com.google.android.inputmethod.latin)[com.keyflux,XposedBridge,1af0-1a127b057c7-2-34,0,1] xposed-KeyFlux-hook-query end, size=0
1791670707.866 10444  7726  8158 W System.err: 	at java.io.UnixFileSystem.createFileExclusively0(Native Method)
1791670707.866 10444  7726  8158 W System.err: 	at java.io.UnixFileSystem.createFileExclusively(UnixFileSystem.java:373)
1791670707.866 10444  7726  8158 W System.err: 	at java.io.File.createNewFile(File.java:1022)
1791670707.866 10444  7726  8158 W System.err: 	at epa$e.f(SourceFile:42)
1791670707.866 10444  7726  8158 W System.err: 	at epa.f(SourceFile:66)
1791670707.866 10444  7726  8158 W System.err: 	at epa.b(SourceFile:0)
1791670707.866 10444  7726  8158 W System.err: 	at epa$d.run(SourceFile:20)
1791670707.866 10444  7726  8158 W System.err: 	at java.lang.Thread.run(Thread.java:1572)
1791670707.867 10444  7726  8158 W System.err: java.io.IOException: No such file or directory
1791670707.867 10444  7726  8158 W System.err: 	at java.io.UnixFileSystem.createFileExclusively0(Native Method)
1791670707.867 10444  7726  8158 W System.err: 	at java.io.UnixFileSystem.createFileExclusively(UnixFileSystem.java:373)
1791670707.867 10444  7726  8158 W System.err: 	at java.io.File.createNewFile(File.java:1022)
1791670707.867 10444  7726  8158 W System.err: 	at epa$e.f(SourceFile:42)
1791670707.867 10444  7726  8158 W System.err: 	at epa.f(SourceFile:66)
1791670707.867 10444  7726  8158 W System.err: 	at epa.b(SourceFile:0)
1791670707.867 10444  7726  8158 W System.err: 	at epa$d.run(SourceFile:20)
1791670707.867 10444  7726  8158 W System.err: 	at java.lang.Thread.run(Thread.java:1572)
1791670707.854 10444  8158  8158 I susfs   : [10444][8158][susfs_is_inode_sus_path] hiding path with ino '0'
1791670707.854 10444  8158  8158 I susfs   : [10444][8158][susfs_is_inode_sus_path] hiding path with ino '0'
1791670707.854 10444  8158  8158 I susfs   : [10444][8158][susfs_is_inode_sus_path] hiding path with ino '0'
1791670707.854 10444  8158  8158 I susfs   : [10444][8158][susfs_is_inode_sus_path] hiding path with ino '0'
1791670707.855 10444  8158  8158 I susfs   : [10444][8158][susfs_is_inode_sus_path] hiding path with ino '0'
1791670707.855 10444  8158  8158 I susfs   : [10444][8158][susfs_is_inode_sus_path] hiding path with ino '0'
1791670707.855 10444  8158  8158 I susfs   : [10444][8158][susfs_is_inode_sus_path] hiding path with ino '0'
1791670707.855 10444  8158  8158 I susfs   : [10444][8158][susfs_is_inode_sus_path] hiding path with ino '0'
1791670707.855 10444  8158  8158 I susfs   : [10444][8158][susfs_is_inode_sus_path] hiding path with ino '0'
1791670707.855 10444  8158  8158 I susfs   : [10444][8158][susfs_is_inode_sus_path] hiding path with ino '0'
1791670707.855 10444  8158  8158 I susfs   : [10444][8158][susfs_is_inode_sus_path] hiding path with ino '0'
1791670707.855 10444  8158  8158 I susfs   : [10444][8158][susfs_is_inode_sus_path] hiding path with ino '0'
1791670707.855 10444  8158  8158 I susfs   : [10444][8158][susfs_is_inode_sus_path] hiding path with ino '0'
1791670707.855 10444  8158  8158 I susfs   : [10444][8158][susfs_is_inode_sus_path] hiding path with ino '0'
1791670707.855 10444  8158  8158 I susfs   : [10444][8158][susfs_is_inode_sus_path] hiding path with ino '0'
1791670707.855 10444  8158  8158 I susfs   : [10444][8158][susfs_is_inode_sus_path] hiding path with ino '0'
1791670707.855 10444  8158  8158 I susfs   : [10444][8158][susfs_is_inode_sus_path] hiding path with ino '0'
1791670707.855 10444  8158  8158 I susfs   : [10444][8158][susfs_is_inode_sus_path] hiding path with ino '0'
1791670707.855 10444  8158  8158 I susfs   : [10444][8158][susfs_is_inode_sus_path] hiding path with ino '0'
1791670707.855 10444  8158  8158 I susfs   : [10444][8158][susfs_is_inode_sus_path] hiding path with ino '0'
1791670707.855 10444  8158  8158 I susfs   : [10444][8158][susfs_is_inode_sus_path] hiding path with ino '0'
1791670707.855 10444  8158  8158 I susfs   : [10444][8158][susfs_is_inode_sus_path] hiding path with ino '0'
1791670707.855 10444  8158  8158 I susfs   : [10444][8158][susfs_is_inode_sus_path] hiding path with ino '0'
1791670707.855 10444  8158  8158 I susfs   : [10444][8158][susfs_is_inode_sus_path] hiding path with ino '0'
1791670707.856 10444  8158  8158 I susfs   : [10444][8158][susfs_is_inode_sus_path] hiding path with ino '0'
1791670707.856 10444  8158  8158 I susfs   : [10444][8158][susfs_is_inode_sus_path] hiding path with ino '0'
1791670707.856 10444  8158  8158 I susfs   : [10444][8158][susfs_is_inode_sus_path] hiding path with ino '0'
1791670707.856 10444  8158  8158 I susfs   : [10444][8158][susfs_is_inode_sus_path] hiding path with ino '0'
1791670707.856 10444  8158  8158 I susfs   : [10444][8158][susfs_is_inode_sus_path] hiding path with ino '0'
1791670707.856 10444  8158  8158 I susfs   : [10444][8158][susfs_is_inode_sus_path] hiding path with ino '0'
1791670707.856 10444  8158  8158 I susfs   : [10444][8158][susfs_is_inode_sus_path] hiding path with ino '0'
1791670707.856 10444  8158  8158 I susfs   : [10444][8158][susfs_is_inode_sus_path] hiding path with ino '0'
1791670707.856 10444  8158  8158 I susfs   : [10444][8158][susfs_is_inode_sus_path] hiding path with ino '0'
1791670707.856 10444  8158  8158 I susfs   : [10444][8158][susfs_is_inode_sus_path] hiding path with ino '0'
1791670707.856 10444  8158  8158 I susfs   : [10444][8158][susfs_is_inode_sus_path] hiding path with ino '0'
1791670707.856 10444  8158  8158 I susfs   : [10444][8158][susfs_is_inode_sus_path] hiding path with ino '0'
1791670707.856 10444  8158  8158 I susfs   : [10444][8158][susfs_is_inode_sus_path] hiding path with ino '0'
1791670707.856 10444  8158  8158 I susfs   : [10444][8158][susfs_is_inode_sus_path] hiding path with ino '0'
1791670707.856 10444  8158  8158 I susfs   : [10444][8158][susfs_is_inode_sus_path] hiding path with ino '0'
1791670707.861 10444  8158  8158 I susfs   : [10444][8158][susfs_is_inode_sus_path] hiding path with ino '0'
1791670707.861 10444  8158  8158 I susfs   : [10444][8158][susfs_is_inode_sus_path] hiding path with ino '0'
1791670707.862 10444  8158  8158 I susfs   : [10444][8158][susfs_is_inode_sus_path] hiding path with ino '0'
1791670707.862 10444  8158  8158 I susfs   : [10444][8158][susfs_is_inode_sus_path] hiding path with ino '0'
1791670707.862 10444  8158  8158 I susfs   : [10444][8158][susfs_is_inode_sus_path] hiding path with ino '0'
1791670707.862 10444  8158  8158 I susfs   : [10444][8158][susfs_is_inode_sus_path] hiding path with ino '0'
1791670707.862 10444  8158  8158 I susfs   : [10444][8158][susfs_is_inode_sus_path] hiding path with ino '0'
1791670707.862 10444  8158  8158 I susfs   : [10444][8158][susfs_is_inode_sus_path] hiding path with ino '0'
1791670707.862 10444  8158  8158 I susfs   : [10444][8158][susfs_is_inode_sus_path] hiding path with ino '0'
1791670707.862 10444  8158  8158 I susfs   : [10444][8158][susfs_is_inode_sus_path] hiding path with ino '0'
1791670707.862 10444  8158  8158 I susfs   : [10444][8158][susfs_is_inode_sus_path] hiding path with ino '0'
1791670707.862 10444  8158  8158 I susfs   : [10444][8158][susfs_is_inode_sus_path] hiding path with ino '0'
1791670707.862 10444  8158  8158 I susfs   : [10444][8158][susfs_is_inode_sus_path] hiding path with ino '0'
1791670707.862 10444  8158  8158 I susfs   : [10444][8158][susfs_is_inode_sus_path] hiding path with ino '0'
1791670707.862 10444  8158  8158 I susfs   : [10444][8158][susfs_is_inode_sus_path] hiding path with ino '0'
1791670707.862 10444  8158  8158 I susfs   : [10444][8158][susfs_is_inode_sus_path] hiding path with ino '0'
1791670707.863 10444  8158  8158 I susfs   : [10444][8158][susfs_is_inode_sus_path] hiding path with ino '0'
1791670707.863 10444  8158  8158 I susfs   : [10444][8158][susfs_is_inode_sus_path] hiding path with ino '0'
1791670707.863 10444  8158  8158 I susfs   : [10444][8158][susfs_is_inode_sus_path] hiding path with ino '0'
1791670707.863 10444  8158  8158 I susfs   : [10444][8158][susfs_is_inode_sus_path] hiding path with ino '0'
1791670707.863 10444  8158  8158 I susfs   : [10444][8158][susfs_is_inode_sus_path] hiding path with ino '0'
1791670707.863 10444  8158  8158 I susfs   : [10444][8158][susfs_is_inode_sus_path] hiding path with ino '0'
1791670707.863 10444  8158  8158 I susfs   : [10444][8158][susfs_is_inode_sus_path] hiding path with ino '0'
1791670707.869 10303  4915  4915 W TouchableRegionManager: onHeadsUpPinnedModeChanged
1791670707.863 10444  8158  8158 I susfs   : [10444][8158][susfs_is_inode_sus_path] hiding path with ino '0'
1791670707.863 10444  8158  8158 I susfs   : [10444][8158][susfs_is_inode_sus_path] hiding path with ino '0'
1791670707.863 10444  8158  8158 I susfs   : [10444][8158][susfs_is_inode_sus_path] hiding path with ino '0'
1791670707.863 10444  8158  8158 I susfs   : [10444][8158][susfs_is_inode_sus_path] hiding path with ino '0'
1791670707.863 10444  8158  8158 I susfs   : [10444][8158][susfs_is_inode_sus_path] hiding path with ino '0'
1791670707.863 10444  8158  8158 I susfs   : [10444][8158][susfs_is_inode_sus_path] hiding path with ino '0'
1791670707.863 10444  8158  8158 I susfs   : [10444][8158][susfs_is_inode_sus_path] hiding path with ino '0'
1791670707.863 10444  8158  8158 I susfs   : [10444][8158][susfs_is_inode_sus_path] hiding path with ino '0'
1791670707.864 10444  8158  8158 I susfs   : [10444][8158][susfs_is_inode_sus_path] hiding path with ino '0'
1791670707.864 10444  8158  8158 I susfs   : [10444][8158][susfs_is_inode_sus_path] hiding path with ino '0'
1791670707.864 10444  8158  8158 I susfs   : [10444][8158][susfs_is_inode_sus_path] hiding path with ino '0'
1791670707.864 10444  8158  8158 I susfs   : [10444][8158][susfs_is_inode_sus_path] hiding path with ino '0'
1791670707.864 10444  8158  8158 I susfs   : [10444][8158][susfs_is_inode_sus_path] hiding path with ino '0'
1791670707.864 10444  8158  8158 I susfs   : [10444][8158][susfs_is_inode_sus_path] hiding path with ino '0'
1791670707.864 10444  8158  8158 I susfs   : [10444][8158][susfs_is_inode_sus_path] hiding path with ino '0'
1791670707.864 10444  8158  8158 I susfs   : [10444][8158][susfs_is_inode_sus_path] hiding path with ino '0'
1791670707.864 10444  8158  8158 I susfs   : [10444][8158][susfs_is_inode_sus_path] hiding path with ino '0'
1791670707.864 10444  8158  8158 I susfs   : [10444][8158][susfs_is_inode_sus_path] hiding path with ino '0'
1791670707.864 10444  8158  8158 I susfs   : [10444][8158][susfs_is_inode_sus_path] hiding path with ino '0'
1791670707.864 10444  8158  8158 I susfs   : [10444][8158][susfs_is_inode_sus_path] hiding path with ino '0'
1791670707.864 10444  8158  8158 I susfs   : [10444][8158][susfs_is_inode_sus_path] hiding path with ino '0'
1791670707.864 10444  8158  8158 I susfs   : [10444][8158][susfs_is_inode_sus_path] hiding path with ino '0'
1791670707.864 10444  8158  8158 I susfs   : [10444][8158][susfs_is_inode_sus_path] hiding path with ino '0'
1791670707.864 10444  8158  8158 I susfs   : [10444][8158][susfs_is_inode_sus_path] hiding path with ino '0'
1791670707.864 10444  8158  8158 I susfs   : [10444][8158][susfs_is_inode_sus_path] hiding path with ino '0'
1791670707.864 10444  8158  8158 I susfs   : [10444][8158][susfs_is_inode_sus_path] hiding path with ino '0'
1791670707.865 10444  8158  8158 I susfs   : [10444][8158][susfs_is_inode_sus_path] hiding path with ino '0'
1791670707.865 10444  8158  8158 I susfs   : [10444][8158][susfs_is_inode_sus_path] hiding path with ino '0'
1791670707.865 10444  8158  8158 I susfs   : [10444][8158][susfs_is_inode_sus_path] hiding path with ino '0'
1791670707.865 10444  8158  8158 I susfs   : [10444][8158][susfs_is_inode_sus_path] hiding path with ino '0'
1791670707.865 10444  8158  8158 I susfs   : [10444][8158][susfs_is_inode_sus_path] hiding path with ino '0'
1791670707.865 10444  8158  8158 I susfs   : [10444][8158][susfs_is_inode_sus_path] hiding path with ino '0'
1791670707.865 10444  8158  8158 I susfs   : [10444][8158][susfs_is_inode_sus_path] hiding path with ino '0'
1791670707.865 10444  8158  8158 I susfs   : [10444][8158][susfs_is_inode_sus_path] hiding path with ino '0'
1791670707.865 10444  8158  8158 I susfs   : [10444][8158][susfs_is_inode_sus_path] hiding path with ino '0'
1791670707.865 10444  8158  8158 I susfs   : [10444][8158][susfs_is_inode_sus_path] hiding path with ino '0'
1791670707.865 10444  8158  8158 I susfs   : [10444][8158][susfs_is_inode_sus_path] hiding path with ino '0'
1791670707.865 10444  8158  8158 I susfs   : [10444][8158][susfs_is_inode_sus_path] hiding path with ino '0'
1791670707.865 10444  8158  8158 I susfs   : [10444][8158][susfs_is_inode_sus_path] hiding path with ino '0'
1791670707.865 10444  8158  8158 I susfs   : [10444][8158][susfs_is_inode_sus_path] hiding path with ino '0'
1791670707.865 10444  8158  8158 I susfs   : [10444][8158][susfs_is_inode_sus_path] hiding path with ino '0'
1791670707.865 10444  8158  8158 I susfs   : [10444][8158][susfs_is_inode_sus_path] hiding path with ino '0'
1791670707.865 10444  8158  8158 I susfs   : [10444][8158][susfs_is_inode_sus_path] hiding path with ino '0'
1791670707.865 10444  8158  8158 I susfs   : [10444][8158][susfs_is_inode_sus_path] hiding path with ino '0'
1791670707.865 10444  8158  8158 I susfs   : [10444][8158][susfs_is_inode_sus_path] hiding path with ino '0'
1791670707.865 10444  8158  8158 I susfs   : [10444][8158][susfs_is_inode_sus_path] hiding path with ino '0'
1791670707.866 10444  8158  8158 I susfs   : [10444][8158][susfs_is_inode_sus_path] hiding path with ino '0'
1791670707.866 10444  8158  8158 I susfs   : [10444][8158][susfs_is_inode_sus_path] hiding path with ino '0'
1791670707.866 10444  8158  8158 I susfs   : [10444][8158][susfs_is_inode_sus_path] hiding path with ino '0'
1791670707.866 10444  8158  8158 I susfs   : [10444][8158][susfs_is_inode_sus_path] hiding path with ino '0'
1791670707.866 10444  8158  8158 I susfs   : [10444][8158][susfs_is_inode_sus_path] hiding path with ino '0'
1791670707.866 10444  8158  8158 I susfs   : [10444][8158][susfs_is_inode_sus_path] hiding path with ino '0'
1791670707.866 10444  8158  8158 I susfs   : [10444][8158][susfs_is_inode_sus_path] hiding path with ino '0'
1791670707.866 10444  8158  8158 I susfs   : [10444][8158][susfs_is_inode_sus_path] hiding path with ino '0'
1791670707.866 10444  8158  8158 I susfs   : [10444][8158][susfs_is_inode_sus_path] hiding path with ino '0'
1791670707.866 10444  8158  8158 I susfs   : [10444][8158][susfs_is_inode_sus_path] hiding path with ino '0'
1791670707.866 10444  8158  8158 I susfs   : [10444][8158][susfs_is_inode_sus_path] hiding path with ino '0'
1791670707.866 10444  8158  8158 I susfs   : [10444][8158][susfs_is_inode_sus_path] hiding path with ino '0'
1791670707.866 10444  8158  8158 I susfs   : [10444][8158][susfs_is_inode_sus_path] hiding path with ino '0'
1791670707.866 10444  8158  8158 I susfs   : [10444][8158][susfs_is_inode_sus_path] hiding path with ino '0'
1791670707.866 10444  8158  8158 I susfs   : [10444][8158][susfs_is_inode_sus_path] hiding path with ino '0'
1791670707.866 10444  8158  8158 I susfs   : [10444][8158][susfs_is_inode_sus_path] hiding path with ino '0'
1791670707.866 10444  8158  8158 I susfs   : [10444][8158][susfs_is_inode_sus_path] hiding path with ino '0'
1791670707.866 10444  8158  8158 I susfs   : [10444][8158][susfs_is_inode_sus_path] hiding path with ino '0'
1791670707.866 10444  8158  8158 I susfs   : [10444][8158][susfs_is_inode_sus_path] hiding path with ino '0'
1791670707.866 10444  8158  8158 I susfs   : [10444][8158][susfs_is_inode_sus_path] hiding path with ino '0'
1791670707.867 10444  8158  8158 I susfs   : [10444][8158][susfs_is_inode_sus_path] hiding path with ino '0'
1791670707.867 10444  8158  8158 I susfs   : [10444][8158][susfs_is_inode_sus_path] hiding path with ino '0'
1791670707.867 10444  8158  8158 I susfs   : [10444][8158][susfs_is_inode_sus_path] hiding path with ino '0'
1791670707.867 10444  8158  8158 I susfs   : [10444][8158][susfs_is_inode_sus_path] hiding path with ino '0'
1791670707.867 10444  8158  8158 I susfs   : [10444][8158][susfs_is_inode_sus_path] hiding path with ino '0'
1791670707.867 10444  8158  8158 I susfs   : [10444][8158][susfs_is_inode_sus_path] hiding path with ino '0'
1791670707.878 10384  6896 20192 I LSPosedFramework: (com.google.android.inputmethod.latin)[com.keyflux,XposedBridge,1af0-1a127b057c7-121-35,0,1] xposed-KeyFlux-hook-query end, size=0
1791670707.879 10384  6896 20192 I LSPosedFramework: (com.google.android.inputmethod.latin)[com.keyflux,XposedBridge,1af0-1a127b057c7-121-36,0,1] xposed-KeyFlux-hook-query end, size=38
1791670707.939  1041  4165  4404 D ACDB-LOADER: ACDB -> send_audvoltable
1791670707.939  1041  4165  4404 D ACDB-LOADER: ACDB -> ACDB_CMD_GET_AUDPROC_INSTANCE_GAIN_DEP_STEP_TABLE_SIZE
1791670707.939  1041  4165  4404 D ACDB-LOADER: ACDB -> ACDB_CMD_GET_AUDPROC_INSTANCE_GAIN_DEP_STEP_TABLE, vol index 0
1791670707.939  1041  4165  4404 D ACDB-LOADER: ACDB -> AUDIO_SET_VOL_CAL cal type = 40
1791670707.939  1041  4165  4404 W msm8974_platform: platform_send_gain_dep_cal: Usecase list is empty
1791670707.940  1041  4165  4165 W msm8974_platform: platform_send_gain_dep_cal: Usecase list is empty
1791670707.940  1041  4179  4201 W libbinder.Binder: Binder 0xb400007a504fa540 destroyed after setInheritRt before being parceled.
1791670707.940  1041  4179  4201 W libbinder.Binder: Binder 0xb400007a504fa540 destroyed after setMinSchedulerPolicy before being parceled.
1791670707.941  1041  4179  4201 I APM_AudioPolicyManager: getNewOutputDevices io 13 recent device override {AUDIO_DEVICE_OUT_SPEAKER, @:}
1791670707.952 10444  8158  8158 I susfs   : [10444][8158][susfs_is_inode_sus_path] hiding path with ino '0'
1791670707.952 10444  8158  8158 I susfs   : [10444][8158][susfs_is_inode_sus_path] hiding path with ino '0'
1791670707.952 10444  8158  8158 I susfs   : [10444][8158][susfs_is_inode_sus_path] hiding path with ino '0'
1791670707.952 10444  8158  8158 I susfs   : [10444][8158][susfs_is_inode_sus_path] hiding path with ino '0'
1791670707.952 10444  8158  8158 I susfs   : [10444][8158][susfs_is_inode_sus_path] hiding path with ino '0'
1791670707.952 10444  8158  8158 I susfs   : [10444][8158][susfs_is_inode_sus_path] hiding path with ino '0'
1791670707.952 10444  8158  8158 I susfs   : [10444][8158][susfs_is_inode_sus_path] hiding path with ino '0'
1791670707.952 10444  8158  8158 I susfs   : [10444][8158][susfs_is_inode_sus_path] hiding path with ino '0'
1791670707.952 10444  8158  8158 I susfs   : [10444][8158][susfs_is_inode_sus_path] hiding path with ino '0'
1791670707.953 10444  8158  8158 I susfs   : [10444][8158][susfs_is_inode_sus_path] hiding path with ino '0'
1791670707.953 10444  8158  8158 I susfs   : [10444][8158][susfs_is_inode_sus_path] hiding path with ino '0'
1791670707.953 10444  8158  8158 I susfs   : [10444][8158][susfs_is_inode_sus_path] hiding path with ino '0'
1791670707.953 10444  8158  8158 I susfs   : [10444][8158][susfs_is_inode_sus_path] hiding path with ino '0'
1791670707.953 10444  8158  8158 I susfs   : [10444][8158][susfs_is_inode_sus_path] hiding path with ino '0'
1791670707.953 10444  8158  8158 I susfs   : [10444][8158][susfs_is_inode_sus_path] hiding path with ino '0'
1791670707.953 10444  8158  8158 I susfs   : [10444][8158][susfs_is_inode_sus_path] hiding path with ino '0'
1791670707.953 10444  8158  8158 I susfs   : [10444][8158][susfs_is_inode_sus_path] hiding path with ino '0'
1791670707.953 10444  8158  8158 I susfs   : [10444][8158][susfs_is_inode_sus_path] hiding path with ino '0'
1791670707.953 10444  8158  8158 I susfs   : [10444][8158][susfs_is_inode_sus_path] hiding path with ino '0'
1791670707.953 10444  8158  8158 I susfs   : [10444][8158][susfs_is_inode_sus_path] hiding path with ino '0'
1791670707.953 10444  8158  8158 I susfs   : [10444][8158][susfs_is_inode_sus_path] hiding path with ino '0'
1791670707.953 10444  8158  8158 I susfs   : [10444][8158][susfs_is_inode_sus_path] hiding path with ino '0'
1791670707.953 10444  8158  8158 I susfs   : [10444][8158][susfs_is_inode_sus_path] hiding path with ino '0'
1791670707.953 10444  8158  8158 I susfs   : [10444][8158][susfs_is_inode_sus_path] hiding path with ino '0'
1791670707.953 10444  8158  8158 I susfs   : [10444][8158][susfs_is_inode_sus_path] hiding path with ino '0'
1791670707.953 10444  8158  8158 I susfs   : [10444][8158][susfs_is_inode_sus_path] hiding path with ino '0'
1791670707.952 10444  7726  9519 I NotifySyncService_7726_9519: MSG_NOTIFY_REMOVE_TIMEOUT size = 1 ids: 9
1791670707.953 10444  7726  8158 W System.err: java.io.IOException: No such file or directory
1791670707.953 10444  7726  8158 W System.err: 	at java.io.UnixFileSystem.createFileExclusively0(Native Method)
1791670707.953 10444  7726  8158 W System.err: 	at java.io.UnixFileSystem.createFileExclusively(UnixFileSystem.java:373)
1791670707.953 10444  7726  8158 W System.err: 	at java.io.File.createNewFile(File.java:1022)
1791670707.953 10444  7726  8158 W System.err: 	at epa$e.f(SourceFile:42)
1791670707.953 10444  7726  8158 W System.err: 	at epa.f(SourceFile:66)
1791670707.953 10444  7726  8158 W System.err: 	at epa.b(SourceFile:0)
1791670707.953 10444  7726  8158 W System.err: 	at epa$d.run(SourceFile:20)
1791670707.953 10444  7726  8158 W System.err: 	at java.lang.Thread.run(Thread.java:1572)
1791670707.955 10660  7469  7469 D ToastAccService: Captured message [Metin kopyalandı] from [com.f0x1d.logfox]
1791670707.955 10444  7726  9519 I NotifySyncService_7726_9519: removeNotifications isHuaMi false
1791670707.956 10444  7726  8158 W System.err: java.io.IOException: No such file or directory
1791670707.956 10444  7726  8158 W System.err: 	at java.io.UnixFileSystem.createFileExclusively0(Native Method)
1791670707.956 10444  7726  8158 W System.err: 	at java.io.UnixFileSystem.createFileExclusively(UnixFileSystem.java:373)
1791670707.956 10444  7726  8158 W System.err: 	at java.io.File.createNewFile(File.java:1022)
1791670707.956 10444  7726  8158 W System.err: 	at epa$e.f(SourceFile:42)
1791670707.956 10444  7726  8158 W System.err: 	at epa.f(SourceFile:66)
1791670707.956 10444  7726  8158 W System.err: 	at epa.b(SourceFile:0)
1791670707.956 10444  7726  8158 W System.err: 	at epa$d.run(SourceFile:20)
1791670707.956 10444  7726  8158 W System.err: 	at java.lang.Thread.run(Thread.java:1572)
1791670707.955 10444  8158  8158 I susfs   : [10444][8158][susfs_is_inode_sus_path] hiding path with ino '0'
1791670707.955 10444  8158  8158 I susfs   : [10444][8158][susfs_is_inode_sus_path] hiding path with ino '0'
1791670707.955 10444  8158  8158 I susfs   : [10444][8158][susfs_is_inode_sus_path] hiding path with ino '0'
1791670707.955 10444  8158  8158 I susfs   : [10444][8158][susfs_is_inode_sus_path] hiding path with ino '0'
1791670707.955 10444  8158  8158 I susfs   : [10444][8158][susfs_is_inode_sus_path] hiding path with ino '0'
1791670707.955 10444  8158  8158 I susfs   : [10444][8158][susfs_is_inode_sus_path] hiding path with ino '0'
1791670707.955 10444  8158  8158 I susfs   : [10444][8158][susfs_is_inode_sus_path] hiding path with ino '0'
1791670707.955 10444  8158  8158 I susfs   : [10444][8158][susfs_is_inode_sus_path] hiding path with ino '0'
1791670707.955 10444  8158  8158 I susfs   : [10444][8158][susfs_is_inode_sus_path] hiding path with ino '0'
1791670707.955 10444  8158  8158 I susfs   : [10444][8158][susfs_is_inode_sus_path] hiding path with ino '0'
1791670707.955 10444  8158  8158 I susfs   : [10444][8158][susfs_is_inode_sus_path] hiding path with ino '0'
1791670707.955 10444  8158  8158 I susfs   : [10444][8158][susfs_is_inode_sus_path] hiding path with ino '0'
1791670707.955 10444  8158  8158 I susfs   : [10444][8158][susfs_is_inode_sus_path] hiding path with ino '0'
1791670707.955 10444  8158  8158 I susfs   : [10444][8158][susfs_is_inode_sus_path] hiding path with ino '0'
1791670707.956 10444  8158  8158 I susfs   : [10444][8158][susfs_is_inode_sus_path] hiding path with ino '0'
1791670707.956 10444  8158  8158 I susfs   : [10444][8158][susfs_is_inode_sus_path] hiding path with ino '0'
1791670707.956 10444  8158  8158 I susfs   : [10444][8158][susfs_is_inode_sus_path] hiding path with ino '0'
1791670707.956 10444  8158  8158 I susfs   : [10444][8158][susfs_is_inode_sus_path] hiding path with ino '0'
1791670707.956 10444  8158  8158 I susfs   : [10444][8158][susfs_is_inode_sus_path] hiding path with ino '0'
1791670707.956 10444  8158  8158 I susfs   : [10444][8158][susfs_is_inode_sus_path] hiding path with ino '0'
1791670707.956 10444  8158  8158 I susfs   : [10444][8158][susfs_is_inode_sus_path] hiding path with ino '0'
1791670707.956 10444  8158  8158 I susfs   : [10444][8158][susfs_is_inode_sus_path] hiding path with ino '0'
1791670707.956 10444  8158  8158 I susfs   : [10444][8158][susfs_is_inode_sus_path] hiding path with ino '0'
1791670707.956 10444  8158  8158 I susfs   : [10444][8158][susfs_is_inode_sus_path] hiding path with ino '0'
1791670707.956 10444  8158  8158 I susfs   : [10444][8158][susfs_is_inode_sus_path] hiding path with ino '0'
1791670707.956 10444  8158  8158 I susfs   : [10444][8158][susfs_is_inode_sus_path] hiding path with ino '0'
1791670707.971  1047 30967 30967 I CAM_INFO: CAM-SENSOR: msm_cam_sensor_handle_reg_gpio: 1960 Input Parameters are not proper
1791670707.971  1047 30967 30967 I CAM_INFO: CAM-SENSOR: msm_cam_sensor_handle_reg_gpio: 1960 Input Parameters are not proper
1791670707.973  1047 30967 30967 I CAM_INFO: CAM-SENSOR: msm_cam_sensor_handle_reg_gpio: 1960 Input Parameters are not proper
1791670707.974  1047 30967 30967 I CAM_INFO: CAM-SENSOR: msm_cam_sensor_handle_reg_gpio: 1960 Input Parameters are not proper
1791670707.974  1047 30967 30967 I CAM_INFO: CAM-SENSOR: cam_sensor_util_request_gpio_table: 1217 No GPIO data
1791670707.974  1047 30967 30967 I CAM_INFO: CAM-CCI: cam_cci_soc_release: 447 cam_cci_soc_release 6
1791670707.976  1047 30967 30967 I CAM_INFO: CAM-CCI: cam_cci_soc_release: 447 cam_cci_soc_release 7
1791670707.978  1047 30967 30967 E ISPHVX  : Read imx789_p24c128e QR serial code success.
1791670707.984  1047 30967 30967 I ISPHVX  : No match in config file, using original configs
1791670707.984  1047 30967 30967 D android.hardware.camera.provider@2.4-service_64: [DEBUG  ] camxoemhwcontroller.cpp:89 Initialize() D CAMX [OEM][DEBUG]media devices found on /dev/media0 and name = cam-req-mgr-devnode
1791670707.984  1047 30967 30967 E android.hardware.camera.provider@2.4-service_64: [ERROR  ] camxoemhwcontroller.cpp:112 Initialize() E CAMX [OEM][ERROR]Find sensor CamSubDeV[0] /dev/v4l-subdev11
1791670707.984  1047 30967 30967 E android.hardware.camera.provider@2.4-service_64: [ERROR  ] camxoemhwcontroller.cpp:120 Initialize() E CAMX [OEM][ERROR]open /dev/v4l-subdev11 success
1791670707.984  1047 30967 30967 D android.hardware.camera.provider@2.4-service_64: [DEBUG  ] camxoemhwcontroller.cpp:139 Initialize() D CAMX [OEM][DEBUG]Map camera id 0 --> fd 43
1791670707.984  1047 30967 30967 E android.hardware.camera.provider@2.4-service_64: [ERROR  ] camxoemhwcontroller.cpp:112 Initialize() E CAMX [OEM][ERROR]Find sensor CamSubDeV[1] /dev/v4l-subdev12
1791670707.984  1047 30967 30967 E android.hardware.camera.provider@2.4-service_64: [ERROR  ] camxoemhwcontroller.cpp:120 Initialize() E CAMX [OEM][ERROR]open /dev/v4l-subdev12 success
1791670707.984  1047 30967 30967 D android.hardware.camera.provider@2.4-service_64: [DEBUG  ] camxoemhwcontroller.cpp:139 Initialize() D CAMX [OEM][DEBUG]Map camera id 1 --> fd 44
1791670707.984  1047 30967 30967 E android.hardware.camera.provider@2.4-service_64: [ERROR  ] camxoemhwcontroller.cpp:112 Initialize() E CAMX [OEM][ERROR]Find sensor CamSubDeV[2] /dev/v4l-subdev13
1791670707.985  1047 30967 30967 E android.hardware.camera.provider@2.4-service_64: [ERROR  ] camxoemhwcontroller.cpp:120 Initialize() E CAMX [OEM][ERROR]open /dev/v4l-subdev13 success
1791670707.985  1047 30967 30967 D android.hardware.camera.provider@2.4-service_64: [DEBUG  ] camxoemhwcontroller.cpp:139 Initialize() D CAMX [OEM][DEBUG]Map camera id 4 --> fd 45
1791670707.985  1047 30967 30967 E android.hardware.camera.provider@2.4-service_64: [ERROR  ] camxoemhwcontroller.cpp:112 Initialize() E CAMX [OEM][ERROR]Find sensor CamSubDeV[3] /dev/v4l-subdev14
1791670707.985  1047 30967 30967 E android.hardware.camera.provider@2.4-service_64: [ERROR  ] camxoemhwcontroller.cpp:120 Initialize() E CAMX [OEM][ERROR]open /dev/v4l-subdev14 success
1791670707.985  1047 30967 30967 D android.hardware.camera.provider@2.4-service_64: [DEBUG  ] camxoemhwcontroller.cpp:139 Initialize() D CAMX [OEM][DEBUG]Map camera id 2 --> fd 46
1791670707.985  1047 30967 30967 E android.hardware.camera.provider@2.4-service_64: [ERROR  ] camxoemhwcontroller.cpp:112 Initialize() E CAMX [OEM][ERROR]Find sensor CamSubDeV[4] /dev/v4l-subdev15
1791670707.985  1047 30967 30967 E android.hardware.camera.provider@2.4-service_64: [ERROR  ] camxoemhwcontroller.cpp:120 Initialize() E CAMX [OEM][ERROR]open /dev/v4l-subdev15 success
1791670707.985  1047 30967 30967 D android.hardware.camera.provider@2.4-service_64: [DEBUG  ] camxoemhwcontroller.cpp:139 Initialize() D CAMX [OEM][DEBUG]Map camera id 3 --> fd 47
1791670707.985  1047 30967 30967 D android.hardware.camera.provider@2.4-service_64: [DEBUG  ] camxoemhwcontroller.cpp:104 Initialize() D CAMX [OEM][DEBUG]media device enumerate entities failed -2147483564
1791670707.985  1047 30967 30967 D android.hardware.camera.provider@2.4-service_64: [DEBUG  ] camxoemhwcontroller.cpp:89 Initialize() D CAMX [OEM][DEBUG]media devices found on /dev/media1 and name = cam_sync_device
1791670707.985  1047 30967 30967 D android.hardware.camera.provider@2.4-service_64: [DEBUG  ] camxoemhwcontroller.cpp:78 Initialize() D CAMX [OEM][DEBUG]No more media devices found on /dev/media2,error:No such file or directory
1791670707.984 10660  7469 17634 D ToastAccService: item added to db: 1241
1791670707.988  1047 30967 30967 I CAM_INFO: CAM-CCI: cam_cci_init: 198 cam_cci_init 7
1791670708.055  1047 30967 30967 I CAM_INFO: CAM-CCI: cam_cci_soc_release: 447 cam_cci_soc_release 7
1791670708.057  1047 30967 30967 I CAM_INFO: CAM-SENSOR: oplus_cam_sensor_driver_cmd: 191 sony_dfct_tbl: fd_dfct_num=0, sg_dfct_num=8
1791670708.057  1047 30967 30967 I CAM_INFO: CAM-SENSOR: cam_sensor_util_request_gpio_table: 1217 No GPIO data
1791670708.056  1047 30967 30967 E ISPHVX  : Read imx471_p24c64e QR serial code success.
1791670708.056  1047 30967 30967 D android.hardware.camera.provider@2.4-service_64: [DEBUG  ] camxoemhwcontroller.cpp:370 getSensorDpcData() D CAMX [OEM][DEBUG]Oplus need to get Sony DPC data.
1791670708.056  1047 30967 30967 D android.hardware.camera.provider@2.4-service_64: [DEBUG  ] camxoemhwcontroller.cpp:329 getSonyDpcData() D CAMX [OEM][DEBUG]sony_dfct_tbl:  fd_dfct_num=0, sg_dfct_num=8
1791670708.057  1047 30967 30967 D android.hardware.camera.provider@2.4-service_64: [DEBUG  ] camxoemhwcontroller.cpp:342 getSonyDpcData() D CAMX [OEM][DEBUG]dumped sony dpc file: /data/vendor/camera/sony_imx471_dpc_tbl.bin size:1224
1791670708.059  1047 30967 30967 I CAM_INFO: CAM-SENSOR: msm_cam_sensor_handle_reg_gpio: 1960 Input Parameters are not proper
1791670708.062  1047 30967 30967 I CAM_INFO: CAM-CCI: cam_cci_init: 198 cam_cci_init 6
1791670708.076 10444  7726  9519 I NotifySyncService_7726_9519: MSG_NOTIFY_POSTED
1791670708.076 10444  7726  9519 I NotifySyncService_7726_9519: onNotificationPosted Id:0 key:0|com.f0x1d.logfox|0|0|com.f0x1d.logfox|g:Aggregate_AlertingSection|10761|0|com.f0x1d.logfox|g:Aggregate_AlertingSection PackageName:com.f0x1d.logfox IsOngoing:true PostTime:1791670705933 currentDeviceModel.connected: true
1791670708.078 10444  7726  9519 I NotifySyncService_7726_9519: onNotificationPosted Id:0 , appName : LogFox
1791670708.078 10444  7726  9519 I NotifySyncService_7726_9519: isFlagNoClearNotification flag = 132866
1791670708.079 10444  7726  9519 I NotifySyncService_7726_9519:  isOngoing = true isIncomingCall = false
1791670708.079 10444  7726  8820 I NotifyLogUtils_7726_8820: isIgnoringBatteryOptimizations true
1791670708.079 10444  7726  8158 W System.err: java.io.IOException: No such file or directory
1791670708.079 10444  7726  8158 W System.err: 	at java.io.UnixFileSystem.createFileExclusively0(Native Method)
1791670708.076 10444  8158  8158 I susfs   : [10444][8158][susfs_is_inode_sus_path] hiding path with ino '0'
1791670708.079 10444  7726  8158 W System.err: 	at java.io.UnixFileSystem.createFileExclusively(UnixFileSystem.java:373)
1791670708.079 10444  7726  8158 W System.err: 	at java.io.File.createNewFile(File.java:1022)
1791670708.079 10444  7726  8158 W System.err: 	at epa$e.f(SourceFile:42)
1791670708.079 10444  7726  8158 W System.err: 	at epa.f(SourceFile:66)
1791670708.079 10444  7726  8158 W System.err: 	at epa.b(SourceFile:0)
1791670708.079 10444  7726  8158 W System.err: 	at epa$d.run(SourceFile:20)
1791670708.079 10444  7726  8158 W System.err: 	at java.lang.Thread.run(Thread.java:1572)
1791670708.080 10345  5754  5754 W LocaleConfig: The resource file pointed to by the given resource ID isn't found.
1791670708.084 10444  7726  8158 W System.err: java.io.IOException: No such file or directory
1791670708.084 10444  7726  8158 W System.err: 	at java.io.UnixFileSystem.createFileExclusively0(Native Method)
1791670708.084 10444  7726  8158 W System.err: 	at java.io.UnixFileSystem.createFileExclusively(UnixFileSystem.java:373)
1791670708.084 10444  7726  8158 W System.err: 	at java.io.File.createNewFile(File.java:1022)
1791670708.084 10444  7726  8158 W System.err: 	at epa$e.f(SourceFile:42)
1791670708.084 10444  7726  8158 W System.err: 	at epa.f(SourceFile:66)
1791670708.084 10444  7726  8158 W System.err: 	at epa.b(SourceFile:0)
1791670708.084 10444  7726  8158 W System.err: 	at epa$d.run(SourceFile:20)
1791670708.084 10444  7726  8158 W System.err: 	at java.lang.Thread.run(Thread.java:1572)
1791670708.086 10444  7726  8158 W System.err: java.io.IOException: No such file or directory
1791670708.086 10444  7726  8158 W System.err: 	at java.io.UnixFileSystem.createFileExclusively0(Native Method)
1791670708.086 10444  7726  8158 W System.err: 	at java.io.UnixFileSystem.createFileExclusively(UnixFileSystem.java:373)
1791670708.086 10444  7726  8158 W System.err: 	at java.io.File.createNewFile(File.java:1022)
1791670708.086 10444  7726  8158 W System.err: 	at epa$e.f(SourceFile:42)
1791670708.086 10444  7726  8158 W System.err: 	at epa.f(SourceFile:66)
1791670708.086 10444  7726  8158 W System.err: 	at epa.b(SourceFile:0)
1791670708.086 10444  7726  8158 W System.err: 	at epa$d.run(SourceFile:20)
1791670708.086 10444  7726  8158 W System.err: 	at java.lang.Thread.run(Thread.java:1572)
1791670708.088 10444  7726  8158 W System.err: java.io.IOException: No such file or directory
1791670708.088 10444  7726  8158 W System.err: 	at java.io.UnixFileSystem.createFileExclusively0(Native Method)
1791670708.088 10444  7726  8158 W System.err: 	at java.io.UnixFileSystem.createFileExclusively(UnixFileSystem.java:373)
1791670708.088 10444  7726  8158 W System.err: 	at java.io.File.createNewFile(File.java:1022)
1791670708.088 10444  7726  8158 W System.err: 	at epa$e.f(SourceFile:42)
1791670708.088 10444  7726  8158 W System.err: 	at epa.f(SourceFile:66)
1791670708.076 10444  8158  8158 I susfs   : [10444][8158][susfs_is_inode_sus_path] hiding path with ino '0'
1791670708.077 10444  8158  8158 I susfs   : [10444][8158][susfs_is_inode_sus_path] hiding path with ino '0'
1791670708.077 10444  8158  8158 I susfs   : [10444][8158][susfs_is_inode_sus_path] hiding path with ino '0'
1791670708.077 10444  8158  8158 I susfs   : [10444][8158][susfs_is_inode_sus_path] hiding path with ino '0'
1791670708.077 10444  8158  8158 I susfs   : [10444][8158][susfs_is_inode_sus_path] hiding path with ino '0'
1791670708.077 10444  8158  8158 I susfs   : [10444][8158][susfs_is_inode_sus_path] hiding path with ino '0'
1791670708.077 10444  8158  8158 I susfs   : [10444][8158][susfs_is_inode_sus_path] hiding path with ino '0'
1791670708.077 10444  8158  8158 I susfs   : [10444][8158][susfs_is_inode_sus_path] hiding path with ino '0'
1791670708.077 10444  8158  8158 I susfs   : [10444][8158][susfs_is_inode_sus_path] hiding path with ino '0'
1791670708.077 10444  8158  8158 I susfs   : [10444][8158][susfs_is_inode_sus_path] hiding path with ino '0'
1791670708.077 10444  8158  8158 I susfs   : [10444][8158][susfs_is_inode_sus_path] hiding path with ino '0'
1791670708.077 10444  8158  8158 I susfs   : [10444][8158][susfs_is_inode_sus_path] hiding path with ino '0'
1791670708.077 10444  8158  8158 I susfs   : [10444][8158][susfs_is_inode_sus_path] hiding path with ino '0'
1791670708.077 10444  8158  8158 I susfs   : [10444][8158][susfs_is_inode_sus_path] hiding path with ino '0'
1791670708.077 10444  8158  8158 I susfs   : [10444][8158][susfs_is_inode_sus_path] hiding path with ino '0'
1791670708.078 10444  8158  8158 I susfs   : [10444][8158][susfs_is_inode_sus_path] hiding path with ino '0'
1791670708.078 10444  8158  8158 I susfs   : [10444][8158][susfs_is_inode_sus_path] hiding path with ino '0'
1791670708.078 10444  8158  8158 I susfs   : [10444][8158][susfs_is_inode_sus_path] hiding path with ino '0'
1791670708.078 10444  8158  8158 I susfs   : [10444][8158][susfs_is_inode_sus_path] hiding path with ino '0'
1791670708.078 10444  8158  8158 I susfs   : [10444][8158][susfs_is_inode_sus_path] hiding path with ino '0'
1791670708.078 10444  8158  8158 I susfs   : [10444][8158][susfs_is_inode_sus_path] hiding path with ino '0'
1791670708.078 10444  8158  8158 I susfs   : [10444][8158][susfs_is_inode_sus_path] hiding path with ino '0'
1791670708.078 10444  8158  8158 I susfs   : [10444][8158][susfs_is_inode_sus_path] hiding path with ino '0'
1791670708.079 10444  8158  8158 I susfs   : [10444][8158][susfs_is_inode_sus_path] hiding path with ino '0'
1791670708.079 10444  8158  8158 I susfs   : [10444][8158][susfs_is_inode_sus_path] hiding path with ino '0'
1791670708.080 10444  8158  8158 I susfs   : [10444][8158][susfs_is_inode_sus_path] hiding path with ino '0'
1791670708.080 10444  8158  8158 I susfs   : [10444][8158][susfs_is_inode_sus_path] hiding path with ino '0'
1791670708.080 10444  8158  8158 I susfs   : [10444][8158][susfs_is_inode_sus_path] hiding path with ino '0'
1791670708.080 10444  8158  8158 I susfs   : [10444][8158][susfs_is_inode_sus_path] hiding path with ino '0'
1791670708.080 10444  8158  8158 I susfs   : [10444][8158][susfs_is_inode_sus_path] hiding path with ino '0'
1791670708.081 10444  8158  8158 I susfs   : [10444][8158][susfs_is_inode_sus_path] hiding path with ino '0'
1791670708.081 10444  8158  8158 I susfs   : [10444][8158][susfs_is_inode_sus_path] hiding path with ino '0'
1791670708.081 10444  8158  8158 I susfs   : [10444][8158][susfs_is_inode_sus_path] hiding path with ino '0'
1791670708.081 10444  8158  8158 I susfs   : [10444][8158][susfs_is_inode_sus_path] hiding path with ino '0'
1791670708.081 10444  8158  8158 I susfs   : [10444][8158][susfs_is_inode_sus_path] hiding path with ino '0'
1791670708.081 10444  8158  8158 I susfs   : [10444][8158][susfs_is_inode_sus_path] hiding path with ino '0'
1791670708.081 10444  8158  8158 I susfs   : [10444][8158][susfs_is_inode_sus_path] hiding path with ino '0'
1791670708.081 10444  8158  8158 I susfs   : [10444][8158][susfs_is_inode_sus_path] hiding path with ino '0'
1791670708.081 10444  8158  8158 I susfs   : [10444][8158][susfs_is_inode_sus_path] hiding path with ino '0'
1791670708.081 10444  8158  8158 I susfs   : [10444][8158][susfs_is_inode_sus_path] hiding path with ino '0'
1791670708.081 10444  8158  8158 I susfs   : [10444][8158][susfs_is_inode_sus_path] hiding path with ino '0'
1791670708.088 10444  7726  8158 W System.err: 	at epa.b(SourceFile:0)
1791670708.088 10444  7726  8158 W System.err: 	at epa$d.run(SourceFile:20)
1791670708.088 10444  7726  8158 W System.err: 	at java.lang.Thread.run(Thread.java:1572)
1791670708.090 10444  7726  8158 W System.err: java.io.IOException: No such file or directory
1791670708.090 10444  7726  8158 W System.err: 	at java.io.UnixFileSystem.createFileExclusively0(Native Method)
1791670708.090 10444  7726  8158 W System.err: 	at java.io.UnixFileSystem.createFileExclusively(UnixFileSystem.java:373)
1791670708.090 10444  7726  8158 W System.err: 	at java.io.File.createNewFile(File.java:1022)
1791670708.090 10444  7726  8158 W System.err: 	at epa$e.f(SourceFile:42)
1791670708.090 10444  7726  8158 W System.err: 	at epa.f(SourceFile:66)
1791670708.090 10444  7726  8158 W System.err: 	at epa.b(SourceFile:0)
1791670708.090 10444  7726  8158 W System.err: 	at epa$d.run(SourceFile:20)
1791670708.090 10444  7726  8158 W System.err: 	at java.lang.Thread.run(Thread.java:1572)
1791670708.092 10444  7726  8158 W System.err: java.io.IOException: No such file or directory
1791670708.092 10444  7726  8158 W System.err: 	at java.io.UnixFileSystem.createFileExclusively0(Native Method)
1791670708.092 10444  7726  8158 W System.err: 	at java.io.UnixFileSystem.createFileExclusively(UnixFileSystem.java:373)
1791670708.092 10444  7726  8158 W System.err: 	at java.io.File.createNewFile(File.java:1022)
1791670708.092 10444  7726  8158 W System.err: 	at epa$e.f(SourceFile:42)
1791670708.092 10444  7726  8158 W System.err: 	at epa.f(SourceFile:66)
1791670708.092 10444  7726  8158 W System.err: 	at epa.b(SourceFile:0)
1791670708.092 10444  7726  8158 W System.err: 	at epa$d.run(SourceFile:20)
1791670708.092 10444  7726  8158 W System.err: 	at java.lang.Thread.run(Thread.java:1572)
1791670708.083 10444  8158  8158 I susfs   : [10444][8158][susfs_is_inode_sus_path] hiding path with ino '0'
1791670708.083 10444  8158  8158 I susfs   : [10444][8158][susfs_is_inode_sus_path] hiding path with ino '0'
1791670708.083 10444  8158  8158 I susfs   : [10444][8158][susfs_is_inode_sus_path] hiding path with ino '0'
1791670708.083 10444  8158  8158 I susfs   : [10444][8158][susfs_is_inode_sus_path] hiding path with ino '0'
1791670708.084 10444  8158  8158 I susfs   : [10444][8158][susfs_is_inode_sus_path] hiding path with ino '0'
1791670708.084 10444  8158  8158 I susfs   : [10444][8158][susfs_is_inode_sus_path] hiding path with ino '0'
1791670708.084 10444  8158  8158 I susfs   : [10444][8158][susfs_is_inode_sus_path] hiding path with ino '0'
1791670708.084 10444  8158  8158 I susfs   : [10444][8158][susfs_is_inode_sus_path] hiding path with ino '0'
1791670708.084 10444  8158  8158 I susfs   : [10444][8158][susfs_is_inode_sus_path] hiding path with ino '0'
1791670708.084 10444  8158  8158 I susfs   : [10444][8158][susfs_is_inode_sus_path] hiding path with ino '0'
1791670708.084 10444  8158  8158 I susfs   : [10444][8158][susfs_is_inode_sus_path] hiding path with ino '0'
1791670708.084 10444  8158  8158 I susfs   : [10444][8158][susfs_is_inode_sus_path] hiding path with ino '0'
1791670708.085 10444  8158  8158 I susfs   : [10444][8158][susfs_is_inode_sus_path] hiding path with ino '0'
1791670708.085 10444  8158  8158 I susfs   : [10444][8158][susfs_is_inode_sus_path] hiding path with ino '0'
1791670708.085 10444  8158  8158 I susfs   : [10444][8158][susfs_is_inode_sus_path] hiding path with ino '0'
1791670708.085 10444  8158  8158 I susfs   : [10444][8158][susfs_is_inode_sus_path] hiding path with ino '0'
1791670708.085 10444  8158  8158 I susfs   : [10444][8158][susfs_is_inode_sus_path] hiding path with ino '0'
1791670708.085 10444  8158  8158 I susfs   : [10444][8158][susfs_is_inode_sus_path] hiding path with ino '0'
1791670708.085 10444  8158  8158 I susfs   : [10444][8158][susfs_is_inode_sus_path] hiding path with ino '0'
1791670708.085 10444  8158  8158 I susfs   : [10444][8158][susfs_is_inode_sus_path] hiding path with ino '0'
1791670708.085 10444  8158  8158 I susfs   : [10444][8158][susfs_is_inode_sus_path] hiding path with ino '0'
1791670708.085 10444  8158  8158 I susfs   : [10444][8158][susfs_is_inode_sus_path] hiding path with ino '0'
1791670708.085 10444  8158  8158 I susfs   : [10444][8158][susfs_is_inode_sus_path] hiding path with ino '0'
1791670708.085 10444  8158  8158 I susfs   : [10444][8158][susfs_is_inode_sus_path] hiding path with ino '0'
1791670708.085 10444  8158  8158 I susfs   : [10444][8158][susfs_is_inode_sus_path] hiding path with ino '0'
1791670708.085 10444  8158  8158 I susfs   : [10444][8158][susfs_is_inode_sus_path] hiding path with ino '0'
1791670708.085 10444  8158  8158 I susfs   : [10444][8158][susfs_is_inode_sus_path] hiding path with ino '0'
1791670708.085 10444  8158  8158 I susfs   : [10444][8158][susfs_is_inode_sus_path] hiding path with ino '0'
1791670708.085 10444  8158  8158 I susfs   : [10444][8158][susfs_is_inode_sus_path] hiding path with ino '0'
1791670708.085 10444  8158  8158 I susfs   : [10444][8158][susfs_is_inode_sus_path] hiding path with ino '0'
1791670708.085 10444  8158  8158 I susfs   : [10444][8158][susfs_is_inode_sus_path] hiding path with ino '0'
1791670708.085 10444  8158  8158 I susfs   : [10444][8158][susfs_is_inode_sus_path] hiding path with ino '0'
1791670708.086 10444  8158  8158 I susfs   : [10444][8158][susfs_is_inode_sus_path] hiding path with ino '0'
1791670708.086 10444  8158  8158 I susfs   : [10444][8158][susfs_is_inode_sus_path] hiding path with ino '0'
1791670708.086 10444  8158  8158 I susfs   : [10444][8158][susfs_is_inode_sus_path] hiding path with ino '0'
1791670708.086 10444  8158  8158 I susfs   : [10444][8158][susfs_is_inode_sus_path] hiding path with ino '0'
1791670708.086 10444  8158  8158 I susfs   : [10444][8158][susfs_is_inode_sus_path] hiding path with ino '0'
1791670708.086 10444  8158  8158 I susfs   : [10444][8158][susfs_is_inode_sus_path] hiding path with ino '0'
1791670708.087 10444  8158  8158 I susfs   : [10444][8158][susfs_is_inode_sus_path] hiding path with ino '0'
1791670708.087 10444  8158  8158 I susfs   : [10444][8158][susfs_is_inode_sus_path] hiding path with ino '0'
1791670708.087 10444  8158  8158 I susfs   : [10444][8158][susfs_is_inode_sus_path] hiding path with ino '0'
1791670708.087 10444  8158  8158 I susfs   : [10444][8158][susfs_is_inode_sus_path] hiding path with ino '0'
1791670708.087 10444  8158  8158 I susfs   : [10444][8158][susfs_is_inode_sus_path] hiding path with ino '0'
1791670708.087 10444  8158  8158 I susfs   : [10444][8158][susfs_is_inode_sus_path] hiding path with ino '0'
1791670708.087 10444  8158  8158 I susfs   : [10444][8158][susfs_is_inode_sus_path] hiding path with ino '0'
1791670708.087 10444  8158  8158 I susfs   : [10444][8158][susfs_is_inode_sus_path] hiding path with ino '0'
1791670708.087 10444  8158  8158 I susfs   : [10444][8158][susfs_is_inode_sus_path] hiding path with ino '0'
1791670708.087 10444  8158  8158 I susfs   : [10444][8158][susfs_is_inode_sus_path] hiding path with ino '0'
1791670708.087 10444  8158  8158 I susfs   : [10444][8158][susfs_is_inode_sus_path] hiding path with ino '0'
1791670708.087 10444  8158  8158 I susfs   : [10444][8158][susfs_is_inode_sus_path] hiding path with ino '0'
1791670708.087 10444  8158  8158 I susfs   : [10444][8158][susfs_is_inode_sus_path] hiding path with ino '0'
1791670708.087 10444  8158  8158 I susfs   : [10444][8158][susfs_is_inode_sus_path] hiding path with ino '0'
1791670708.088 10444  8158  8158 I susfs   : [10444][8158][susfs_is_inode_sus_path] hiding path with ino '0'
1791670708.088 10444  8158  8158 I susfs   : [10444][8158][susfs_is_inode_sus_path] hiding path with ino '0'
1791670708.088 10444  8158  8158 I susfs   : [10444][8158][susfs_is_inode_sus_path] hiding path with ino '0'
1791670708.088 10444  8158  8158 I susfs   : [10444][8158][susfs_is_inode_sus_path] hiding path with ino '0'
1791670708.088 10444  8158  8158 I susfs   : [10444][8158][susfs_is_inode_sus_path] hiding path with ino '0'
1791670708.088 10444  8158  8158 I susfs   : [10444][8158][susfs_is_inode_sus_path] hiding path with ino '0'
1791670708.088 10444  8158  8158 I susfs   : [10444][8158][susfs_is_inode_sus_path] hiding path with ino '0'
1791670708.088 10444  8158  8158 I susfs   : [10444][8158][susfs_is_inode_sus_path] hiding path with ino '0'
1791670708.088 10444  8158  8158 I susfs   : [10444][8158][susfs_is_inode_sus_path] hiding path with ino '0'
1791670708.088 10444  8158  8158 I susfs   : [10444][8158][susfs_is_inode_sus_path] hiding path with ino '0'
1791670708.088 10444  8158  8158 I susfs   : [10444][8158][susfs_is_inode_sus_path] hiding path with ino '0'
1791670708.088 10444  8158  8158 I susfs   : [10444][8158][susfs_is_inode_sus_path] hiding path with ino '0'
1791670708.089 10444  8158  8158 I susfs   : [10444][8158][susfs_is_inode_sus_path] hiding path with ino '0'
1791670708.089 10444  8158  8158 I susfs   : [10444][8158][susfs_is_inode_sus_path] hiding path with ino '0'
1791670708.089 10444  8158  8158 I susfs   : [10444][8158][susfs_is_inode_sus_path] hiding path with ino '0'
1791670708.089 10444  8158  8158 I susfs   : [10444][8158][susfs_is_inode_sus_path] hiding path with ino '0'
1791670708.089 10444  8158  8158 I susfs   : [10444][8158][susfs_is_inode_sus_path] hiding path with ino '0'
1791670708.089 10444  8158  8158 I susfs   : [10444][8158][susfs_is_inode_sus_path] hiding path with ino '0'
1791670708.089 10444  8158  8158 I susfs   : [10444][8158][susfs_is_inode_sus_path] hiding path with ino '0'
1791670708.089 10444  8158  8158 I susfs   : [10444][8158][susfs_is_inode_sus_path] hiding path with ino '0'
1791670708.089 10444  8158  8158 I susfs   : [10444][8158][susfs_is_inode_sus_path] hiding path with ino '0'
1791670708.089 10444  8158  8158 I susfs   : [10444][8158][susfs_is_inode_sus_path] hiding path with ino '0'
1791670708.089 10444  8158  8158 I susfs   : [10444][8158][susfs_is_inode_sus_path] hiding path with ino '0'
1791670708.089 10444  8158  8158 I susfs   : [10444][8158][susfs_is_inode_sus_path] hiding path with ino '0'
1791670708.089 10444  8158  8158 I susfs   : [10444][8158][susfs_is_inode_sus_path] hiding path with ino '0'
1791670708.089 10444  8158  8158 I susfs   : [10444][8158][susfs_is_inode_sus_path] hiding path with ino '0'
1791670708.089 10444  8158  8158 I susfs   : [10444][8158][susfs_is_inode_sus_path] hiding path with ino '0'
1791670708.089 10444  8158  8158 I susfs   : [10444][8158][susfs_is_inode_sus_path] hiding path with ino '0'
1791670708.089 10444  8158  8158 I susfs   : [10444][8158][susfs_is_inode_sus_path] hiding path with ino '0'
1791670708.089 10444  8158  8158 I susfs   : [10444][8158][susfs_is_inode_sus_path] hiding path with ino '0'
1791670708.090 10444  8158  8158 I susfs   : [10444][8158][susfs_is_inode_sus_path] hiding path with ino '0'
1791670708.090 10444  8158  8158 I susfs   : [10444][8158][susfs_is_inode_sus_path] hiding path with ino '0'
1791670708.090 10444  8158  8158 I susfs   : [10444][8158][susfs_is_inode_sus_path] hiding path with ino '0'
1791670708.090 10444  8158  8158 I susfs   : [10444][8158][susfs_is_inode_sus_path] hiding path with ino '0'
1791670708.090 10444  8158  8158 I susfs   : [10444][8158][susfs_is_inode_sus_path] hiding path with ino '0'
1791670708.090 10444  8158  8158 I susfs   : [10444][8158][susfs_is_inode_sus_path] hiding path with ino '0'
1791670708.090 10444  8158  8158 I susfs   : [10444][8158][susfs_is_inode_sus_path] hiding path with ino '0'
1791670708.090 10444  8158  8158 I susfs   : [10444][8158][susfs_is_inode_sus_path] hiding path with ino '0'
1791670708.090 10444  8158  8158 I susfs   : [10444][8158][susfs_is_inode_sus_path] hiding path with ino '0'
1791670708.090 10444  8158  8158 I susfs   : [10444][8158][susfs_is_inode_sus_path] hiding path with ino '0'
1791670708.090 10444  8158  8158 I susfs   : [10444][8158][susfs_is_inode_sus_path] hiding path with ino '0'
1791670708.090 10444  8158  8158 I susfs   : [10444][8158][susfs_is_inode_sus_path] hiding path with ino '0'
1791670708.090 10444  8158  8158 I susfs   : [10444][8158][susfs_is_inode_sus_path] hiding path with ino '0'
1791670708.090 10444  8158  8158 I susfs   : [10444][8158][susfs_is_inode_sus_path] hiding path with ino '0'
1791670708.090 10444  8158  8158 I susfs   : [10444][8158][susfs_is_inode_sus_path] hiding path with ino '0'
1791670708.091 10444  8158  8158 I susfs   : [10444][8158][susfs_is_inode_sus_path] hiding path with ino '0'
1791670708.091 10444  8158  8158 I susfs   : [10444][8158][susfs_is_inode_sus_path] hiding path with ino '0'
1791670708.091 10444  8158  8158 I susfs   : [10444][8158][susfs_is_inode_sus_path] hiding path with ino '0'
1791670708.091 10444  8158  8158 I susfs   : [10444][8158][susfs_is_inode_sus_path] hiding path with ino '0'
1791670708.091 10444  8158  8158 I susfs   : [10444][8158][susfs_is_inode_sus_path] hiding path with ino '0'
1791670708.091 10444  8158  8158 I susfs   : [10444][8158][susfs_is_inode_sus_path] hiding path with ino '0'
1791670708.091 10444  8158  8158 I susfs   : [10444][8158][susfs_is_inode_sus_path] hiding path with ino '0'
1791670708.091 10444  8158  8158 I susfs   : [10444][8158][susfs_is_inode_sus_path] hiding path with ino '0'
1791670708.091 10444  8158  8158 I susfs   : [10444][8158][susfs_is_inode_sus_path] hiding path with ino '0'
1791670708.091 10444  8158  8158 I susfs   : [10444][8158][susfs_is_inode_sus_path] hiding path with ino '0'
1791670708.091 10444  8158  8158 I susfs   : [10444][8158][susfs_is_inode_sus_path] hiding path with ino '0'
1791670708.091 10444  8158  8158 I susfs   : [10444][8158][susfs_is_inode_sus_path] hiding path with ino '0'
1791670708.091 10444  8158  8158 I susfs   : [10444][8158][susfs_is_inode_sus_path] hiding path with ino '0'
1791670708.091 10444  8158  8158 I susfs   : [10444][8158][susfs_is_inode_sus_path] hiding path with ino '0'
1791670708.091 10444  8158  8158 I susfs   : [10444][8158][susfs_is_inode_sus_path] hiding path with ino '0'
1791670708.092 10444  8158  8158 I susfs   : [10444][8158][susfs_is_inode_sus_path] hiding path with ino '0'
1791670708.092 10444  8158  8158 I susfs   : [10444][8158][susfs_is_inode_sus_path] hiding path with ino '0'
1791670708.111 10303  4915  4915 D WindowOnBackDispatcher: setTopOnBackInvokedCallback (unwrapped): null
1791670708.113  1000  4337  4515 D CoreBackPreview: Window{36d4d2e u0 NotificationShade}: Setting back callback null
1791670708.114 10303  4915  5361 D ShadeStatusBarComponentsInteractor#disableFlagsInteractor: newValue: DisableFlagsModel(disable1=0, disable2=0, animate=false)
1791670708.237  1047 30967 30967 I CAM_INFO: CAM-SENSOR: msm_cam_sensor_handle_reg_gpio: 1960 Input Parameters are not proper
1791670708.238  1047 30967 30967 I CAM_INFO: CAM-SENSOR: cam_sensor_util_request_gpio_table: 1217 No GPIO data
1791670708.239  1047 30967 30967 I CAM_INFO: CAM-CCI: cam_cci_soc_release: 447 cam_cci_soc_release 6
1791670708.246  1047 30967 30967 E ISPHVX  : Read imx766_p24c128e QR serial code success.
1791670708.252  1047 30967 30967 I ISPHVX  : No match in config file, using original configs
1791670708.259  1047 30967 30967 I CAM_INFO: CAM-CCI: cam_cci_init: 198 cam_cci_init 7
1791670708.357  1047 30967 30967 I CAM_INFO: CAM-CCI: cam_cci_soc_release: 447 cam_cci_soc_release 7
1791670708.359  1047 30967 30967 E ISPHVX  : Read ov08a10_gt24p128e QR serial code success.
1791670708.360  1047 30967 30967 I ISPHVX  : No match in config file, using original configs
1791670708.364  1047 30967 30967 W libc    : Unable to set property "ro.vendor.oplus.camera.backCamSize" to "48MP+50MP+8MP+2MP": PROP_ERROR_READ_ONLY_PROPERTY (0xb)
1791670708.365  1047 30967 30967 W libc    : Unable to set property "ro.vendor.oplus.camera.frontCamSize" to "16MP": PROP_ERROR_READ_ONLY_PROPERTY (0xb)
1791670708.365  1047 30967 30967 W libc    : Unable to set property "ro.vendor.oplus.camera.isSupportExplorer" to "0": PROP_ERROR_READ_ONLY_PROPERTY (0xb)
1791670708.366  1047 30967 30967 W libc    : Unable to set property "ro.vendor.oplus.camera.isHasselbladCamera" to "1": PROP_ERROR_READ_ONLY_PROPERTY (0xb)
1791670708.371  1047 30967 30967 W libc    : Access denied finding property "sys.oppo_ftm_mode"
1791670708.367  1047 30967 30967 W android.hardwar: type=1400 audit(0.0:8779): avc:  denied  { read } for  name="u:object_r:system_prop:s0" dev="tmpfs" ino=11934 scontext=u:r:hal_camera_default:s0 tcontext=u:object_r:system_prop:s0 tclass=file permissive=0
1791670708.374  1000  1703  3573 I libdisplayconfigqti: Register client name: camxdisplay30967 device client: 0xb400007b7c484f50
1791670708.374  1000  1703  3573 I libdisplayconfigqti: kSetCameraLaunchStatus
1791670708.374  1000  1703  3573 I libdisplayconfigqti: ParseSetCameraLaunchStatus
1791670708.374  1000  1703  3573 I SDM     : ResourceImpl::SetMaxBandwidthMode: new bandwidth mode=0
1791670708.423  1000  1617  1785 E minksocket: MinkIPC_QRTR_Service: client with node 1 port 60dd went down
1791670708.423  1000  1617  1785 E minksocket: MinkIPC_QRTR_Service: client with node 1 port 60de went down
1791670708.424  1000  1617  1785 E minksocket: MinkIPC_QRTR_Service: client with node 1 port 60df went down
1791670708.424  1000  1617  1785 E minksocket: MinkIPC_QRTR_Service: client with node 1 port 60e0 went down
1791670708.424  1000  1617  1785 E minksocket: MinkIPC_QRTR_Service: client with node 1 port 60e1 went down
1791670708.424  1000  1617  1785 E minksocket: MinkIPC_QRTR_Service: client with node 1 port 60e2 went down
1791670708.424  1000  1617  1785 E minksocket: MinkIPC_QRTR_Service: client with node 1 port 60e3 went down
1791670708.425  1000  1617  1785 E minksocket: MinkIPC_QRTR_Service: client with node 1 port 60e4 went down
1791670708.425  1000  1617  1785 E minksocket: MinkIPC_QRTR_Service: client with node 1 port 60e5 went down
1791670708.425  1000  1617  1785 E minksocket: MinkIPC_QRTR_Service: client with node 1 port 60e6 went down
1791670708.425  1000  1617  1785 E minksocket: MinkIPC_QRTR_Service: client with node 1 port 60e7 went down
1791670708.425  1000  1617  1785 E minksocket: MinkIPC_QRTR_Service: client with node 1 port 60e8 went down
1791670708.428  1000  1617  1785 E minksocket: MinkIPC_QRTR_Service: client with node 1 port 60e9 went down
1791670708.428  1000  1617  1785 E minksocket: MinkIPC_QRTR_Service: client with node 1 port 60ea went down
1791670708.428  1000  1617  1785 E minksocket: MinkIPC_QRTR_Service: client with node 1 port 60eb went down
1791670708.428  1000  1617  1785 E minksocket: MinkIPC_QRTR_Service: client with node 1 port 60ec went down
1791670708.428  1000  1617  1785 E minksocket: MinkIPC_QRTR_Service: client with node 1 port 60ed went down
1791670708.432  1000  1617  1785 E minksocket: MinkIPC_QRTR_Service: client with node 1 port 60ee went down
1791670708.432  1000  1617  1785 E minksocket: MinkIPC_QRTR_Service: client with node 1 port 60ef went down
1791670708.432  1000  1617  1785 E minksocket: MinkIPC_QRTR_Service: client with node 1 port 60f0 went down
1791670708.432  1000  1617  1785 E minksocket: MinkIPC_QRTR_Service: client with node 1 port 60f1 went down
1791670708.433  1000  1617  1785 E minksocket: MinkIPC_QRTR_Service: client with node 1 port 60f2 went down
1791670708.434  1000  1617  1785 E minksocket: MinkIPC_QRTR_Service: client with node 1 port 60f3 went down
1791670708.436  1000  1617  1785 E minksocket: MinkIPC_QRTR_Service: client with node 1 port 60f4 went down
1791670708.437  1000  1617  1785 E minksocket: MinkIPC_QRTR_Service: client with node 1 port 60f5 went down
1791670708.439  1000  1617  1785 E minksocket: MinkIPC_QRTR_Service: client with node 1 port 60f6 went down
1791670708.442  1000  1617  1785 E minksocket: MinkIPC_QRTR_Service: client with node 1 port 60f7 went down
1791670708.444  1000  1617  1785 E minksocket: MinkIPC_QRTR_Service: client with node 1 port 60f8 went down
1791670708.447  1000  1617  1785 E minksocket: MinkIPC_QRTR_Service: client with node 1 port 60f9 went down
1791670708.448  1000  1617  1785 E minksocket: MinkIPC_QRTR_Service: client with node 1 port 60fa went down
1791670708.449  1000  1617  1785 E minksocket: MinkIPC_QRTR_Service: client with node 1 port 60fb went down
1791670708.450  1000  1617  1785 E minksocket: MinkIPC_QRTR_Service: client with node 1 port 60fc went down
1791670708.453  1000  1617  1785 E minksocket: MinkIPC_QRTR_Service: client with node 1 port 60fd went down
1791670708.453  1000  1659  1659 E QTI PowerHAL: Failed to acquire lock.
1791670708.453  1000  1659  1659 E QTI PowerHAL: Failed process_boost for boost_handle
1791670708.454  1000  1617  1785 E minksocket: MinkIPC_QRTR_Service: client with node 1 port 60fe went down
1791670708.456  1000  1617  1785 E minksocket: MinkIPC_QRTR_Service: client with node 1 port 60ff went down
1791670708.457  1000  1617  1785 E minksocket: MinkIPC_QRTR_Service: client with node 1 port 6100 went down
1791670708.458  1000  1617  1785 E minksocket: MinkIPC_QRTR_Service: client with node 1 port 6101 went down
1791670708.460  1000  1617  1785 E minksocket: MinkIPC_QRTR_Service: client with node 1 port 6102 went down
1791670708.461  1000  1617  1785 E minksocket: MinkIPC_QRTR_Service: client with node 1 port 6103 went down
1791670708.462  1000  1617  1785 E minksocket: MinkIPC_QRTR_Service: client with node 1 port 6104 went down
1791670708.465  1000  1617  1785 E minksocket: MinkIPC_QRTR_Service: client with node 1 port 6105 went down
1791670708.466  1000  1617  1785 E minksocket: MinkIPC_QRTR_Service: client with node 1 port 6106 went down
1791670708.468  1000  1617  1785 E minksocket: MinkIPC_QRTR_Service: client with node 1 port 6107 went down
1791670708.469  1000  1617  1785 E minksocket: MinkIPC_QRTR_Service: client with node 1 port 6108 went down
1791670708.468  root   765   765 E [TP]touchpanel: touchpanel0: Touchpanel id 0 :Down[1033 1928    0]
1791670708.472  1000  1617  1785 E minksocket: MinkIPC_QRTR_Service: client with node 1 port 6109 went down
1791670708.472  1000  1617  1785 E minksocket: MinkIPC_QRTR_Service: client with node 1 port 610a went down
1791670708.473  1000  1617  1785 E minksocket: MinkIPC_QRTR_Service: client with node 1 port 610b went down
1791670708.474  1000  1617  1785 E minksocket: MinkIPC_QRTR_Service: client with node 1 port 610c went down
1791670708.475  1000  1617  1785 E minksocket: MinkIPC_QRTR_Service: client with node 1 port 610d went down
1791670708.476  1000  1617  1785 E minksocket: MinkIPC_QRTR_Service: client with node 1 port 610e went down
1791670708.477  1000  1617  1785 E minksocket: MinkIPC_QRTR_Service: client with node 1 port 610f went down
1791670708.478  1000  1617  1785 E minksocket: MinkIPC_QRTR_Service: client with node 1 port 6110 went down
1791670708.479  1000  1617  1785 E minksocket: MinkIPC_QRTR_Service: client with node 1 port 6111 went down
1791670708.479  1000  1617  1785 E minksocket: MinkIPC_QRTR_Service: client with node 1 port 6112 went down
1791670708.480  1000  1617  1785 E minksocket: MinkIPC_QRTR_Service: client with node 1 port 6113 went down
1791670708.481  1000  1617  1785 E minksocket: MinkIPC_QRTR_Service: client with node 1 port 6114 went down
1791670708.481  1000  1617  1785 E minksocket: MinkIPC_QRTR_Service: client with node 1 port 6115 went down
1791670708.482  1000  1617  1785 E minksocket: MinkIPC_QRTR_Service: client with node 1 port 6116 went down
1791670708.482  1000  1617  1785 E minksocket: MinkIPC_QRTR_Service: client with node 1 port 6117 went down
1791670708.483  1000  1617  1785 E minksocket: MinkIPC_QRTR_Service: client with node 1 port 6118 went down
1791670708.484  1000  1617  1785 E minksocket: MinkIPC_QRTR_Service: client with node 1 port 6119 went down
1791670708.484  1000  1617  1785 E minksocket: MinkIPC_QRTR_Service: client with node 1 port 611a went down
1791670708.486  1000  1617  1785 E minksocket: MinkIPC_QRTR_Service: client with node 1 port 611b went down
1791670708.487  1000  1617  1785 E minksocket: MinkIPC_QRTR_Service: client with node 1 port 611c went down
1791670708.487  1000  1617  1785 E minksocket: MinkIPC_QRTR_Service: client with node 1 port 611d went down
1791670708.488  1000  1617  1785 E minksocket: MinkIPC_QRTR_Service: client with node 1 port 611e went down
1791670708.488  1000  1617  1785 E minksocket: MinkIPC_QRTR_Service: client with node 1 port 611f went down
1791670708.490  1000  1617  1785 E minksocket: MinkIPC_QRTR_Service: client with node 1 port 6120 went down
1791670708.499  1047 30967 30967 I ChiOfflinePostproc: postprocservice register started
1791670708.505  1047 30967 30967 I HidlServiceManagement: Registered vendor.qti.hardware.camera.postproc@1.0::IPostProcService/camerapostprocservice
1791670708.506  1047 30967 30967 I ChiOfflinePostproc: postprocservice register successfully
1791670708.506  1047 30967 30967 D CHIUSECASE: [DEBUG  ] STELLA.cpp:215 CreateInstance() The Stella Group key 'StellaEnable' = 1
1791670708.506  1047 30967 30967 D CHIUSECASE: [DEBUG  ] STELLA.cpp:226 CreateInstance() The Stella Group key 'InstanceName' = WUTONG
1791670708.507  1047 30967 30967 I CHIUSECASE: InitCameraTable:[OP_EXT] Hey Stella, init lemonadept, version: Fri Oct  2 09:40:22 UTC 2026
1791670708.507  1047 30967 30967 I OPCameraMDMBinder: MDMHWBinder
1791670708.507  1047 30967 30967 E OPCameraMDMBinder: MDMHWBinder: NULL MDM service!
1791670708.507  1047 30967 30967 D CHIUSECASE: [DEBUG  ] STELLA.cpp:215 CreateInstance() The Stella Group key 'StellaEnable' = 1
1791670708.507  1047 30967 30967 D CHIUSECASE: [DEBUG  ] STELLA.cpp:226 CreateInstance() The Stella Group key 'InstanceName' = WUTONG
1791670708.507  1047 30967 30967 I CHIUSECASE: InitCameraTable:[OP_EXT] Hey Stella, init lemonadept, version: Fri Oct  2 09:40:22 UTC 2026
1791670708.507  1047 30967 30967 I OPCameraMDMBinder: ~MDMHWBinder
1791670708.507  1047 30967 30967 I OPCameraMDMBinder: MDMHWBinder
1791670708.507  1047 30967 30967 E OPCameraMDMBinder: MDMHWBinder: NULL MDM service!
1791670708.507  1047 30967 30967 D CHIUSECASE: [DEBUG  ] STELLA.cpp:215 CreateInstance() The Stella Group key 'StellaEnable' = 1
1791670708.507  1047 30967 30967 D CHIUSECASE: [DEBUG  ] STELLA.cpp:226 CreateInstance() The Stella Group key 'InstanceName' = WUTONG
1791670708.507  1047 30967 30967 I CHIUSECASE: InitCameraTable:[OP_EXT] Hey Stella, init lemonadept, version: Fri Oct  2 09:40:22 UTC 2026
1791670708.507  1047 30967 30967 I OPCameraMDMBinder: ~MDMHWBinder
1791670708.507  1047 30967 30967 I OPCameraMDMBinder: MDMHWBinder
1791670708.507  1047 30967 30967 E OPCameraMDMBinder: MDMHWBinder: NULL MDM service!
1791670708.507  1047 30967 30967 D CHIUSECASE: [DEBUG  ] STELLA.cpp:215 CreateInstance() The Stella Group key 'StellaEnable' = 1
1791670708.507  1047 30967 30967 D CHIUSECASE: [DEBUG  ] STELLA.cpp:226 CreateInstance() The Stella Group key 'InstanceName' = WUTONG
1791670708.507  1047 30967 30967 I CHIUSECASE: InitCameraTable:[OP_EXT] Hey Stella, init lemonadept, version: Fri Oct  2 09:40:22 UTC 2026
1791670708.507  1047 30967 30967 I OPCameraMDMBinder: ~MDMHWBinder
1791670708.507  1047 30967 30967 I OPCameraMDMBinder: MDMHWBinder
1791670708.507  1047 30967 30967 E OPCameraMDMBinder: MDMHWBinder: NULL MDM service!
1791670708.507  1047 30967 30967 D CHIUSECASE: [DEBUG  ] STELLA.cpp:215 CreateInstance() The Stella Group key 'StellaEnable' = 1
1791670708.507  1047 30967 30967 D CHIUSECASE: [DEBUG  ] STELLA.cpp:226 CreateInstance() The Stella Group key 'InstanceName' = WUTONG
1791670708.507  1047 30967 30967 I CHIUSECASE: InitCameraTable:[OP_EXT] Hey Stella, init lemonadept, version: Fri Oct  2 09:40:22 UTC 2026
1791670708.507  1047 30967 30967 I OPCameraMDMBinder: ~MDMHWBinder
1791670708.507  1047 30967 30967 I OPCameraMDMBinder: MDMHWBinder
1791670708.507  1047 30967 30967 E OPCameraMDMBinder: MDMHWBinder: NULL MDM service!
1791670708.507  1047 30967 30967 D CHIUSECASE: [DEBUG  ] STELLA.cpp:215 CreateInstance() The Stella Group key 'StellaEnable' = 1
1791670708.507  1047 30967 30967 D CHIUSECASE: [DEBUG  ] STELLA.cpp:226 CreateInstance() The Stella Group key 'InstanceName' = WUTONG
1791670708.507  1047 30967 30967 I CHIUSECASE: InitCameraTable:[OP_EXT] Hey Stella, init lemonadept, version: Fri Oct  2 09:40:22 UTC 2026
1791670708.507  1047 30967 30967 I OPCameraMDMBinder: ~MDMHWBinder
1791670708.507  1047 30967 30967 I OPCameraMDMBinder: MDMHWBinder
1791670708.507  1047 30967 30967 E OPCameraMDMBinder: MDMHWBinder: NULL MDM service!
1791670708.507  1047 30967 30967 D CHIUSECASE: [DEBUG  ] STELLA.cpp:215 CreateInstance() The Stella Group key 'StellaEnable' = 1
1791670708.507  1047 30967 30967 D CHIUSECASE: [DEBUG  ] STELLA.cpp:226 CreateInstance() The Stella Group key 'InstanceName' = WUTONG
1791670708.507  1047 30967 30967 I CHIUSECASE: InitCameraTable:[OP_EXT] Hey Stella, init lemonadept, version: Fri Oct  2 09:40:22 UTC 2026
1791670708.507  1047 30967 30967 I OPCameraMDMBinder: ~MDMHWBinder
1791670708.507  1047 30967 30967 I OPCameraMDMBinder: MDMHWBinder
1791670708.507  1047 30967 30967 E OPCameraMDMBinder: MDMHWBinder: NULL MDM service!
1791670708.507  1047 30967 30967 D CHIUSECASE: [DEBUG  ] STELLA.cpp:215 CreateInstance() The Stella Group key 'StellaEnable' = 1
1791670708.507  1047 30967 30967 D CHIUSECASE: [DEBUG  ] STELLA.cpp:226 CreateInstance() The Stella Group key 'InstanceName' = WUTONG
1791670708.507  1047 30967 30967 I CHIUSECASE: InitCameraTable:[OP_EXT] Hey Stella, init lemonadept, version: Fri Oct  2 09:40:22 UTC 2026
1791670708.507  1047 30967 30967 I OPCameraMDMBinder: ~MDMHWBinder
1791670708.507  1047 30967 30967 I OPCameraMDMBinder: MDMHWBinder
1791670708.507  1047 30967 30967 E OPCameraMDMBinder: MDMHWBinder: NULL MDM service!
1791670708.507  1047 30967 30967 D CHIUSECASE: [DEBUG  ] STELLA.cpp:215 CreateInstance() The Stella Group key 'StellaEnable' = 1
1791670708.507  1047 30967 30967 D CHIUSECASE: [DEBUG  ] STELLA.cpp:226 CreateInstance() The Stella Group key 'InstanceName' = WUTONG
1791670708.507  1047 30967 30967 I CHIUSECASE: InitCameraTable:[OP_EXT] Hey Stella, init lemonadept, version: Fri Oct  2 09:40:22 UTC 2026
1791670708.507  1047 30967 30967 I OPCameraMDMBinder: ~MDMHWBinder
1791670708.507  1047 30967 30967 I OPCameraMDMBinder: MDMHWBinder
1791670708.507  1047 30967 30967 E OPCameraMDMBinder: MDMHWBinder: NULL MDM service!
1791670708.507  1047 30967 30967 D CHIUSECASE: [DEBUG  ] STELLA.cpp:215 CreateInstance() The Stella Group key 'StellaEnable' = 1
1791670708.507  1047 30967 30967 D CHIUSECASE: [DEBUG  ] STELLA.cpp:226 CreateInstance() The Stella Group key 'InstanceName' = WUTONG
1791670708.507  1047 30967 30967 I CHIUSECASE: InitCameraTable:[OP_EXT] Hey Stella, init lemonadept, version: Fri Oct  2 09:40:22 UTC 2026
1791670708.507  1047 30967 30967 I OPCameraMDMBinder: ~MDMHWBinder
1791670708.507  1047 30967 30967 I OPCameraMDMBinder: MDMHWBinder
1791670708.507  1047 30967 30967 E OPCameraMDMBinder: MDMHWBinder: NULL MDM service!
1791670708.507  1047 30967 30967 D CHIUSECASE: [DEBUG  ] STELLA.cpp:215 CreateInstance() The Stella Group key 'StellaEnable' = 1
1791670708.507  1047 30967 30967 D CHIUSECASE: [DEBUG  ] STELLA.cpp:226 CreateInstance() The Stella Group key 'InstanceName' = WUTONG
1791670708.507  1047 30967 30967 I CHIUSECASE: InitCameraTable:[OP_EXT] Hey Stella, init lemonadept, version: Fri Oct  2 09:40:22 UTC 2026
1791670708.507  1047 30967 30967 I OPCameraMDMBinder: ~MDMHWBinder
1791670708.507  1047 30967 30967 I OPCameraMDMBinder: MDMHWBinder
1791670708.507  1047 30967 30967 E OPCameraMDMBinder: MDMHWBinder: NULL MDM service!
1791670708.507  1047 30967 30967 D CHIUSECASE: [DEBUG  ] STELLA.cpp:215 CreateInstance() The Stella Group key 'StellaEnable' = 1
1791670708.507  1047 30967 30967 D CHIUSECASE: [DEBUG  ] STELLA.cpp:226 CreateInstance() The Stella Group key 'InstanceName' = WUTONG
1791670708.508  1047 30967 30967 I CHIUSECASE: InitCameraTable:[OP_EXT] Hey Stella, init lemonadept, version: Fri Oct  2 09:40:22 UTC 2026
1791670708.508  1047 30967 30967 I OPCameraMDMBinder: ~MDMHWBinder
1791670708.508  1047 30967 30967 I OPCameraMDMBinder: MDMHWBinder
1791670708.508  1047 30967 30967 E OPCameraMDMBinder: MDMHWBinder: NULL MDM service!
1791670708.508  1047 30967 30967 D CHIUSECASE: [DEBUG  ] STELLA.cpp:215 CreateInstance() The Stella Group key 'StellaEnable' = 1
1791670708.508  1047 30967 30967 D CHIUSECASE: [DEBUG  ] STELLA.cpp:226 CreateInstance() The Stella Group key 'InstanceName' = WUTONG
1791670708.508  1047 30967 30967 I CHIUSECASE: InitCameraTable:[OP_EXT] Hey Stella, init lemonadept, version: Fri Oct  2 09:40:22 UTC 2026
1791670708.508  1047 30967 30967 I OPCameraMDMBinder: ~MDMHWBinder
1791670708.508  1047 30967 30967 I OPCameraMDMBinder: MDMHWBinder
1791670708.508  1047 30967 30967 E OPCameraMDMBinder: MDMHWBinder: NULL MDM service!
1791670708.508  1047 30967 30967 D CHIUSECASE: [DEBUG  ] STELLA.cpp:215 CreateInstance() The Stella Group key 'StellaEnable' = 1
1791670708.508  1047 30967 30967 D CHIUSECASE: [DEBUG  ] STELLA.cpp:226 CreateInstance() The Stella Group key 'InstanceName' = WUTONG
1791670708.508  1047 30967 30967 I CHIUSECASE: InitCameraTable:[OP_EXT] Hey Stella, init lemonadept, version: Fri Oct  2 09:40:22 UTC 2026
1791670708.508  1047 30967 30967 I OPCameraMDMBinder: ~MDMHWBinder
1791670708.508  1047 30967 30967 I OPCameraMDMBinder: MDMHWBinder
1791670708.508  1047 30967 30967 E OPCameraMDMBinder: MDMHWBinder: NULL MDM service!
1791670708.508  1047 30967 30967 D CHIUSECASE: [DEBUG  ] STELLA.cpp:215 CreateInstance() The Stella Group key 'StellaEnable' = 1
1791670708.508  1047 30967 30967 D CHIUSECASE: [DEBUG  ] STELLA.cpp:226 CreateInstance() The Stella Group key 'InstanceName' = WUTONG
1791670708.508  1047 30967 30967 I CHIUSECASE: InitCameraTable:[OP_EXT] Hey Stella, init lemonadept, version: Fri Oct  2 09:40:22 UTC 2026
1791670708.508  1047 30967 30967 I OPCameraMDMBinder: ~MDMHWBinder
1791670708.508  1047 30967 30967 I OPCameraMDMBinder: MDMHWBinder
1791670708.508  1047 30967 30967 E OPCameraMDMBinder: MDMHWBinder: NULL MDM service!
1791670708.508  1047 30967 30967 D CHIUSECASE: [DEBUG  ] STELLA.cpp:215 CreateInstance() The Stella Group key 'StellaEnable' = 1
1791670708.508  1047 30967 30967 D CHIUSECASE: [DEBUG  ] STELLA.cpp:226 CreateInstance() The Stella Group key 'InstanceName' = WUTONG
1791670708.508  1047 30967 30967 I CHIUSECASE: InitCameraTable:[OP_EXT] Hey Stella, init lemonadept, version: Fri Oct  2 09:40:22 UTC 2026
1791670708.508  1047 30967 30967 I OPCameraMDMBinder: ~MDMHWBinder
1791670708.508  1047 30967 30967 I OPCameraMDMBinder: MDMHWBinder
1791670708.508  1047 30967 30967 E OPCameraMDMBinder: MDMHWBinder: NULL MDM service!
1791670708.513 10312  5415  5415 I BaseDragLayer: findActiveController: mActiveController=Not implemented, class name is com.android.launcher3.uioverrides.touchcontrollers.TaskViewDismissTouchController
1791670708.515  1047 30967 30967 E CHIUSECASE: [ERROR  ] opluschxextensionmodule.cpp:3643 PinFileRanges() /odm/lib64/libSNPE.so mlock failed, errno = 12, Out of memory
1791670708.515  1047 30967 30967 E CHIUSECASE: [ERROR  ] opluschxextensionmodule.cpp:3643 PinFileRanges() /odm/lib64/libaisal.so mlock failed, errno = 12, Out of memory
1791670708.517  1047 30967 30967 E CamMidasService: [ERROR   ] vendor/oplus/hardware/cammidasservice/midasserviceintf_aidl/midasserviceintf.cpp:37 RegisterMIDASService() midasservice register failed
1791670708.517  1047 30967 30967 I SendExtCamCmd: RegisterISendExtCamCmdService register start
1791670708.517  1047 30967 31077 I SendExtCamCmd: SendExtCamCmdLoopThreadFunction start
1791670708.517  1047 30967 31077 I CHIUSECASE: CameraExtensionInit
1791670708.517  1047 30967 31077 E CHIUSECASE: preconfig,PreconfigInit, mWorkStatus:0
1791670708.518  1047 30967 31077 I CHIUSECASE: CameraExtension PreconfigInit result:0
1791670708.518  1047 30967 31077 I CHIUSECASE: CameraExtension Create defer thread successful
1791670708.518  1047 30967 31077 I CHIUSECASE: CameraExtension PreconfigInit result:0
1791670708.518  1047 30967 31077 I CHIUSECASE: CameraExtension Create preConfigThread successful
1791670708.518  1047 30967 31078 E CHIUSECASE: preconfig resourceThread waiting
1791670708.518  1047 30967 31077 W osense_aidl_hal: Finding osense aidl service failed!
1791670708.518  1047 30967 31077 W osense_aidl_hal: get osense hal client instance failed
1791670708.518  1047 30967 31077 W RefBase : RefBase: Explicit destruction, weak count = 0 (in 0xb4000077eea62148). Use sp<> to manage this object. Note - if weak count is 0, this leaks mRefs (weakref_impl).
1791670708.518  1047 30967 31077 W RefBase : CallStack::getCurrentInternal not linked, returning null
1791670708.518  1047 30967 31077 W RefBase : CallStack::logStackInternal not linked
1791670708.518  1047 30967 31077 D android.hardware.camera.provider@2.4-service_64: CamPerf create, osenseHalClient:0x0
1791670708.518  1047 30967 31079 I CHIUSECASE: preconfig preConfigThread start
1791670708.518  1047 30967 31079 D CHIUSECASE: preconfig preConfigThread waiting
1791670708.518  1047 30967 31077 E SendExtCamCmd: SendExtCamCmdLoopThreadFunction register failed
1791670708.519  1047 30967 30967 I SendExtCamCmd: RegisterISendExtCamCmdService register successfully
1791670708.519  1047 30967 30967 I CameraExtensionAIDL: RegisterAIDLCameraExtensionService register start
1791670708.519  1047 30967 31080 I CameraExtensionAIDL: LoopThreadFunction start
1791670708.519  1047 30967 31080 I CameraExtensionAIDL: CameraExtensionService
1791670708.519  1047 30967 31080 I CHIUSECASE: CameraExtensionInit
1791670708.519  1047 30967 31080 E CHIUSECASE: CameraExtension CameraExtensionInit: No libcamerapostproc lib, dlopen failed
1791670708.519  1047 30967 31080 I CameraExtensionAIDL: LoopThreadFunction register successfully
1791670708.519  1047 30967 30967 D CHIUSECASE: [DEBUG  ] opluschxextensionmodule.cpp:3041 DoBoostPool() isEnableDoBoostPool:1, memInfo.MemTota:11520072k,isDisable8GBoostPool:0
1791670708.519  1047 30967 30967 E CHIUSECASE: [ERROR  ] opluschxextensionmodule.cpp:3059 DoBoostPool() Open /proc/boost_pool/camera_pid fail, Unsunpport to set camera pid in boostpool
1791670708.518  1000   764   764 I servicemanager: Caller(pid=30967,uid=1047,sid=u:r:hal_camera_default:s0) Could not find vendor.oplus.hardware.sendextcamcmd.ISendExtCamCmdService/default in the VINTF manifest. No alternative instances declared in VINTF.
1791670708.519  1000   764   764 I servicemanager: Caller(pid=30967,uid=1047,sid=u:r:hal_camera_default:s0) Found vendor.oplus.hardware.cameraextension.ICameraExtensionService/default in device VINTF manifest.
1791670708.533  1047 30967 30967 I CamPrvdr@2.4-legacy: Loaded "QTI Camera HAL" camera module
1791670708.535  1047 30967 30967 D CamPrvdr@2.4-legacy: getLegacyCameraIdMap: camera IDs remapping property 'vendor.camera.remapid' is empty
1791670708.537  1047 30967 30967 I HidlServiceManagement: Registered android.hardware.camera.provider@2.4::ICameraProvider/legacy/0
1791670708.537  1047 30967 30967 I HidlServiceManagement: Removing namespace from process name android.hardware.camera.provider@2.4-service_64 to provider@2.4-service_64.
1791670708.538  1047 30967 30967 I LegacySupport: Registration complete for android.hardware.camera.provider@2.4::ICameraProvider/legacy/0.
1791670708.538  1047  4180 32388 I cameraserver: Connecting to new camera provider: legacy/0, isRemote? 1
1791670708.543  1047  4180 32388 I CameraProviderManager: Enumerating new camera device: device@3.5/legacy/0
1791670708.545  1047  4180 32388 I CameraProviderManager: Enumerating new camera device: device@3.5/legacy/1
1791670708.546  1047  4180 32388 I CameraProviderManager: Enumerating new camera device: device@3.5/legacy/2
1791670708.547  1047  4180 32388 I CameraProviderManager: Enumerating new camera device: device@3.5/legacy/3
1791670708.548  1047  4180 32388 I CameraProviderManager: Enumerating new camera device: device@3.5/legacy/4
1791670708.549  1047  4180 32388 I CameraProviderManager: Enumerating new camera device: device@3.5/legacy/5
1791670708.549  1047  4180 32388 I CameraProviderManager: Camera provider legacy/0 ready with 6 camera devices
1791670708.550  1047  4180 32388 I CameraService: onDeviceStatusChanged: Status changed for cameraId=5, newStatus=1
1791670708.550  1047  4180 32388 I CameraService: onDeviceStatusChanged: Unknown camera ID 5, a new camera is added
1791670708.553  1047  4180 32388 I CameraService: onDeviceStatusChanged: Status changed for cameraId=4, newStatus=1
1791670708.553  1047  4180 32388 I CameraService: onDeviceStatusChanged: Unknown camera ID 4, a new camera is added
1791670708.556  1047  4180 32388 I CameraService: onDeviceStatusChanged: Status changed for cameraId=3, newStatus=1
1791670708.556  1047  4180 32388 I CameraService: onDeviceStatusChanged: Unknown camera ID 3, a new camera is added
1791670708.556 10303  3632  4917 E CameraManagerGlobal: Camera 5 is not present. Ignore physical camera status change
1791670708.556  1047  4180 32388 I CameraService: onDeviceStatusChanged: Status changed for cameraId=2, newStatus=1
1791670708.556  1047  4180 32388 I CameraService: onDeviceStatusChanged: Unknown camera ID 2, a new camera is added
1791670708.556 10385  7893 30619 E CameraManagerGlobal: Camera 5 is not present. Ignore physical camera status change
1791670708.556 10478  7824 15339 E CameraManagerGlobal: Camera 5 is not present. Ignore physical camera status change
1791670708.557  1047  4180 32388 I CameraService: onDeviceStatusChanged: Status changed for cameraId=1, newStatus=1
1791670708.557  1047  4180 32388 I CameraService: onDeviceStatusChanged: Unknown camera ID 1, a new camera is added
1791670708.557  1047  4180 32388 I CameraService: onDeviceStatusChanged: Status changed for cameraId=0, newStatus=1
1791670708.557  1047  4180 32388 I CameraService: onDeviceStatusChanged: Unknown camera ID 0, a new camera is added
1791670708.557 10303  3632  3707 E CameraManagerGlobal: Camera 5 is not present. Ignore physical camera status change
1791670708.557 10303  3632  3707 E CameraManagerGlobal: Camera 5 is not present. Ignore physical camera status change
1791670708.558 10478  7824  8422 E CameraManagerGlobal: Camera 5 is not present. Ignore physical camera status change
1791670708.558 10303  4915  5688 E CameraManagerGlobal: Camera 5 is not present. Ignore physical camera status change
1791670708.558 10303  3632  3707 E CameraManagerGlobal: Camera 5 is not present. Ignore physical camera status change
1791670708.559 10303  4915 16871 E CameraManagerGlobal: Camera 5 is not present. Ignore physical camera status change
1791670708.559 10478  7824  8422 E CameraManagerGlobal: Camera 5 is not present. Ignore physical camera status change
1791670708.559 10542 20136 20155 E CameraManagerGlobal: Camera 5 is not present. Ignore physical camera status change
1791670708.559 10303  4915 25515 E CameraManagerGlobal: Camera 5 is not present. Ignore physical camera status change
1791670708.559 10478  7824  8422 E CameraManagerGlobal: Camera 5 is not present. Ignore physical camera status change
1791670708.559 10542 20136 20155 E CameraManagerGlobal: Camera 5 is not present. Ignore physical camera status change
1791670708.559 10303  4915 16871 E CameraManagerGlobal: Camera 5 is not present. Ignore physical camera status change
1791670708.559 10542 20136 20155 E CameraManagerGlobal: Camera 5 is not present. Ignore physical camera status change
1791670708.560 10303  4915  5353 D FlashlightController: dispatchAvailabilityChanged(true)
1791670708.560 10737 18908 30408 E CameraManagerGlobal: Camera 5 is not present. Ignore physical camera status change
1791670708.561 10737 18908 19459 E CameraManagerGlobal: Camera 5 is not present. Ignore physical camera status change
1791670708.561 10737 18908 19459 E CameraManagerGlobal: Camera 5 is not present. Ignore physical camera status change
1791670708.561 10715  7547  7700 E CameraManagerGlobal: Camera 5 is not present. Ignore physical camera status change
1791670708.561 10394 22000 28729 E CameraManagerGlobal: Camera 5 is not present. Ignore physical camera status change
1791670708.562 10737 18908 30547 E CameraManagerGlobal: Camera 5 is not present. Ignore physical camera status change
1791670708.562 10715  7547 30546 E CameraManagerGlobal: Camera 5 is not present. Ignore physical camera status change
1791670708.562 10394 22000 28729 E CameraManagerGlobal: Camera 5 is not present. Ignore physical camera status change
1791670708.562 10394 22000 28729 E CameraManagerGlobal: Camera 5 is not present. Ignore physical camera status change
1791670708.563 10394 22000 28729 E CameraManagerGlobal: Camera 5 is not present. Ignore physical camera status change
1791670708.563 10534  7854 30544 E CameraManagerGlobal: Camera 5 is not present. Ignore physical camera status change
1791670708.564 10534  7854 30544 E CameraManagerGlobal: Camera 5 is not present. Ignore physical camera status change
1791670708.564 10534  7854 30544 E CameraManagerGlobal: Camera 5 is not present. Ignore physical camera status change
1791670708.564 10715  7547  7599 E CameraManagerGlobal: Camera 5 is not present. Ignore physical camera status change
1791670708.564 10534  7854  7854 D TorchChecker: Torch state changed: OFF
1791670708.565 10715  7547  7700 E CameraManagerGlobal: Camera 5 is not present. Ignore physical camera status change
1791670708.565 10534  7854  1723 E CameraManagerGlobal: Camera 5 is not present. Ignore physical camera status change
1791670708.565 10385  7893 30619 E CameraManagerGlobal: Camera 5 is not present. Ignore physical camera status change
1791670708.567 10534  7854  7854 D TorchChecker: Torch state changed: OFF
1791670708.567 10542 20136 20155 E CameraManagerGlobal: Camera 5 is not present. Ignore physical camera status change
1791670708.568 10534  7854  7854 D TorchChecker: Torch state changed: OFF
1791670708.570 10385  7893 10015 E CameraManagerGlobal: Camera 5 is not present. Ignore physical camera status change
1791670708.570 10385  7893 10015 E CameraManagerGlobal: Camera 5 is not present. Ignore physical camera status change
1791670708.618 10312  5415  5415 D TaskViewDismissTouchController: onDragEnd: committing task drag end for dismissal
1791670708.649  1000  1722  1722 D vendor.qti.vibrator: Vibrator perform effect 0
1791670708.649  1000  1722  1722 E aw8697_rtp_store: val [0]
1791670708.650  1000  1722  1722 I         : aw8697_op_clean_status enter
1791670708.653  1000  1722  1722 E aw8697_vmax_store: value=2500
1791670708.654  1000  1722  1722 E aw8697_vmax_store: aw8697->gain[0x80], aw8697->vmax[0x16] end
1791670708.654  1000  1722  1722 E aw8697_waveform_index_store: waveform_index = 1
1791670708.658  1000  1722  1722 E aw8697_haptic_ram_vbat_comp: aw8697->gain = 0x80, temp_gain = 0x0, aw8697->ram_vbat_comp=1.
1791670708.666  1000  1722  1722 E aw8697_rtp_store: val [0]
1791670708.667  1000  1722  1722 I         : aw8697_op_clean_status enter
1791670708.681  1000  1722 31088 D vendor.qti.vibrator: Starting perform on another thread
1791670708.712  root 11925 31033 W adbd    : timed out while waiting for FUNCTIONFS_BIND, trying again
1791670708.712  root 11925 31033 I adbd    : UsbFfs: connection terminated: monitor thread finished
1791670708.754  root    36    36 I IRQ 16  : no longer affine to CPU4
1791670708.763  root 11938 11938 I         : read descriptors
1791670708.763  root 11938 11938 I         : read strings
1791670708.762  root 11925 11938 I adbd    : opening control endpoint /dev/usb-ffs/adb/ep0
1791670708.825 10312  5415  5415 D RecentsView: removeGroupTaskInternal: groupTask=type=SINGLE task=[id=950 windowingMode=1 user=0 lastActiveTime=3607716] Kamera
1791670708.825 10312  5415  5415 D StatsLog: LAUNCHER_TASK_DISMISS_SWIPE_UP
1791670708.826 10312  5415  5415 D TaskThumbnailView: [TaskThumbnailView@60abeeb] taskId: null - uiState changed from: BackgroundOnly(backgroundColor=-16777216) to: Uninitialized
1791670708.826  1000  4337  6575 E TransitionChain: Can't collect into a chain with no transition
1791670708.826  1000  4337  6575 E TransitionChain: Can't collect into a chain with no transition
1791670708.826  1000  4337  6575 D CorePackageUpdate: onRecentTaskRemoved Removing task: 950
1791670708.826  1000  4337  6575 D CorePackageUpdate: Couldn't find a persistent state for task= 950
1791670708.827 10312  5415  5415 D TaskViewModel: unbind com.android.quickstep.recents.ui.viewmodel.TaskViewModel@cd4f779
1791670708.828 10312  5415  5415 D OverviewActionsView: updateForGroupedTask() called with: isGroupedTask = [false], canSaveAppPair = [false]
1791670708.828 10312  5415  5415 D OverviewActionsView: updateActionButtonsVisibility() called: showSingleTaskActions = [true], showGroupActions = [false]
1791670708.828 10312  5415  5415 D TasksRepository: updateTaskRequests to: [948, 713], removed: [950], added: []
1791670708.828 10312  5415  5415 I TasksRepository: removeTasks: [950]
1791670708.830 10312  5415  5415 D OverviewActionsView: updateForGroupedTask() called with: isGroupedTask = [false], canSaveAppPair = [false]
1791670708.830 10312  5415  5415 D OverviewActionsView: updateActionButtonsVisibility() called: showSingleTaskActions = [true], showGroupActions = [false]
1791670708.830 10312  5415  5415 D OverviewActionsView: updateForGroupedTask() called with: isGroupedTask = [false], canSaveAppPair = [false]
1791670708.830 10312  5415  5415 D OverviewActionsView: updateActionButtonsVisibility() called: showSingleTaskActions = [true], showGroupActions = [false]
1791670708.831 10303  4915  5301 V RecentTasksController: Notify recent tasks changed
1791670708.831  1000  1722 31088 D vendor.qti.vibrator: Notifying perform complete
1791670708.832  1000  1722  1722 D vendor.qti.vibrator: QTI Vibrator off
1791670708.832  1000  1722  1722 E aw8697_activate_store: value=0
1791670708.835  1000  1722  1722 I aw8697_activate_store: value=0
1791670708.840 10312  5415  5415 D RecentTasksList: invalidateLoadedTasks - previous requestLoadId: 810
1791670708.928 10303  4915  5301 V RecentTasksController: Notify recent tasks changed
1791670708.928 10312  5415  5415 D RecentTasksList: invalidateLoadedTasks - previous requestLoadId: -1
1791670708.990  1000  1659  1659 E QTI PowerHAL: Failed to acquire lock.
1791670708.990  1000  1659  1659 E QTI PowerHAL: Failed process_boost for boost_handle
1791670709.044  1046  3805  9137 D BufferPoolAccessor2.0: evictor expired: 1, evicted: 0
1791670709.046 10312  5415  5415 D TaskView: [948] - launchWithAnimation - initiating launch, partial trace: 	at com.android.quickstep.views.TaskView.onClick(TaskView.kt:1299)
1791670709.046 10312  5415  5415 D TaskView: 	at com.android.quickstep.views.TaskView.access$onClick(TaskView.kt:123)
1791670709.046 10312  5415  5415 D TaskView: 	at com.android.quickstep.views.TaskView$1.onClick(TaskView.kt:591)
1791670709.053  1000  1659  1659 I QTI PowerHAL: Power setMode: 5 to: 1
1791670709.053  1000  4337  6575 W ActivityTaskManager: callingPackage for (uid=-1, pid=-1) has no WPC
1791670709.054  1000  1659  1659 E QTI PowerHAL: Failed to acquire lock.
1791670709.054  1000  1659  1659 E QTI PowerHAL: Failed process_boost for boost_handle
1791670709.054  1000  1659  1659 E QTI PowerHAL: Failed to perform launch boost
1791670709.056 10303  4915  5301 V RecentTasksController: Notify recent tasks changed
1791670709.060 10303  4915  5301 V WindowManagerShell: Transition requested (#428): android.os.BinderProxy@3c5e1dd TransitionRequestInfo { type = TO_FRONT, triggerTask = TaskInfo{userId=0 taskId=948 effectiveUid=10761 displayId=0 isRunning=true baseIntent=Intent { act=android.intent.action.MAIN cat=[android.intent.category.LAUNCHER] flg=0x10200000 cmp=com.f0x1d.logfox/.presentation.ui.activity.MainActivity } baseActivity=ComponentInfo{com.f0x1d.logfox/com.f0x1d.logfox.presentation.ui.activity.MainActivity} topActivity=ComponentInfo{com.f0x1d.logfox/com.f0x1d.logfox.presentation.ui.activity.MainActivity} origActivity=null realActivity=ComponentInfo{com.f0x1d.logfox/com.f0x1d.logfox.presentation.ui.activity.MainActivity} realActivityIsAppLockEnabled=false numActivities=1 lastActiveTime=3605233 supportsMultiWindow=true supportsMultiWindowWithoutConstraints=true resizeMode=1 isResizeable=true minWidth=-1 minHeight=-1 defaultMinSize=220 token=WCT{android.os.BinderProxy@482f5f7} topActivityType=1 pictureInPictureParams=null shouldDockBigOverlays=false launchIntoPipHostTaskId=-1 lastParentTaskIdBeforePip=-1 displayCutoutSafeInsets=Rect(0, 126 - 0, 0) topActivityInfo=ActivityInfo{400b152 com.f0x1d.logfox.presentation.ui.activity.MainActivity} launchCookies=[android.os.BinderProxy@9d78ecd] positionInParent=Point(0, 0) parentTaskId=-1 isFocused=false isInteractive=false isVisible=false isVisibleRequested=false isTopActivityNoDisplay=false isSleeping=false locusId=null displayAreaFeatureId=1 isTopActivityTransparent=false isActivityStackTransparent=false lastNonFullscreenBounds=null leafTaskBoundsFromOptions= false capturedLink=null capturedLinkTimestamp=0 requestedVisibleTypes=503 topActivityRequestOpenInBrowserEducationTimestamp=0 appCompatTaskInfo=AppCompatTaskInfo { topActivityInSizeCompat=false isLeafTask= true eligibleForLetterboxEducation= false isLetterboxEducationEnabled= false isLetterboxDoubleTapEnabled= false eligibleForUserAspectRatioButton= false topActivityBoundsLetterboxed= false isFromLetterboxDoubleTap= false topActivityLetterboxVerticalPosition= -1 topActivityLetterboxHorizontalPosition= -1 topActivityLetterboxWidth=-1 topActivityLetterboxHeight=-1 topActivityAppBounds=Rect(0, 0 - 1440, 3216) isUserFullscreenOverrideEnabled=false isSystemFullscreenOverrideEnabled=false hasMinAspectRatioOverride=false topActivityLetterboxBounds=null topNonResizableActivityAspectRatio=-1.0} topActivityMainWindowFrame=null isAppBubble=false isTopAppLocked=false}, pipChange = null, remoteTransitionInfo = RemoteTransitionInfo { remoteTransition = android.window.IRemoteTransition$Stub$Proxy@1beac23, debugName = QuickstepLaunch, filter = null }, displayChanges = null, requestedLocation = null, userChange = null, windowingLayerChange = null, fullscreenRequestChange = null, flags = 0, debugId = 428 }
1791670709.060 10303  4915  5301 W DisconnectHandler: No disconnect change found in the transition, not handling request.
1791670709.060 10303  4915  5301 W DisconnectHandler: No disconnect change found in the transition, not handling request.
1791670709.060 10312  5415  5415 D TaskView: launchAsStaticTile - startActivityFromRecents: [948]
1791670709.061 10303  4915  5301 V ShellDesktopMode: DesktopTasksController: skipping handleRequest reason=triggerTask's display doesn't support desktop mode
1791670709.061 10303  4915  5301 D ShellSplitScreen: logExit: no-op, mLoggerSessionId is null
1791670709.061 10303  4915  5301 V WindowManagerShell: RemoteTransition directly requested for (#428) android.os.BinderProxy@3c5e1dd: RemoteTransition { remoteTransition = android.window.IRemoteTransition$Stub$Proxy@1beac23, appThread = null, debugName = QuickstepLaunch, filter = null }
1791670709.061 10303  4915  5301 V WindowManagerShell: Transition (#428): request handled by DefaultMixedHandler
1791670709.061 10312  5415  5415 D StatsLog: LAUNCHER_TASK_LAUNCH_TAP
1791670709.066 10303  4915  5301 D WindowManagerShell: onActivityRestartAttempt: topActivity=ComponentInfo{com.f0x1d.logfox/com.f0x1d.logfox.presentation.ui.activity.MainActivity}, wasVisible=false, displayId=0, pipDisplayLayoutState#displayId=0
1791670709.068 10312  5415  5415 D RecentTasksList: invalidateLoadedTasks - previous requestLoadId: -1
1791670709.069 10303  4915  5338 V SnapshotDrawerUtils: Drawing snapshot surface sizeMismatch=false
1791670709.071  1000  4337  4522 D WindowManager: setClientSurface Surface(name=SnapshotStartingWindow for taskId=948 - task-snapshot-surface#6484)/@0x39af14a for e91c6b5 SnapshotStartingWindow for taskId=948
1791670709.072 10312  5415  5415 W SplitSelectStateCtor: Missing session instanceIds
1791670709.072 10312  5415  5415 D StatsLog: LAUNCHER_SPLIT_SELECTION_EXIT_INTERRUPTED
1791670709.091 10761 30754 30754 D WindowOnBackDispatcher: setTopOnBackInvokedCallback (unwrapped): s5.k@afcfc80
1791670709.103  1000  4337  4522 D CoreBackPreview: Window{bf398b2 u0 com.f0x1d.logfox/com.f0x1d.logfox.presentation.ui.activity.MainActivity}: Setting back callback OnBackInvokedCallbackInfo{mCallback=android.window.IOnBackInvokedCallback$Stub$Proxy@de51931, mPriority=0, mIsAnimationCallback=true, mOverrideBehavior=0}
1791670709.112  1000  4337  4382 V WindowManager: Sent Transition (#428) createdAt=10-11 01:18:29.054 via request=TransitionRequestInfo { type = TO_FRONT, triggerTask = TaskInfo{userId=0 taskId=948 effectiveUid=10761 displayId=0 isRunning=true baseIntent=Intent { act=android.intent.action.MAIN cat=[android.intent.category.LAUNCHER] flg=0x10200000 cmp=com.f0x1d.logfox/.presentation.ui.activity.MainActivity } baseActivity=ComponentInfo{com.f0x1d.logfox/com.f0x1d.logfox.presentation.ui.activity.MainActivity} topActivity=ComponentInfo{com.f0x1d.logfox/com.f0x1d.logfox.presentation.ui.activity.MainActivity} origActivity=null realActivity=ComponentInfo{com.f0x1d.logfox/com.f0x1d.logfox.presentation.ui.activity.MainActivity} realActivityIsAppLockEnabled=false numActivities=1 lastActiveTime=3605233 supportsMultiWindow=true supportsMultiWindowWithoutConstraints=true resizeMode=1 isResizeable=true minWidth=-1 minHeight=-1 defaultMinSize=220 token=WCT{RemoteToken{b6df7f Task{cd227ee #948 type=standard A=10761:com.f0x1d.logfox}}} topActivityType=1 pictureInPictureParams=null shouldDockBigOverlays=false launchIntoPipHostTaskId=-1 lastParentTaskIdBeforePip=-1 displayCutoutSafeInsets=Rect(0, 126 - 0, 0) topActivityInfo=ActivityInfo{1300b4c com.f0x1d.logfox.presentation.ui.activity.MainActivity} launchCookies=[android.os.BinderProxy@dae2795] positionInParent=Point(0, 0) parentTaskId=-1 isFocused=false isInteractive=false isVisible=false isVisibleRequested=false isTopActivityNoDisplay=false isSleeping=false locusId=null displayAreaFeatureId=1 isTopActivityTransparent=false isActivityStackTransparent=false lastNonFullscreenBounds=null leafTaskBoundsFromOptions= false capturedLink=null capturedLinkTimestamp=0 requestedVisibleTypes=503 topActivityRequestOpenInBrowserEducationTimestamp=0 appCompatTaskInfo=AppCompatTaskInfo { topActivityInSizeCompat=false isLeafTask= true eligibleForLetterboxEducation= false isLetterboxEducationEnabled= false isLetterboxDoubleTapEnabled= false eligibleForUserAspectRatioButton= false topActivityBoundsLetterboxed= false isFromLetterboxDoubleTap= false topActivityLetterboxVerticalPosition= -1 topActivityLetterboxHorizontalPosition= -1 topActivityLetterboxWidth=-1 topActivityLetterboxHeight=-1 topActivityAppBounds=Rect(0, 0 - 1440, 3216) isUserFullscreenOverrideEnabled=false isSystemFullscreenOverrideEnabled=false hasMinAspectRatioOverride=false topActivityLetterboxBounds=null topNonResizableActivityAspectRatio=-1.0} topActivityMainWindowFrame=null isAppBubble=false isTopAppLocked=false}, pipChange = null, remoteTransitionInfo = RemoteTransitionInfo { remoteTransition = android.window.IRemoteTransition$Stub$Proxy@51ed816, debugName = QuickstepLaunch, filter = null }, displayChanges = null, requestedLocation = null, userChange = null, windowingLayerChange = null, fullscreenRequestChange = null, flags = 0, debugId = 428 }
1791670709.112  1000  4337  4382 V WindowManager:     startWCT=WindowContainerTransaction { changes= {} hops= [] flags= 0 errorCallbackToken=null taskFragmentOrganizer=null }
1791670709.112  1000  4337  4382 V WindowManager:     info={id=428 t=TO_FRONT f=0x0 trk=0 r=[0@Point(0, 0)] c=[
1791670709.112  1000  4337  4382 V WindowManager:         {WCT{RemoteToken{b6df7f Task{cd227ee #948 type=standard A=10761:com.f0x1d.logfox}}} m=TO_FRONT f=MOVE_TO_TOP|FLAG_CHANGED_INTERACTIVE leash=Surface(name=Task=948#6385)/@0xc902423 sb=Rect(0, 0 - 1440, 3216) eb=Rect(0, 0 - 1440, 3216) epz=Point(1440, 3216) d=0 taskParent=-1 winMode=1 userId=0},
1791670709.112  1000  4337  4382 V WindowManager:         {WCT{RemoteToken{902cd37 Task{bff31d8 #1 type=home}}} m=TO_BACK f=SHOW_WALLPAPER|FLAG_CHANGED_INTERACTIVE leash=Surface(name=Task=1#35)/@0x8c19212 sb=Rect(0, 0 - 1440, 3216) eb=Rect(0, 0 - 1440, 3216) epz=Point(1440, 3216) d=0 taskParent=-1 winMode=1 userId=0},
1791670709.112  1000  4337  4382 V WindowManager:         {m=TO_BACK f=IS_WALLPAPER leash=Surface(name=WallpaperWindowToken{a25394}#74)/@0x2c74ec8 sb=Rect(0, 0 - 1440, 3216) eb=Rect(0, 0 - 1440, 3216) epz=Point(1440, 3216) d=0}
1791670709.112  1000  4337  4382 V WindowManager:     ]}
1791670709.112  1000  4337  4522 D WindowManager: setClientSurface Surface(name=VRI-com.f0x1d.logfox/com.f0x1d.logfox.presentation.ui.activity.MainActivity#6486)/@0xafce597 for bf398b2 com.f0x1d.logfox/com.f0x1d.logfox.presentation.ui.activity.MainActivity
1791670709.118  1000  4337  6575 D ConnectivityService: requestNetwork for uid/pid:10303/4915 asUid: 10761 activeRequest: null callbackRequest: 1617 [NetworkRequest [ REQUEST id=1618, [ Capabilities: INTERNET&NOT_RESTRICTED&TRUSTED&NOT_VCN_MANAGED&NOT_BANDWIDTH_CONSTRAINED Uid: 10761 RequestorUid: 10303 RequestorPkg: com.android.systemui UnderlyingNetworks: Null] ]] callback flags: 0 order: 2147483647 isUidTracked: false declaredMethods: AVAIL|BLK
1791670709.119 10303  4915  5146 V WindowManagerShell: onTransitionReady(transaction=18627273223640)
1791670709.119 10303  4915  5301 V WindowManagerShell: onTransitionReady (#428) android.os.BinderProxy@3c5e1dd: {id=428 t=TO_FRONT f=0x0 trk=0 r=[0@Point(0, 0)] c=[
1791670709.119 10303  4915  5301 V WindowManagerShell:         {m=TO_FRONT f=MOVE_TO_TOP|FLAG_CHANGED_INTERACTIVE leash=Surface(name=Task=948#6385)/@0x2c3bed9 sb=Rect(0, 0 - 1440, 3216) eb=Rect(0, 0 - 1440, 3216) epz=Point(1440, 3216) d=0 taskParent=-1 winMode=1 userId=0},
1791670709.119 10303  4915  5301 V WindowManagerShell:         {m=TO_BACK f=SHOW_WALLPAPER|FLAG_CHANGED_INTERACTIVE leash=Surface(name=Task=1#35)/@0x654909e sb=Rect(0, 0 - 1440, 3216) eb=Rect(0, 0 - 1440, 3216) epz=Point(1440, 3216) d=0 taskParent=-1 winMode=1 userId=0},
1791670709.119 10303  4915  5301 V WindowManagerShell:         {m=TO_BACK f=IS_WALLPAPER leash=Surface(name=WallpaperWindowToken{a25394}#74)/@0xe45e77f sb=Rect(0, 0 - 1440, 3216) eb=Rect(0, 0 - 1440, 3216) epz=Point(1440, 3216) d=0}
1791670709.119 10303  4915  5301 V WindowManagerShell:     ]}
1791670709.120 10761 30754 30754 I Surface : Creating surface for consumer unnamed-30754-1 with slotExpansion=1 for 64 slots
1791670709.120 10761 30754 30754 I Surface : Creating surface for consumer VRI[MainActivity]#1(BLAST Consumer)1 with slotExpansion=1 for 64 slots
1791670709.124 10303  4915  5301 V WindowManagerShell: Playing animation for (#428) android.os.BinderProxy@3c5e1dd@0
1791670709.124 10303  4915  5301 V WindowManagerShell:  try firstHandler com.android.wm.shell.transition.DefaultMixedHandler@b62c806
1791670709.124 10303  4915  5301 V WindowManagerShell: Mixed transition for opening an intent with a remote transition and PIP or Desktop #428
1791670709.124 10303  4915  5301 V WindowManagerShell: tryAnimateOpenIntentWithRemoteAndPipOrDesktop
1791670709.124 10303  4915  5301 V WindowManagerShell:  Delegate animation for (#428) to RemoteTransition { remoteTransition = android.window.IRemoteTransition$Stub$Proxy@1beac23, appThread = null, debugName = QuickstepLaunch, filter = null }
1791670709.126 10303  4915  5301 V WindowManagerShell:  animated by firstHandler
1791670709.130 10280  5540 29838 I NearbyMediums: Found Fast Ble Advertisements :
1791670709.130 10280  5540 29838 I NearbyMediums: BleAdvertisement { version=2, socketVersion=2, isFast=true, serviceIdHash=null, data=[ 0x23 0x45 0x53 0x49 0x50 0x11 0x32 0xb4 0x4d 0xc4 0x37 0x17 0xc8 0x21 0x24 0xac 0x40 0x9d 0xaa 0x05 0x49 0x15 0xe1 ], deviceToken=[ 0xa3 0x62 ], rxAdvertisement=null } : 1 times.
1791670709.130 10280  5540 29838 I NearbyMediums: Total 1 fast advertisements from 1 unique advertisers.
1791670709.130 10280  5540 29838 I NearbyMediums: Current Tracked Scanning Clients are : {NearbyConnections.EnvironmentMonitor, NearbySharing, NearbyConnections.TxAdvertisement}
1791670709.136 10312  5415  5415 D b/311077782: LauncherAnimationRunner.setAnimation
1791670709.137  1000  4337  4574 D WifiNetworkFactory: got request NetworkRequest [ REQUEST id=1618, [ Capabilities: INTERNET&NOT_RESTRICTED&TRUSTED&NOT_VCN_MANAGED&NOT_BANDWIDTH_CONSTRAINED Uid: 10761 RequestorUid: 10303 RequestorPkg: com.android.systemui UnderlyingNetworks: Null] ]
1791670709.137  1000  4337  4574 D UntrustedWifiNetworkFactory: got request NetworkRequest [ REQUEST id=1618, [ Capabilities: INTERNET&NOT_RESTRICTED&TRUSTED&NOT_VCN_MANAGED&NOT_BANDWIDTH_CONSTRAINED Uid: 10761 RequestorUid: 10303 RequestorPkg: com.android.systemui UnderlyingNetworks: Null] ]
1791670709.137  1000  4337  4574 D OemPaidWifiNetworkFactory: got request NetworkRequest [ REQUEST id=1618, [ Capabilities: INTERNET&NOT_RESTRICTED&TRUSTED&NOT_VCN_MANAGED&NOT_BANDWIDTH_CONSTRAINED Uid: 10761 RequestorUid: 10303 RequestorPkg: com.android.systemui UnderlyingNetworks: Null] ]
1791670709.138  1000  4337  4582 D ConnectivityService: NetReassign [1618 : null → 100] [c 1] [a 2] [i 11]
1791670709.138  1000  4337  4574 D MultiInternetWifiNetworkFactory: got request NetworkRequest [ REQUEST id=1618, [ Capabilities: INTERNET&NOT_RESTRICTED&TRUSTED&NOT_VCN_MANAGED&NOT_BANDWIDTH_CONSTRAINED Uid: 10761 RequestorUid: 10303 RequestorPkg: com.android.systemui UnderlyingNetworks: Null] ]
1791670709.143  1000  1659  1659 I QTI PowerHAL: Power setMode: 5 to: 0
1791670709.171  1000  4337  4553 I ImeTracker: com.f0x1d.logfox:c736a492: onRequestHide at ORIGIN_SERVER reason HIDE_UNSPECIFIED_WINDOW fromUser false userId 0 displayId 0
1791670709.172 10383  7958  7958 I csde    : onPause
1791670709.173 10384  6896  6896 I SubtypeOperator: SubtypeOperator$1.onUnbindInput():44
1791670709.173 10761 30754 30754 D InsetsController: hide(ime())
1791670709.174 10761 30754 30754 I ImeTracker: com.f0x1d.logfox:c736a492: onCancelled at PHASE_CLIENT_ALREADY_HIDDEN
1791670709.174 10383  7958  7958 I cruv    : onPause
1791670709.174 10383  7958  7958 W elap    : measuring already stopped.
1791670709.177 10384  6896  6896 I SubtypeOperator: SubtypeOperator$1.onBindInput():33
1791670709.179  1000  4337  4553 W InputChannel-JNI: Channel already disposed.
1791670709.181 10384  6896  6896 I GoogleInputMethodService: GoogleInputMethodService.onFinishInput():2404
1791670709.183 10384  6896  6896 I GoogleInputMethodService: GoogleInputMethodService.onStartInput():1552 onStartInput(EditorInfo{EditorInfo{packageName=com.f0x1d.logfox, inputType=0, inputTypeString=NULL, enableLearning=false, autoCorrection=false, autoComplete=false, imeOptions=0, privateImeOptions=null, actionName=UNSPECIFIED, actionLabel=null, initialSelStart=-1, initialSelEnd=-1, initialCapsMode=0, label=null, fieldId=0, fieldName=null, extras=null, hintText=null, hintLocales=[]}}, false)
1791670709.183 10303  4915  5301 V RecentTasksController: Notify recent tasks changed
1791670709.184 10384  6896  6896 I LatinInputMethodServiceBase: LatinInputMethodServiceBase.updateInputViewCoverNavigation():360 Update input view padding, isNavbarOverInputWindow=true, bottom inset=134
1791670709.184 10384  6896 19255 I Module  : DeviceLockedStatusModuleProvider$Module.updateDeviceLockedStatusInternal():119 repeatCheckTimes = 0, locked = false
1791670709.188 10312  5415  5415 D RecentTasksList: invalidateLoadedTasks - previous requestLoadId: -1
1791670709.189  1000  4337  4515 I ImeTracker: system_server:ad5392: onRequestHide at ORIGIN_SERVER reason IME_REQUESTED_CHANGED_LISTENER fromUser false displayId 0
1791670709.189  1000  4337  4385 I ImeTracker: system_server:ad5392: onCancelled at PHASE_SERVER_SHOULD_HIDE
1791670709.190  1000  4337  6600 W PackageConfigPersister: App-specific configuration not found for packageName: com.f0x1d.logfox and userId: 0
1791670709.191 10384  6896 19969 I Module  : DeviceLockedStatusModuleProvider$Module.updateDeviceLockedStatusInternal():119 repeatCheckTimes = 1, locked = false
1791670709.254  1000  1659  1659 E QTI PowerHAL: Failed to acquire lock.
1791670709.254  1000  1659  1659 E QTI PowerHAL: Failed process_boost for boost_handle
1791670709.313 10312  5415  5415 D RecentsView: finishRecentsAnimation - mRecentsAnimationController: null, toHome: false, shouldPip: true, partial trace:
1791670709.313 10312  5415  5415 D RecentsView: 	at com.android.quickstep.TaskViewUtils$9.onAnimationSuccess(TaskViewUtils.java:714)
1791670709.313 10312  5415  5415 D RecentsView: 	at com.android.launcher3.anim.AnimationSuccessListener.onAnimationEnd(AnimationSuccessListener.java:40)
1791670709.313 10312  5415  5415 D RecentsView: 	at com.android.quickstep.TaskViewUtils$9.onAnimationEnd(TaskViewUtils.java:748)
1791670709.314 10303  4915  5145 V WindowManagerShell: Received remote transition finished callback for (#428)
1791670709.314  root    43    43 I IRQ 16  : no longer affine to CPU5
1791670709.316 10303  4915  5301 V WindowManagerShell: Transition animation finished (aborted=false), notifying core (#428) android.os.BinderProxy@3c5e1dd@0
1791670709.317 10312  5415  5415 D RecentsView: finishRecentsAnimation - mRecentsAnimationController: null, toHome: true, shouldPip: true, partial trace:
1791670709.317 10312  5415  5415 D RecentsView: 	at com.android.quickstep.util.RecentsAtomicAnimationFactory$applyOverviewToHomeAnimConfig$1.run(RecentsAtomicAnimationFactory.kt:115)
1791670709.317 10312  5415  5415 D RecentsView: 	at com.android.quickstep.views.RecentsView.switchToScreenshot(RecentsView.java:5524)
1791670709.317 10312  5415  5415 D RecentsView: 	at com.android.quickstep.util.RecentsAtomicAnimationFactory.applyOverviewToHomeAnimConfig(RecentsAtomicAnimationFactory.kt:114)
1791670709.317 10312  5415  5415 D AllAppsTransitionController: shouldProtectHeader: false skipScrim: false state: Normal stateManager.getState(): Overview
1791670709.318 10312  5415  5415 D TaskView: [948] - launchWithAnimation - launchCompleted
1791670709.323 10383  7958  7958 D VRI[GoogleDiscoverWindow]: visibilityChanged oldVisibility=true newVisibility=false
1791670709.323  1000  4337  4382 V WindowManager: Finish Transition (#428): created at 10-11 01:18:29.054 collect-started=0.136ms request-sent=4.494ms started=7.401ms ready=27.549ms sent=39.286ms commit=47.729ms finished=266.726ms
1791670709.324 10303  4915  5301 V WindowManagerShell: Track 0 became idle
1791670709.324 10303  4915  5301 V WindowManagerShell: All active transition animations finished
1791670709.326 10303  4915  5652 D WallpaperService: onVisibilityChanged(false): com.android.systemui.wallpapers.ImageWallpaper$CanvasEngine@949cb7b
1791670709.336  1046  2213  2878 D BufferPoolAccessor2.0: evictor expired: 1, evicted: 0
1791670709.339 10312  5415  5415 D Current state display 0: newValue: Normal
1791670709.341 10312  5415  5415 D RecentsView: updateTaskStackListenerState: false
1791670709.342 10312  5415  5415 V BaseDepthController: Applying blur: 30 to Surface(name=VRI-com.android.launcher3/com.android.launcher3.uioverrides.QuickstepLauncher#6472)/@0xf5059f2 applyImmediately: false
1791670709.343 10312  5415  5415 D BaseDepthController: shouldBlurWorkspace: false targetState: Normal currentStableState: Overview mCurrentBlur: 30 mLauncher.getDepthBlurTargets(): [com.android.launcher3.Workspace{c04cee1 V.ED..... .......D 0,0-1440,3216 #7f0a054d app:id/workspace aid=1073741834}, com.android.launcher3.Hotseat{176cc63 V.ED..... ......ID 0,2667-1440,3216 #7f0a0241 app:id/hotseat aid=1073741899}]
1791670709.344 10312  5415  5415 D OverviewActionsView: updateForGroupedTask() called with: isGroupedTask = [false], canSaveAppPair = [false]
1791670709.344 10312  5415  5415 D OverviewActionsView: updateActionButtonsVisibility() called: showSingleTaskActions = [true], showGroupActions = [false]
1791670709.346 10312  5415  5415 D VRI[QuickstepLauncher]: visibilityChanged oldVisibility=true newVisibility=false
1791670709.349 10303  4915  5301 V RecentTasksController: generateList(getRecentTasks)
1791670709.350 10303  4915  5301 V RecentTasksController: initializeDesksMap - allDeskIds: []
1791670709.350 10303  4915  5301 V RecentTasksController: Task 948 is not an active desktop task
1791670709.350 10303  4915  5301 V RecentTasksController: Added fullscreen task: 948
1791670709.350 10303  4915  5301 V RecentTasksController: Task 713 is not an active desktop task
1791670709.350 10303  4915  5301 V RecentTasksController: Added fullscreen task: 713
1791670709.350 10303  4915  5301 V RecentTasksController: generateList - complete
1791670709.351 10312  5415  5415 D BaseDepthController: setSurface:
1791670709.351 10312  5415  5415 D BaseDepthController: 	mWaitingOnSurfaceValidity: false
1791670709.351 10312  5415  5415 D BaseDepthController: 	mBaseSurface: null
1791670709.351 10312  5415  5415 D BaseDepthController: mSurface is null and mCurrentBlur is: 30
1791670709.351 10312  5415  5453 D PreloadThumbnailUseCase: Preloading thumbnails for task ids: [[id=713 windowingMode=0 user=0 lastActiveTime=134812] null, [id=948 windowingMode=1 user=0 lastActiveTime=3612996] null]
1791670709.352 10312  5415  5415 I AutofillManager: onInvisibleForAutofill(): expiringResponse
1791670709.353 10383  7958  7958 I csde    : onStop
1791670709.353 10312  5415  5415 D RecentsView: reset - mEnableDrawingLiveTile: false, mRecentsAnimationController: null
1791670709.353 10312  5415  5415 D TaskThumbnailView: [TaskThumbnailView@6ae2063] taskId: null - uiState changed from: SnapshotSplash(snapshot=Snapshot(bitmap=android.graphics.Bitmap@b92d00a, thumbnailRotation=0, backgroundColor=-15134196), splash=com.android.launcher3.icons.FastBitmapDrawable@81c96ca) to: Uninitialized
1791670709.353 10312  5415  5415 D TaskThumbnailView: [TaskThumbnailView@5952ac9] taskId: null - uiState changed from: SnapshotSplash(snapshot=Snapshot(bitmap=android.graphics.Bitmap@9ed5517, thumbnailRotation=0, backgroundColor=-15461864), splash=com.android.launcher3.icons.FastBitmapDrawable@459f03b) to: Uninitialized
1791670709.353 10312  5415  5415 D AllAppsTransitionController: shouldProtectHeader: false skipScrim: false state: Normal stateManager.getState(): Normal
1791670709.354 10312  5415  5415 D BaseDepthController: mSurface is null and mCurrentBlur is: 30
1791670709.355 10312  5415  5415 D RecentsView: reset - mEnableDrawingLiveTile: false, mRecentsAnimationController: null
1791670709.355 10312  5415  5415 D KeyboardStateManager: hideKeyboard
1791670709.355 10312  5415  5415 D KeyboardStateManager: isImeShown: false
1791670709.355 10312  5415  5415 D StatsLog: LAUNCHER_ONSTOP
1791670709.363 10312  5415  5415 D OverviewActionsView: updateForGroupedTask() called with: isGroupedTask = [false], canSaveAppPair = [false]
1791670709.363 10312  5415  5415 D OverviewActionsView: updateActionButtonsVisibility() called: showSingleTaskActions = [true], showGroupActions = [false]
1791670709.363 10312  5415  5415 D TasksRepository: updateTaskRequests to: [], removed: [948, 713], added: []
1791670709.363 10312  5415  5415 I TasksRepository: removeTasks: [948, 713]
1791670709.363 10312  5415  5415 D OverviewActionsView: updateForGroupedTask() called with: isGroupedTask = [false], canSaveAppPair = [false]
1791670709.363 10312  5415  5415 D OverviewActionsView: updateActionButtonsVisibility() called: showSingleTaskActions = [true], showGroupActions = [false]
1791670709.374 10383  7958  7958 I cruv    : onStop
1791670709.722  1000  1753  1753 D SurfaceFlinger: initiateModeChange 4630946292801050754 {mode={fps=60.00 Hz, modePtr={id=3, vsyncRate=60.00 Hz, peakRefreshRate=60.00 Hz}}, emitEvent=false, force=false}
1791670709.723  1000  1703  3573 D SDM     : IRIS_LOG_HWC::SetActiveConfigWithConstraints:465: 03
1791670709.723  1000  1703  3573 I IRIS_LOG_SERV: config 3, Refresh rate 60, Frame 3216x1440, Current mode 'ABYP'
1791670709.723  1000  1703  3573 D IRIS_LOG_SERV: Service Mode changed to: IRIS_SERVICE_MODE_BYPASS
1791670709.723  1000  1703  3573 I IRIS_LOG_SERV: SetActiveConfig[3]: 60 3216x1440 => 0
1791670709.724  1000  1703  3573 I SDM     : HWDeviceDRM::UpdateMixerAttributes: Mixer WxH 1440x3216-1 for Peripheral
1791670709.725  1000  1703  3573 I SDM     : HWCDisplay::SubmitDisplayConfig: HWC SetActiveConfig [5,3], cur_resolution is (1440, 3216), new_resolution is (1440, 3216)
1791670709.725  1000  1703  3573 I SDM     : HWCDisplay::SubmitDisplayConfig: Active configuration changed to: 3
1791670709.727  1000  1703  3573 D IRIS_LOG_COLR: Use kPbGamut HwConfigPayload
1791670709.749  root   709   709 I [drm:dsi_display_set_mode [msm_drm]] [msm-dsi-info]: mdp_transfer_time=7700, hactive=1440, vactive=3216, fps=60, h_skew=1
1791670709.749  root   709   709 E         : IRIS_LOG I iris_post_switch(), post switch to 1440x3216@60Hz, cmd list 0, switch case ABYP_TO_ABYP
1791670709.749  root   709   709 E         : <AMB670YF01> dsi_cmd qcom,mdss-dsi-adfr-pre-switch-command
1791670709.749  root   709   709 I [drm:oplus_dsi_display_vsync_switch_check_te [msm_drm]] [msm-dsi-info]: kVRR vsync_switch_gpio is already 0
1791670709.750  root   709   709 E         : IRIS_LOG I iris_switch(), return 0, total cost '285 us'
1791670709.750  root   709   709 I [drm:dsi_panel_adfr_status_reset [msm_drm]] [msm-dsi-info]: kVRR auto mode reset: auto mode 0, fakeframe 0, min fps 1
1791670709.750  root   709   709 E         : <AMB670YF01> dsi_cmd qcom,mdss-dsi-post-panel-on-command
1791670709.766  root 11925 31089 W adbd    : timed out while waiting for FUNCTIONFS_BIND, trying again
1791670709.766  root 11925 31089 I adbd    : UsbFfs: connection terminated: monitor thread finished
1791670709.799  root 11925 11938 I adbd    : opening control endpoint /dev/usb-ffs/adb/ep0
1791670709.799  root 11938 11938 I         : read descriptors
1791670709.799  root 11938 11938 I         : read strings
